{
  "components": [
    "w_FluxAndCV",
    "w_GENIE",
    "w_LowRecoil2p2hTune",
    "w_MINOSEfficiency",
    "w_RPA"
  ],
  "input": "/pscratch/sd/j/josephrb/MINERvA101/Documents/component_dump_1A/runEventLoopOmniFold.root",
  "n_truth_in_phase": 2682267,
  "plateau_means_pz_ge_20": {
    "w_FluxAndCV": 1.2328457759478177,
    "w_GENIE": 0.9687677707078991,
    "w_LowRecoil2p2hTune": 1.0097791945172578,
    "w_MINOSEfficiency": 1.0,
    "w_RPA": 0.9940434392851069,
    "w_truth": 1.1995546051256714
  },
  "pz_strips": [
    {
      "abs_w_FluxAndCV": 0.8284635068984209,
      "abs_w_GENIE": 0.9609223305252943,
      "abs_w_LowRecoil2p2hTune": 1.009639674974958,
      "abs_w_MINOSEfficiency": 1.0,
      "abs_w_RPA": 0.9923531648316618,
      "abs_w_truth": 0.7987818432502987,
      "pz_high": 2.0,
      "pz_low": 1.5,
      "rel_w_FluxAndCV": 0.6719928178052069,
      "rel_w_GENIE": 0.9919016296579809,
      "rel_w_LowRecoil2p2hTune": 0.9998618316330369,
      "rel_w_MINOSEfficiency": 1.0,
      "rel_w_RPA": 0.9982995969928028,
      "rel_w_truth": 0.6658986925956691
    },
    {
      "abs_w_FluxAndCV": 0.8284416637142454,
      "abs_w_GENIE": 0.9527456156584404,
      "abs_w_LowRecoil2p2hTune": 1.0123391489266556,
      "abs_w_MINOSEfficiency": 1.0,
      "abs_w_RPA": 0.9913976865237834,
      "abs_w_truth": 0.7935535872323182,
      "pz_high": 2.5,
      "pz_low": 2.0,
      "rel_w_FluxAndCV": 0.6719751001112328,
      "rel_w_GENIE": 0.9834613046243776,
      "rel_w_LowRecoil2p2hTune": 1.0025351625615753,
      "rel_w_MINOSEfficiency": 1.0,
      "rel_w_RPA": 0.99733839321627,
      "rel_w_truth": 0.6615401948702297
    },
    {
      "abs_w_FluxAndCV": 0.8307051145455081,
      "abs_w_GENIE": 0.9442893379767605,
      "abs_w_LowRecoil2p2hTune": 1.0123743688612477,
      "abs_w_MINOSEfficiency": 1.0,
      "abs_w_RPA": 0.9910293585974145,
      "abs_w_truth": 0.7883592688889252,
      "pz_high": 3.0,
      "pz_low": 2.5,
      "rel_w_FluxAndCV": 0.6738110562992828,
      "rel_w_GENIE": 0.9747324039142511,
      "rel_w_LowRecoil2p2hTune": 1.0025700414091325,
      "rel_w_MINOSEfficiency": 1.0,
      "rel_w_RPA": 0.9969678581754334,
      "rel_w_truth": 0.6572099890411681
    },
    {
      "abs_w_FluxAndCV": 0.8350139529653456,
      "abs_w_GENIE": 0.9362938554849373,
      "abs_w_LowRecoil2p2hTune": 1.0132900749835203,
      "abs_w_MINOSEfficiency": 1.0,
      "abs_w_RPA": 0.9904362804043608,
      "abs_w_truth": 0.7857985782169075,
      "pz_high": 3.5,
      "pz_low": 3.0,
      "rel_w_FluxAndCV": 0.6773060907179431,
      "rel_w_GENIE": 0.9664791540296263,
      "rel_w_LowRecoil2p2hTune": 1.0034768793864295,
      "rel_w_MINOSEfficiency": 1.0,
      "rel_w_RPA": 0.9963712261072412,
      "rel_w_truth": 0.6550752878270042
    },
    {
      "abs_w_FluxAndCV": 0.8405654262594658,
      "abs_w_GENIE": 0.9294790697674419,
      "abs_w_LowRecoil2p2hTune": 1.014697754593324,
      "abs_w_MINOSEfficiency": 1.0,
      "abs_w_RPA": 0.9903803846108569,
      "abs_w_truth": 0.7859086841614199,
      "pz_high": 4.0,
      "pz_low": 3.5,
      "rel_w_FluxAndCV": 0.6818090653822739,
      "rel_w_GENIE": 0.9594446655551432,
      "rel_w_LowRecoil2p2hTune": 1.004870926339909,
      "rel_w_MINOSEfficiency": 1.0,
      "rel_w_RPA": 0.9963149953719483,
      "rel_w_truth": 0.6551670768493979
    },
    {
      "abs_w_FluxAndCV": 0.8470723542818187,
      "abs_w_GENIE": 0.9267693160758277,
      "abs_w_LowRecoil2p2hTune": 1.0178500051159445,
      "abs_w_MINOSEfficiency": 1.0,
      "abs_w_RPA": 0.9889116400958955,
      "abs_w_truth": 0.7907244108067857,
      "pz_high": 4.5,
      "pz_low": 4.0,
      "rel_w_FluxAndCV": 0.6870870394397753,
      "rel_w_GENIE": 0.9566475517642559,
      "rel_w_LowRecoil2p2hTune": 1.0079926489300912,
      "rel_w_MINOSEfficiency": 1.0,
      "rel_w_RPA": 0.9948374497668814,
      "rel_w_truth": 0.6591816724541234
    },
    {
      "abs_w_FluxAndCV": 0.8546240173060367,
      "abs_w_GENIE": 0.9266256366039195,
      "abs_w_LowRecoil2p2hTune": 1.0192328894295766,
      "abs_w_MINOSEfficiency": 1.0,
      "abs_w_RPA": 0.9866094230844887,
      "abs_w_truth": 0.796673953289835,
      "pz_high": 5.0,
      "pz_low": 4.5,
      "rel_w_FluxAndCV": 0.6932124309295683,
      "rel_w_GENIE": 0.9564992401912943,
      "rel_w_LowRecoil2p2hTune": 1.0093621407171478,
      "rel_w_MINOSEfficiency": 1.0,
      "rel_w_RPA": 0.9925214372865189,
      "rel_w_truth": 0.6641414654119655
    },
    {
      "abs_w_FluxAndCV": 0.8683785968100192,
      "abs_w_GENIE": 0.9304765466157836,
      "abs_w_LowRecoil2p2hTune": 1.0255073388326912,
      "abs_w_MINOSEfficiency": 1.0,
      "abs_w_RPA": 0.9812602507895893,
      "abs_w_truth": 0.8138694036996128,
      "pz_high": 6.0,
      "pz_low": 5.0,
      "rel_w_FluxAndCV": 0.7043692031490358,
      "rel_w_GENIE": 0.960474300188439,
      "rel_w_LowRecoil2p2hTune": 1.015575825290154,
      "rel_w_MINOSEfficiency": 1.0,
      "rel_w_RPA": 0.9871402113928633,
      "rel_w_truth": 0.678476327982041
    },
    {
      "abs_w_FluxAndCV": 0.8855539832477837,
      "abs_w_GENIE": 0.9376444866474406,
      "abs_w_LowRecoil2p2hTune": 1.0329320336928691,
      "abs_w_MINOSEfficiency": 1.0,
      "abs_w_RPA": 0.9732657552505628,
      "abs_w_truth": 0.836621020912512,
      "pz_high": 7.0,
      "pz_low": 6.0,
      "rel_w_FluxAndCV": 0.7183006995071752,
      "rel_w_GENIE": 0.9678733283646337,
      "rel_w_LowRecoil2p2hTune": 1.0229286157818689,
      "rel_w_MINOSEfficiency": 1.0,
      "rel_w_RPA": 0.9790978108064504,
      "rel_w_truth": 0.6974430487262924
    },
    {
      "abs_w_FluxAndCV": 0.8946806515496538,
      "abs_w_GENIE": 0.944423320659062,
      "abs_w_LowRecoil2p2hTune": 1.0335514622610826,
      "abs_w_MINOSEfficiency": 1.0,
      "abs_w_RPA": 0.9690613971699151,
      "abs_w_truth": 0.8484938500131659,
      "pz_high": 8.0,
      "pz_low": 7.0,
      "rel_w_FluxAndCV": 0.7257036273347484,
      "rel_w_GENIE": 0.9748707060815534,
      "rel_w_LowRecoil2p2hTune": 1.0235420455015312,
      "rel_w_MINOSEfficiency": 1.0,
      "rel_w_RPA": 0.9748682591445317,
      "rel_w_truth": 0.7073407466300989
    },
    {
      "abs_w_FluxAndCV": 0.9149517745877467,
      "abs_w_GENIE": 0.9495618340186585,
      "abs_w_LowRecoil2p2hTune": 1.0323623190702202,
      "abs_w_MINOSEfficiency": 1.0,
      "abs_w_RPA": 0.9709061770327964,
      "abs_w_truth": 0.8732311707740442,
      "pz_high": 9.0,
      "pz_low": 8.0,
      "rel_w_FluxAndCV": 0.7421461730558532,
      "rel_w_GENIE": 0.9801748806370731,
      "rel_w_LowRecoil2p2hTune": 1.022364418553661,
      "rel_w_MINOSEfficiency": 1.0,
      "rel_w_RPA": 0.9767240933968134,
      "rel_w_truth": 0.7279628347411163
    },
    {
      "abs_w_FluxAndCV": 0.9592928339082137,
      "abs_w_GENIE": 0.9540759705313758,
      "abs_w_LowRecoil2p2hTune": 1.022579189081947,
      "abs_w_MINOSEfficiency": 1.0,
      "abs_w_RPA": 0.9792153355752273,
      "abs_w_truth": 0.9182396985640183,
      "pz_high": 10.0,
      "pz_low": 9.0,
      "rel_w_FluxAndCV": 0.7781126014490375,
      "rel_w_GENIE": 0.9848345489798987,
      "rel_w_LowRecoil2p2hTune": 1.0126760331706064,
      "rel_w_MINOSEfficiency": 1.0,
      "rel_w_RPA": 0.9850830425272525,
      "rel_w_truth": 0.7654838676292014
    },
    {
      "abs_w_FluxAndCV": 1.0411105253695216,
      "abs_w_GENIE": 0.9617089253018749,
      "abs_w_LowRecoil2p2hTune": 1.0137491492932,
      "abs_w_MINOSEfficiency": 1.0,
      "abs_w_RPA": 0.9889652378910333,
      "abs_w_truth": 1.0041543051635275,
      "pz_high": 15.0,
      "pz_low": 10.0,
      "rel_w_FluxAndCV": 0.844477505362835,
      "rel_w_GENIE": 0.9927135835651654,
      "rel_w_LowRecoil2p2hTune": 1.0039315077964546,
      "rel_w_MINOSEfficiency": 1.0,
      "rel_w_RPA": 0.9948913687336183,
      "rel_w_truth": 0.8371059565548725
    },
    {
      "abs_w_FluxAndCV": 1.0541440471675465,
      "abs_w_GENIE": 0.9682161770039899,