truth,functional,map,supported,n,bias_pct,bias_ci95_low_pct,bias_ci95_high_pct,residual_sd_pct,sd_ci95_low_pct,sd_ci95_high_pct,rmse_pct,fixed_sigma_pct_mean_truth,hits68,coverage68,coverage68_ci95_low,coverage68_ci95_high,hits95,coverage95,coverage95_ci95_low,coverage95_ci95_high
nominal,EW0,EW,True,40,-0.031770913987746834,-0.10695974885242773,0.04341792087693405,0.23510064778690803,0.19258528618569898,0.30187757566221246,0.23430727197570078,0.24410549249880992,28,0.7,0.5346837147458767,0.8343727956067644,38,0.95,0.8308031360405823,0.9938863534006491
nominal,EW1,EW,True,40,0.03101230746664939,-0.03084785366482342,0.0928724685981222,0.19342451549336817,0.15844582319221853,0.2483639426791389,0.19349284309349563,0.1820131466594143,26,0.65,0.4831555463510094,0.7937175091292331,38,0.95,0.8308031360405823,0.9938863534006491
nominal,EW2,EW,True,40,0.025237407754179462,-0.029751389583183272,0.0802262050915422,0.17193911700192763,0.14084582227244954,0.2207759284827194,0.17164180786355113,0.17472484754286424,28,0.7,0.5346837147458767,0.8343727956067644,37,0.925,0.796135251267101,0.9842578201489585
nominal,EW3,EW,True,40,0.011847045606075428,-0.044728965326997584,0.06842305653914843,0.1769020206723895,0.14491123949985873,0.22714847293288215,0.1750780376992431,0.19965542267994346,31,0.775,0.6154883226965773,0.891603361015928,40,1.0,0.9119026971211976,1.0
nominal,EW4,EW,True,40,-0.0016671957395903065,-0.056207015207343655,0.05287262372816303,0.17053525181134285,0.13969583063252877,0.21897331575374715,0.1683983219905509,0.19516371482891598,29,0.725,0.5611170928209519,0.8539910080361343,40,1.0,0.9119026971211976,1.0
nominal,EW5,EW,True,40,0.06213634849417927,-0.03707479011563837,0.1613474871039969,0.3102136506945837,0.2541149301803571,0.3983253372142355,0.31255019141654633,0.3288286129524771,27,0.675,0.5087051245215516,0.8142710332366502,39,0.975,0.8684141415172343,0.9993672550679505
nominal,EW6,EW,True,40,-0.006724454633806136,-0.06527614845116583,0.051827239183553565,0.18307959114217065,0.14997166442022505,0.23508069266283504,0.18090163505504,0.22950247031829696,33,0.825,0.6722098666384142,0.9266172706479148,39,0.975,0.8684141415172343,0.9993672550679505
nominal,EW7,EW,True,40,0.008846160862996888,-0.04688343860674253,0.0645757603327363,0.17425545906943177,0.14274327940059234,0.2237501939061662,0.17229072944335969,0.2257905326388645,34,0.85,0.7016473331604235,0.9428977418454741,39,0.975,0.8684141415172343,0.9993672550679505
nominal,EW8,EW,True,40,0.024351360405489207,-0.011850733220429227,0.06055345403140764,0.11319680213177143,0.09272640777073651,0.14534871137925134,0.11439478513523225,0.15813512808974475,31,0.775,0.6154883226965773,0.891603361015928,40,1.0,0.9119026971211976,1.0
nominal,EW9,EW,True,40,0.02691679030482451,-0.01209842265880441,0.06593200326845343,0.12199287111977859,0.09993180460528682,0.15664317613914405,0.12342899857513076,0.16466498109847916,33,0.825,0.6722098666384142,0.9266172706479148,40,1.0,0.9119026971211976,1.0
nominal,EW10,EW,True,40,0.017520517469591178,-0.028266288390250874,0.06330732332943323,0.14316630570370456,0.11727625685271544,0.18383061760647443,0.14244698959271715,0.16875359490534012,30,0.75,0.5880380198485702,0.873085201067155,40,1.0,0.9119026971211976,1.0
nominal,EW11,EW,False,40,0.0105002340747743,-0.11226053938775339,0.133261007537302,0.38384871125884845,0.31443390141910793,0.492875368344002,0.3791656527460351,0.3467888565354924,27,0.675,0.5087051245215516,0.8142710332366502,37,0.925,0.796135251267101,0.9842578201489585
nominal,EW12,EW,True,40,-0.02268478469471151,-0.07743338793866131,0.03206381854923828,0.1711880774751468,0.14023059996845594,0.21981156707535915,0.17055006121236477,0.19063454887920642,32,0.8,0.6435219813207653,0.9094775906000093,38,0.95,0.8308031360405823,0.9938863534006491
nominal,EW13,EW,True,40,-0.006802656807249223,-0.05510083781190762,0.04149552419740918,0.15101888015102596,0.12370877973798887,0.1939136018907756,0.14927428026172293,0.15821963151848292,31,0.775,0.6154883226965773,0.891603361015928,38,0.95,0.8308031360405823,0.9938863534006491
nominal,EW14,EW,True,40,0.013317102032355324,-0.02666548331980887,0.05329968738451952,0.12501765366369116,0.10240958855591595,0.16052710427739972,0.12416128056252251,0.12516946333284346,29,0.725,0.5611170928209519,0.8539910080361343,39,0.975,0.8684141415172343,0.9993672550679505
nominal,EW15,EW,True,40,0.021876141803267538,-0.014538410633863985,0.05829069424039906,0.11386111890478869,0.09327059017539518,0.1462017176929216,0.11453737869573774,0.1269975015009547,30,0.75,0.5880380198485702,0.873085201067155,39,0.975,0.8684141415172343,0.9993672550679505
nominal,EW16,EW,True,40,0.012087914332000503,-0.030767528215451045,0.05494335687945206,0.13400051114282208,0.10976799524117437,0.1720614120891633,0.13286591449567464,0.13321656469340715,26,0.65,0.4831555463510094,0.7937175091292331,39,0.975,0.8684141415172343,0.9993672550679505
nominal,EW17,EW,True,40,0.04360663074158536,-0.03037764657222487,0.1175909080553956,0.23133423404986891,0.18949998687125863,0.2970413667509177,0.23254930206729607,0.23286905569661495,23,0.575,0.4089005804269633,0.7295709687311371,40,1.0,0.9119026971211976,1.0
nominal,EW18,EW,True,40,-0.007120331677943376,-0.0701430946797964,0.055902431323909645,0.19705974209764493,0.1614236591213184,0.253031702656034,0.1947111386898667,0.2532258860413905,32,0.8,0.6435219813207653,0.9094775906000093,39,0.975,0.8684141415172343,0.9993672550679505
nominal,EW19,EW,True,40,0.0006521224612463043,-0.04243294250027782,0.04373718742277042,0.13471849511467124,0.11035613972310979,0.17298332899082408,0.13302545382939734,0.14074706573168358,28,0.7,0.5346837147458767,0.8343727956067644,39,0.975,0.8684141415172343,0.9993672550679505
nominal,EW20,EW,True,40,0.018854685984983747,-0.02048300665299988,0.05819237862296738,0.1230012014187565,0.10075778948038756,0.15793790802945387,0.12290875617826588,0.13374958200437323,28,0.7,0.5346837147458767,0.8343727956067644,38,0.95,0.8308031360405823,0.9938863534006491
nominal,EW21,EW,True,40,0.024416189397990118,-0.010568285062569842,0.05940066385855008,0.10938954730399378,0.08960765302679374,0.1404600610579664,0.11073875354909365,0.11575194216534726,29,0.725,0.5611170928209519,0.8539910080361343,37,0.925,0.796135251267101,0.9842578201489585
nominal,EW22,EW,True,40,0.014004460527360535,-0.027825010080759736,0.05583393113548081,0.1307924993684399,0.1071401170474211,0.16794221111603755,0.1299043334859529,0.12341852078987753,24,0.6,0.4332670521932967,0.7513500134122562,38,0.95,0.8308031360405823,0.9938863534006491
nominal,EW23,EW,True,40,0.046309386811883846,-0.025435660212981808,0.1180544338367495,0.22433260285791878,0.1837645235300831,0.28805102380714753,0.22629968646526258,0.22001841049218665,25,0.625,0.45801475223261096,0.7727372775181741,40,1.0,0.9119026971211976,1.0
nominal,EW24,EW,True,40,0.025320289671189333,-0.06732279255504882,0.11796337189742749,0.2896766346168705,0.23729180716492593,0.3719550796958673,0.28715127702295684,0.3772372306203677,34,0.85,0.7016473331604235,0.9428977418454741,39,0.975,0.8684141415172343,0.9993672550679505
nominal,EW25,EW,True,40,0.028603297418420805,-0.02078841503986402,0.07799500987670563,0.15443813719345287,0.12650970182075194,0.19830404928532874,0.1551547884774937,0.18358872953628438,30,0.75,0.5880380198485702,0.873085201067155,40,1.0,0.9119026971211976,1.0
nominal,EW26,EW,True,40,0.038866254954692016,0.005148607335857979,0.07258390257352605,0.10542842978355843,0.08636285996276243,0.13537384557860296,0.11112092843233522,0.12493051064592745,28,0.7,0.5346837147458767,0.8343727956067644,39,0.975,0.8684141415172343,0.9993672550679505
nominal,EW27,EW,True,40,0.036191521315194104,0.001323257020793638,0.07105978560959457,0.10902618104898146,0.08930999755510315,0.13999348589038113,0.11357537878158408,0.1322670782537708,30,0.75,0.5880380198485702,0.873085201067155,40,1.0,0.9119026971211976,1.0
nominal,EW28,EW,True,40,0.02028739893412482,-0.02134772027050983,0.06192251813875948,0.13018480088581283,0.10664231413920697,0.16716190469665523,0.13013822988518436,0.12808898677170535,26,0.65,0.4831555463510094,0.7937175091292331,38,0.95,0.8308031360405823,0.9938863534006491
nominal,EW29,EW,True,40,0.04399417361047859,-0.024435190844095903,0.11242353806505308,0.21396511782461386,0.17527188392674736,0.2747388050743217,0.2158055424826417,0.22345564929380649,26,0.65,0.4831555463510094,0.7937175091292331,40,1.0,0.9119026971211976,1.0
nominal,EW30,EW,True,40,-0.08168770026592569,-0.23492339001415752,0.07154798948230613,0.47913776013046966,0.39249097578300995,0.615229888977207,0.480110975429648,0.4666861792413113,33,0.825,0.6722098666384142,0.9266172706479148,39,0.975,0.8684141415172343,0.9993672550679505
nominal,EW31,EW,True,40,-0.022663131031451712,-0.1296047389257925,0.08427847686288908,0.3343853025064394,0.2739154051071069,0.42936259601127597,0.33095590307042966,0.2885382238615359,26,0.65,0.4831555463510094,0.7937175091292331,38,0.95,0.8308031360405823,0.9938863534006491
nominal,EW32,EW,True,40,0.017395660774827116,-0.04362226896558652,0.07841359051524074,0.1907910241514576,0.15628856974130886,0.24498244633148117,0.18919247748823387,0.14740022687246193,24,0.6,0.4332670521932967,0.7513500134122562,34,0.85,0.7016473331604235,0.9428977418454741
nominal,EW33,EW,True,40,0.015137390628674927,-0.02143998167937441,0.05171476293672427,0.11437022450795772,0.09368762964001597,0.14685542735594226,0.11394154265541487,0.11968141010751375,30,0.75,0.5880380198485702,0.873085201067155,38,0.95,0.8308031360405823,0.9938863534006491
nominal,EW34,EW,True,40,0.01249609665712341,-0.028497931214502895,0.05349012452874971,0.128180234809585,0.10500025174974732,0.16458797071117828,0.12718321710276284,0.13843310006265153,30,0.75,0.5880380198485702,0.873085201067155,40,1.0,0.9119026971211976,1.0
nominal,EW35,EW,True,40,0.04083910346755399,-0.02799095315634808,0.10966916009145607,0.21521800315980488,0.17629819875449013,0.2763475543105765,0.21639928727707267,0.22825422595935577,26,0.65,0.4831555463510094,0.7937175091292331,40,1.0,0.9119026971211976,1.0
nominal,EW36,EW,False,40,-0.00939274550394445,-0.22678240787768278,0.20799691686979385,0.6797345714722696,0.5568120641502982,0.8728033140760592,0.6712498298929596,0.6761744861872243,27,0.675,0.5087051245215516,0.8142710332366502,37,0.925,0.796135251267101,0.9842578201489585
nominal,EW37,EW,False,40,-0.038600311878731884,-0.22545835779193263,0.14825773403446882,0.5842682323439639,0.47860976051908893,0.7502211464611028,0.5782085412896604,0.5200349060145185,27,0.675,0.5087051245215516,0.8142710332366502,36,0.9,0.7633626001239001,0.9720745847057807
nominal,EW38,EW,True,40,-0.047050401521748414,-0.19646759816234868,0.10236679511885188,0.46719808577869015,0.3827104599756454,0.599898923361245,0.46371428741709936,0.39159687477410937,25,0.625,0.45801475223261096,0.7727372775181741,35,0.875,0.7319670826382796,0.9581403738613833
nominal,EW39,EW,True,40,-0.006737927617269999,-0.09661348899139627,0.08313763375685629,0.2810231430942759,0.23020320423221552,0.3608436894617489,0.2775699127234377,0.23865610330224185,22,0.55,0.3849067945340133,0.70741164996012,37,0.925,0.796135251267101,0.9842578201489585
nominal,EW40,EW,True,40,0.0257568544244573,-0.024738585427757337,0.07625229427667193,0.15788927492899643,0.12933673932457176,0.2027354326213141,0.15801649631923498,0.1721772743482662,29,0.725,0.5611170928209519,0.8539910080361343,39,0.975,0.8684141415172343,0.9993672550679505
nominal,EW41,EW,True,40,0.09148860079517379,-0.006720705077542121,0.1896979066678897,0.3070811174415995,0.2515488810490974,0.3943030533413759,0.31671991798339827,0.21577705353339438,15,0.375,0.2272627224818259,0.541985247767389,34,0.85,0.7016473331604235,0.9428977418454741
nominal,J0,J,True,40,-0.05065432289588789,-0.13177962202985619,0.030470976238080413,0.2536627999706082,0.20779067768151713,0.3257120378512209,0.2555426698513311,0.2605582149080518,25,0.625,0.45801475223261096,0.7727372775181741,38,0.95,0.8308031360405823,0.9938863534006491
nominal,J1,J,True,40,-0.02518163545772331,-0.09969280757925948,0.049329536663812866,0.2329817301287065,0.19084955143783666,0.2991568101870552,0.2314251264961239,0.22536542190129144,30,0.75,0.5880380198485702,0.873085201067155,36,0.9,0.7633626001239001,0.9720745847057807
nominal,J4,J,True,40,0.02947232659305168,-0.04636829209376239,0.10531294527986576,0.23713864716642125,0.19425473583394315,0.3044944391956817,0.2360031516002062,0.23876241619161376,29,0.725,0.5611170928209519,0.8539910080361343,38,0.95,0.8308031360405823,0.9938863534006491
nominal,J7,J,True,40,0.04844880497671631,-0.026124265987076217,0.12302187594050883,0.23317527559244344,0.19100809633711532,0.29940532943157167,0.2352843558815451,0.27180753196313123,30,0.75,0.5880380198485702,0.873085201067155,39,0.975,0.8684141415172343,0.9993672550679505
nominal,J8,J,True,40,0.027623169054874573,-0.054191754782689054,0.10943809289243821,0.25581912031839527,0.20955705125469,0.3284808297072564,0.254107017280318,0.2785161355248564,28,0.7,0.5346837147458767,0.8343727956067644,39,0.975,0.8684141415172343,0.9993672550679505
nominal,J9,J,True,40,-0.042931399896327625,-0.12401491837039783,0.03815211857774258,0.253532160092697,0.20768366258601811,0.32554429161147264,0.2539974358006309,0.22625380377230553,28,0.7,0.5346837147458767,0.8343727956067644,38,0.95,0.8308031360405823,0.9938863534006491
nominal,J10,J,True,40,-0.0037460950128103353,-0.07477750365549533,0.06728531362987467,0.2221011964763965,0.18193664240501037,0.28518581881893457,0.21933935161567733,0.23240007880928415,31,0.775,0.6154883226965773,0.891603361015928,37,0.925,0.796135251267101,0.9842578201489585
nominal,J13,J,True,40,0.05327578705833283,-0.019241321335922015,0.1257928954525877,0.22674668639041823,0.18574204665628044,0.2911507927405685,0.2301456447143713,0.24900400084167648,29,0.725,0.5611170928209519,0.8539910080361343,38,0.95,0.8308031360405823,0.9938863534006491
nominal,J16,J,True,40,0.068073872455127,-0.013690363274893426,0.14983810818514742,0.25566062860962036,0.20942722102504238,0.3282773207281961,0.26146194791322214,0.2733039345663332,32,0.8,0.6435219813207653,0.9094775906000093,37,0.925,0.796135251267101,0.9842578201489585
nominal,J17,J,True,40,0.05299595977035995,-0.03911949269071979,0.14511141223143967,0.28802684047118854,0.23594036011157013,0.36983668546034143,0.2892992327383564,0.29807268158136724,27,0.675,0.5087051245215516,0.8142710332366502,38,0.95,0.8308031360405823,0.9938863534006491
nominal,J25,J,True,40,0.06208719111657771,-0.0204360253211167,0.1446104075542721,0.2580338114944603,0.2113712399350292,0.33132457177842667,0.2622436481180167,0.2787870994682107,32,0.8,0.6435219813207653,0.9094775906000093,38,0.95,0.8308031360405823,0.9938863534006491
nominal,J26,J,True,40,0.09073678339092192,-0.024789545197612235,0.20626311197945607,0.3612280298862009,0.2959039210176272,0.4638296106360453,0.36804444187653557,0.40141305116755877,29,0.725,0.5611170928209519,0.8539910080361343,39,0.975,0.8684141415172343,0.9993672550679505
nominal,J27,J,True,40,-0.023363684980919498,-0.08089071622668124,0.03416334626484224,0.17987567350228134,0.14734713998185445,0.2309667487037021,0.17914306641854566,0.16420130046788803,26,0.65,0.4831555463510094,0.7937175091292331,36,0.9,0.7633626001239001,0.9720745847057807
nominal,J28,J,True,40,-0.006913821453049069,-0.05361453137080592,0.039786888464707786,0.1460239033299684,0.11961708943585832,0.18749987437694707,0.14435271650444131,0.1708148546650439,29,0.725,0.5611170928209519,0.8539910080361343,40,1.0,0.9119026971211976,1.0
nominal,J31,J,True,40,0.010413828120017891,-0.036369339236392656,0.05719699547642844,0.1462817314673138,0.11982829219554784,0.1878309348558186,0.1448165534500863,0.16171631041699672,30,0.75,0.5880380198485702,0.873085201067155,39,0.975,0.8684141415172343,0.9993672550679505
nominal,J34,J,True,40,0.014042352859119764,-0.03889608882069715,0.06698079453893667,0.16552805950715313,0.1355941338827893,0.21254390312604005,0.1640479737635262,0.17194022023686692,27,0.675,0.5087051245215516,0.8142710332366502,38,0.95,0.8308031360405823,0.9938863534006491
nominal,J35,J,True,40,-0.007686305285835059,-0.05795461101460023,0.04258200044293011,0.15717907135085102,0.12875496823787017,0.20182350602130114,0.15539211127948255,0.1740748621696611,31,0.775,0.6154883226965773,0.891603361015928,38,0.95,0.8308031360405823,0.9938863534006491
nominal,J36,J,True,40,-0.0210633590592947,-0.06891085684520346,0.02678413872661404,0.14960968267023747,0.12255442009379172,0.19210414231193468,0.14922180073579294,0.17266865861529015,31,0.775,0.6154883226965773,0.891603361015928,38,0.95,0.8308031360405823,0.9938863534006491
nominal,J37,J,True,40,0.005892106646549272,-0.039253457170173346,0.05103767046327189,0.14116126838670265,0.11563380844118312,0.18125607853111883,0.1395100642282249,0.19297989443649421,33,0.825,0.6722098666384142,0.9266172706479148,40,1.0,0.9119026971211976,1.0
nominal,J40,J,True,40,0.0324100032516848,-0.014821963703670582,0.07964197020704018,0.147685039240713,0.12097782722103895,0.1896328318413414,0.149385432207819,0.1665826523063792,29,0.725,0.5611170928209519,0.8539910080361343,38,0.95,0.8308031360405823,0.9938863534006491
nominal,J43,J,True,40,0.020446028081926613,-0.03342036694158672,0.07431242310543994,0.16842958647737002,0.13797095167208448,0.21626956673323477,0.16756298077213042,0.16619723985251564,28,0.7,0.5346837147458767,0.8343727956067644,38,0.95,0.8308031360405823,0.9938863534006491
nominal,J44,J,True,40,0.0012426897740907363,-0.053593430854902646,0.05607881040308412,0.17146172706625157,0.14045476304632748,0.22016294286237334,0.16930945050469814,0.1680170337365464,30,0.75,0.5880380198485702,0.873085201067155,37,0.925,0.796135251267101,0.9842578201489585
nominal,J52,J,True,40,0.016641814668890847,-0.03723886135877157,0.07052249069655325,0.16847424035892758,0.1380075303911991,0.21632690390195547,0.1671853175921213,0.17233828179183264,29,0.725,0.5611170928209519,0.8539910080361343,38,0.95,0.8308031360405823,0.9938863534006491
nominal,J53,J,True,40,-0.0072483225919987475,-0.06310653470286313,0.04860988951886563,0.1746576054159802,0.14307270201157876,0.22426656408761925,0.17261281914099194,0.2006903203937498,31,0.775,0.6154883226965773,0.891603361015928,38,0.95,0.8308031360405823,0.9938863534006491
nominal,J54,J,True,40,0.010531670596808203,-0.04782483781137801,0.06888817900499442,0.18246928488835218,0.1494717253275047,0.23429703777269112,0.18048152264161182,0.19537432525463935,27,0.675,0.5087051245215516,0.8142710332366502,38,0.95,0.8308031360405823,0.9938863534006491
nominal,J55,J,True,40,0.03131341344666269,-0.0276820654970788,0.09030889239040418,0.18446721964949264,0.1511083556021407,0.23686245691424537,0.1848187791020313,0.1912061778252645,26,0.65,0.4831555463510094,0.7937175091292331,38,0.95,0.8308031360405823,0.9938863534006491
nominal,J58,J,True,40,0.077704821126565,0.012431048462174518,0.1429785937909555,0.2040982050661107,0.16718929361807247,0.2620693389080385,0.2159923947844911,0.1853219616742388,24,0.6,0.4332670521932967,0.7513500134122562,36,0.9,0.7633626001239001,0.9720745847057807
nominal,J63,J,True,40,0.009263591354547731,-0.04919993806458382,0.06772712077367929,0.18280391846852856,0.14974584411200087,0.23472671916604215,0.1807419567146662,0.19328141016016412,30,0.75,0.5880380198485702,0.873085201067155,38,0.95,0.8308031360405823,0.9938863534006491
nominal,J64,J,True,40,0.03948571759624656,-0.017971325776335697,0.09694276096882881,0.1796568352352522,0.14716787620406008,0.2306857526020973,0.18173823450135204,0.21470179483910906,33,0.825,0.6722098666384142,0.9266172706479148,39,0.975,0.8684141415172343,0.9993672550679505
nominal,J67,J,True,40,0.07622994756224333,0.018475083006743897,0.13398481211774277,0.18058806329796262,0.1479307019327403,0.2318814824846217,0.19392718297316805,0.18586285315025236,26,0.65,0.4831555463510094,0.7937175091292331,38,0.95,0.8308031360405823,0.9938863534006491
nominal,J70,J,True,40,0.06982145249269343,-0.0031897810997821765,0.14283268608516905,0.22829171836755432,0.18700767662490778,0.29313466863359106,0.2359856270761419,0.21495062245881486,24,0.6,0.4332670521932967,0.7513500134122562,38,0.95,0.8308031360405823,0.9938863534006491
nominal,J71,J,True,40,0.04088748452845901,-0.02457939020259598,0.106354359259514,0.20470199711906006,0.16768389653137153,0.26284462933307245,0.20622104966511864,0.22297173732774425,31,0.775,0.6154883226965773,0.891603361015928,38,0.95,0.8308031360405823,0.9938863534006491
nominal,J80,J,True,40,0.03205824585644306,-0.04787723541063256,0.11199372712351868,0.24994247431642908,0.20474313192799165,0.32093500767402006,0.24887183565667992,0.28122049663310345,33,0.825,0.6722098666384142,0.9266172706479148,38,0.95,0.8308031360405823,0.9938863534006491
nominal,J81,J,True,40,-0.026196071533854816,-0.13442717142381888,0.08203502835610925,0.33841728949004773,0.2772182516728,0.4345398103965656,0.33518552988449973,0.2684845036739781,24,0.6,0.4332670521932967,0.7513500134122562,37,0.925,0.796135251267101,0.9842578201489585
nominal,J85,J,True,40,0.04558407442717711,-0.03995874920580099,0.1311268980601552,0.26747552726184587,0.2191055254432261,0.3434480699175448,0.26801583271009344,0.1887369027376802,23,0.575,0.4089005804269633,0.7295709687311371,33,0.825,0.6722098666384142,0.9266172706479148
nominal,J88,J,True,40,0.04210385046233827,-0.037894920995271496,0.12210262191994804,0.25014037025164226,0.2049052405639175,0.3211891130783136,0.25055674792877336,0.20048798173586785,23,0.575,0.4089005804269633,0.7295709687311371,36,0.9,0.7633626001239001,0.9720745847057807
nominal,J89,J,True,40,0.04068592466397301,-0.039474895484264486,0.1208467448122105,0.25064706452623986,0.20532030476216878,0.32183972650986864,0.2508160613826256,0.19537182439204576,22,0.55,0.3849067945340133,0.70741164996012,36,0.9,0.7633626001239001,0.9720745847057807
nominal,J90,J,True,40,0.0036035427253247013,-0.09220779931567825,0.09941488476632766,0.29958315778814953,0.2454068447796895,0.3846754070379589,0.29583661409591366,0.2304091702350096,24,0.6,0.4332670521932967,0.7513500134122562,35,0.875,0.7319670826382796,0.9581403738613833
nominal,J91,J,True,40,0.004062839533741355,-0.07685768212254633,0.08498336119002904,0.25302250121160325,0.2072661698976888,0.3248898715199604,0.24987273386960074,0.19328864243465727,22,0.55,0.3849067945340133,0.70741164996012,34,0.85,0.7016473331604235,0.9428977418454741
nominal,J93,J,True,40,0.04075793126101069,-0.05410849459316659,0.13562435711518797,0.2966285913551564,0.24298657913002447,0.38088163887814785,0.2957194906322341,0.24763597196088039,24,0.6,0.4332670521932967,0.7513500134122562,36,0.9,0.7633626001239001,0.9720745847057807
nominal,J94,J,True,40,0.06396084568958524,-0.01518637357070399,0.14310806494987446,0.247477734588053,0.20272411322076628,0.31777019438726595,0.2525966907349359,0.19570983453133595,23,0.575,0.4089005804269633,0.7295709687311371,34,0.85,0.7016473331604235,0.9428977418454741
nominal,J97,J,True,40,0.059362590430966054,-0.016122327432499636,0.13484750829443173,0.23602644089087454,0.1933436598080368,0.30306632686481877,0.24049882727842511,0.19457081384195263,26,0.65,0.4831555463510094,0.7937175091292331,36,0.9,0.7633626001239001,0.9720745847057807
nominal,J98,J,True,40,0.06244118744033794,-0.014395383289736257,0.13927775817041216,0.2402527926503425,0.19680572242156189,0.30849311252046835,0.24531056062844234,0.19960995921496782,22,0.55,0.3849067945340133,0.70741164996012,36,0.9,0.7633626001239001,0.9720745847057807
nominal,J106,J,True,40,0.051609447528626645,-0.022239379901824088,0.12545827495907738,0.23091070899621174,0.1891530516567742,0.29649754555079016,0.23377402917158038,0.19540764856919288,27,0.675,0.5087051245215516,0.8142710332366502,36,0.9,0.7633626001239001,0.9720745847057807
nominal,J107,J,True,40,0.09762763955838465,0.008076174661047066,0.18717910445572222,0.28000975737316974,0.22937307815237323,0.3595424662300056,0.2932174681432174,0.23212740636959323,21,0.525,0.3612801352640621,0.6848802933650138,36,0.9,0.7633626001239001,0.9720745847057807
nominal,J108,J,True,40,-0.015395718213836307,-0.07080570604137224,0.04001426961369963,0.1732560965409725,0.14192464057352694,0.22246697695147544,0.17176804491295594,0.1898204891427178,30,0.75,0.5880380198485702,0.873085201067155,38,0.95,0.8308031360405823,0.9938863534006491
nominal,J109,J,True,40,0.004198211191692259,-0.043054148460154915,0.05145057084353943,0.1477488031780578,0.12103006015292353,0.18971470699992357,0.14595064609910025,0.1464636701794535,29,0.725,0.5611170928209519,0.8539910080361343,39,0.975,0.8684141415172343,0.9993672550679505
nominal,J111,J,True,40,-5.1070208871652244e-05,-0.04476826888934358,0.044666128471600265,0.13982185514532028,0.11453661332564123,0.17953622439237202,0.13806302910279125,0.16489630866652133,32,0.8,0.6435219813207653,0.9094775906000093,38,0.95,0.8308031360405823,0.9938863534006491
nominal,J112,J,True,40,0.017728960239283883,-0.023652372283417322,0.05911029276198509,0.1293912600172833,0.10599227639280175,0.16614297005808412,0.12898783565051714,0.1410993197677242,27,0.675,0.5087051245215516,0.8142710332366502,40,1.0,0.9119026971211976,1.0
nominal,J115,J,True,40,-0.0024372686156478407,-0.047996220647679916,0.043121683416384234,0.14245385175206052,0.11669264234776579,0.18291580144702171,0.1406830219334512,0.15770461160440813,28,0.7,0.5346837147458767,0.8343727956067644,40,1.0,0.9119026971211976,1.0
nominal,J116,J,True,40,-0.023249327067711434,-0.06834588773191412,0.021847233596491253,0.1410080451997525,0.1155082939792416,0.18105933452106543,0.1411620285341652,0.1458728583915469,26,0.65,0.4831555463510094,0.7937175091292331,39,0.975,0.8684141415172343,0.9993672550679505
nominal,J117,J,True,40,-0.011628695503808321,-0.059642819211998016,0.03638542820438137,0.15013068904487864,0.12298120820649734,0.19277313298789317,0.14869757818264254,0.17271919812423125,29,0.725,0.5611170928209519,0.8539910080361343,38,0.95,0.8308031360405823,0.9938863534006491
nominal,J118,J,True,40,0.005232515379683047,-0.04234967172184797,0.05281470248121406,0.14878010852037532,0.12187486528793566,0.1910389396612835,0.14700174111638922,0.1556337704640828,30,0.75,0.5880380198485702,0.873085201067155,38,0.95,0.8308031360405823,0.9938863534006491
nominal,J120,J,True,40,-0.0034940057761522537,-0.04809693149020505,0.04110891993790055,0.13946454613158152,0.11424391970988401,0.17907742693755818,0.13775452338620178,0.17084028340394075,33,0.825,0.6722098666384142,0.9266172706479148,39,0.975,0.8684141415172343,0.9993672550679505
nominal,J121,J,True,40,0.025756638491821342,-0.014421208873913871,0.06593448585755655,0.12562819944434253,0.10290972385968078,0.16131106672849804,0.1266936770704647,0.14034920141709512,27,0.675,0.5087051245215516,0.8142710332366502,39,0.975,0.8684141415172343,0.9993672550679505
nominal,J124,J,True,40,0.0040004058365948935,-0.03496035718592425,0.042961168859114045,0.1218226168998548,0.09979233898502163,0.15642456367830795,0.12035669688670436,0.13677807111641532,30,0.75,0.5880380198485702,0.873085201067155,38,0.95,0.8308031360405823,0.9938863534006491
nominal,J125,J,True,40,-0.017696982567713168,-0.058289634682884436,0.022895669547458104,0.12692521203235527,0.10397218601280632,0.16297647692348627,0.12657188631455185,0.12695692716877877,24,0.6,0.4332670521932967,0.7513500134122562,39,0.975,0.8684141415172343,0.9993672550679505
nominal,J133,J,True,40,-0.0043099737688141555,-0.042120142181002934,0.03350019464337463,0.11822493462807031,0.09684525790958015,0.1518050119568103,0.11681730463635977,0.14040623409435124,32,0.8,0.6435219813207653,0.9094775906000093,39,0.975,0.8684141415172343,0.9993672550679505
nominal,J134,J,True,40,-0.009159585524448264,-0.05704188661691731,0.03872271556802079,0.1497185057412716,0.12264356371154012,0.19224387499735748,0.14811866254575715,0.14005940118974058,22,0.55,0.3849067945340133,0.70741164996012,40,1.0,0.9119026971211976,1.0
nominal,J135,J,True,40,0.01887458376540741,-0.043751366270447546,0.08150053380126238,0.1958189862656881,0.16040728030980375,0.2514385281324173,0.19427480127357247,0.18997815801232776,25,0.625,0.45801475223261096,0.7727372775181741,38,0.95,0.8308031360405823,0.9938863534006491
nominal,J136,J,True,40,0.04742933520010335,-0.011029318124514685,0.10588798852472137,0.18278867188330272,0.1497333547037125,0.23470714200949905,0.18661711588748742,0.1582134591224281,19,0.475,0.31511970663498606,0.6387198647359378,37,0.925,0.796135251267101,0.9842578201489585
nominal,J139,J,True,40,0.0637845068308368,0.013258790618824227,0.11431022304284938,0.1579839431309168,0.12941428782531447,0.20285698995242754,0.16853313158446323,0.14960861206288648,21,0.525,0.3612801352640621,0.6848802933650138,38,0.95,0.8308031360405823,0.9938863534006491
nominal,J142,J,True,40,0.03360072410838331,-0.023865721975220123,0.09106717019198673,0.17968623565695058,0.14719195988345465,0.23072350378700174,0.1805795485736376,0.17689760838841234,25,0.625,0.45801475223261096,0.7727372775181741,39,0.975,0.8684141415172343,0.9993672550679505
nominal,J143,J,True,40,0.010010147222899834,-0.04442442905342956,0.06444472349922922,0.17020617712194963,0.13942626547467046,0.218550772173451,0.16836297755038343,0.17663023732955047,23,0.575,0.4089005804269633,0.7295709687311371,39,0.975,0.8684141415172343,0.9993672550679505
nominal,J144,J,True,40,0.026608317365650794,-0.03122501964776732,0.0844416543790689,0.18083343118700249,0.14813169774273208,0.232196543562445,0.18053036902976724,0.1642337593774386,23,0.575,0.4089005804269633,0.7295709687311371,36,0.9,0.7633626001239001,0.9720745847057807
nominal,J145,J,True,40,0.050756333295012425,-0.009744127061180205,0.11125679365120505,0.18917299951177272,0.15496314702885566,0.2429048452691799,0.1935664447166102,0.165021502251015,23,0.575,0.4089005804269633,0.7295709687311371,36,0.9,0.7633626001239001,0.9720745847057807
nominal,J147,J,True,40,0.03147560813140856,-0.019757131771985705,0.08270834803480283,0.16019466667974794,0.13122522638008616,0.20569563744941533,0.16128077027054913,0.1640908618772894,26,0.65,0.4831555463510094,0.7937175091292331,38,0.95,0.8308031360405823,0.9938863534006491
nominal,J148,J,True,40,0.06604820599279108,0.016355803775941945,0.11574060820964023,0.15537833472608634,0.12727987498955337,0.19951129628556774,0.1670366179751063,0.14721290781841073,21,0.525,0.3612801352640621,0.6848802933650138,38,0.95,0.8308031360405823,0.9938863534006491
nominal,J151,J,True,40,0.04317893747090884,-0.008300889877464702,0.09465876481928238,0.16096726035644457,0.1318581050034864,0.20668767515024095,0.16470312102419185,0.14679818217067916,22,0.55,0.3849067945340133,0.70741164996012,37,0.925,0.796135251267101,0.9842578201489585
nominal,J152,J,True,40,0.02216440996268842,-0.035327494411625394,0.07965631433700224,0.17976583870770046,0.14725716759961469,0.23082571692933845,0.17888298945433584,0.14415180299685693,21,0.525,0.3612801352640621,0.6848802933650138,35,0.875,0.7319670826382796,0.9581403738613833
nominal,J160,J,True,40,0.03655289578642061,-0.01471089374336304,0.08781668531620426,0.16029175273369228,0.1313047554909564,0.20582029938833898,0.16244144802035929,0.14999170662287656,22,0.55,0.3849067945340133,0.70741164996012,38,0.95,0.8308031360405823,0.9938863534006491
nominal,J161,J,True,40,0.05472987084937308,-0.018170771877548533,0.1276305135762947,0.22794592255654259,0.18672441417602728,0.29269065453969123,0.2316370410428534,0.17784929294334545,26,0.65,0.4831555463510094,0.7937175091292331,35,0.875,0.7319670826382796,0.9581403738613833
nominal,J162,J,True,40,-0.0577974549630941,-0.15081162974338166,0.03521671981719346,0.29083696779669604,0.2382423068747779,0.3734449886798853,0.29293691145271855,0.45095904585111357,34,0.85,0.7016473331604235,0.9428977418454741,40,1.0,0.9119026971211976,1.0
nominal,J165,J,True,40,0.008466182884656635,-0.0624453690538842,0.07937773482319747,0.22172642821676583,0.18162964685559907,0.2847046030727534,0.2191009356396201,0.28740803698231876,32,0.8,0.6435219813207653,0.9094775906000093,39,0.975,0.8684141415172343,0.9993672550679505
nominal,J174,J,True,40,0.010785406475725717,-0.061966727766425964,0.08353754071787739,0.22748156583344534,0.18634403124960083,0.29209440402685505,0.22487883674777367,0.29010862055997866,31,0.775,0.6154883226965773,0.891603361015928,39,0.975,0.8684141415172343,0.9993672550679505
nominal,J175,J,True,40,0.025730902211622112,-0.04860382990219623,0.10006563432544044,0.23243003704575543,0.19039762596988516,0.29844841668853184,0.2309441672714166,0.22491362437132362,30,0.75,0.5880380198485702,0.873085201067155,37,0.925,0.796135251267101,0.9842578201489585
nominal,J178,J,True,40,0.013236962815312298,-0.06017831664563902,0.08665224227626361,0.22955509005811472,0.18804258146619948,0.29475688272230904,0.22705366782299158,0.22499564976156428,26,0.65,0.4831555463510094,0.7937175091292331,38,0.95,0.8308031360405823,0.9938863534006491
nominal,J179,J,True,40,0.003837590631041045,-0.0677477033864762,0.0754228846485583,0.2238330867318728,0.18335533939131315,0.2874096273730908,0.2210507782159375,0.2029251628291323,28,0.7,0.5346837147458767,0.8343727956067644,35,0.875,0.7319670826382796,0.9581403738613833
nominal,J187,J,True,40,0.003173809359779828,-0.06858168406384237,0.07492930278340201,0.22436526668518944,0.1837912804641114,0.28809296532062756,0.2215656824469902,0.2185677450105054,24,0.6,0.4332670521932967,0.7513500134122562,37,0.925,0.796135251267101,0.9842578201489585
nominal,J188,J,True,40,0.021286619595657873,-0.05310759183560282,0.09568083102691856,0.2326160171329025,0.1905499736075681,0.2986872217210058,0.23067417782429758,0.21123126636713313,27,0.675,0.5087051245215516,0.8142710332366502,36,0.9,0.7633626001239001,0.9720745847057807
nominal,J189,J,True,40,-0.028407446878249636,-0.11433820773577691,0.05752331397927763,0.26868853040195706,0.22009917033141121,0.34500560899986715,0.2668251698181131,0.3761219798543443,36,0.9,0.7633626001239001,0.9720745847057807,39,0.975,0.8684141415172343,0.9993672550679505
nominal,J192,J,True,40,0.01634241349452514,-0.034823741413123534,0.06750856840217381,0.1599864685388823,0.13105467857888112,0.2054283036474308,0.1588170420373086,0.2168562636680088,32,0.8,0.6435219813207653,0.9094775906000093,40,1.0,0.9119026971211976,1.0
nominal,J193,J,True,40,0.017828167127410522,-0.025191541369313408,0.06084787562413445,0.13451413834761614,0.11018873862558938,0.17272092764914562,0.13401322928405038,0.14463923214506652,28,0.7,0.5346837147458767,0.8343727956067644,37,0.925,0.796135251267101,0.9842578201489585
nominal,J195,J,True,40,0.009758497443594949,-0.08658599532729691,0.10610299021448681,0.30125021490095794,0.24677243298278584,0.38681596753595116,0.29762077876180476,0.308783992765163,31,0.775,0.6154883226965773,0.891603361015928,39,0.975,0.8684141415172343,0.9993672550679505
nominal,J196,J,True,40,0.003881532423161839,-0.05238030947998475,0.06014337432630844,0.17591967611839798,0.144106541134098,0.22588710766138906,0.1737501235349605,0.15558971683470568,27,0.675,0.5087051245215516,0.8142710332366502,35,0.875,0.7319670826382796,0.9581403738613833
nominal,J197,J,True,40,-0.010056083773078492,-0.07081937258239841,0.05070720503624143,0.1899948122143936,0.1556363439596814,0.24396008194611354,0.18787416739010263,0.1459344577754918,20,0.5,0.3380178137372346,0.6619821862627655,34,0.85,0.7016473331604235,0.9428977418454741
nominal,J198,J,True,40,-0.02446721682249252,-0.09015225507342539,0.04121782142844035,0.2053841513902237,0.16824269071918646,0.2637205396274292,0.20427121211826232,0.2713002375107117,32,0.8,0.6435219813207653,0.9094775906000093,39,0.975,0.8684141415172343,0.9993672550679505
nominal,J201,J,True,40,0.01203416674883719,-0.043381736114669577,0.06745006961234395,0.17327459169109585,0.14193979107954674,0.22249072538064102,0.17151764688192267,0.22000580483391616,33,0.825,0.6722098666384142,0.9266172706479148,39,0.975,0.8684141415172343,0.9993672550679505
nominal,J202,J,True,40,0.018416577307420048,-0.025271230201939526,0.06210438481677962,0.13660315210795856,0.11189997726601228,0.17540329545813935,0.13613625878657198,0.14729891837877493,31,0.775,0.6154883226965773,0.891603361015928,37,0.925,0.796135251267101,0.9842578201489585
nominal,J204,J,True,40,0.00933832241720748,-0.08765136199604805,0.10632800683046299,0.3032676018353264,0.24842499771946316,0.38940636395830286,0.2995983338245458,0.3194185348687239,31,0.775,0.6154883226965773,0.891603361015928,39,0.975,0.8684141415172343,0.9993672550679505
nominal,J205,J,True,40,0.0072958043654051076,-0.04852746828403751,0.06311907701484773,0.17454835661556498,0.1429832096529168,0.22412628475056173,0.172507041417453,0.14259690586203813,27,0.675,0.5087051245215516,0.8142710332366502,34,0.85,0.7016473331604235,0.9428977418454741
nominal,J206,J,True,40,-0.008874946192233243,-0.06914828174898016,0.05139838936451367,0.18846282508794693,0.15438139982423624,0.241992956104348,0.18630363710631595,0.1260447480347628,23,0.575,0.4089005804269633,0.7295709687311371,33,0.825,0.6722098666384142,0.9266172706479148
nominal,J214,J,True,40,-0.004135532588239498,-0.06409718083942222,0.05582611566294323,0.18748824039625725,0.1535830580351852,0.24074155477145398,0.18517598901990784,0.1450598162387648,25,0.625,0.45801475223261096,0.7727372775181741,33,0.825,0.6722098666384142,0.9266172706479148
nominal,J215,J,True,40,0.008089060589267113,-0.0812951318777631,0.09747325305629732,0.27948672949552106,0.22894463410320426,0.35887087987244076,0.27608955805357227,0.157240629671628,18,0.45,0.29258835003987993,0.6150932054659866,32,0.8,0.6435219813207653,0.9094775906000093
nominal,J216,J,True,40,-0.0004204156535461424,-0.09220586756848073,0.09136503626138845,0.2869949938903978,0.23509511161509886,0.36851175782957296,0.2833851621107173,0.3679528973655354,33,0.825,0.6722098666384142,0.9266172706479148,39,0.975,0.8684141415172343,0.9993672550679505
nominal,J219,J,True,40,0.052346408541514906,-0.004994791839949638,0.10968760892297946,0.17929461706413194,0.14687116119794028,0.23022065161497585,0.18461593160576514,0.2108204162571769,29,0.725,0.5611170928209519,0.8539910080361343,40,1.0,0.9119026971211976,1.0
nominal,J220,J,True,40,0.0526957032691037,-0.0022356178123013803,0.10762702435050879,0.17175940009273058,0.14069860518599775,0.22054516559301832,0.17759672399916265,0.14967691706826813,21,0.525,0.3612801352640621,0.6848802933650138,36,0.9,0.7633626001239001,0.9720745847057807
nominal,J222,J,True,40,0.011317103016068718,-0.0822370275423769,0.10487123357451433,0.292525302952437,0.23962532522120314,0.37561287094017715,0.2890672125413153,0.31906424295737534,28,0.7,0.5346837147458767,0.8343727956067644,40,1.0,0.9119026971211976,1.0
nominal,J223,J,True,40,0.026127985306063455,-0.04380222106775301,0.09605819167987993,0.21865795430857543,0.1791160726424909,0.2807645736721247,0.21748262016539313,0.17449740093709,20,0.5,0.3380178137372346,0.6619821862627655,34,0.85,0.7016473331604235,0.9428977418454741
nominal,J224,J,True,40,0.003206182056773847,-0.07375946585989276,0.08017182997344045,0.24065639153888763,0.1971363348983303,0.309011347817397,0.23765077513483224,0.20878206997414486,21,0.525,0.3612801352640621,0.6848802933650138,38,0.95,0.8308031360405823,0.9938863534006491
nominal,J225,J,True,40,0.008840204103463535,-0.05944633417916331,0.07712674238609038,0.21351852857228343,0.17490605541977758,0.27416536862453145,0.2110179072997647,0.24445913534845945,32,0.8,0.6435219813207653,0.9094775906000093,40,1.0,0.9119026971211976,1.0
nominal,J228,J,True,40,0.04078346099618485,-0.019511029503387282,0.10107795149575699,0.18852897241914382,0.15443558513945713,0.24207789162522478,0.19057251847055537,0.21000790969718772,28,0.7,0.5346837147458767,0.8343727956067644,39,0.975,0.8684141415172343,0.9993672550679505
nominal,J229,J,True,40,0.054113168565104924,0.0013985005328016886,0.10682783659740816,0.16482836347405477,0.13502097016739456,0.21164546858678832,0.17151505672258685,0.15153743942183723,25,0.625,0.45801475223261096,0.7727372775181741,36,0.9,0.7633626001239001,0.9720745847057807
nominal,J231,J,True,40,0.008444107267132208,-0.07651162766649913,0.09339984220076354,0.26563981676342935,0.21760178296093366,0.34109095248679255,0.2624341867809803,0.31098767816155465,29,0.725,0.5611170928209519,0.8539910080361343,40,1.0,0.9119026971211976,1.0
nominal,J232,J,True,40,0.03083068126663767,-0.03581091015977641,0.09747227269305174,0.20837510439013374,0.17069276282608145,0.267561029430549,0.2080509803719371,0.1441428619515598,16,0.4,0.2486499865877438,0.5667329478067032,34,0.85,0.7016473331604235,0.9428977418454741
nominal,J233,J,True,40,-0.003243929270011662,-0.07456624985613336,0.06807839131611003,0.22301082071081918,0.18268177111969822,0.28635380861920096,0.22022943394870986,0.18880071238925275,23,0.575,0.4089005804269633,0.7295709687311371,37,0.925,0.796135251267101,0.9842578201489585
nominal,J240,J,True,40,-0.026814230111615673,-0.13665409962281672,0.08302563939958535,0.3434475945981586,0.2813388815305492,0.4409989006847988,0.34018575354629166,0.33502327131349857,24,0.6,0.4332670521932967,0.7513500134122562,37,0.925,0.796135251267101,0.9842578201489585
nominal,J241,J,True,40,0.011871836745267409,-0.0584397714596762,0.08218344495021102,0.21985052256324358,0.18009297806909533,0.28229587363628833,0.2174093753090107,0.16474854784980794,18,0.45,0.29258835003987993,0.6150932054659866,35,0.875,0.7319670826382796,0.9581403738613833
nominal,J242,J,True,40,0.04274055445672752,-0.05427632918579037,0.1397574380992454,0.3033526484573467,0.2484946645970115,0.38951556683934735,0.302570675360655,0.23923920757250194,22,0.55,0.3849067945340133,0.70741164996012,36,0.9,0.7633626001239001,0.9720745847057807
nominal,H2_0,H2,True,40,-0.020431089321165184,-0.07760553522000775,0.036743356577677376,0.1787732087066763,0.1464440437965828,0.22955114477881694,0.17770282231396395,0.1493813652976073,27,0.675,0.5087051245215516,0.8142710332366502,36,0.9,0.7633626001239001,0.9720745847057807
nominal,H2_1,H2,True,40,0.03708711137601076,-0.012240740459981306,0.08641496321200284,0.15423845763070768,0.1263461321066796,0.19804765363998178,0.15674890142265352,0.17235142313126756,30,0.75,0.5880380198485702,0.873085201067155,39,0.975,0.8684141415172343,0.9993672550679505
nominal,H2_3,H2,True,40,0.03523033111755993,-0.015212449269422484,0.08567311150454233,0.15772461917378372,0.1292018597483636,0.20252400878786087,0.15967562536852686,0.17658535769776065,29,0.725,0.5611170928209519,0.8539910080361343,39,0.975,0.8684141415172343,0.9993672550679505
nominal,H2_4,H2,True,40,0.0422961871701928,-0.009919684690293924,0.09451205903067952,0.1632687262843212,0.1337433761779346,0.20964283908244033,0.16667101579782237,0.17060182518593564,24,0.6,0.4332670521932967,0.7513500134122562,38,0.95,0.8308031360405823,0.9938863534006491
nominal,H2_5,H2,True,40,0.05193312905300172,0.0005137210285660631,0.10335253707743738,0.16077834105450023,0.13170334967561537,0.20644509606165223,0.16703437661651266,0.18768728895530926,29,0.725,0.5611170928209519,0.8539910080361343,39,0.975,0.8684141415172343,0.9993672550679505
nominal,H2_7,H2,True,40,0.07233314548789592,0.001743818362688371,0.14292247261310345,0.22071889481790402,0.1808043147700094,0.28341089443047524,0.22963230108712746,0.23924178523887668,28,0.7,0.5346837147458767,0.8343727956067644,38,0.95,0.8308031360405823,0.9938863534006491
nominal,H2_8,H2,True,40,0.0034607591789417506,-0.036726854411847906,0.043648372769731415,0.12565873650268192,0.10293473862750435,0.16135027739518965,0.12412631454312506,0.11129351325872536,24,0.6,0.4332670521932967,0.7513500134122562,37,0.925,0.796135251267101,0.9842578201489585
nominal,H2_9,H2,True,40,0.04553366490719048,-0.0006014116198890828,0.09166874143427003,0.14425527934746532,0.11816830161229616,0.18522889841358006,0.14954150132657215,0.15833659695718152,26,0.65,0.4831555463510094,0.7937175091292331,40,1.0,0.9119026971211976,1.0
nominal,H2_11,H2,True,40,0.015421021386474705,-0.03042917643414802,0.061271219207097424,0.14336451985439383,0.1174386261583549,0.18408513161073298,0.14239859133733018,0.14903713120703801,26,0.65,0.4831555463510094,0.7937175091292331,39,0.975,0.8684141415172343,0.9993672550679505
nominal,H2_12,H2,True,40,0.04434618465424401,-0.0019292016121541457,0.09062157092064216,0.14469400021159337,0.11852768464236897,0.18579223157366326,0.14959789085475125,0.15871476745107863,29,0.725,0.5611170928209519,0.8539910080361343,39,0.975,0.8684141415172343,0.9993672550679505
nominal,H2_13,H2,True,40,0.050606629068846075,0.001839229793514606,0.09937402834417754,0.15248603308120803,0.12491061422716222,0.19579747832352162,0.15884496036523782,0.16729190554672557,30,0.75,0.5880380198485702,0.873085201067155,38,0.95,0.8308031360405823,0.9938863534006491
nominal,H2_15,H2,True,40,0.020783599444471005,-0.029802106252809553,0.07136930514175156,0.1581715184121708,0.12956794218382742,0.20309784327074953,0.15755866054190618,0.15216230513715234,30,0.75,0.5880380198485702,0.873085201067155,38,0.95,0.8308031360405823,0.9938863534006491
nominal,H2_16,H2,True,40,-0.0007810074619711829,-0.053488154935000455,0.051926140011058095,0.16480484816941932,0.1350017073464896,0.21161527410106007,0.16273362284204632,0.19426650929043604,31,0.775,0.6154883226965773,0.891603361015928,39,0.975,0.8684141415172343,0.9993672550679505
nominal,H2_17,H2,False,40,0.026183496311975463,-0.025587386337082952,0.07795437896103388,0.16187733284069009,0.13260360090695586,0.20785624051918847,0.16197141597993273,0.14798968037810437,26,0.65,0.4831555463510094,0.7937175091292331,38,0.95,0.8308031360405823,0.9938863534006491
nominal,H2_18,H2,True,40,0.033012336537513336,-0.027848914076088985,0.09387358715111566,0.19030111944320774,0.1558872589013339,0.24435339129899136,0.1907851344404763,0.2024391534755613,28,0.7,0.5346837147458767,0.8343727956067644,38,0.95,0.8308031360405823,0.9938863534006491
nominal,H2_19,H2,True,40,0.009812630146258772,-0.038024574134477525,0.05764983442699507,0.14957749691103006,0.12252805477448524,0.19206281465481487,0.14802155114375148,0.14121575748977744,27,0.675,0.5087051245215516,0.8142710332366502,35,0.875,0.7319670826382796,0.9581403738613833
nominal,H2_20,H2,True,40,0.03549557652445961,-0.01244439635442586,0.08343554940334508,0.14989883403562448,0.12279128162087911,0.1924754229272972,0.15220990403686768,0.16297876742597256,31,0.775,0.6154883226965773,0.891603361015928,38,0.95,0.8308031360405823,0.9938863534006491
nominal,H2_21,H2,True,40,0.029269134269902592,-0.02171176819175238,0.08025003673155756,0.1594072207006147,0.13058018132948893,0.20468452886514144,0.16010021137436614,0.15369617689268067,27,0.675,0.5087051245215516,0.8142710332366502,38,0.95,0.8308031360405823,0.9938863534006491
nominal,H2_22,H2,True,40,0.030881226213827072,-0.035417627101513624,0.09718007952916777,0.2073034299576248,0.16981488890601595,0.266184961424653,0.20701206342351283,0.21213248336308135,25,0.625,0.45801475223261096,0.7727372775181741,38,0.95,0.8308031360405823,0.9938863534006491
nominal,H2_23,H2,True,40,0.025587629509482773,-0.027489994078638978,0.07866525309760453,0.16596325386628338,0.13595062813743491,0.21310270812854765,0.16586118707205694,0.14071731869701024,26,0.65,0.4831555463510094,0.7937175091292331,34,0.85,0.7016473331604235,0.9428977418454741
nominal,H2_24,H2,True,40,0.009332073259182234,-0.03574421293024832,0.05440835944861279,0.14094465091839348,0.11545636385513096,0.18097793401388837,0.13948421899361893,0.1707451819738056,31,0.775,0.6154883226965773,0.891603361015928,40,1.0,0.9119026971211976,1.0
nominal,H2_25,H2,True,40,0.04732933382356364,-0.0016419272384683161,0.09630059488559561,0.1531234686552336,0.12543277660146554,0.196615968223652,0.1584319809156831,0.1593191096713333,28,0.7,0.5346837147458767,0.8343727956067644,37,0.925,0.796135251267101,0.9842578201489585
nominal,H2_26,H2,True,40,0.007330266076342998,-0.061027448497641176,0.07568798065032717,0.2137410827884153,0.17508836315822515,0.274451136136666,0.21117966760681545,0.16108654579385487,23,0.575,0.4089005804269633,0.7295709687311371,34,0.85,0.7016473331604235,0.9428977418454741
nominal,H2_27,H2,True,40,-0.0029401496008978185,-0.05093421832698031,0.04505391912518467,0.15006798107376507,0.12292984028098664,0.1926926137274289,0.14820942429428252,0.12837033374129872,20,0.5,0.3380178137372346,0.6619821862627655,37,0.925,0.796135251267101,0.9842578201489585
nominal,H2_28,H2,True,40,0.03619622826703976,-0.0019155186110344504,0.07430797514511397,0.11916791097310675,0.0976177073731809,0.1530158270507969,0.1231102480352939,0.13414143804574993,30,0.75,0.5880380198485702,0.873085201067155,38,0.95,0.8308031360405823,0.9938863534006491
nominal,H2_29,H2,True,40,0.04400901441737602,-0.0017595218229597503,0.08977755065771179,0.1431091802090952,0.11722946187434592,0.183757266443968,0.14800346237032805,0.14367045045946894,28,0.7,0.5346837147458767,0.8343727956067644,37,0.925,0.796135251267101,0.9842578201489585
nominal,H2_30,H2,True,40,-0.0019672653450412635,-0.07535488750582434,0.0714203568157418,0.22946861113877395,0.18797174130651872,0.29464584072067174,0.2265906386933201,0.16813534958111398,21,0.525,0.3612801352640621,0.6848802933650138,34,0.85,0.7016473331604235,0.9428977418454741
nominal,H2_31,H2,True,40,0.02283305624703954,-0.04341956190670253,0.0890856744007816,0.20715886173201084,0.16969646425102114,0.26599933069212656,0.20582340149222655,0.15458640630466292,19,0.475,0.31511970663498606,0.6387198647359378,34,0.85,0.7016473331604235,0.9428977418454741
eavail_gibuu,EW0,EW,True,20,1.2871705555027722,1.132295300286898,1.4420458107186462,0.33091984582396466,0.2516613640422481,0.4833321406394278,1.3269666861287297,0.20762454999284483,0,0.0,0.0,0.16843347098308528,0,0.0,0.0,0.16843347098308528
eavail_gibuu,EW1,EW,True,20,-2.713782519127913,-2.8841517539179007,-2.543413284337925,0.36402562069238154,0.27683798782652647,0.531685496403986,2.7368786018051097,0.15481383329667683,0,0.0,0.0,0.16843347098308528,0,0.0,0.0,0.16843347098308528
eavail_gibuu,EW2,EW,True,20,-26.540214013532932,-26.605825796801973,-26.474602230263887,0.14019180257920466,0.10661451922527522,0.2047601704636115,26.540565761463426,0.1486112133870451,0,0.0,0.0,0.16843347098308528,0,0.0,0.0,0.16843347098308528
eavail_gibuu,EW3,EW,True,20,-28.167362984361453,-28.263072498472557,-28.07165347025035,0.20450121363406704,0.15552120859750948,0.29868867218587525,28.168068219205857,0.16981565444805674,0,0.0,0.0,0.16843347098308528,0,0.0,0.0,0.16843347098308528
eavail_gibuu,EW4,EW,True,20,-19.017163892272443,-19.16957209948657,-18.864755685058316,0.32564853800115184,0.24765258507744303,0.4756330179481741,19.019812489279115,0.1660009282529138,0,0.0,0.0,0.16843347098308528,0,0.0,0.0,0.16843347098308528
eavail_gibuu,EW5,EW,True,20,0.5263815804664467,0.24221604419302822,0.8105471167398651,0.6071726262598308,0.4617489499706441,0.8868191161431243,0.7920247700859182,0.27969501026199073,4,0.2,0.05733399705003277,0.4366140029966683,7,0.35,0.15390920478454118,0.5921885345328282
eavail_gibuu,EW6,EW,True,20,-3.07877747930173,-3.2673080781974124,-2.890246880406047,0.4028307597149607,0.3063489233038333,0.5883631817960281,3.103712254217427,0.1803069873597103,0,0.0,0.0,0.16843347098308528,0,0.0,0.0,0.16843347098308528
eavail_gibuu,EW7,EW,True,20,-6.7933094343878775,-6.945589011924095,-6.64102985685166,0.3253736967224594,0.24744357092503208,0.47523159257208114,6.800707883135125,0.17739063594479343,0,0.0,0.0,0.16843347098308528,0,0.0,0.0,0.16843347098308528
eavail_gibuu,EW8,EW,True,20,-28.748898848780406,-28.869742915863416,-28.628054781697397,0.2582058702154153,0.1963630840584095,0.37712817031611584,28.7500003787,0.1242341285253156,0,0.0,0.0,0.16843347098308528,0,0.0,0.0,0.16843347098308528
eavail_gibuu,EW9,EW,True,20,-32.83724248131639,-32.94145437368621,-32.73303058894656,0.22266812931463917,0.16933697346718538,0.32522275394468836,32.83795967805843,0.12936566747337283,0,0.0,0.0,0.16843347098308528,0,0.0,0.0,0.16843347098308528
eavail_gibuu,EW10,EW,True,20,-24.73781976418123,-24.882974599090023,-24.592664929272434,0.3101503563088099,0.23586636677083786,0.45299681335691727,24.739666737174492,0.13257070445109287,0,0.0,0.0,0.16843347098308528,0,0.0,0.0,0.16843347098308528
eavail_gibuu,EW11,EW,False,20,-6.392957810452235,-6.750039772225238,-6.0358758486792325,0.762972158281417,0.58023299751415,1.114375493534501,6.4360647724226006,0.2723650214435941,0,0.0,0.0,0.16843347098308528,0,0.0,0.0,0.16843347098308528
eavail_gibuu,EW12,EW,True,20,2.6750382964368207,2.51372496060129,2.8363516322723514,0.3446760048894615,0.26212279087443224,0.5034239963924367,2.6960510674564087,0.17933352425706695,0,0.0,0.0,0.16843347098308528,0,0.0,0.0,0.16843347098308528
eavail_gibuu,EW13,EW,True,20,-1.4991717555236992,-1.6351104327984503,-1.3632330782489481,0.2904583179706264,0.22089076076987368,0.4242351807027942,1.5256682749911332,0.14883970309158753,0,0.0,0.0,0.16843347098308528,0,0.0,0.0,0.16843347098308528
eavail_gibuu,EW14,EW,True,20,-17.39383992088463,-17.45578247778039,-17.331897363988872,0.1323518166237391,0.10065228521446257,0.19330930934948548,17.394318277718018,0.11774892116210914,0,0.0,0.0,0.16843347098308528,0,0.0,0.0,0.16843347098308528
eavail_gibuu,EW15,EW,True,20,-20.231089479029865,-20.31692082243646,-20.14525813562327,0.18339466099593457,0.1394698780587919,0.2678610400663617,20.231879137393808,0.1194676860742644,0,0.0,0.0,0.16843347098308528,0,0.0,0.0,0.16843347098308528
eavail_gibuu,EW16,EW,True,20,-10.70198827308079,-10.855662732010444,-10.548313814151136,0.3283541207741604,0.2497101547873804,0.4795847154056031,10.706772557795214,0.1253189496216271,0,0.0,0.0,0.16843347098308528,0,0.0,0.0,0.16843347098308528
eavail_gibuu,EW17,EW,True,20,11.876440476249902,11.560854166222297,12.19202678627751,0.6743089650630325,0.512805490740955,0.9848765483519708,11.894612071742953,0.21899744066473056,0,0.0,0.0,0.16843347098308528,0,0.0,0.0,0.16843347098308528
eavail_gibuu,EW18,EW,True,20,7.0414156796712755,6.8554793090534725,7.227352050289079,0.3972877075304714,0.3021334853622599,0.5802671569978344,7.052055049441089,0.30129466516315206,0,0.0,0.0,0.16843347098308528,0,0.0,0.0,0.16843347098308528
eavail_gibuu,EW19,EW,True,20,4.619776467289967,4.502232459106566,4.737320475473368,0.25115467936671976,0.19100072114938987,0.3668294009616478,4.6262575962699675,0.16746394344846352,0,0.0,0.0,0.16843347098308528,0,0.0,0.0,0.16843347098308528
eavail_gibuu,EW20,EW,True,20,-2.604715734198206,-2.6947491977747,-2.514682270621712,0.1923732738596784,0.14629802689607574,0.2809749473468411,2.6114557546798327,0.15913822601772956,0,0.0,0.0,0.16843347098308528,0,0.0,0.0,0.16843347098308528
eavail_gibuu,EW21,EW,True,20,-0.8554059372601928,-0.9816331395802933,-0.7291787349400922,0.269707941868022,0.20511029906511088,0.39392776992852413,0.8948880224426623,0.13772318618973697,0,0.0,0.0,0.16843347098308528,1,0.05,0.0012650894979498038,0.24873276277202777
eavail_gibuu,EW22,EW,True,20,16.962067467711993,16.849435343271594,17.074699592152395,0.24065952435520502,0.18301925657612986,0.3515004752351549,16.96368927844245,0.14684550051215395,0,0.0,0.0,0.16843347098308528,0,0.0,0.0,0.16843347098308528
eavail_gibuu,EW23,EW,True,20,44.21445139261976,43.9087711182079,44.52013166703161,0.6531428738490391,0.49670888168720306,0.9539619558772997,44.219034111831434,0.2617622771503294,0,0.0,0.0,0.16843347098308528,0,0.0,0.0,0.16843347098308528
eavail_gibuu,EW24,EW,True,20,16.97666973432341,16.666628368474175,17.286711100172642,0.6624611584521467,0.5037953476194984,0.9675719780658852,16.98894426724119,0.5410675095574331,0,0.0,0.0,0.16843347098308528,0,0.0,0.0,0.16843347098308528
eavail_gibuu,EW25,EW,True,20,12.655697052424816,12.392881905541447,12.918512199308186,0.5615535404001252,0.42705607337622825,0.8201891732707509,12.667527112367011,0.2633167334167776,0,0.0,0.0,0.16843347098308528,0,0.0,0.0,0.16843347098308528
eavail_gibuu,EW26,EW,True,20,10.489817198701356,10.380277992838996,10.599356404563718,0.23405092740687722,0.17799348207692883,0.3418481459778832,10.492297446553819,0.17918495647665347,0,0.0,0.0,0.16843347098308528,0,0.0,0.0,0.16843347098308528
eavail_gibuu,EW27,EW,True,20,13.540198670074039,13.421900059655375,13.658497280492702,0.2527670276724774,0.19222689654823258,0.3691843511645822,13.542439833236816,0.18970755255731797,0,0.0,0.0,0.16843347098308528,0,0.0,0.0,0.16843347098308528
eavail_gibuu,EW28,EW,True,20,41.934640903534856,41.78493294569479,42.08434886137493,0.31987895198624483,0.24326487033384625,0.46720612426265073,41.935799910400505,0.18371490965938092,0,0.0,0.0,0.16843347098308528,0,0.0,0.0,0.16843347098308528
eavail_gibuu,EW29,EW,True,20,73.86475370592416,73.49140010592815,74.23810730592017,0.7977395457801791,0.6066732617429033,1.165155753577159,73.86884599748797,0.32049837119726204,0,0.0,0.0,0.16843347098308528,0,0.0,0.0,0.16843347098308528
eavail_gibuu,EW30,EW,True,20,-3.3672357871787866,-3.7072983211903274,-3.0271732531672453,0.7266069790732566,0.5525776280382596,1.0612615442406694,3.4409063723666775,0.5149003886332693,0,0.0,0.0,0.16843347098308528,0,0.0,0.0,0.16843347098308528
eavail_gibuu,EW31,EW,True,20,-5.8998556612914905,-6.165694342247716,-5.634016980335266,0.5680138844224055,0.43196910294923885,0.829624968509266,5.925774599858238,0.3183488641032885,0,0.0,0.0,0.16843347098308528,0,0.0,0.0,0.16843347098308528
eavail_gibuu,EW32,EW,True,20,-6.895144841397021,-7.063167601829347,-6.727122080964694,0.3590119409306601,0.2730251325274912,0.5243626579514307,6.90401821252582,0.1626278565755777,0,0.0,0.0,0.16843347098308528,0,0.0,0.0,0.16843347098308528
eavail_gibuu,EW33,EW,True,20,-3.2471379664041655,-3.407739069747189,-3.0865368630611423,0.3431541874352612,0.26096546331858944,0.5012012729834807,3.2643180037183908,0.1320456740410434,0,0.0,0.0,0.16843347098308528,0,0.0,0.0,0.16843347098308528
eavail_gibuu,EW34,EW,True,20,10.217218913143304,10.116630099717108,10.3178077265695,0.21492674594282332,0.16344972577409442,0.3139159089674892,10.219366230344654,0.15273445022139387,0,0.0,0.0,0.16843347098308528,0,0.0,0.0,0.16843347098308528
eavail_gibuu,EW35,EW,True,20,34.22070377446399,33.93925489694553,34.502152651982456,0.6013679785445248,0.45733457114068504,0.878341012332484,34.22572319313284,0.25183302129101676,0,0.0,0.0,0.16843347098308528,0,0.0,0.0,0.16843347098308528
eavail_gibuu,EW36,EW,False,20,-10.831330351278593,-11.219010120391456,-10.443650582165732,0.8283500759697147,0.6299522759173897,1.2098646257385655,10.861379877090663,0.5071772538827363,0,0.0,0.0,0.16843347098308528,0,0.0,0.0,0.16843347098308528
eavail_gibuu,EW37,EW,False,20,-12.212898527639535,-12.57666707157231,-11.84912998370676,0.7772592871989236,0.5910982218184664,1.1352428687929899,12.236372658838896,0.39006185672995247,0,0.0,0.0,0.16843347098308528,0,0.0,0.0,0.16843347098308528
eavail_gibuu,EW38,EW,True,20,-13.54767617201694,-13.896757024616946,-13.198595319416933,0.7458762974206332,0.5672317595467239,1.0894057640661994,13.56716788944313,0.29371892573206615,0,0.0,0.0,0.16843347098308528,0,0.0,0.0,0.16843347098308528
eavail_gibuu,EW39,EW,True,20,-15.274626062637836,-15.523369367155466,-15.025882758120208,0.5314864267115059,0.404190322230809,0.7762739998371816,15.283407842628055,0.17900772030192705,0,0.0,0.0,0.16843347098308528,0,0.0,0.0,0.16843347098308528
eavail_gibuu,EW40,EW,True,20,-10.792618254366388,-10.890740767040999,-10.694495741691778,0.2096570347592477,0.15944216103809244,0.3062191182822185,10.79455265646036,0.12914475054117355,0,0.0,0.0,0.16843347098308528,0,0.0,0.0,0.16843347098308528
eavail_gibuu,EW41,EW,True,20,-1.7986598289582052,-1.9254235200389567,-1.6718961378774537,0.2708542500869399,0.20598205545453935,0.395602035199326,1.8179304452752343,0.16184757654171136,0,0.0,0.0,0.16843347098308528,0,0.0,0.0,0.16843347098308528
eavail_gibuu,J0,J,True,20,-0.37298626025550846,-0.49597554024002977,-0.2499969802709872,0.262789517368341,0.19984890368920702,0.3838229153376578,0.4524645447503497,0.22588401112814196,5,0.25,0.08657146910143461,0.49104587170795744,13,0.65,0.40781146546717184,0.8460907952154588
eavail_gibuu,J1,J,True,20,-15.542330170522838,-15.674446362372569,-15.41021397867311,0.2822908654892771,0.2146794916116619,0.4123060312691839,15.544765384387318,0.20325661443147053,0,0.0,0.0,0.16843347098308528,0,0.0,0.0,0.16843347098308528
eavail_gibuu,J4,J,True,20,-26.940944313466186,-27.047533758615366,-26.834354868317007,0.22774821391618097,0.17320032900904103,0.33264258142278635,26.941858812780172,0.21013500580132163,0,0.0,0.0,0.16843347098308528,0,0.0,0.0,0.16843347098308528
eavail_gibuu,J7,J,True,20,-26.390752471406177,-26.508093703136325,-26.273411239676026,0.2507214096842757,0.19067122371773682,0.3661965795526796,26.391883869308025,0.23863017511790174,0,0.0,0.0,0.16843347098308528,0,0.0,0.0,0.16843347098308528
eavail_gibuu,J8,J,True,20,-16.984245442358866,-17.140011282312564,-16.82847960240517,0.33282274608858664,0.25310850141486085,0.48611146279229844,16.987343102368488,0.2453035720962382,0,0.0,0.0,0.16843347098308528,0,0.0,0.0,0.16843347098308528
eavail_gibuu,J9,J,True,20,9.177304878626904,8.984060721533028,9.370549035720781,0.41290215523940604,0.3140081228576709,0.603073176435171,9.186124787720908,0.2692041750252136,0,0.0,0.0,0.16843347098308528,0,0.0,0.0,0.16843347098308528
eavail_gibuu,J10,J,True,20,2.4429827208730908,2.274646448039635,2.611318993706547,0.359681818602863,0.27353456806257764,0.5253410622791199,2.4680087184988384,0.29044388216983696,0,0.0,0.0,0.16843347098308528,0,0.0,0.0,0.16843347098308528
eavail_gibuu,J13,J,True,20,5.976331608081268,5.792406478907239,6.160256737255297,0.3929903153643626,0.29886535989926577,0.5739905078907349,5.9885940594035025,0.3419565884241042,0,0.0,0.0,0.16843347098308528,0,0.0,0.0,0.16843347098308528
eavail_gibuu,J16,J,True,20,10.713219759244737,10.509739125884646,10.916700392604827,0.4347742944851151,0.3306416746574781,0.6350190026387038,10.721597589103016,0.3750644204241974,0,0.0,0.0,0.16843347098308528,0,0.0,0.0,0.16843347098308528
eavail_gibuu,J17,J,True,20,32.54762087185134,32.337572810558704,32.75766893314398,0.4488068281901878,0.34131328174829606,0.65551452335122,32.55056037318485,0.4012942644881632,0,0.0,0.0,0.16843347098308528,0,0.0,0.0,0.16843347098308528
eavail_gibuu,J25,J,True,20,-6.748331857731124,-6.898620297070717,-6.598043418391532,0.32111925889039505,0.24420811182047356,0.46901768134693544,6.7555861745356784,0.3075883223894248,0,0.0,0.0,0.16843347098308528,0,0.0,0.0,0.16843347098308528
eavail_gibuu,J26,J,True,20,-1.647066606599609,-1.7927456315048083,-1.5013875816944098,0.31127038592587836,0.2367181385359834,0.45463269684722096,1.6747755661796222,0.3514433796429052,0,0.0,0.0,0.16843347098308528,0,0.0,0.0,0.16843347098308528
eavail_gibuu,J27,J,True,20,-0.3030428525383294,-0.41136121684157806,-0.19472448823508076,0.2314423718958374,0.17600970066770683,0.338038163787216,0.37778600213335095,0.14189825261112046,5,0.25,0.08657146910143461,0.49104587170795744,9,0.45,0.2305778967759241,0.6847218669594515
eavail_gibuu,J28,J,True,20,-15.08885575207016,-15.207327017591881,-14.970384486548438,0.25313593747672913,0.19250744891074015,0.36972317036095864,15.090872798465993,0.15420747480501643,0,0.0,0.0,0.16843347098308528,0,0.0,0.0,0.16843347098308528
eavail_gibuu,J31,J,True,20,-27.002642812003785,-27.0986122049663,-26.906673419041272,0.2050564932319766,0.1559434933978871,0.29949969781669766,27.003382465717234,0.14238896963731967,0,0.0,0.0,0.16843347098308528,0,0.0,0.0,0.16843347098308528
eavail_gibuu,J34,J,True,20,-26.55698524381301,-26.670709906206564,-26.44326058141945,0.24299393530103647,0.18479455367685318,0.35491004964968254,26.55804132442875,0.15107604363347707,0,0.0,0.0,0.16843347098308528,0,0.0,0.0,0.16843347098308528
eavail_gibuu,J35,J,True,20,-21.316633257938513,-21.488725781836433,-21.14454073404059,0.36770774902922987,0.2796382110573895,0.5370635086133375,21.31964591621332,0.15347337516792423,0,0.0,0.0,0.16843347098308528,0,0.0,0.0,0.16843347098308528
eavail_gibuu,J36,J,True,20,9.772348133620797,9.621422432947446,9.923273834294147,0.32248088649205775,0.24524361653219243,0.471006436000881,9.777401611406116,0.2054455257485981,0,0.0,0.0,0.16843347098308528,0,0.0,0.0,0.16843347098308528
eavail_gibuu,J37,J,True,20,2.5261644737243487,2.3567828455073316,2.695546101941366,0.36191541519566284,0.27523319681620984,0.5286033901090957,2.550674533858731,0.24092793878855456,0,0.0,0.0,0.16843347098308528,0,0.0,0.0,0.16843347098308528
eavail_gibuu,J40,J,True,20,5.675683708175314,5.568918971343127,5.782448445007502,0.22812275726485806,0.17348516562797012,0.3331896288143612,5.680037284033417,0.2288749581112198,0,0.0,0.0,0.16843347098308528,0,0.0,0.0,0.16843347098308528
eavail_gibuu,J43,J,True,20,10.446684199302005,10.259731923910422,10.633636474693589,0.39945837740696083,0.3037842589525914,0.5834375758508134,10.453937028960082,0.22808450342424652,0,0.0,0.0,0.16843347098308528,0,0.0,0.0,0.16843347098308528
eavail_gibuu,J44,J,True,20,22.972331190907134,22.71652107190375,23.228141309910523,0.5465859928548102,0.4156733972413405,0.798327997863798,22.978507757901305,0.22605088357853506,0,0.0,0.0,0.16843347098308528,0,0.0,0.0,0.16843347098308528
eavail_gibuu,J52,J,True,20,-7.285947681833707,-7.446408953089651,-7.125486410577764,0.3428554101216519,0.26073824604154583,0.500764887313707,7.293607198297368,0.19014238134024616,0,0.0,0.0,0.16843347098308528,0,0.0,0.0,0.16843347098308528
eavail_gibuu,J53,J,True,20,-1.6973406131740503,-1.816883750356147,-1.5777974759919537,0.2554261910366026,0.19424916474360368,0.37306824975003083,1.7155015503473485,0.1897283595424515,0,0.0,0.0,0.16843347098308528,0,0.0,0.0,0.16843347098308528
eavail_gibuu,J54,J,True,20,-0.2795858376775139,-0.4013119709781072,-0.15785970437692057,0.26009056907401307,0.1977963794365776,0.37988090801161,0.37740295381067024,0.16817830498249223,6,0.3,0.11893159040572766,0.5427891822762891,13,0.65,0.40781146546717184,0.8460907952154588
eavail_gibuu,J55,J,True,20,-14.707048009629764,-14.826466920771066,-14.587629098488462,0.2551607589492811,0.19404730619084878,0.3726805671719732,14.709150649164519,0.17263098490488082,0,0.0,0.0,0.16843347098308528,0,0.0,0.0,0.16843347098308528
eavail_gibuu,J58,J,True,20,-26.83601938835344,-26.943969848197764,-26.728068928509114,0.23065627545547246,0.17541188187579235,0.3368900136231647,26.836961057720714,0.16340615535822148,0,0.0,0.0,0.16843347098308528,0,0.0,0.0,0.16843347098308528
eavail_gibuu,J63,J,True,20,10.053523484737266,9.89910059261416,10.207946376860374,0.3299532877724125,0.2509263059284805,0.4819204133646681,10.05866592405126,0.22997194376046873,0,0.0,0.0,0.16843347098308528,0,0.0,0.0,0.16843347098308528
eavail_gibuu,J64,J,True,20,2.632933211575337,2.45118244921828,2.8146839739323943,0.3883443754378438,0.2953321672125146,0.5672047798109479,2.6600015193330093,0.267237361327264,0,0.0,0.0,0.16843347098308528,0,0.0,0.0,0.16843347098308528
eavail_gibuu,J67,J,True,20,5.455100707668163,5.3421057618889485,5.5680956534473784,0.24143475976214226,0.18360881565645004,0.35263276208184274,5.460173984120105,0.25510294198309674,0,0.0,0.0,0.16843347098308528,0,0.0,0.0,0.16843347098308528
eavail_gibuu,J70,J,True,20,10.402354094431148,10.178879267098791,10.625828921763505,0.47749561608974606,0.36313082937087726,0.697416553231955,10.412760088763406,0.29515757928399927,0,0.0,0.0,0.16843347098308528,0,0.0,0.0,0.16843347098308528
eavail_gibuu,J71,J,True,20,26.588028849315094,26.280325380997027,26.895732317633158,0.6574658046786326,0.4999964290584614,0.9602759060319094,26.595750155092773,0.3005605938332301,0,0.0,0.0,0.16843347098308528,0,0.0,0.0,0.16843347098308528
eavail_gibuu,J80,J,True,20,-1.582664506631342,-1.7309933076923565,-1.4343357055703279,0.31693212650366204,0.24102383786057555,0.46290207454619703,1.6125292601128998,0.24643290734565942,0,0.0,0.0,0.16843347098308528,0,0.0,0.0,0.16843347098308528
eavail_gibuu,J81,J,True,20,-1.0716893232893216,-1.1480262345636174,-0.995352412015026,0.1631080373320888,0.12404209562905208,0.23823097295032364,1.0834168292501896,0.23771046549255162,0,0.0,0.0,0.16843347098308528,0,0.0,0.0,0.16843347098308528
eavail_gibuu,J85,J,True,20,-26.284477616179323,-26.396817524570093,-26.172137707788558,0.24003515030683226,0.1825444261098735,0.35058853220977265,26.285518819021732,0.16710279464974076,0,0.0,0.0,0.16843347098308528,0,0.0,0.0,0.16843347098308528
eavail_gibuu,J88,J,True,20,-26.43824863541886,-26.566754820720046,-26.309742450117675,0.2745774137257806,0.2088134856383959,0.40103998240684713,26.439603136706673,0.17512187170494717,0,0.0,0.0,0.16843347098308528,0,0.0,0.0,0.16843347098308528
eavail_gibuu,J89,J,True,20,-15.263717936816407,-15.444310056015226,-15.083125817617587,0.3858687184017687,0.2934494538169243,0.5635889053632975,15.26835076847332,0.17142701292143203,0,0.0,0.0,0.16843347098308528,0,0.0,0.0,0.16843347098308528
eavail_gibuu,J90,J,True,20,5.432463397003087,5.226328123195185,5.638598670810988,0.44044642852927357,0.3349552781134121,0.6433035607398678,5.449399229581394,0.27485351916880635,0,0.0,0.0,0.16843347098308528,0,0.0,0.0,0.16843347098308528
eavail_gibuu,J91,J,True,20,0.13673049272532506,0.015187387926922803,0.2582735975237273,0.2596994945692961,0.197498971032273,0.379309715682411,0.28769230741624047,0.24081470028833019,11,0.55,0.31527813304054847,0.7694221032240758,18,0.9,0.6830172859809177,0.9876514728297052
eavail_gibuu,J93,J,True,20,0.8039693254392123,0.5345171694845372,1.0734214813938874,0.5757347471755232,0.43784074490892416,0.8409018416528389,0.9804405389401147,0.31015197181537435,4,0.2,0.05733399705003277,0.4366140029966683,7,0.35,0.15390920478454118,0.5921885345328282
eavail_gibuu,J94,J,True,20,5.639792685483917,5.436559683023744,5.843025687944089,0.43424518491814185,0.3302392919142469,0.6342462002127833,5.655652214540003,0.2666887920334817,0,0.0,0.0,0.16843347098308528,0,0.0,0.0,0.16843347098308528
eavail_gibuu,J97,J,True,20,10.530867769754485,10.321235283148646,10.740500256360324,0.4479188754239945,0.34063800219898743,0.6542176047267044,10.539913459657383,0.26697198339336103,0,0.0,0.0,0.16843347098308528,0,0.0,0.0,0.16843347098308528
eavail_gibuu,J98,J,True,20,37.503377312067194,37.3578945564945,37.64886006763988,0.3108510199195854,0.23639921471648914,0.4540201827532769,37.50460114106044,0.267980421228026,0,0.0,0.0,0.16843347098308528,0,0.0,0.0,0.16843347098308528
eavail_gibuu,J106,J,True,20,-4.956496405660158,-5.140577926648005,-4.772414884672312,0.3933244756202695,0.29911948556404977,0.574478572882431,4.971300187605646,0.2155950218647536,0,0.0,0.0,0.16843347098308528,0,0.0,0.0,0.16843347098308528
eavail_gibuu,J107,J,True,20,-1.2110354824066827,-1.2915833553399845,-1.130487609473381,0.1721055416850381,0.13088461126241124,0.25137247260410056,1.2225981519913858,0.20005122993490862,0,0.0,0.0,0.16843347098308528,0,0.0,0.0,0.16843347098308528
eavail_gibuu,J108,J,True,20,-0.9456348479104083,-1.0206222453505294,-0.8706474504702872,0.1602245495255966,0.12184923085004741,0.23401943244706547,0.9584433089858198,0.16777979969278983,0,0.0,0.0,0.16843347098308528,0,0.0,0.0,0.16843347098308528
eavail_gibuu,J109,J,True,20,-18.833187759774273,-19.02419646469754,-18.642179054851006,0.4081256950707745,0.31037567078052736,0.5960968141918147,18.837388339383452,0.13120420547277803,0,0.0,0.0,0.16843347098308528,0,0.0,0.0,0.16843347098308528
eavail_gibuu,J111,J,True,20,-20.115172121704127,-20.316823896209808,-19.91352034719845,0.4308665967105903,0.3276699080360077,0.6293115301067066,20.11955549232477,0.14684340279581898,0,0.0,0.0,0.16843347098308528,0,0.0,0.0,0.16843347098308528
eavail_gibuu,J112,J,True,20,-26.353236638545617,-26.437164658942663,-26.269308618148575,0.1793278566765742,0.1363771124382991,0.2619211810278568,26.353816267921314,0.12495099383031154,0,0.0,0.0,0.16843347098308528,0,0.0,0.0,0.16843347098308528
eavail_gibuu,J115,J,True,20,-26.69724375835735,-26.794795461418335,-26.59969205529636,0.20843739364181743,0.15851463568375698,0.30443774505985505,26.698016745310234,0.13782329508592295,0,0.0,0.0,0.16843347098308528,0,0.0,0.0,0.16843347098308528
eavail_gibuu,J116,J,True,20,-19.135239801264756,-19.299928042836513,-18.970551559693,0.35188711995329375,0.2676067746128842,0.5139563465194622,19.13831328957274,0.12821599888389512,0,0.0,0.0,0.16843347098308528,0,0.0,0.0,0.16843347098308528
eavail_gibuu,J117,J,True,20,5.347874995398064,5.18763065883754,5.508119331958589,0.3423918887162378,0.26038574246516216,0.5000878810962252,5.3582774808318385,0.20599431001179408,0,0.0,0.0,0.16843347098308528,0,0.0,0.0,0.16843347098308528
eavail_gibuu,J118,J,True,20,0.16804461685734837,0.043451358636722615,0.2926378750779741,0.26621671579236844,0.20245525517014235,0.3888285841471448,0.3091387488388409,0.19393960701179933,8,0.4,0.19119006072530717,0.6394574126925103,15,0.75,0.5089541282920426,0.9134285308985653
eavail_gibuu,J120,J,True,20,-0.20860748421644143,-0.362792966446729,-0.05442200198615395,0.32944601729192635,0.25054053160074363,0.4811795084890294,0.38291647505056436,0.21306298443439295,6,0.3,0.11893159040572766,0.5427891822762891,16,0.8,0.5633859970033317,0.9426660029499672
eavail_gibuu,J121,J,True,20,5.165152681421153,5.074489815492754,5.255815547349553,0.19371810928198993,0.14732076131669822,0.28293917581991773,5.168602576418769,0.19094758568904355,0,0.0,0.0,0.16843347098308528,0,0.0,0.0,0.16843347098308528
eavail_gibuu,J124,J,True,20,9.984509498685753,9.885613732826695,10.083405264544814,0.2113092342937994,0.1606986429136353,0.308632274059594,9.9866335139635,0.1880246759806189,0,0.0,0.0,0.16843347098308528,0,0.0,0.0,0.16843347098308528
eavail_gibuu,J125,J,True,20,29.53297085623009,29.37947114839185,29.68647056406833,0.3279807325001752,0.2494261965916592,0.4790393550833608,29.534700953078612,0.16993715444323115,0,0.0,0.0,0.16843347098308528,0,0.0,0.0,0.16843347098308528
eavail_gibuu,J133,J,True,20,-6.2588531857401515,-6.393143790268166,-6.124562581212137,0.28693690340703676,0.21821275881981048,0.419091902472198,6.2650985106269195,0.15491146498700398,0,0.0,0.0,0.16843347098308528,0,0.0,0.0,0.16843347098308528
eavail_gibuu,J134,J,True,20,-0.9058314896012155,-0.9880338540324995,-0.8236291251699314,0.17564067110688278,0.13357304323043706,0.25653578236765745,0.9218665036938314,0.12701727899694806,0,0.0,0.0,0.16843347098308528,0,0.0,0.0,0.16843347098308528
eavail_gibuu,J135,J,True,20,-0.707656032798172,-0.8118723320071387,-0.6034397335892056,0.22267754534773854,0.16934413426991016,0.3252365067355581,0.7401912492711846,0.16731373004046354,0,0.0,0.0,0.16843347098308528,1,0.05,0.0012650894979498038,0.24873276277202777
eavail_gibuu,J136,J,True,20,-18.80853909345962,-19.00557209427893,-18.611506092640305,0.4209977259600146,0.3201647266273119,0.6148973374078892,18.813014643092142,0.14179056031117715,0,0.0,0.0,0.16843347098308528,0,0.0,0.0,0.16843347098308528
eavail_gibuu,J139,J,True,20,-26.241078505229787,-26.33701454666163,-26.145142463797942,0.20498523147119443,0.15588929951332922,0.2993956149101593,26.241839095526405,0.1326070334265305,0,0.0,0.0,0.16843347098308528,0,0.0,0.0,0.16843347098308528
eavail_gibuu,J142,J,True,20,-26.800952049965172,-26.899572299500868,-26.702331800429473,0.2107205423228202,0.16025094832448653,0.3077724472643707,26.801739006529807,0.1547874859068856,0,0.0,0.0,0.16843347098308528,0,0.0,0.0,0.16843347098308528
eavail_gibuu,J143,J,True,20,-17.327587218399724,-17.50526614480447,-17.14990829199498,0.3796441390851659,0.28871572103790344,0.5544974613666932,17.331537785204585,0.155247804870579,0,0.0,0.0,0.16843347098308528,0,0.0,0.0,0.16843347098308528
eavail_gibuu,J144,J,True,20,5.471230265427583,5.310540430124304,5.631920100730863,0.3433437798047235,0.2611096464944037,0.5014781862207419,5.481455219273879,0.19583892078622817,0,0.0,0.0,0.16843347098308528,0,0.0,0.0,0.16843347098308528
eavail_gibuu,J145,J,True,20,0.11814490913271897,-0.027085312926685715,0.26337513119212363,0.31031143500548314,0.23598886557238907,0.45323208033246126,0.32471025070727677,0.20558216672661503,9,0.45,0.2305778967759241,0.6847218669594515,15,0.75,0.5089541282920426,0.9134285308985653
eavail_gibuu,J147,J,True,20,-0.9775648588454221,-1.1494515846492803,-0.8056781330415639,0.3672680230480667,0.27930380367257757,0.5364212573175858,1.0410449384946947,0.20372885272618668,0,0.0,0.0,0.16843347098308528,2,0.1,0.012348527170294808,0.31698271401908235
eavail_gibuu,J148,J,True,20,4.785245316066724,4.689960319744826,4.88053031238862,0.2035941522629194,0.15483139713768407,0.29736384407495764,4.789358076489205,0.1997440721611793,0,0.0,0.0,0.16843347098308528,0,0.0,0.0,0.16843347098308528
eavail_gibuu,J151,J,True,20,9.74538998606411,9.649388609158764,9.841391362969455,0.20512483288646657,0.15599546504867853,0.2995995127776679,9.74744060600997,0.2019568470205408,0,0.0,0.0,0.16843347098308528,0,0.0,0.0,0.16843347098308528
eavail_gibuu,J152,J,True,20,33.315861759102425,33.08939429703644,33.54232922116841,0.4838899379152584,0.36799364969743326,0.7067559183225164,33.31919997163856,0.19335677461957998,0,0.0,0.0,0.16843347098308528,0,0.0,0.0,0.16843347098308528
eavail_gibuu,J160,J,True,20,-6.975505760654468,-7.111079198231794,-6.839932323077143,0.28967791528982184,0.2202972720274125,0.4230953466824596,6.981217533267389,0.16548720331916922,0,0.0,0.0,0.16843347098308528,0,0.0,0.0,0.16843347098308528
eavail_gibuu,J161,J,True,20,-0.9246424721694438,-1.0261719782598024,-0.8231129660790852,0.21693671113034627,0.16497828499214306,0.31685160710997223,0.9485104960641552,0.15086647482258927,0,0.0,0.0,0.16843347098308528,0,0.0,0.0,0.16843347098308528
eavail_gibuu,J162,J,True,20,-2.593762817790087,-2.849800191762054,-2.3377254438181208,0.5470715654471554,0.41604267053356886,0.7990372114194544,2.648004623822461,0.40955691191615,0,0.0,0.0,0.16843347098308528,0,0.0,0.0,0.16843347098308528
eavail_gibuu,J165,J,True,20,-14.928201878789354,-15.225446037398754,-14.630957720179955,0.635117540255162,0.483000788634468,0.9276346648984961,14.941031320137602,0.25395230018555065,0,0.0,0.0,0.16843347098308528,0,0.0,0.0,0.16843347098308528
eavail_gibuu,J174,J,True,20,5.817471887879712,5.553735966086322,6.081207809673103,0.5635209475939879,0.4285522676488963,0.8230627124148037,5.843342984262442,0.3752690931670808,0,0.0,0.0,0.16843347098308528,0,0.0,0.0,0.16843347098308528
eavail_gibuu,J175,J,True,20,6.5482010058612845,6.299188026591851,6.797213985130718,0.5320626370761974,0.4046285246782701,0.7771155963522879,6.568704022137592,0.3092214155575252,0,0.0,0.0,0.16843347098308528,0,0.0,0.0,0.16843347098308528
eavail_gibuu,J178,J,True,20,11.98064106701813,11.706544161081313,12.254737972954947,0.5856591211230522,0.4453881359657576,0.8553971007468403,11.994232245232213,0.30741856154919334,0,0.0,0.0,0.16843347098308528,0,0.0,0.0,0.16843347098308528
eavail_gibuu,J179,J,True,20,43.88440388508098,43.64262760524855,44.12618016491341,0.5166000800742433,0.3928693986065059,0.7545314241733572,43.88729242285864,0.2724306524360209,0,0.0,0.0,0.16843347098308528,0,0.0,0.0,0.16843347098308528
eavail_gibuu,J187,J,True,20,-2.0445342973106317,-2.2843463175322407,-1.8047222770890226,0.5124030733499279,0.38967761530772616,0.7484013951952204,2.1046495092957898,0.23726997614816198,0,0.0,0.0,0.16843347098308528,0,0.0,0.0,0.16843347098308528
eavail_gibuu,J188,J,True,20,-1.992853013103548,-2.095677353752923,-1.890028672454173,0.2197033664752557,0.1670822998063681,0.3208925054336646,2.0043251289684574,0.17463187793231383,0,0.0,0.0,0.16843347098308528,0,0.0,0.0,0.16843347098308528
eavail_gibuu,J189,J,True,20,-2.5870557839212616,-2.8403788123060587,-2.3337327555364644,0.5412718602459139,0.41163205043807966,0.7905663265046677,2.6403000008483546,0.3414589440638854,0,0.0,0.0,0.16843347098308528,0,0.0,0.0,0.16843347098308528
eavail_gibuu,J192,J,True,20,-15.018459080317287,-15.300651641817545,-14.736266518817029,0.6029569979669921,0.45854300514787505,0.8806618890301824,15.0299531746274,0.19145594429970897,0,0.0,0.0,0.16843347098308528,0,0.0,0.0,0.16843347098308528
eavail_gibuu,J193,J,True,20,-26.54469248546484,-26.676347507757527,-26.413037463172152,0.28130549078560585,0.2139301236147042,0.41086682092605226,26.546108477290648,0.12807738762929072,0,0.0,0.0,0.16843347098308528,0,0.0,0.0,0.16843347098308528
eavail_gibuu,J195,J,True,20,-17.93045677710396,-18.254716856174245,-17.606196698033674,0.6928420890944692,0.5268997535437868,1.0119455036409668,17.94316886416647,0.27098171447651764,0,0.0,0.0,0.16843347098308528,0,0.0,0.0,0.16843347098308528
eavail_gibuu,J196,J,True,20,-24.95639691207129,-25.074870609497363,-24.837923214645222,0.25314113369358643,0.192511400583747,0.36973075980791553,24.957616537737145,0.13579466894926243,0,0.0,0.0,0.16843347098308528,0,0.0,0.0,0.16843347098308528
eavail_gibuu,J197,J,True,20,-10.98107978022826,-11.19193062428701,-10.77022893616951,0.45052212317919016,0.34261774711087456,0.6580198345597342,10.989855996055551,0.1276108282439055,0,0.0,0.0,0.16843347098308528,0,0.0,0.0,0.16843347098308528
eavail_gibuu,J198,J,True,20,9.35962303876644,9.10604930607848,9.613196771454401,0.5418075367116896,0.4120394272447706,0.7913487203567163,9.374509110577645,0.32279999428370376,0,0.0,0.0,0.16843347098308528,0,0.0,0.0,0.16843347098308528
eavail_gibuu,J201,J,True,20,5.938944424293615,5.7662172212193195,6.11167162736791,0.3690638593704274,0.28066951994552164,0.5390442049131386,5.949828451352775,0.2854601965504387,0,0.0,0.0,0.16843347098308528,0,0.0,0.0,0.16843347098308528
eavail_gibuu,J202,J,True,20,5.996967759428938,5.879792669390784,6.114142849467092,0.25036641699661855,0.19040125518871617,0.36567808730205775,6.001930646321389,0.20218041185565042,0,0.0,0.0,0.16843347098308528,0,0.0,0.0,0.16843347098308528
eavail_gibuu,J204,J,True,20,11.840246097587876,11.58170935130538,12.098782843870374,0.5524119401797426,0.4201039742198234,0.806837211280119,11.85248196183042,0.4404830885674666,0,0.0,0.0,0.16843347098308528,0,0.0,0.0,0.16843347098308528
eavail_gibuu,J205,J,True,20,12.046491777098819,11.871292068502495,12.22169148569514,0.3743468282023919,0.2846871669957748,0.5467603593436078,12.052016134494066,0.1949797975810512,0,0.0,0.0,0.16843347098308528,0,0.0,0.0,0.16843347098308528
eavail_gibuu,J206,J,True,20,43.46666828510344,43.2666399340815,43.66669663612537,0.4273978498911046,0.32503195939942653,0.624245176889287,43.468664429485344,0.16918080594111462,0,0.0,0.0,0.16843347098308528,0,0.0,0.0,0.16843347098308528
eavail_gibuu,J214,J,True,20,-3.173048086884241,-3.375097227440465,-2.970998946328016,0.43171564333201035,0.32831559983593595,0.6305516235196956,3.2008270241521073,0.1541085837084413,0,0.0,0.0,0.16843347098308528,0,0.0,0.0,0.16843347098308528
eavail_gibuu,J215,J,True,20,-1.6410615394085049,-1.7455573824617,-1.5365656963553098,0.22327484286763072,0.16979837329634523,0.326108902551437,1.655428056066013,0.12863204674125225,0,0.0,0.0,0.16843347098308528,0,0.0,0.0,0.16843347098308528
eavail_gibuu,J216,J,True,20,-2.672575842089659,-2.9407938760630628,-2.4043578081162553,0.5730978155675589,0.43583538375056247,0.83705041413986,2.730326112869879,0.333990116448267,0,0.0,0.0,0.16843347098308528,0,0.0,0.0,0.16843347098308528
eavail_gibuu,J219,J,True,20,-14.856899453368538,-15.144717291468554,-14.569081615268523,0.61497644976718,0.4676836827870288,0.8982171594112388,14.868986098573838,0.18629399112373676,0,0.0,0.0,0.16843347098308528,0,0.0,0.0,0.16843347098308528
eavail_gibuu,J220,J,True,20,-26.67459019851482,-26.804963002143563,-26.544217394886076,0.2785657916516501,0.21184660873997696,0.40686529407949606,26.675971982553275,0.1325564794284306,0,0.0,0.0,0.16843347098308528,0,0.0,0.0,0.16843347098308528
eavail_gibuu,J222,J,True,20,-17.023077879396126,-17.36155532204146,-16.68460043675079,0.7232201359665853,0.5500019663885338,1.0563148172630796,17.037666374383544,0.2800891777562299,0,0.0,0.0,0.16843347098308528,0,0.0,0.0,0.16843347098308528
eavail_gibuu,J223,J,True,20,-24.207007289954564,-24.335453348109386,-24.078561231799746,0.2744489408720698,0.20871578326721674,0.4008523386007058,24.208485248895723,0.1521943022224617,0,0.0,0.0,0.16843347098308528,0,0.0,0.0,0.16843347098308528
eavail_gibuu,J224,J,True,20,-5.929353491769544,-6.112499991496534,-5.746206992042555,0.39132662844285193,0.29760014197628465,0.571560573961794,5.941608581350822,0.18283509303669943,0,0.0,0.0,0.16843347098308528,0,0.0,0.0,0.16843347098308528
eavail_gibuu,J225,J,True,20,8.829436184484107,8.588652510173755,9.07021985879446,0.5144791933911377,0.39125648465654195,0.7514337172405902,8.843664270780978,0.29087088859435706,0,0.0,0.0,0.16843347098308528,0,0.0,0.0,0.16843347098308528
eavail_gibuu,J228,J,True,20,5.237335603908955,5.0608698622112795,5.41380134560663,0.3770519438654721,0.28674438147309855,0.5507113745535246,5.250213708786193,0.2702016396314378,0,0.0,0.0,0.16843347098308528,0,0.0,0.0,0.16843347098308528
eavail_gibuu,J229,J,True,20,5.691626063080548,5.571915972930549,5.811336153230546,0.25578291716642243,0.19452045153873818,0.3735892738171083,5.697083543148746,0.2077411217528253,0,0.0,0.0,0.16843347098308528,0,0.0,0.0,0.16843347098308528
eavail_gibuu,J231,J,True,20,12.512915511400971,12.23879224313848,12.787038779663462,0.5857154491448221,0.44543097288524514,0.855479371857756,12.525931664090201,0.42834271552627184,0,0.0,0.0,0.16843347098308528,0,0.0,0.0,0.16843347098308528
eavail_gibuu,J232,J,True,20,12.427182744730846,12.271208471923511,12.583157017538182,0.33326810172460725,0.2534471900981152,0.486761936602256,12.431427320190625,0.1970340659094699,0,0.0,0.0,0.16843347098308528,0,0.0,0.0,0.16843347098308528
eavail_gibuu,J233,J,True,20,51.721454829209435,51.52014699935057,51.9227626590683,0.43013169487403513,0.32711102224853217,0.6282381533289022,51.72315392801507,0.25427722312088263,0,0.0,0.0,0.16843347098308528,0,0.0,0.0,0.16843347098308528
eavail_gibuu,J240,J,True,20,-4.853490478473752,-5.130278791886971,-4.576702165060534,0.5914098147758171,0.44976148324941906,0.8637964007840795,4.8876013662325075,0.352778357269334,0,0.0,0.0,0.16843347098308528,0,0.0,0.0,0.16843347098308528
eavail_gibuu,J241,J,True,20,-3.7149299438410153,-3.930761535667858,-3.4990983520141725,0.46116441901403893,0.3507111108668939,0.673563669999304,3.7420239814761924,0.16944410890038125,0,0.0,0.0,0.16843347098308528,0,0.0,0.0,0.16843347098308528
eavail_gibuu,J242,J,True,20,-0.9632898356854266,-1.0644344615533703,-0.8621452098174828,0.21611434280762984,0.16435288178211604,0.3156504792633697,0.9860514419865076,0.18607808289105734,0,0.0,0.0,0.16843347098308528,0,0.0,0.0,0.16843347098308528
eavail_gibuu,H2_0,H2,True,20,-1.0943255545550326,-1.1519633519355563,-1.0366877571745088,0.12315389567048712,0.09365735468170895,0.179875086893899,1.100889166660321,0.1446422823758219,0,0.0,0.0,0.16843347098308528,0,0.0,0.0,0.16843347098308528
eavail_gibuu,H2_1,H2,True,20,-18.293607726835713,-18.39318295894846,-18.19403249472297,0.21276104057233822,0.16180272764289189,0.31075274113116763,18.29478306951765,0.17424479140330934,0,0.0,0.0,0.16843347098308528,0,0.0,0.0,0.16843347098308528
eavail_gibuu,H2_3,H2,True,20,-6.515388568292052,-6.609204418485248,-6.421572718098856,0.2004550477641095,0.15244413831954143,0.2927789570811816,6.5183173680556665,0.1794217112044238,0,0.0,0.0,0.16843347098308528,0,0.0,0.0,0.16843347098308528
eavail_gibuu,H2_4,H2,True,20,10.050917867418754,9.894067858286723,10.207767876550786,0.33513927558738515,0.254870199846879,0.489494920072477,10.056224559691211,0.24419037622250614,0,0.0,0.0,0.16843347098308528,0,0.0,0.0,0.16843347098308528
eavail_gibuu,H2_5,H2,True,20,2.691614304042853,2.554101882345669,2.8291267257400374,0.2938209162172732,0.22344798443643907,0.4291464963255108,2.706806560505296,0.24891883246818577,0,0.0,0.0,0.16843347098308528,0,0.0,0.0,0.16843347098308528
eavail_gibuu,H2_7,H2,True,20,0.37357734120904906,0.2845903361189868,0.4625643462991113,0.19013732028201685,0.1445976056780966,0.27770917697162933,0.41701872907658133,0.22571728979071884,6,0.3,0.11893159040572766,0.5427891822762891,12,0.6,0.36054258730748967,0.8088099392746928
eavail_gibuu,H2_8,H2,True,20,-0.5078899062756217,-0.568820983161573,-0.4469588293896704,0.13019060108009098,0.09900870155344174,0.1901526992268931,0.5235019291996691,0.10511351096150964,0,0.0,0.0,0.16843347098308528,0,0.0,0.0,0.16843347098308528
eavail_gibuu,H2_9,H2,True,20,-18.435533384813326,-18.51405691480386,-18.35700985482279,0.16778015572469257,0.12759519678779918,0.2450549365551516,18.436258672902937,0.16027021446041229,0,0.0,0.0,0.16843347098308528,0,0.0,0.0,0.16843347098308528
eavail_gibuu,H2_11,H2,True,20,-10.421752453036644,-10.534106504159933,-10.309398401913354,0.24006536889055047,0.18256740705252145,0.3506326686160352,10.424378830637766,0.15106174753730178,0,0.0,0.0,0.16843347098308528,0,0.0,0.0,0.16843347098308528
eavail_gibuu,H2_12,H2,True,20,10.110111821489436,10.009588147379107,10.210635495599764,0.21478756365489823,0.16334387898106656,0.31371262326549565,10.112279073267617,0.2275478871867414,0,0.0,0.0,0.16843347098308528,0,0.0,0.0,0.16843347098308528
eavail_gibuu,H2_13,H2,True,20,2.9983252982108244,2.908389605006728,3.088260991414921,0.1921643692382463,0.1461391569381455,0.28066982718212313,3.0041696658903145,0.22338094960673852,0,0.0,0.0,0.16843347098308528,0,0.0,0.0,0.16843347098308528
eavail_gibuu,H2_15,H2,True,20,-0.00451455673934058,-0.11332282421588886,0.1042937107372077,0.2324891413255376,0.17680575876407198,0.3395670455257928,0.2266473516613954,0.14921873861404217,10,0.5,0.27195784956079183,0.7280421504392081,14,0.7,0.45721081772371086,0.8810684095942722
eavail_gibuu,H2_16,H2,True,20,-3.118442404054691,-3.2148838327029012,-3.0220009754064803,0.2060650854445701,0.15671051808736036,0.3009728189948224,3.124903631453891,0.20468560147984954,0,0.0,0.0,0.16843347098308528,0,0.0,0.0,0.16843347098308528
eavail_gibuu,H2_17,H2,False,20,-18.146436631816925,-18.247374324984676,-18.045498938649175,0.21567219252902084,0.16401663074238362,0.3150046871075312,18.147654151499747,0.14952090534963028,0,0.0,0.0,0.16843347098308528,0,0.0,0.0,0.16843347098308528
eavail_gibuu,H2_18,H2,True,20,-14.513755119744264,-14.643576467070751,-14.383933772417778,0.2773875024906919,0.21095053115132525,0.4051443183518538,14.51627308613041,0.20755168004378485,0,0.0,0.0,0.16843347098308528,0,0.0,0.0,0.16843347098308528
eavail_gibuu,H2_19,H2,True,20,-7.462575685942376,-7.598114266300862,-7.327037105583889,0.28960343634566604,0.22024063150580223,0.4229865648491376,7.467912192255902,0.14090318769596316,0,0.0,0.0,0.16843347098308528,0,0.0,0.0,0.16843347098308528
eavail_gibuu,H2_20,H2,True,20,9.665725463904911,9.462286394646533,9.869164533163287,0.4346854850357818,0.3305741359243343,0.6348892900759882,9.675006596428528,0.23070720587632737,0,0.0,0.0,0.16843347098308528,0,0.0,0.0,0.16843347098308528
eavail_gibuu,H2_21,H2,True,20,0.6926529179451923,0.5624335406964898,0.8228722951938948,0.2782379675976577,0.21159730169588548,0.4063864835645971,0.7438505313705307,0.19891210659996833,0,0.0,0.0,0.16843347098308528,2,0.1,0.012348527170294808,0.31698271401908235
eavail_gibuu,H2_22,H2,True,20,0.6822709893019474,0.4934207359930953,0.8711212426107996,0.4035137609405312,0.3068683391751952,0.589360754013531,0.7875124699634997,0.26017702697042433,1,0.05,0.0012650894979498038,0.24873276277202777,5,0.25,0.08657146910143461,0.49104587170795744
eavail_gibuu,H2_23,H2,True,20,0.6193922842645023,0.5248558822905098,0.7139286862384948,0.2019946409281491,0.15361498413196947,0.29502764318774094,0.6499296462094227,0.13272182416583564,0,0.0,0.0,0.16843347098308528,1,0.05,0.0012650894979498038,0.24873276277202777
eavail_gibuu,H2_24,H2,True,20,-2.482426112897878,-2.5876239781019232,-2.3772282476938322,0.22477484402404924,0.1709391097672852,0.32829976169464786,2.492074828326389,0.17874925339872183,0,0.0,0.0,0.16843347098308528,0,0.0,0.0,0.16843347098308528
eavail_gibuu,H2_25,H2,True,20,-18.5058802719886,-18.586647446560026,-18.425113097417174,0.17257412050465104,0.13124096095371332,0.25205686553731343,18.506644681759337,0.16067804000220295,0,0.0,0.0,0.16843347098308528,0,0.0,0.0,0.16843347098308528
eavail_gibuu,H2_26,H2,True,20,-13.097584815968814,-13.22055719308871,-12.974612438848915,0.2627534012479992,0.1998214377266066,0.38377016515667983,13.100088373513774,0.16490675715995215,0,0.0,0.0,0.16843347098308528,0,0.0,0.0,0.16843347098308528
eavail_gibuu,H2_27,H2,True,20,-5.840886074118995,-5.941216190046562,-5.740555958191427,0.21437399052529976,0.16302936058865394,0.31310857008294307,5.844622188667138,0.12814120245201532,0,0.0,0.0,0.16843347098308528,0,0.0,0.0,0.16843347098308528
eavail_gibuu,H2_28,H2,True,20,9.91580939199849,9.780675091823603,10.050943692173377,0.28873961639043993,0.21958370472742228,0.4217248939238205,9.919802313363665,0.19057471548165789,0,0.0,0.0,0.16843347098308528,0,0.0,0.0,0.16843347098308528
eavail_gibuu,H2_29,H2,True,20,0.7324759784439425,0.673130100785439,0.7918218561024459,0.12680352750777543,0.0964328646368072,0.18520563563771997,0.7428298841971863,0.18677296266161908,0,0.0,0.0,0.16843347098308528,0,0.0,0.0,0.16843347098308528
eavail_gibuu,H2_30,H2,True,20,1.1914610978809617,1.0133290211408545,1.3695931746210688,0.38061237922723373,0.28945205836535065,0.5559116454551495,1.2478790173024275,0.20170088462942323,0,0.0,0.0,0.16843347098308528,1,0.05,0.0012650894979498038,0.24873276277202777
eavail_gibuu,H2_31,H2,True,20,0.13506282093307848,0.049560678900734706,0.22056496296542225,0.18269126090881077,0.13893494904916348,0.2668336738502649,0.22349330542597792,0.1333790151572477,12,0.6,0.36054258730748967,0.8088099392746928,15,0.75,0.5089541282920426,0.9134285308985653
q3,EW0,EW,True,20,-4.0405614013043625,-4.187569480000023,-3.8935533226087014,0.314110157035978,0.23887775718730966,0.4587803859837033,4.052143675750673,0.24410691437807708,0,0.0,0.0,0.16843347098308528,0,0.0,0.0,0.16843347098308528
q3,EW1,EW,True,20,-1.8781977440632664,-2.1368038095942787,-1.6195916785322542,0.5525600536727528,0.42021661310852837,0.8070535416469362,1.9538892619781287,0.1820184033837552,0,0.0,0.0,0.16843347098308528,0,0.0,0.0,0.16843347098308528
q3,EW2,EW,True,20,6.655046285243108,6.4145544473023675,6.895538123183847,0.5138556305998869,0.3907822711435342,0.75052295911435,6.673865917695106,0.1747204828196925,0,0.0,0.0,0.16843347098308528,0,0.0,0.0,0.16843347098308528
q3,EW3,EW,True,20,2.980267763754841,2.8082273896580316,3.1523081378516506,0.36759632126035185,0.27955347130949615,0.5369007603746382,3.001727277137318,0.19962695813372522,0,0.0,0.0,0.16843347098308528,0,0.0,0.0,0.16843347098308528
q3,EW4,EW,True,20,3.970845559269832,3.748002892799545,4.193688225740119,0.4761448865963844,0.3621036125658376,0.6954437160458812,3.9978735236314367,0.195127089633946,0,0.0,0.0,0.16843347098308528,0,0.0,0.0,0.16843347098308528
q3,EW5,EW,True,20,1.3801482560129341,1.1385272748551356,1.6217692371707324,0.516268255513928,0.39261704921578333,0.7540467706323928,1.46901854128679,0.3284353088159534,1,0.05,0.0012650894979498038,0.24873276277202777,1,0.05,0.0012650894979498038,0.24873276277202777
q3,EW6,EW,True,20,-0.4346397489797953,-0.6141006722761463,-0.25517882568344435,0.383451707542806,0.2916113402756922,0.5600586878585045,0.5732322067101938,0.22950517809490922,4,0.2,0.05733399705003277,0.4366140029966683,9,0.45,0.2305778967759241,0.6847218669594515
q3,EW7,EW,True,20,-14.044285876729395,-14.149678503848357,-13.938893249610434,0.22519098915172892,0.17125558413953276,0.32890757146464605,14.04600089775792,0.22579187642655207,0,0.0,0.0,0.16843347098308528,0,0.0,0.0,0.16843347098308528
q3,EW8,EW,True,20,-4.964564619569297,-5.073982126654466,-4.85514711248413,0.23379089528922353,0.17779573014923594,0.34146835044235824,4.969791457945028,0.1581372814394221,0,0.0,0.0,0.16843347098308528,0,0.0,0.0,0.16843347098308528
q3,EW9,EW,True,20,-3.389498396400238,-3.5413369646796977,-3.2376598281207785,0.32443139825748135,0.24672696199382452,0.47385529816137556,3.404216844557103,0.16466440950019698,0,0.0,0.0,0.16843347098308528,0,0.0,0.0,0.16843347098308528
q3,EW10,EW,True,20,-2.309280785434643,-2.411280890838616,-2.2072806800306695,0.21794223426629877,0.1657429756783114,0.3183202456818061,2.3190303194613002,0.16881595387870246,0,0.0,0.0,0.16843347098308528,0,0.0,0.0,0.16843347098308528
q3,EW11,EW,False,20,-3.4167197717402558,-3.73327455933562,-3.1001649841448917,0.6763782978751718,0.5143791984672585,0.9878989571630723,3.4797395334055494,0.3468966275072965,0,0.0,0.0,0.16843347098308528,0,0.0,0.0,0.16843347098308528
q3,EW12,EW,True,20,8.938679290182924,8.776714432501036,9.10064414786481,0.34606810273392696,0.26318146791311553,0.5054572550187657,8.945041220021764,0.19062815364307506,0,0.0,0.0,0.16843347098308528,0,0.0,0.0,0.16843347098308528
q3,EW13,EW,True,20,-11.367076660032856,-11.467256973667823,-11.266896346397889,0.21405391000951582,0.16278594243098812,0.3126410695603146,11.368991156546587,0.15821960306431776,0,0.0,0.0,0.16843347098308528,0,0.0,0.0,0.16843347098308528
q3,EW14,EW,True,20,-8.49618026811419,-8.586168670841229,-8.40619186538715,0.19227699295713305,0.14622480619453257,0.28083432219148335,8.498246940882131,0.12516990326196073,0,0.0,0.0,0.16843347098308528,0,0.0,0.0,0.16843347098308528
q3,EW15,EW,True,20,-3.9460653054089705,-4.061178106164812,-3.830952504653128,0.24595995161003295,0.18705018058927075,0.3592421289428698,3.9533407236739158,0.12699342166174327,0,0.0,0.0,0.16843347098308528,0,0.0,0.0,0.16843347098308528
q3,EW16,EW,True,20,-3.4754397351813364,-3.574932660016745,-3.3759468103459276,0.21258517573525307,0.16166898412358824,0.31049587793833033,3.4816108609338565,0.13317207387992525,0,0.0,0.0,0.16843347098308528,0,0.0,0.0,0.16843347098308528
q3,EW17,EW,True,20,-3.9387285444567337,-4.0982265437799725,-3.779230545133495,0.34079720011894477,0.25917299710497343,0.49775872416257616,3.952710227419502,0.23282709621470613,0,0.0,0.0,0.16843347098308528,0,0.0,0.0,0.16843347098308528
q3,EW18,EW,True,20,20.768237081734053,20.620110427627207,20.9163637358409,0.31650020186332467,0.24069536332052463,0.4622712176675793,20.77052804437104,0.2532142878865587,0,0.0,0.0,0.16843347098308528,0,0.0,0.0,0.16843347098308528
q3,EW19,EW,True,20,1.5642573648367568,1.4688255808605752,1.6596891488129384,0.2039077914421222,0.1550699167207533,0.29782193656407696,1.5768324487675591,0.14074585869424497,0,0.0,0.0,0.16843347098308528,0,0.0,0.0,0.16843347098308528
q3,EW20,EW,True,20,-11.058563254138509,-11.15159107872686,-10.96553542955016,0.1987712842003465,0.15116365230297704,0.2903196997780184,11.060260203450639,0.13374952432200604,0,0.0,0.0,0.16843347098308528,0,0.0,0.0,0.16843347098308528
q3,EW21,EW,True,20,-5.043745489730318,-5.131305983946397,-4.95618499551424,0.1870893139505534,0.14227962614116202,0.27325734537718205,5.047040801895671,0.11575415237754268,0,0.0,0.0,0.16843347098308528,0,0.0,0.0,0.16843347098308528
q3,EW22,EW,True,20,-3.5839407889922867,-3.6832231224950105,-3.484658455489563,0.21213520810648753,0.16132678806415265,0.3098386679825835,3.5899001181363124,0.12342432277251034,0,0.0,0.0,0.16843347098308528,0,0.0,0.0,0.16843347098308528
q3,EW23,EW,True,20,-4.295968601334021,-4.446608868493735,-4.145328334174308,0.3218710045958582,0.244779807208457,0.47011565980190934,4.307408399498168,0.2199014382863891,0,0.0,0.0,0.16843347098308528,0,0.0,0.0,0.16843347098308528
q3,EW24,EW,True,20,30.05812293898907,29.76759650393788,30.348649374040253,0.6207638719362731,0.472084961754556,0.9066701040776639,30.064211864122548,0.37728228170988715,0,0.0,0.0,0.16843347098308528,0,0.0,0.0,0.16843347098308528
q3,EW25,EW,True,20,21.924090586543944,21.79199138324538,22.056189789842502,0.28225456628366613,0.2146518864144729,0.41225301367905476,21.925816571000574,0.18359455363285115,0,0.0,0.0,0.16843347098308528,0,0.0,0.0,0.16843347098308528
q3,EW26,EW,True,20,-1.7702119665684641,-1.8631737372380652,-1.677250195898863,0.1986301476929161,0.15105631934478692,0.29011355979844455,1.7807671508021687,0.12493192711957461,0,0.0,0.0,0.16843347098308528,0,0.0,0.0,0.16843347098308528
q3,EW27,EW,True,20,-9.603660176069582,-9.68723419071789,-9.520086161421272,0.17857145742074243,0.13580187806996077,0.2608164057292073,9.605237225314111,0.13227127561003924,0,0.0,0.0,0.16843347098308528,0,0.0,0.0,0.16843347098308528
q3,EW28,EW,True,20,-3.6916862054530633,-3.785049951374387,-3.5983224595317393,0.19948904273163473,0.15170950077147005,0.2913680375304005,3.6968030950801154,0.12808102950934783,0,0.0,0.0,0.16843347098308528,0,0.0,0.0,0.16843347098308528
q3,EW29,EW,True,20,-4.665319502321026,-4.7947599294034156,-4.535879075238637,0.2765735953996476,0.21033156262670913,0.40395554874023826,4.673101150705555,0.22344393161234763,0,0.0,0.0,0.16843347098308528,0,0.0,0.0,0.16843347098308528
q3,EW30,EW,True,20,35.200957521564746,34.79002613194574,35.611888911183755,0.8780314964285607,0.6677345189530057,1.2824278993028693,35.21135900215001,0.4667490426425003,0,0.0,0.0,0.16843347098308528,0,0.0,0.0,0.16843347098308528
q3,EW31,EW,True,20,32.54986714055066,32.176010896336095,32.923723384765225,0.7988135388275334,0.6074900231389933,1.1667243973595138,32.55917764292925,0.2885551284107596,0,0.0,0.0,0.16843347098308528,0,0.0,0.0,0.16843347098308528
q3,EW32,EW,True,20,21.659453776398262,21.48828086873985,21.830626684056675,0.36574281755085614,0.27814389954256985,0.534193585429107,21.662387156315287,0.14740130084044037,0,0.0,0.0,0.16843347098308528,0,0.0,0.0,0.16843347098308528
q3,EW33,EW,True,20,0.23373089338138703,0.1326861838779991,0.3347756028847749,0.21590085287401792,0.16419052473831808,0.3153386619217392,0.3145038153647793,0.11968419596780437,6,0.3,0.11893159040572766,0.5427891822762891,9,0.45,0.2305778967759241,0.6847218669594515
q3,EW34,EW,True,20,-5.488327005724908,-5.581643055702831,-5.395010955746985,0.1993871314597887,0.1516319982281572,0.29121918881734143,5.49176663638865,0.13843887660010934,0,0.0,0.0,0.16843347098308528,0,0.0,0.0,0.16843347098308528
q3,EW35,EW,True,20,-4.821869080345402,-4.9676066430505506,-4.676131517640254,0.31139546284476477,0.2368132583313489,0.45481538064727955,4.831411823220756,0.22826735995229266,0,0.0,0.0,0.16843347098308528,0,0.0,0.0,0.16843347098308528
q3,EW36,EW,False,20,36.78213952240078,36.35678860022371,37.207490444577864,0.90884151500976,0.6911652421331327,1.327428138550875,36.792804746305954,0.6751902108671209,0,0.0,0.0,0.16843347098308528,0,0.0,0.0,0.16843347098308528
q3,EW37,EW,False,20,36.18853481753716,35.764586366891486,36.612483268182835,0.9058448732137797,0.6888863248320423,1.323051328540057,36.199303576556694,0.5197026737543907,0,0.0,0.0,0.16843347098308528,0,0.0,0.0,0.16843347098308528
q3,EW38,EW,True,20,35.55166806294868,35.23212102348532,35.87121510241204,0.6827718016369171,0.5192413966641778,0.9972371274128989,35.55789603624685,0.39167050995072145,0,0.0,0.0,0.16843347098308528,0,0.0,0.0,0.16843347098308528
q3,EW39,EW,True,20,26.049020602752858,25.793667605767606,26.304373599738113,0.545609266472323,0.4149306062095704,0.7969014190132878,26.054448360322663,0.23864986407528574,0,0.0,0.0,0.16843347098308528,0,0.0,0.0,0.16843347098308528
q3,EW40,EW,True,20,4.531520162601472,4.378660685723289,4.684379639479657,0.32661275973849496,0.24838586644669655,0.477041332868667,4.542688310257096,0.17217954307816857,0,0.0,0.0,0.16843347098308528,0,0.0,0.0,0.16843347098308528
q3,EW41,EW,True,20,5.9165011067639295,5.817169590022212,6.015832623505647,0.21224029726254542,0.16140670735788293,0.30999215822318543,5.920116467851946,0.21577908256716735,0,0.0,0.0,0.16843347098308528,0,0.0,0.0,0.16843347098308528
q3,J0,J,True,20,-2.545409435512963,-2.6694249907809584,-2.4213938802449677,0.26498234577147656,0.20151652862620528,0.38702569830615413,2.558478855841973,0.293508865092338,0,0.0,0.0,0.16843347098308528,0,0.0,0.0,0.16843347098308528
q3,J1,J,True,20,3.1181274613411873,2.9478009795390787,3.2884539431432964,0.3639342709661924,0.276768517237235,0.5315520735849468,3.138239093994361,0.2889246728058401,0,0.0,0.0,0.16843347098308528,0,0.0,0.0,0.16843347098308528
q3,J4,J,True,20,-0.42097317474651924,-0.614087224164471,-0.22785912532856753,0.4126241559425048,0.31379670706274704,0.6026671385472561,0.5822062978189645,0.2855853218407476,6,0.3,0.11893159040572766,0.5427891822762891,14,0.7,0.45721081772371086,0.8810684095942722
q3,J7,J,True,20,-7.328107638865607,-7.542194264724456,-7.114021013006758,0.45743597402589975,0.3478756642676266,0.668118009002797,7.341658317683875,0.30342979558234473,0,0.0,0.0,0.16843347098308528,0,0.0,0.0,0.16843347098308528
q3,J8,J,True,20,-0.36193812310929485,-0.5804798660297941,-0.14339638018879552,0.4669551618981909,0.35511491520632554,0.6820214648079556,0.5815014806705796,0.3234649055041212,6,0.3,0.11893159040572766,0.5427891822762891,16,0.8,0.5633859970033317,0.9426660029499672
q3,J9,J,True,20,14.497107598989716,14.312521895598607,14.681693302380827,0.3944017552859101,0.29993874640177637,0.5760520170062335,14.502203413413744,0.3034415731333068,0,0.0,0.0,0.16843347098308528,0,0.0,0.0,0.16843347098308528
q3,J10,J,True,20,4.255922841062719,4.115652456501788,4.39619322562365,0.29971381785858003,0.22792947952938364,0.43775350131724383,4.265936729847732,0.30427736034860886,0,0.0,0.0,0.16843347098308528,0,0.0,0.0,0.16843347098308528
q3,J13,J,True,20,-3.0680191760669375,-3.2040924162161795,-2.931945935917696,0.29074583662954984,0.22110941594817557,0.4246551223008728,3.0810790559730847,0.2943066877762356,0,0.0,0.0,0.16843347098308528,0,0.0,0.0,0.16843347098308528
q3,J16,J,True,20,-20.03344330317332,-20.160233059465952,-19.90665354688069,0.27090994326971596,0.20602440958507018,0.39568337908241386,20.035183382463817,0.26816719724001825,0,0.0,0.0,0.16843347098308528,0,0.0,0.0,0.16843347098308528
q3,J17,J,True,20,-2.424158279475703,-2.6169660630009806,-2.231350495950425,0.41196976178610056,0.31329904659269603,0.6017113490035699,2.4571887380389383,0.34186024767525697,0,0.0,0.0,0.16843347098308528,0,0.0,0.0,0.16843347098308528
q3,J25,J,True,20,4.166901174942472,4.00277115196249,4.331031197922455,0.3506943819005406,0.26669970878081367,0.5122142671502908,4.180897346713828,0.3564513683955589,0,0.0,0.0,0.16843347098308528,0,0.0,0.0,0.16843347098308528
q3,J26,J,True,20,0.7416354206988068,0.5130642538113735,0.9702065875862401,0.488384895319549,0.37141202162631826,0.7133211256127873,0.8812587094109021,0.46207160434094113,5,0.25,0.08657146910143461,0.49104587170795744,12,0.6,0.36054258730748967,0.8088099392746928
q3,J27,J,True,20,-2.303189133579917,-2.42410406902712,-2.1822741981327143,0.25835729368277915,0.19647824015081589,0.3773493351375904,2.3169141657989294,0.18788368958069002,0,0.0,0.0,0.16843347098308528,0,0.0,0.0,0.16843347098308528
q3,J28,J,True,20,2.0725288406829807,1.9148132144483607,2.230244466917601,0.3369888278462777,0.25627676657357784,0.49219632364133575,2.0983944319529844,0.22226693823567115,0,0.0,0.0,0.16843347098308528,0,0.0,0.0,0.16843347098308528
q3,J31,J,True,20,-2.1473514935627898,-2.3523675055568685,-1.9423354815687108,0.4380549170747767,0.33313655662433733,0.6398105869419755,2.1893871155556432,0.19773612653123107,0,0.0,0.0,0.16843347098308528,0,0.0,0.0,0.16843347098308528
q3,J34,J,True,20,-9.786872823310926,-10.01331903880499,-9.56042660781686,0.4838445406547803,0.36795912551691073,0.7066896123715045,9.798228407329937,0.19640212041775443,0,0.0,0.0,0.16843347098308528,0,0.0,0.0,0.16843347098308528
q3,J35,J,True,20,4.0834278951772935,3.847545020397759,4.319310769956828,0.5040077218646385,0.38329303114614055,0.7361393829405555,4.11287076986699,0.22547267251013345,0,0.0,0.0,0.16843347098308528,0,0.0,0.0,0.16843347098308528
q3,J36,J,True,20,16.394197976821783,16.20275054882927,16.5856454048143,0.40906310867008333,0.31108856481831587,0.5974659739062774,16.39904549962462,0.2407682369167186,0,0.0,0.0,0.16843347098308528,0,0.0,0.0,0.16843347098308528
q3,J37,J,True,20,2.7219205182697834,2.554047945751988,2.8897930907875784,0.35869103646175765,0.2727810877613934,0.5238939539862479,2.7442808902213627,0.25569285582850987,0,0.0,0.0,0.16843347098308528,0,0.0,0.0,0.16843347098308528
q3,J40,J,True,20,-4.691580568273333,-4.857856261080535,-4.525304875466132,0.3552790053603888,0.2701862708836476,0.5189104381380318,4.704342700278893,0.20236500218632184,0,0.0,0.0,0.16843347098308528,0,0.0,0.0,0.16843347098308528
q3,J43,J,True,20,-22.721091250470348,-22.882909769849828,-22.559272731090868,0.34575542367875794,0.2629436784951514,0.5050005648595773,22.723590321174015,0.1665393699283449,0,0.0,0.0,0.16843347098308528,0,0.0,0.0,0.16843347098308528
q3,J44,J,True,20,2.3544903713367904,2.2054057906899582,2.503574951983622,0.31854699043829865,0.24225192637101645,0.46526069900531913,2.3748733617982847,0.2174085198796474,0,0.0,0.0,0.16843347098308528,0,0.0,0.0,0.16843347098308528
q3,J52,J,True,20,2.348029306618861,2.1345377569154014,2.5615208563223204,0.45616448291958545,0.34690870749479874,0.6662609051573365,2.3897538280008,0.22881668263501756,0,0.0,0.0,0.16843347098308528,0,0.0,0.0,0.16843347098308528
q3,J53,J,True,20,0.04225131568344528,-0.10710395449805199,0.19160658586494253,0.31912536907569095,0.24269177776903889,0.46610546243803164,0.3139014571570086,0.24395963207761212,15,0.75,0.5089541282920426,0.9134285308985653,17,0.85,0.621073173454686,0.9679290628145363
q3,J54,J,True,20,-2.05022990820777,-2.1612752550123,-1.9391845614032406,0.23726907821913484,0.18044085485715564,0.3465484857750208,2.0632315578273452,0.22547786631004557,0,0.0,0.0,0.16843347098308528,0,0.0,0.0,0.16843347098308528
q3,J55,J,True,20,2.504729984373518,2.344225913039647,2.6652340557073892,0.34294686046450723,0.2608077931488455,0.5008984570905949,2.526935736473547,0.2519534518171699,0,0.0,0.0,0.16843347098308528,0,0.0,0.0,0.16843347098308528
q3,J58,J,True,20,-3.100273999404586,-3.324296518383375,-2.876251480425797,0.47866586136194234,0.3640207896593925,0.6991257802838274,3.1351816259789174,0.2263415609659127,0,0.0,0.0,0.16843347098308528,0,0.0,0.0,0.16843347098308528
q3,J63,J,True,20,17.483011901744014,17.26784892377372,17.69817487971431,0.4597358009044724,0.3496246605174028,0.6714770709096249,17.48875336645882,0.2753836032216328,0,0.0,0.0,0.16843347098308528,0,0.0,0.0,0.16843347098308528
q3,J64,J,True,20,2.786226634295249,2.614471834465195,2.957981434125303,0.3669861386188811,0.27908943327187075,0.5360095449156537,2.8090930462157546,0.28701938564004326,0,0.0,0.0,0.16843347098308528,0,0.0,0.0,0.16843347098308528
q3,J67,J,True,20,-4.9317382095083255,-5.0948988926691765,-4.768577526347475,0.34862320672765246,0.2651245999568577,0.5091891674393362,4.943430286792764,0.22793674729407695,0,0.0,0.0,0.16843347098308528,0,0.0,0.0,0.16843347098308528
q3,J70,J,True,20,-23.727833234929147,-23.911265269251434,-23.54440120060686,0.39193672631885534,0.2980641155505863,0.5724516656147411,23.73090819379178,0.21716404541475173,0,0.0,0.0,0.16843347098308528,0,0.0,0.0,0.16843347098308528
q3,J71,J,True,20,-0.9429588303945368,-1.1574356330132294,-0.7284820277758443,0.45826965938791253,0.3485096739773308,0.6693356661960007,1.0433991961367284,0.2841731062325977,2,0.1,0.012348527170294808,0.31698271401908235,5,0.25,0.08657146910143461,0.49104587170795744
q3,J80,J,True,20,-3.439065684758565,-3.6733389243521266,-3.204792445165003,0.5005684363129699,0.38067748752073904,0.7311160600152735,3.4735015626230923,0.323865447886526,0,0.0,0.0,0.16843347098308528,0,0.0,0.0,0.16843347098308528
q3,J81,J,True,20,-3.942957020792204,-4.088981655044114,-3.7969323865402935,0.3120088447040064,0.23727972934335836,0.45571126879299806,3.95466713024363,0.23228105513136504,0,0.0,0.0,0.16843347098308528,0,0.0,0.0,0.16843347098308528
q3,J85,J,True,20,-4.4699291002508215,-4.6705383401709275,-4.2693198603307145,0.42863902727838693,0.32597586288011426,0.6260580053765442,4.489410986553801,0.17963938530513773,0,0.0,0.0,0.16843347098308528,0,0.0,0.0,0.16843347098308528
q3,J88,J,True,20,-3.587237621548869,-3.771109083443099,-3.403366159654638,0.39287564521946433,0.2987781543555542,0.5738230239295868,3.6076179762319436,0.1982217505734684,0,0.0,0.0,0.16843347098308528,0,0.0,0.0,0.16843347098308528
q3,J89,J,True,20,-0.5455495162370949,-0.7985104613538923,-0.29258857112029746,0.5404982018648194,0.41104369067076457,0.7894363430171953,0.7583901802994788,0.19750523099795578,3,0.15,0.0320709371854637,0.37892682654531396,7,0.35,0.15390920478454118,0.5921885345328282
q3,J90,J,True,20,8.854204969858733,8.673547100818604,9.03486283889886,0.38600920519107995,0.29355629267072575,0.5637940963830149,8.862194908680282,0.2369950426490225,0,0.0,0.0,0.16843347098308528,0,0.0,0.0,0.16843347098308528
q3,J91,J,True,20,7.9201463341322835,7.693679425626948,8.146613242637619,0.483888755129773,0.36799275020043304,0.7067541907795847,7.934176634348586,0.22160197429208103,0,0.0,0.0,0.16843347098308528,0,0.0,0.0,0.16843347098308528
q3,J93,J,True,20,3.053698664930803,2.8861020268577784,3.221295303003828,0.3581014510964671,0.27233271375445245,0.5230328223246334,3.073581030819538,0.22464291532002081,0,0.0,0.0,0.16843347098308528,0,0.0,0.0,0.16843347098308528
q3,J94,J,True,20,-5.459690437142093,-5.655048443886454,-5.264332430397734,0.4174187889615458,0.31744297941806454,0.609670043540468,5.474828416720477,0.18861376657857393,0,0.0,0.0,0.16843347098308528,0,0.0,0.0,0.16843347098308528
q3,J97,J,True,20,-15.60106287416591,-15.735768777874268,-15.466356970457554,0.287824267502342,0.2188875906905633,0.42038796130071143,15.603584955778366,0.1723433712247268,0,0.0,0.0,0.16843347098308528,0,0.0,0.0,0.16843347098308528
q3,J98,J,True,20,-4.5210402124696545,-4.722962733679389,-4.319117691259921,0.4314450975010402,0.32810985233025713,0.6301564719527104,4.540555277861669,0.19823376215270086,0,0.0,0.0,0.16843347098308528,0,0.0,0.0,0.16843347098308528
q3,J106,J,True,20,2.8608711134287557,2.6928936737021463,3.028848553155365,0.3589151047967822,0.27295148957785303,0.5242212218409372,2.882180177830631,0.2115632176008924,0,0.0,0.0,0.16843347098308528,0,0.0,0.0,0.16843347098308528
q3,J107,J,True,20,1.431575462294468,1.2256264341634118,1.6375244904255244,0.440048479931345,0.33465264202725037,0.6427223283050999,1.4944459962471088,0.24353862374751248,0,0.0,0.0,0.16843347098308528,0,0.0,0.0,0.16843347098308528
q3,J108,J,True,20,-3.3058579846948115,-3.4263222212101567,-3.185393748179466,0.25739429142114983,0.19574588618112881,0.37594280134873587,3.315363667105589,0.16628535059558205,0,0.0,0.0,0.16843347098308528,0,0.0,0.0,0.16843347098308528
q3,J109,J,True,20,7.672267338172996,7.395449513084265,7.949085163261726,0.5914728719704417,0.44980943764022446,0.8638885003340014,7.693895909015097,0.16731619845942428,0,0.0,0.0,0.16843347098308528,0,0.0,0.0,0.16843347098308528
q3,J111,J,True,20,-26.136248511939687,-26.296286810581453,-25.976210213297918,0.34195165030492075,0.26005094538214046,0.49944488135952514,26.138373527487484,0.10559490892975858,0,0.0,0.0,0.16843347098308528,0,0.0,0.0,0.16843347098308528
q3,J112,J,True,20,-3.150145953438187,-3.3174980032457198,-2.982793903630654,0.3575788426849803,0.27193527507752074,0.5222695153020186,3.169367291000227,0.13865197730654422,0,0.0,0.0,0.16843347098308528,0,0.0,0.0,0.16843347098308528
q3,J115,J,True,20,-1.8017291680581575,-2.0383588371534795,-1.5650994989628353,0.505603387095331,0.38450651922664836,0.7384699663172465,1.8679081992490152,0.16488720084527475,0,0.0,0.0,0.16843347098308528,0,0.0,0.0,0.16843347098308528
q3,J116,J,True,20,5.634003391197597,5.411022812985762,5.856983969409432,0.4764395607338821,0.3623277094168621,0.6958741087330083,5.653108802624155,0.16282478253208504,0,0.0,0.0,0.16843347098308528,0,0.0,0.0,0.16843347098308528
q3,J117,J,True,20,9.566033150227698,9.409002861696978,9.723063438758416,0.3355244761201372,0.2551631411519276,0.4900575330448327,9.571621496466895,0.17935027877879264,0,0.0,0.0,0.16843347098308528,0,0.0,0.0,0.16843347098308528
q3,J118,J,True,20,7.951080475670218,7.6833029756805,8.218857975659935,0.5721565326120686,0.4351195471045656,0.8356756029535083,7.970613255798094,0.18049889361250135,0,0.0,0.0,0.16843347098308528,0,0.0,0.0,0.16843347098308528
q3,J120,J,True,20,3.836101411801634,3.6347549894316966,4.037447834171571,0.4302141549661648,0.32717373235651226,0.6283585922005785,3.858951159292259,0.1562117453641345,0,0.0,0.0,0.16843347098308528,0,0.0,0.0,0.16843347098308528
q3,J121,J,True,20,-4.583359452742195,-4.742269024030345,-4.424449881454044,0.3395399139606205,0.25821684305864384,0.49592236766124237,4.595291814298086,0.13984380419854253,0,0.0,0.0,0.16843347098308528,0,0.0,0.0,0.16843347098308528
q3,J124,J,True,20,-14.71215289734406,-14.890897801099772,-14.533407993588348,0.38192179835450735,0.290447859033794,0.5578241458922373,14.716861551359543,0.12768576925944683,0,0.0,0.0,0.16843347098308528,0,0.0,0.0,0.16843347098308528
q3,J125,J,True,20,1.3589288605333427,1.1991846753730393,1.5186730456936461,0.3413232220398256,0.2595730317230102,0.49852701686019163,1.3990582949966432,0.13956920257045805,0,0.0,0.0,0.16843347098308528,0,0.0,0.0,0.16843347098308528
q3,J133,J,True,20,5.00502984279319,4.770747128805099,5.2393125567812815,0.5005886801225603,0.3806928827434772,0.7311456275493683,5.028755641566204,0.1620831900831815,0,0.0,0.0,0.16843347098308528,0,0.0,0.0,0.16843347098308528
q3,J134,J,True,20,2.4925006240477647,2.3346246633083565,2.650376584787173,0.3373314123962161,0.2565372988330518,0.4926966929179484,2.5140927227487575,0.15335949531839715,0,0.0,0.0,0.16843347098308528,0,0.0,0.0,0.16843347098308528
q3,J135,J,True,20,-3.1364413871417383,-3.26086769353025,-3.0120150807532267,0.2658599920893708,0.20218397022058282,0.388307563624615,3.147127584576079,0.16874854772247622,0,0.0,0.0,0.16843347098308528,0,0.0,0.0,0.16843347098308528
q3,J136,J,True,20,7.341117273004024,7.082656497445454,7.599578048562596,0.5522496145699206,0.41998052715280004,0.8066001230985972,7.360824238558548,0.18178859426750707,0,0.0,0.0,0.16843347098308528,0,0.0,0.0,0.16843347098308528
q3,J139,J,True,20,-2.5800944031822572,-2.766429622506932,-2.3937591838575822,0.3981399221234398,0.30278158637412017,0.581511877460211,2.6091141709479566,0.1503855517941342,0,0.0,0.0,0.16843347098308528,0,0.0,0.0,0.16843347098308528
q3,J142,J,True,20,-1.88705854579758,-2.1474618829286074,-1.6266552086665522,0.5564002593915542,0.42313705266992746,0.8126624371966802,1.9634388560599778,0.19130102249072115,0,0.0,0.0,0.16843347098308528,0,0.0,0.0,0.16843347098308528
q3,J143,J,True,20,3.1564052659010686,2.887229729146701,3.425580802655437,0.575143698702415,0.43739125822254205,0.8400385730174456,3.205798646680299,0.20038090501073508,0,0.0,0.0,0.16843347098308528,0,0.0,0.0,0.16843347098308528
q3,J144,J,True,20,9.412616166974573,9.245516982239065,9.57971535171008,0.3570385493338411,0.2715243871738591,0.5214803781581608,9.419046969105526,0.17298229891652622,0,0.0,0.0,0.16843347098308528,0,0.0,0.0,0.16843347098308528
q3,J145,J,True,20,7.505431147183364,7.272731448918443,7.738130845448285,0.4972062720140587,0.37812059386725827,0.7262053782043113,7.521060435749323,0.19263437290547009,0,0.0,0.0,0.16843347098308528,0,0.0,0.0,0.16843347098308528
q3,J147,J,True,20,2.367401508745344,2.1506314441317875,2.5841715733589012,0.46316964101968855,0.35223606294068927,0.6764924403848779,2.4100601059214117,0.1502274876639456,0,0.0,0.0,0.16843347098308528,0,0.0,0.0,0.16843347098308528
q3,J148,J,True,20,-3.6853405300394755,-3.83919958441825,-3.5314814756607014,0.3287485433530152,0.2500101093699063,0.4801607978369235,3.6992440642475235,0.15110586256039157,0,0.0,0.0,0.16843347098308528,0,0.0,0.0,0.16843347098308528
q3,J151,J,True,20,-15.951790413440973,-16.184024329556625,-15.719556497325321,0.4962110416474726,0.37736373073332413,0.724751772959471,15.959120637500913,0.14093383241260568,0,0.0,0.0,0.16843347098308528,0,0.0,0.0,0.16843347098308528
q3,J152,J,True,20,-2.499278903249589,-2.6839561925138873,-2.3146016139852907,0.39459744557221843,0.30008756698477757,0.5763378366878796,2.52869864220274,0.15952819012286462,0,0.0,0.0,0.16843347098308528,0,0.0,0.0,0.16843347098308528
q3,J160,J,True,20,5.0808276605305585,4.776279902985256,5.385375418075861,0.6507230405041228,0.49486862167251505,0.9504276159295795,5.120261533133168,0.18085194083946474,0,0.0,0.0,0.16843347098308528,0,0.0,0.0,0.16843347098308528
q3,J161,J,True,20,-1.2817860181674139,-1.4844763380362673,-1.0790956982985607,0.4330856424256994,0.3293574709869271,0.632552605337447,1.3495037648561752,0.19139490328209596,0,0.0,0.0,0.16843347098308528,1,0.05,0.0012650894979498038,0.24873276277202777
q3,J162,J,True,20,-11.80194907637283,-11.997030624050602,-11.60686752869506,0.4168280826439691,0.3169937529376775,0.608807274647739,11.808939849506144,0.32084348163933585,0,0.0,0.0,0.16843347098308528,0,0.0,0.0,0.16843347098308528
q3,J165,J,True,20,-22.111595304367786,-22.244801673612628,-21.978388935122947,0.2846202326629278,0.21645095297209055,0.4157082388931253,22.11333545956237,0.1799840712882009,0,0.0,0.0,0.16843347098308528,0,0.0,0.0,0.16843347098308528
q3,J174,J,True,20,7.40386935031044,7.265769977841691,7.541968722779188,0.29507504592677214,0.2244017380337567,0.4309782426072193,7.409453230506187,0.25608920148960873,0,0.0,0.0,0.16843347098308528,0,0.0,0.0,0.16843347098308528
q3,J175,J,True,20,-4.907574351034174,-5.051079501130607,-4.76406920093774,0.3066254972665851,0.2331857453278591,0.44784850421852535,4.916665968593327,0.1826699302203245,0,0.0,0.0,0.16843347098308528,0,0.0,0.0,0.16843347098308528
q3,J178,J,True,20,-20.188591109465257,-20.31723196903716,-20.059950249893355,0.2748651704034923,0.20903232182769993,0.4014602716484167,20.190368602479385,0.15712721439898805,0,0.0,0.0,0.16843347098308528,0,0.0,0.0,0.16843347098308528
q3,J179,J,True,20,-6.832917009919329,-7.034124593678586,-6.631709426160072,0.4299175004000323,0.3269481294085345,0.6279253069555603,6.845753608532637,0.1724253021685874,0,0.0,0.0,0.16843347098308528,0,0.0,0.0,0.16843347098308528
q3,J187,J,True,20,0.26926345372531707,0.10577576334151073,0.4327511441091234,0.3493219186016235,0.26565596362541694,0.5102096861842779,0.43408215833736963,0.19384058941082824,7,0.35,0.15390920478454118,0.5921885345328282,10,0.5,0.27195784956079183,0.7280421504392081
q3,J188,J,True,20,3.2701059029683717,3.0617814444078606,3.4784303615288836,0.445124029736801,0.3385125489002425,0.6501355323886594,3.2987605624514895,0.1997487209750076,0,0.0,0.0,0.16843347098308528,0,0.0,0.0,0.16843347098308528
q3,J189,J,True,20,-11.427311859809663,-11.610895307694646,-11.24372841192468,0.3922602496134823,0.2983101519084921,0.5729241945624972,11.433705918887457,0.2703275480673133,0,0.0,0.0,0.16843347098308528,0,0.0,0.0,0.16843347098308528
q3,J192,J,True,20,-21.36657450330052,-21.49421699471584,-21.238932011885204,0.2727319707778226,0.20741004400319005,0.39834458078098334,21.36822804063505,0.13568156311313515,0,0.0,0.0,0.16843347098308528,0,0.0,0.0,0.16843347098308528
q3,J193,J,True,20,-3.7200316723149696,-3.902895173211846,-3.5371681714180934,0.3907219487017339,0.29714028884151855,0.570677395882981,3.7394740408463765,0.1172451190360646,0,0.0,0.0,0.16843347098308528,0,0.0,0.0,0.16843347098308528
q3,J195,J,True,20,-16.922997283535175,-17.1391395364076,-16.706855030662744,0.46182820423373605,0.35121591315037165,0.6745331758636688,16.92898278350632,0.19121373908477668,0,0.0,0.0,0.16843347098308528,0,0.0,0.0,0.16843347098308528
q3,J196,J,True,20,-10.481712251654026,-10.637805108492024,-10.325619394816025,0.33352147860582765,0.2536398807824286,0.48713201168821485,10.48675195064377,0.11540563169751626,0,0.0,0.0,0.16843347098308528,0,0.0,0.0,0.16843347098308528
q3,J197,J,True,20,-0.9015754888852272,-1.0955809481199892,-0.707570029650465,0.41452881914214695,0.3152451851305085,0.6054490355930134,0.9879680141396533,0.12531332348356186,0,0.0,0.0,0.16843347098308528,1,0.05,0.0012650894979498038,0.24873276277202777
q3,J198,J,True,20,28.646482645731336,28.459634472157997,28.833330819304674,0.39923594447153243,0.3036151008418155,0.5831126966143878,28.64912542896514,0.2923029621087448,0,0.0,0.0,0.16843347098308528,0,0.0,0.0,0.16843347098308528
q3,J201,J,True,20,8.249664858671885,8.123716202674137,8.37561351466963,0.26911277573951614,0.20465768094135167,0.3930584871624497,8.25383370817275,0.1933618512892509,0,0.0,0.0,0.16843347098308528,0,0.0,0.0,0.16843347098308528
q3,J202,J,True,20,-3.80797923652631,-3.928362848685275,-3.687595624367345,0.2572220224583266,0.19561487728966062,0.37569119018785263,3.816223378709791,0.12200706603767779,0,0.0,0.0,0.16843347098308528,0,0.0,0.0,0.16843347098308528
q3,J204,J,True,20,-9.767705711651228,-10.015462061187758,-9.519949362114698,0.5293776134622533,0.4025865900113168,0.7731939270194509,9.781324219868045,0.2192987154039578,0,0.0,0.0,0.16843347098308528,0,0.0,0.0,0.16843347098308528
q3,J205,J,True,20,-18.090276615481258,-18.199914399785726,-17.98063883117679,0.23426155861983328,0.17815366509112798,0.3421557879532083,18.091717513231924,0.09886380481303951,0,0.0,0.0,0.16843347098308528,0,0.0,0.0,0.16843347098308528
q3,J206,J,True,20,-4.402024967147492,-4.577818272093497,-4.226231662201487,0.37561515742803253,0.28565171918872223,0.5486128450358395,4.417222681793966,0.10766897639837143,0,0.0,0.0,0.16843347098308528,0,0.0,0.0,0.16843347098308528
q3,J214,J,True,20,4.361430163042441,4.20811344912559,4.514746876959293,0.32758973188378837,0.24912884437872004,0.4784682706733611,4.373102142405358,0.12779987808538637,0,0.0,0.0,0.16843347098308528,0,0.0,0.0,0.16843347098308528
q3,J215,J,True,20,4.466557188995386,4.299942047075507,4.633172330915266,0.3560043016504632,0.2707378517452923,0.519969785327097,4.48001509285631,0.14566195083748437,0,0.0,0.0,0.16843347098308528,0,0.0,0.0,0.16843347098308528
q3,J216,J,True,20,-12.071292079887101,-12.276855099348829,-11.865729060425375,0.43922370047149345,0.33402540517059265,0.641517678819987,12.078880911079805,0.26728315695054267,0,0.0,0.0,0.16843347098308528,0,0.0,0.0,0.16843347098308528
q3,J219,J,True,20,-22.53253635473013,-22.696645299696762,-22.3684274097635,0.350649344796848,0.26666545849606704,0.5121484872340645,22.53512817341164,0.1321150021112122,0,0.0,0.0,0.16843347098308528,0,0.0,0.0,0.16843347098308528
q3,J220,J,True,20,-3.5872104018445388,-3.8443057032664103,-3.330115100422667,0.5493320246026713,0.4177617280081137,0.8023387739466068,3.6269485599733886,0.12409283344824473,0,0.0,0.0,0.16843347098308528,0,0.0,0.0,0.16843347098308528
q3,J222,J,True,20,-17.236504906092435,-17.488398161622616,-16.984611650562254,0.5382168840849171,0.4093087704127348,0.7861043149748954,17.24448592801035,0.19756236053184034,0,0.0,0.0,0.16843347098308528,0,0.0,0.0,0.16843347098308528
q3,J223,J,True,20,-9.995932929860746,-10.148034589513697,-9.843831270207797,0.3249935420075084,0.24715446691595264,0.4746763493780867,10.000950699833675,0.13079448068708563,0,0.0,0.0,0.16843347098308528,0,0.0,0.0,0.16843347098308528
q3,J224,J,True,20,-6.115457961235635,-6.25300411642208,-5.97791180604919,0.29389299410376174,0.22350279897675718,0.42925177124210734,6.122163058349918,0.17112116560759402,0,0.0,0.0,0.16843347098308528,0,0.0,0.0,0.16843347098308528
q3,J225,J,True,20,24.44360493918807,24.19823606532215,24.688973813053988,0.5242763267542786,0.3987071104711793,0.7657431323460709,24.448945678833564,0.26032676205080996,0,0.0,0.0,0.16843347098308528,0,0.0,0.0,0.16843347098308528
q3,J228,J,True,20,6.706740658096552,6.531468994531885,6.88201232166122,0.37450057340202286,0.2848040887432684,0.5469849152213783,6.716666464881957,0.18524004968035485,0,0.0,0.0,0.16843347098308528,0,0.0,0.0,0.16843347098308528
q3,J229,J,True,20,-3.9403750528819774,-4.131066522542336,-3.749683583221618,0.40744786281058176,0.3098601858576838,0.5951067916185305,3.9603369339284904,0.12832203823384403,0,0.0,0.0,0.16843347098308528,0,0.0,0.0,0.16843347098308528
q3,J231,J,True,20,-10.538368445470866,-10.827748395631883,-10.24898849530985,0.6183141933057806,0.4702220046868712,0.9030921729523591,10.555586497777245,0.2129100304298104,0,0.0,0.0,0.16843347098308528,0,0.0,0.0,0.16843347098308528
q3,J232,J,True,20,-17.607152052723713,-17.72458104473739,-17.489723060710034,0.25090892588532276,0.19081382798741434,0.3664704603972418,17.608850358054823,0.10174383681130214,0,0.0,0.0,0.16843347098308528,0,0.0,0.0,0.16843347098308528
q3,J233,J,True,20,-9.190793538933315,-9.309617832888653,-9.071969244977977,0.25389024851667846,0.19308109521095862,0.37082489567072024,9.19412438031353,0.15627086124742676,0,0.0,0.0,0.16843347098308528,0,0.0,0.0,0.16843347098308528
q3,J240,J,True,20,26.568616255474396,26.215705315835635,26.92152719511316,0.7540599921663924,0.5734553807910018,1.1013586364905132,26.578779992295644,0.31771025096500005,0,0.0,0.0,0.16843347098308528,0,0.0,0.0,0.16843347098308528
q3,J241,J,True,20,3.9279920195318563,3.8121356069776278,4.043848432086085,0.24754881679919472,0.1882584973035134,0.3615627803717767,3.9353954949114955,0.14449068819423322,0,0.0,0.0,0.16843347098308528,0,0.0,0.0,0.16843347098308528
q3,J242,J,True,20,1.2315456411626449,1.1075142545463015,1.3555770277789883,0.26501617239760356,0.20154225345044746,0.3870751045168209,1.2583427829162341,0.2114889760934085,0,0.0,0.0,0.16843347098308528,0,0.0,0.0,0.16843347098308528
q3,H2_0,H2,True,20,-2.1087763945396567,-2.1992063869089415,-2.0183464021703714,0.19322053152386934,0.14694235821121532,0.282212427859643,2.1171691824887118,0.1634764084971569,0,0.0,0.0,0.16843347098308528,0,0.0,0.0,0.16843347098308528
q3,H2_1,H2,True,20,19.241481358139332,19.0974353840198,19.38552733225886,0.3077810685816515,0.23406454621293024,0.4495362989048244,19.243819724329462,0.2470864244262945,0,0.0,0.0,0.16843347098308528,0,0.0,0.0,0.16843347098308528
q3,H2_3,H2,True,20,-3.164120551676329,-3.271501144890233,-3.0567399584624257,0.22943864919738743,0.17448588880263485,0.33511158324721174,3.1720133755390694,0.19444791301281938,0,0.0,0.0,0.16843347098308528,0,0.0,0.0,0.16843347098308528
q3,H2_4,H2,True,20,4.394850016061412,4.255803758626469,4.533896273496355,0.29709824212159985,0.22594035930576795,0.43393326558368905,4.404379713520753,0.20628410013877702,0,0.0,0.0,0.16843347098308528,0,0.0,0.0,0.16843347098308528
q3,H2_5,H2,True,20,12.397874913993768,12.268670625118421,12.527079202869112,0.27606904211281486,0.20994785469864524,0.4032186125205796,12.400794562980566,0.2571016078071909,0,0.0,0.0,0.16843347098308528,0,0.0,0.0,0.16843347098308528
q3,H2_7,H2,True,20,0.09243783320114439,-0.034317875593268,0.21919354199555677,0.2708371944445713,0.2059690848023489,0.3955771242118466,0.2796960843608627,0.2690288191664732,13,0.65,0.40781146546717184,0.8460907952154588,19,0.95,0.7512672372279722,0.9987349105020502
q3,H2_8,H2,True,20,-1.165258602255818,-1.2382791915908193,-1.0922380129208167,0.15602209746826576,0.1186533064278155,0.22788145016997716,1.175139719473672,0.12453853871382009,0,0.0,0.0,0.16843347098308528,0,0.0,0.0,0.16843347098308528
q3,H2_9,H2,True,20,18.030935700106294,17.825886794714492,18.2359846054981,0.4381251999491421,0.3331900060751781,0.6399132401147786,18.035991745054016,0.23260141833366965,0,0.0,0.0,0.16843347098308528,0,0.0,0.0,0.16843347098308528
q3,H2_11,H2,True,20,-3.2191569451634123,-3.3935883057226714,-3.0447255846041528,0.3727051094293737,0.28343865563870335,0.544362511469253,3.239588721004389,0.17511601385604367,0,0.0,0.0,0.16843347098308528,0,0.0,0.0,0.16843347098308528
q3,H2_12,H2,True,20,6.326847877285445,6.161152351728959,6.492543402841931,0.35403936990738166,0.2692435400291649,0.5170998617562418,6.336251316352875,0.20330791077804225,0,0.0,0.0,0.16843347098308528,0,0.0,0.0,0.16843347098308528
q3,H2_13,H2,True,20,9.810956042104765,9.632838605166311,9.989073479043219,0.38058109856267963,0.289428269720429,0.5558659578037428,9.817966099659644,0.232949702759935,0,0.0,0.0,0.16843347098308528,0,0.0,0.0,0.16843347098308528
q3,H2_15,H2,True,20,-1.9850512336955652,-2.131279466442324,-1.8388230009488062,0.31244387083152675,0.2376105625346201,0.456346655615825,2.008275009602884,0.17711549829960568,0,0.0,0.0,0.16843347098308528,0,0.0,0.0,0.16843347098308528
q3,H2_16,H2,True,20,-5.533462759978436,-5.633891052930124,-5.433034467026748,0.21458376403392065,0.163188891326945,0.3134149593196439,5.5374140172345605,0.15728426662288306,0,0.0,0.0,0.16843347098308528,0,0.0,0.0,0.16843347098308528
q3,H2_17,H2,False,20,22.001975956489435,21.786208053053894,22.217743859924973,0.46102833689684924,0.350607621723931,0.6733649123187537,22.006564151656885,0.1871258093839658,0,0.0,0.0,0.16843347098308528,0,0.0,0.0,0.16843347098308528
q3,H2_18,H2,True,20,-20.86439955308171,-20.977871648463218,-20.750927457700204,0.2424542788105844,0.18438415009962664,0.35412184268648056,20.865737791510856,0.12972675158005412,0,0.0,0.0,0.16843347098308528,0,0.0,0.0,0.16843347098308528
q3,H2_19,H2,True,20,-5.758567734052865,-5.854627885021081,-5.662507583084649,0.2052504146251164,0.15609096875462497,0.29978293390315436,5.762041625478189,0.1236655324268414,0,0.0,0.0,0.16843347098308528,0,0.0,0.0,0.16843347098308528
q3,H2_20,H2,True,20,10.365010308335401,10.242902799261726,10.487117817409077,0.2609054494876299,0.19841608816366074,0.38107109923056787,10.368129376256494,0.159877129265574,0,0.0,0.0,0.16843347098308528,0,0.0,0.0,0.16843347098308528
q3,H2_21,H2,True,20,17.82318272147534,17.63436142851445,18.012004014436236,0.4034518817599763,0.3068212806527742,0.5892703750375463,17.827520216590642,0.19094864086194652,0,0.0,0.0,0.16843347098308528,0,0.0,0.0,0.16843347098308528
q3,H2_22,H2,True,20,1.5785071219097297,1.4340921427007582,1.7229221011187013,0.30856951672422883,0.23466415345178754,0.4506878838984237,1.6069035824338034,0.1762050746787354,0,0.0,0.0,0.16843347098308528,0,0.0,0.0,0.16843347098308528
q3,H2_23,H2,True,20,-0.2149770720125564,-0.3072191908180682,-0.12273495320704458,0.19709247736863209,0.14988693583352286,0.28786768213709313,0.28830246945635296,0.1318707014102571,9,0.45,0.2305778967759241,0.6847218669594515,11,0.55,0.31527813304054847,0.7694221032240758
q3,H2_24,H2,True,20,-4.563210252424563,-4.663273865794864,-4.463146639054261,0.2138045581454186,0.16259631273353392,0.3122768733002007,4.567966131383005,0.1407051370344581,0,0.0,0.0,0.16843347098308528,0,0.0,0.0,0.16843347098308528
q3,H2_25,H2,True,20,20.582553774538816,20.31526686619725,20.84984068288038,0.5711082921275451,0.4343223702851378,0.8341445726339816,20.590079561018015,0.20492320304468484,0,0.0,0.0,0.16843347098308528,0,0.0,0.0,0.16843347098308528
q3,H2_26,H2,True,20,-19.206597955256623,-19.334732688907334,-19.078463221605915,0.27378373804959744,0.20820990291044536,0.3998807622259362,19.208451646952895,0.10238598989552661,0,0.0,0.0,0.16843347098308528,0,0.0,0.0,0.16843347098308528
q3,H2_27,H2,True,20,-5.909886394678656,-6.0192248293254424,-5.80054796003187,0.2336219422884266,0.17766724301503667,0.34122158248155704,5.914271506223785,0.1111311414275148,0,0.0,0.0,0.16843347098308528,0,0.0,0.0,0.16843347098308528
q3,H2_28,H2,True,20,12.765764485230612,12.656596819944097,12.874932150517129,0.23325706172507896,0.17738975485153313,0.34068864828016027,12.767788818208798,0.13444171724111864,0,0.0,0.0,0.16843347098308528,0,0.0,0.0,0.16843347098308528
q3,H2_29,H2,True,20,15.527608593367908,15.289045688314804,15.766171498421015,0.5097341060032606,0.38764789127780563,0.7445031771909498,15.53555489980048,0.18089186501778393,0,0.0,0.0,0.16843347098308528,0,0.0,0.0,0.16843347098308528
q3,H2_30,H2,True,20,2.6558489576142494,2.499151028636587,2.8125468865919117,0.33481432799542277,0.2546230803245309,0.4890203108364315,2.6758231047997487,0.13661217653620267,0,0.0,0.0,0.16843347098308528,0,0.0,0.0,0.16843347098308528
q3,H2_31,H2,True,20,0.1487988287977329,0.05880954128392492,0.2387881163115409,0.19227888346895525,0.14622624391061373,0.28083708341942865,0.23929835358447765,0.13952432046129107,5,0.25,0.08657146910143461,0.49104587170795744,14,0.7,0.45721081772371086,0.8810684095942722
W1,EW0,EW,True,20,3.0625895167239294,2.9018786864553374,3.2233003469925205,0.3433886394608033,0.2611437618319453,0.501543706962018,3.0808236752161777,0.2813074814563613,0,0.0,0.0,0.16843347098308528,0,0.0,0.0,0.16843347098308528
W1,EW1,EW,True,20,13.183681405259955,12.857596744807234,13.509766065712677,0.6967406472529543,0.529864569575051,1.0176396271090111,13.201160197060519,0.20975204157073646,0,0.0,0.0,0.16843347098308528,0,0.0,0.0,0.16843347098308528
W1,EW2,EW,True,20,5.983356236044485,5.844236486144828,6.122475985944142,0.29725527246875744,0.22605977937639957,0.4341626196547573,5.990366809267391,0.20135044431664081,0,0.0,0.0,0.16843347098308528,0,0.0,0.0,0.16843347098308528
W1,EW3,EW,True,20,6.678262726998578,6.576836880539721,6.779688573457435,0.2167152230092972,0.1648098454036271,0.31652810784263063,6.68160237250828,0.23008202654171925,0,0.0,0.0,0.16843347098308528,0,0.0,0.0,0.16843347098308528
W1,EW4,EW,True,20,14.427572706938577,14.2912588145507,14.563886599326453,0.2912600349861283,0.22150045885913366,0.42540614583583036,14.430365380044266,0.22490483970895025,0,0.0,0.0,0.16843347098308528,0,0.0,0.0,0.16843347098308528
W1,EW5,EW,True,20,25.90921205550846,25.513255810223022,26.30516830079389,0.8460343097433805,0.6434009658333464,1.2356937159948833,25.922331197018227,0.3788343694846616,0,0.0,0.0,0.16843347098308528,0,0.0,0.0,0.16843347098308528
W1,EW6,EW,True,20,-4.565547546001942,-4.73758466035693,-4.393510431646954,0.36758935621445393,0.27954817445899466,0.5368905874261554,4.5795840676710355,0.18906056099961704,0,0.0,0.0,0.16843347098308528,0,0.0,0.0,0.16843347098308528
W1,EW7,EW,True,20,-5.362408665216031,-5.560929276784909,-5.1638880536471525,0.4241762835624294,0.32258198915177255,0.6195398484857474,5.378322780974007,0.1860026617932152,0,0.0,0.0,0.16843347098308528,0,0.0,0.0,0.16843347098308528
W1,EW8,EW,True,20,-20.63811297922994,-20.71502970533004,-20.561196253129847,0.1643469197635855,0.12498425381790934,0.2400404494902541,20.63873462104674,0.13026933585856515,0,0.0,0.0,0.16843347098308528,0,0.0,0.0,0.16843347098308528
W1,EW9,EW,True,20,-22.495591679381548,-22.639438184786716,-22.351745173976383,0.3073548664997727,0.23374042362361802,0.44891380023277716,22.49758628539345,0.13564346092869645,0,0.0,0.0,0.16843347098308528,0,0.0,0.0,0.16843347098308528
W1,EW10,EW,True,20,-17.58896581942438,-17.688953858729775,-17.488977780118983,0.21364308007151872,0.16247351020943818,0.31204102300560743,17.590198401219308,0.13901320604037756,0,0.0,0.0,0.16843347098308528,0,0.0,0.0,0.16843347098308528
W1,EW11,EW,False,20,-9.830004849144917,-10.031642749766865,-9.628366948522967,0.4308369525724236,0.32764736395368377,0.6292682327193232,9.838970209830364,0.28557333836171506,0,0.0,0.0,0.16843347098308528,0,0.0,0.0,0.16843347098308528
W1,EW12,EW,True,20,-0.3004879108179962,-0.4171235051804013,-0.18385231645559116,0.24921368394321464,0.189524612774376,0.36399443810023896,0.3863872044971017,0.17051253501443794,8,0.4,0.19119006072530717,0.6394574126925103,11,0.55,0.31527813304054847,0.7694221032240758
W1,EW13,EW,True,20,-2.297400281861709,-2.4369430085605144,-2.157857555162904,0.29815904122746656,0.2267470868360933,0.43548263866933856,2.3157076517277955,0.14151939472218092,0,0.0,0.0,0.16843347098308528,0,0.0,0.0,0.16843347098308528
W1,EW14,EW,True,20,-14.646795352826345,-14.729599892353825,-14.563990813298863,0.17692733042321407,0.13455153528128203,0.25841504047043945,14.647810492487043,0.1119567025284638,0,0.0,0.0,0.16843347098308528,0,0.0,0.0,0.16843347098308528
W1,EW15,EW,True,20,-16.14276374908568,-16.237597892988713,-16.04792960518265,0.20263082204769675,0.15409879376243948,0.2959568312863868,16.143971870216333,0.11359078812129074,0,0.0,0.0,0.16843347098308528,0,0.0,0.0,0.16843347098308528
W1,EW16,EW,True,20,-11.062632949276017,-11.17433215296549,-10.950933745586541,0.23866616530871143,0.18150332616882092,0.34858903155124465,11.065078455752014,0.11915365173455182,0,0.0,0.0,0.16843347098308528,0,0.0,0.0,0.16843347098308528
W1,EW17,EW,True,20,-2.3642112734430185,-2.597920451625484,-2.1305020952605527,0.4993632139878473,0.3797609275194514,0.7293557464719819,2.413791702692077,0.20823427027096092,0,0.0,0.0,0.16843347098308528,0,0.0,0.0,0.16843347098308528
W1,EW18,EW,True,20,5.559686440411802,5.383671338120426,5.735701542703177,0.376089068791289,0.2860121242282426,0.5493050265310465,5.571757725707386,0.28015472093297944,0,0.0,0.0,0.16843347098308528,0,0.0,0.0,0.16843347098308528
W1,EW19,EW,True,20,4.42779732207771,4.306883340645346,4.548711303510075,0.2583552552522848,0.19647668994400538,0.3773463578638281,4.434951994263207,0.15571449941951235,0,0.0,0.0,0.16843347098308528,0,0.0,0.0,0.16843347098308528
W1,EW20,EW,True,20,-0.8011910194867661,-0.8916427107325363,-0.7107393282409958,0.19326689521735288,0.14697761735475517,0.28228014535529083,0.8230379929589223,0.14797306242730546,0,0.0,0.0,0.16843347098308528,0,0.0,0.0,0.16843347098308528
W1,EW21,EW,True,20,1.5457537786118665,1.446871940296691,1.6446356169270415,0.21127947550070703,0.16067601163734171,0.30858880921047815,1.5594107252492284,0.12806137370340254,0,0.0,0.0,0.16843347098308528,0,0.0,0.0,0.16843347098308528
W1,EW22,EW,True,20,10.808816781074944,10.697105672438838,10.92052788971105,0.23869160244583223,0.18152267086726054,0.34862618431222736,10.811320234082032,0.1365420867445262,0,0.0,0.0,0.16843347098308528,0,0.0,0.0,0.16843347098308528
W1,EW23,EW,True,20,21.28876547565352,21.02081504564565,21.556715905661388,0.5725260298236495,0.4354005461847046,0.8362152801003686,21.296077860241354,0.24340844826809077,0,0.0,0.0,0.16843347098308528,0,0.0,0.0,0.16843347098308528
W1,EW24,EW,True,20,8.222506533831165,7.808992996422556,8.636020071239772,0.883548736398486,0.6719303269533466,1.2904862235126051,8.26748082247597,0.45158281194941213,0,0.0,0.0,0.16843347098308528,0,0.0,0.0,0.16843347098308528
W1,EW25,EW,True,20,6.205232317822648,6.004327207292618,6.406137428352678,0.42927120997589724,0.3264566317490324,0.6269813534933731,6.219322165741141,0.21977054707904445,0,0.0,0.0,0.16843347098308528,0,0.0,0.0,0.16843347098308528
W1,EW26,EW,True,20,4.660353692193787,4.585951230060334,4.734756154327241,0.15897472623245842,0.12089875224100613,0.23219397599494673,4.662928891989015,0.1495518204293751,0,0.0,0.0,0.16843347098308528,0,0.0,0.0,0.16843347098308528
W1,EW27,EW,True,20,7.345198003996605,7.243822046963054,7.446573961030155,0.21660862495457567,0.16472877860695712,0.3163724137474389,7.348231559327738,0.15833403692494072,0,0.0,0.0,0.16843347098308528,0,0.0,0.0,0.16843347098308528
W1,EW28,EW,True,20,20.358650944749083,20.2175048908633,20.499796998634864,0.3015848485636996,0.22935238040812334,0.44048627569544974,20.36077292344207,0.15333275597978094,0,0.0,0.0,0.16843347098308528,0,0.0,0.0,0.16843347098308528
W1,EW29,EW,True,20,31.31502470431392,31.01946799982998,31.61058140879786,0.6315119800366914,0.4802587947221432,0.922368485911078,31.32107340503633,0.26749394789697134,0,0.0,0.0,0.16843347098308528,0,0.0,0.0,0.16843347098308528
W1,EW30,EW,True,20,-3.813125898321708,-4.145234952885958,-3.4810168437574576,0.7096128879978741,0.5396537850150642,1.0364404568343393,3.875345409731084,0.46761717502605066,0,0.0,0.0,0.16843347098308528,0,0.0,0.0,0.16843347098308528
W1,EW31,EW,True,20,-5.367354930222929,-5.595419365242098,-5.139290495203759,0.4873021682468072,0.3705886180878172,0.7117397251606822,5.388328978450325,0.2891113361065793,0,0.0,0.0,0.16843347098308528,0,0.0,0.0,0.16843347098308528
W1,EW32,EW,True,20,-6.118240444449056,-6.24463954462224,-5.991841344275873,0.27007523366657543,0.20538962094982693,0.3944642259116705,6.123900696152758,0.1476934720652002,0,0.0,0.0,0.16843347098308528,0,0.0,0.0,0.16843347098308528
W1,EW33,EW,True,20,-3.7432752635916238,-3.8150069457272133,-3.671543581456034,0.15326810703179405,0.11655892315480243,0.223859049852323,3.746254964096596,0.11991954939622852,0,0.0,0.0,0.16843347098308528,0,0.0,0.0,0.16843347098308528
W1,EW34,EW,True,20,2.374952254903153,2.288347937807788,2.461556571998518,0.18504626333587765,0.14072590577357136,0.2702733235982307,2.3817909703971534,0.13870853004410189,0,0.0,0.0,0.16843347098308528,0,0.0,0.0,0.16843347098308528
W1,EW35,EW,True,20,10.769174350591266,10.542901453366065,10.995447247816466,0.4834742138731938,0.3676774955567511,0.7061487235782239,10.779479400376397,0.2287092222409311,0,0.0,0.0,0.16843347098308528,0,0.0,0.0,0.16843347098308528
W1,EW36,EW,False,20,-5.417056392138501,-5.771499061390534,-5.062613722886468,0.7573328179432445,0.5759443333566129,1.1061388329901434,5.467117641215136,0.5926914326767422,0,0.0,0.0,0.16843347098308528,0,0.0,0.0,0.16843347098308528
W1,EW37,EW,False,20,-6.175908317644508,-6.529201251546317,-5.822615383742698,0.7548761940990807,0.5740760945206447,1.1025507578827436,6.219581152533283,0.45598184150130167,0,0.0,0.0,0.16843347098308528,0,0.0,0.0,0.16843347098308528
W1,EW38,EW,True,20,-6.664737962767689,-7.000823252650602,-6.328652672884775,0.7181088557803196,0.5461148869041501,1.0488494263987618,6.701390036751288,0.34336044510484265,0,0.0,0.0,0.16843347098308528,0,0.0,0.0,0.16843347098308528
W1,EW39,EW,True,20,-7.068254433892884,-7.314640341702897,-6.821868526082872,0.5264494093135783,0.4003597188836126,0.7689170750951294,7.086854892953904,0.20926044096422,0,0.0,0.0,0.16843347098308528,0,0.0,0.0,0.16843347098308528
W1,EW40,EW,True,20,-4.637761551132287,-4.757800603058213,-4.517722499206362,0.25648580530707404,0.1950549912179921,0.3746158922987086,4.644494366997205,0.15097008668013434,0,0.0,0.0,0.16843347098308528,0,0.0,0.0,0.16843347098308528
W1,EW41,EW,True,20,-0.8526791012848502,-0.9705822207793311,-0.7347759817903693,0.2519219876079923,0.19158425169636775,0.3679501096150109,0.8873291966436601,0.18919962236939594,0,0.0,0.0,0.16843347098308528,0,0.0,0.0,0.16843347098308528
W1,J0,J,True,20,-0.5896379444339512,-0.7380897847741127,-0.44118610409378983,0.3171950228535592,0.24122376800937675,0.46328605349809604,0.6657739510623797,0.24243116486086155,3,0.15,0.0320709371854637,0.37892682654531396,10,0.5,0.27195784956079183,0.7280421504392081
W1,J1,J,True,20,-11.035623515140829,-11.191269312487705,-10.87997771779395,0.33256625268758455,0.2529134406471898,0.485736835805943,11.040382994476891,0.20271661436945027,0,0.0,0.0,0.16843347098308528,0,0.0,0.0,0.16843347098308528
W1,J4,J,True,20,-12.251577982199088,-12.354678700823817,-12.14847726357436,0.22029389952629344,0.1675313945192166,0.32175502125820127,12.253459347709345,0.22886850188245483,0,0.0,0.0,0.16843347098308528,0,0.0,0.0,0.16843347098308528
W1,J7,J,True,20,-10.247240955044093,-10.431355048732275,-10.06312686135591,0.3933940732648932,0.29917241390425403,0.5745802252281089,10.254412130530396,0.26208908657077445,0,0.0,0.0,0.16843347098308528,0,0.0,0.0,0.16843347098308528
W1,J8,J,True,20,-4.935815763593856,-5.132968199170392,-4.738663328017321,0.4212529205770716,0.32035879968226844,0.615270067427253,4.9528636740860925,0.2675270626708077,0,0.0,0.0,0.16843347098308528,0,0.0,0.0,0.16843347098308528
W1,J9,J,True,20,7.0574402230381885,6.858999887400065,7.255880558676313,0.42400475907588997,0.3224515464273669,0.6192893246858079,7.069529937392612,0.2503133036591967,0,0.0,0.0,0.16843347098308528,0,0.0,0.0,0.16843347098308528
W1,J10,J,True,20,1.3304570452970579,1.1935685926833532,1.4673454979107627,0.29248768998551616,0.2224340786937192,0.42719922390687626,1.360657027223976,0.2627179023968531,0,0.0,0.0,0.16843347098308528,0,0.0,0.0,0.16843347098308528
W1,J13,J,True,20,2.722366089446094,2.5808202285382915,2.8639119503538972,0.3024391107755829,0.23000203861449955,0.4417339868519349,2.7382792169365064,0.292886312907586,0,0.0,0.0,0.16843347098308528,0,0.0,0.0,0.16843347098308528
W1,J16,J,True,20,6.672221900424151,6.413123396145151,6.9313204047031505,0.5536122408303106,0.42101679133488823,0.808590336365154,6.6940053238727675,0.32137671371785,0,0.0,0.0,0.16843347098308528,0,0.0,0.0,0.16843347098308528
W1,J17,J,True,20,17.16153544362995,16.90879400915815,17.414276878101756,0.5400291764630744,0.4106870013580406,0.7887512978187871,17.169605374580595,0.34774507422128464,0,0.0,0.0,0.16843347098308528,0,0.0,0.0,0.16843347098308528
W1,J25,J,True,20,-5.80140147556941,-6.007756363292922,-5.595046587845898,0.44091567458793607,0.3353121352336021,0.6439889282235111,5.817297085522743,0.27934183118442124,0,0.0,0.0,0.16843347098308528,0,0.0,0.0,0.16843347098308528
W1,J26,J,True,20,-1.1325073275667172,-1.3016978970650634,-0.9633167580683711,0.36150718263690007,0.274922739876618,0.5280071372128264,1.1860547702089788,0.3728116274648795,0,0.0,0.0,0.16843347098308528,2,0.1,0.012348527170294808,0.31698271401908235
W1,J27,J,True,20,-0.48160936312236763,-0.6062730164173975,-0.35694570982733764,0.26636712798788753,0.20256964220002469,0.38904827193364633,0.5471301976458824,0.15359499591513584,2,0.1,0.012348527170294808,0.31698271401908235,5,0.25,0.08657146910143461,0.49104587170795744
W1,J28,J,True,20,-10.415720830313365,-10.561314085581914,-10.270127575044818,0.31108712311286746,0.23657876892705074,0.4543650283805818,10.42013324546678,0.15369043789080494,0,0.0,0.0,0.16843347098308528,0,0.0,0.0,0.16843347098308528
W1,J31,J,True,20,-12.059889260082853,-12.15491924984119,-11.964859270324517,0.20304928321602275,0.15441702946135147,0.296568023799661,12.061513028070134,0.1553029520549747,0,0.0,0.0,0.16843347098308528,0,0.0,0.0,0.16843347098308528
W1,J34,J,True,20,-10.379743497544938,-10.55431812997466,-10.205168865115215,0.37301123648122647,0.2836714623210819,0.5448096319582378,10.386108779915634,0.1654837301470382,0,0.0,0.0,0.16843347098308528,0,0.0,0.0,0.16843347098308528
W1,J35,J,True,20,-7.573784230415045,-7.71506285840274,-7.4325056024273515,0.3018681178393755,0.22956780397128365,0.44090001076488594,7.579497061904776,0.16631523740977383,0,0.0,0.0,0.16843347098308528,0,0.0,0.0,0.16843347098308528
W1,J36,J,True,20,7.454676540770691,7.292482504389305,7.616870577152077,0.34655778573589263,0.2635538671323771,0.5061724721221265,7.462325342105391,0.19103056769832896,0,0.0,0.0,0.16843347098308528,0,0.0,0.0,0.16843347098308528
W1,J37,J,True,20,1.5070743011845897,1.3793603203633351,1.6347882820058441,0.272884721216605,0.20752620924461376,0.3985676837392737,1.5303645699018293,0.21805702306610442,0,0.0,0.0,0.16843347098308528,0,0.0,0.0,0.16843347098308528
W1,J40,J,True,20,2.6990059419051757,2.5876112789155044,2.8104006048948476,0.23801545734838814,0.18100846901548107,0.3476386259609995,2.708957708137831,0.19597741321126222,0,0.0,0.0,0.16843347098308528,0,0.0,0.0,0.16843347098308528
W1,J43,J,True,20,6.562661111239051,6.3029437601559675,6.822378462322136,0.5549345223575375,0.42202237373494417,0.8105216232587859,6.5849127229499675,0.19543400515568102,0,0.0,0.0,0.16843347098308528,0,0.0,0.0,0.16843347098308528
W1,J44,J,True,20,13.720573953786799,13.509208275100457,13.931939632473142,0.4516221633072924,0.3434543170616737,0.6596265219694333,13.72763322903127,0.1959626635023158,0,0.0,0.0,0.16843347098308528,0,0.0,0.0,0.16843347098308528
W1,J52,J,True,20,-6.0847004987168365,-6.2881605890985615,-5.8812404083351115,0.4347304005833811,0.3306082937668397,0.6349548924508324,6.099436134120655,0.17268120121317407,0,0.0,0.0,0.16843347098308528,0,0.0,0.0,0.16843347098308528
W1,J53,J,True,20,-1.356195040202512,-1.442315447650397,-1.2700746327546273,0.18401230019106407,0.13993958673384954,0.2687631463561234,1.3680031021018992,0.19139850055896832,0,0.0,0.0,0.16843347098308528,0,0.0,0.0,0.16843347098308528
W1,J54,J,True,20,-0.5378781389269264,-0.6817787938271733,-0.39397748402667937,0.30747056698749164,0.23382841273314756,0.4490827890834246,0.6157305696657615,0.18407488324680588,2,0.1,0.012348527170294808,0.31698271401908235,7,0.35,0.15390920478454118,0.5921885345328282
W1,J55,J,True,20,-10.076695400100396,-10.250321046634522,-9.903069753566271,0.37098355125919547,0.2821294271870027,0.5418480524359612,10.083180923793055,0.17188159914814125,0,0.0,0.0,0.16843347098308528,0,0.0,0.0,0.16843347098308528
W1,J58,J,True,20,-12.088628162023877,-12.193832970374356,-11.983423353673398,0.22478967935035135,0.1709503918904347,0.3283214297514573,12.090613496412088,0.17787855754672258,0,0.0,0.0,0.16843347098308528,0,0.0,0.0,0.16843347098308528
W1,J63,J,True,20,7.58357312359238,7.420233085221553,7.746913161963207,0.3490064325589853,0.2654160395204454,0.509748896218809,7.591198623164976,0.21383381887587044,0,0.0,0.0,0.16843347098308528,0,0.0,0.0,0.16843347098308528
W1,J64,J,True,20,1.5896999004258345,1.4454411204514974,1.7339586804001716,0.3082357679496363,0.23441034071459058,0.4502004199046643,1.6178394845055657,0.24228333748416836,0,0.0,0.0,0.16843347098308528,0,0.0,0.0,0.16843347098308528
W1,J67,J,True,20,2.605378810705483,2.5006868653610383,2.710070756049928,0.22369385195914587,0.17011702568557938,0.3267208953457801,2.614485750526711,0.2185673172421315,0,0.0,0.0,0.16843347098308528,0,0.0,0.0,0.16843347098308528
W1,J70,J,True,20,6.432729791235891,6.143704310193192,6.721755272278592,0.6175568039744818,0.46964601737565054,0.9019859515775648,6.460829679915898,0.2527597633443699,0,0.0,0.0,0.16843347098308528,0,0.0,0.0,0.16843347098308528
W1,J71,J,True,20,14.89290924878236,14.696012203614387,15.089806293950334,0.42070723137379046,0.31994380828488356,0.614473049254804,14.898553310246967,0.2602359322328779,0,0.0,0.0,0.16843347098308528,0,0.0,0.0,0.16843347098308528
W1,J80,J,True,20,-1.1463622159843296,-1.2538506529172124,-1.0388737790514468,0.2296690774010922,0.174661127238135,0.3354481401457048,1.1680140500418041,0.2612664900453369,0,0.0,0.0,0.16843347098308528,0,0.0,0.0,0.16843347098308528
W1,J81,J,True,20,-1.5227851953809295,-1.6597443810457888,-1.3858260097160704,0.29263882433134847,0.222549014911978,0.4274199664456424,1.5492676846504183,0.24192406272747624,0,0.0,0.0,0.16843347098308528,0,0.0,0.0,0.16843347098308528
W1,J85,J,True,20,-14.389377563324274,-14.509621766377695,-14.269133360270853,0.2569241489236002,0.19538834732777607,0.3752561245518807,14.39155641955675,0.17631436263145256,0,0.0,0.0,0.16843347098308528,0,0.0,0.0,0.16843347098308528
W1,J88,J,True,20,-8.835262512281876,-8.98124910511187,-8.689275919451884,0.31192756211655653,0.23721791471637646,0.4555925497512584,8.840491927757245,0.19625721621980288,0,0.0,0.0,0.16843347098308528,0,0.0,0.0,0.16843347098308528
W1,J89,J,True,20,-2.878145802738467,-3.0023030215323234,-2.7539885839446105,0.265285036295353,0.20174672186206805,0.3874677994998502,2.889737116898208,0.18956125612880367,0,0.0,0.0,0.16843347098308528,0,0.0,0.0,0.16843347098308528
W1,J90,J,True,20,5.011273627686504,4.817830751788643,5.204716503584365,0.4133267549980016,0.31433102689551756,0.6036933347992788,5.027440743322945,0.2552037643508318,0,0.0,0.0,0.16843347098308528,0,0.0,0.0,0.16843347098308528
W1,J91,J,True,20,-0.24504189208987798,-0.35668479643160605,-0.13339898774814984,0.23854587126012103,0.1814118437003729,0.34841333347587955,0.3377935093211163,0.21821035213773934,11,0.55,0.31527813304054847,0.7694221032240758,14,0.7,0.45721081772371086,0.8810684095942722
W1,J93,J,True,20,1.0774651116771878,0.90133060853714,1.2535996148172357,0.3763441909564074,0.28620614218419577,0.5496776507291637,1.1381934235642184,0.28020197209112857,0,0.0,0.0,0.16843347098308528,1,0.05,0.0012650894979498038,0.24873276277202777
W1,J94,J,True,20,2.545230892207929,2.442535874613065,2.6479259098027925,0.21942704366822796,0.16687215896588925,0.320488916179307,2.5542006794235834,0.22946723783946835,0,0.0,0.0,0.16843347098308528,0,0.0,0.0,0.16843347098308528
W1,J97,J,True,20,7.04004929321191,6.853763918680973,7.226334667742846,0.3980334194323797,0.3027005921005987,0.5813563226504782,7.050730680127364,0.22877891966053712,0,0.0,0.0,0.16843347098308528,0,0.0,0.0,0.16843347098308528
W1,J98,J,True,20,18.775351943561166,18.62959016676674,18.921113720355596,0.31144720075912535,0.23685260451824278,0.45489094757750664,18.777805782239408,0.2326030870516565,0,0.0,0.0,0.16843347098308528,0,0.0,0.0,0.16843347098308528
W1,J106,J,True,20,-4.149253335824297,-4.266361900099179,-4.032144771549416,0.2502242723054292,0.19029315551646167,0.36547047479788175,4.156414900124542,0.19579647151135282,0,0.0,0.0,0.16843347098308528,0,0.0,0.0,0.16843347098308528
W1,J107,J,True,20,-0.8630858481263723,-0.9706966115159359,-0.7554750847368087,0.22993045067294637,0.1748598991007147,0.3358298945330147,0.8917072349013156,0.21438143450017688,0,0.0,0.0,0.16843347098308528,0,0.0,0.0,0.16843347098308528
W1,J108,J,True,20,-1.2443030586548716,-1.3441934722300746,-1.1444126450796688,0.21343448450511518,0.16231487528488847,0.3117363542378982,1.261573092212669,0.17102628475385462,0,0.0,0.0,0.16843347098308528,0,0.0,0.0,0.16843347098308528
W1,J109,J,True,20,-15.394236094335659,-15.542448639491935,-15.246023549179382,0.3166837240973608,0.24083493021665503,0.46253926503720966,15.397330258203842,0.1318477864025491,0,0.0,0.0,0.16843347098308528,0,0.0,0.0,0.16843347098308528
W1,J111,J,True,20,-13.475296900369468,-13.718546038098008,-13.232047762640928,0.5197471154558627,0.3952626887848438,0.7591278947896142,13.48481578531685,0.14963224953303414,0,0.0,0.0,0.16843347098308528,0,0.0,0.0,0.16843347098308528
W1,J112,J,True,20,-14.326443685938708,-14.439736054122651,-14.213151317754766,0.24207025815844657,0.1840921060824515,0.35356095301428403,14.328386398885385,0.13189101919555485,0,0.0,0.0,0.16843347098308528,0,0.0,0.0,0.16843347098308528
W1,J115,J,True,20,-9.312108068171685,-9.441913937857818,-9.182302198485555,0.27735443162761075,0.21092538107761985,0.40509601598725553,9.316031122748276,0.1538980783419808,0,0.0,0.0,0.16843347098308528,0,0.0,0.0,0.16843347098308528
W1,J116,J,True,20,-5.024879507226823,-5.139538160419168,-4.910220854034477,0.24498958070420912,0.18631222283645457,0.3578248327213082,5.030549966163641,0.14115845231303648,0,0.0,0.0,0.16843347098308528,0,0.0,0.0,0.16843347098308528
W1,J117,J,True,20,5.180737655120382,5.021680254524205,5.339795055716559,0.33985577882716955,0.25845705525556073,0.4963837109261705,5.191316740872623,0.1912889748601586,0,0.0,0.0,0.16843347098308528,0,0.0,0.0,0.16843347098308528
W1,J118,J,True,20,-0.176242959554864,-0.24377548535688603,-0.10871043375284195,0.1442958269567228,0.10973559034247343,0.21075439206335633,0.22548126792690718,0.17571514256353749,11,0.55,0.31527813304054847,0.7694221032240758,17,0.85,0.621073173454686,0.9679290628145363
W1,J120,J,True,20,0.6776620407956917,0.5126420120901805,0.8426820695012031,0.3525960449974894,0.26814590529929483,0.5149917823311488,0.75982472579922,0.19295249233221118,2,0.1,0.012348527170294808,0.31698271401908235,4,0.2,0.05733399705003277,0.4366140029966683
W1,J121,J,True,20,2.4280437714891687,2.3547617974841133,2.501325745494224,0.15658059452833228,0.11907803807725759,0.22869717513476634,2.4328354166940787,0.16445033731148553,0,0.0,0.0,0.16843347098308528,0,0.0,0.0,0.16843347098308528
W1,J124,J,True,20,6.606463027942208,6.446583622195688,6.766342433688728,0.341612146022425,0.2597927556364686,0.4989490110341709,6.614848271499649,0.1609484680206602,0,0.0,0.0,0.16843347098308528,0,0.0,0.0,0.16843347098308528
W1,J125,J,True,20,16.194458119677446,16.04053439526078,16.348381844094114,0.3288867229410905,0.25011519361933005,0.4803626190239569,16.197630442218617,0.14775906223117452,0,0.0,0.0,0.16843347098308528,0,0.0,0.0,0.16843347098308528
W1,J133,J,True,20,-4.95801996505553,-5.069682229336228,-4.846357700774831,0.23858723737771098,0.18144330223545074,0.3484737516539278,4.963470524767603,0.14068561499595764,0,0.0,0.0,0.16843347098308528,0,0.0,0.0,0.16843347098308528
W1,J134,J,True,20,-0.7956176153916728,-0.8802768866450271,-0.7109583441383183,0.1808903104093661,0.1375653434936722,0.26420325663272126,0.8149187868134644,0.1316924817176524,0,0.0,0.0,0.16843347098308528,0,0.0,0.0,0.16843347098308528
W1,J135,J,True,20,-1.0398610262727144,-1.155054102463001,-0.9246679500824279,0.24613147503611513,0.18718062250720882,0.3594926511939354,1.0671750661509218,0.1711526053035785,0,0.0,0.0,0.16843347098308528,0,0.0,0.0,0.16843347098308528
W1,J136,J,True,20,-15.330203244419444,-15.474337569377743,-15.186068919461142,0.3079698466140312,0.23420811009321552,0.4498120227444406,15.333141709066368,0.14229801641377982,0,0.0,0.0,0.16843347098308528,0,0.0,0.0,0.16843347098308528
W1,J139,J,True,20,-14.573395078029053,-14.682633827997723,-14.464156328060382,0.23340894739607398,0.1775052624453612,0.3409104881831485,14.57517066281592,0.13941081707620986,0,0.0,0.0,0.16843347098308528,0,0.0,0.0,0.16843347098308528
W1,J142,J,True,20,-9.474281709214852,-9.60588054760967,-9.342682870820033,0.28118544341719093,0.2138388287441601,0.4106914831447547,9.478244874261971,0.17257922444469168,0,0.0,0.0,0.16843347098308528,0,0.0,0.0,0.16843347098308528
W1,J143,J,True,20,-4.794895288673996,-4.949228793816084,-4.640561783531909,0.3297622958290171,0.25078105839013387,0.4816414559494175,4.805655714105099,0.16991002072193592,0,0.0,0.0,0.16843347098308528,0,0.0,0.0,0.16843347098308528
W1,J144,J,True,20,5.374800424177134,5.21478509702632,5.5348157513279475,0.3419025674334514,0.2600136183298619,0.4993731923096377,5.385121363262986,0.18187649387975036,0,0.0,0.0,0.16843347098308528,0,0.0,0.0,0.16843347098308528
W1,J145,J,True,20,-0.1930261217637776,-0.26970943676986453,-0.11634280675769065,0.16384819346198476,0.12460497725614232,0.23931202399994944,0.2505254531158119,0.18629267886607354,10,0.5,0.27195784956079183,0.7280421504392081,17,0.85,0.621073173454686,0.9679290628145363
W1,J147,J,True,20,0.24131696001261516,0.09057738605938441,0.39205653396584594,0.3220831920673435,0.24494117374231872,0.4704255748043006,0.3959603246177638,0.18497114086927832,8,0.4,0.19119006072530717,0.6394574126925103,11,0.55,0.31527813304054847,0.7694221032240758
W1,J148,J,True,20,2.2684453243550213,2.1862977862637654,2.3505928624462777,0.175523524413798,0.13348395429561857,0.2563646812304727,2.2748873096990248,0.1723002207364128,0,0.0,0.0,0.16843347098308528,0,0.0,0.0,0.16843347098308528
W1,J151,J,True,20,6.350417536089208,6.19421717295619,6.506617899222225,0.3337511858403545,0.2538145709277944,0.48746751555957624,6.3587438416731885,0.17279454301175284,0,0.0,0.0,0.16843347098308528,0,0.0,0.0,0.16843347098308528
W1,J152,J,True,20,17.615246843522065,17.456420683059353,17.77407300398478,0.3393616911873646,0.2580813063515319,0.4956620605337143,17.618352062488345,0.16791616172648263,0,0.0,0.0,0.16843347098308528,0,0.0,0.0,0.16843347098308528
W1,J160,J,True,20,-5.510784733290921,-5.636967003990864,-5.384602462590977,0.26961193708795356,0.2050372883520591,0.3937875480698243,5.517046713909679,0.15029016073711277,0,0.0,0.0,0.16843347098308528,0,0.0,0.0,0.16843347098308528
W1,J161,J,True,20,-0.6457759986549294,-0.7526325493692466,-0.5389194479406122,0.22831893473476017,0.1736343567094146,0.3334761600625459,0.6830444345716217,0.16332091108504848,0,0.0,0.0,0.16843347098308528,2,0.1,0.012348527170294808,0.31698271401908235
W1,J162,J,True,20,-6.49897025048473,-6.734682203921907,-6.263258297047552,0.5036425165632366,0.383015296022466,0.7356059744359673,6.517483203810443,0.4097272559148465,0,0.0,0.0,0.16843347098308528,0,0.0,0.0,0.16843347098308528
W1,J165,J,True,20,-9.951470530814236,-10.304750521928563,-9.598190539699909,0.7548485394215657,0.5740550634040361,1.1025103662451592,9.978630779182968,0.2661674553820176,0,0.0,0.0,0.16843347098308528,0,0.0,0.0,0.16843347098308528
W1,J174,J,True,20,3.377390430468049,3.1179612414887266,3.636819619447371,0.5543188103200248,0.42155413064474245,0.8096223317207777,3.420332147046253,0.33282899684652584,0,0.0,0.0,0.16843347098308528,0,0.0,0.0,0.16843347098308528
W1,J175,J,True,20,3.0637156757722535,2.941449926891625,3.1859814246528813,0.26124355832526824,0.19867321668692278,0.3815649314087437,3.074278700589906,0.2646725045960953,0,0.0,0.0,0.16843347098308528,0,0.0,0.0,0.16843347098308528
W1,J178,J,True,20,7.584853869671609,7.374710652900901,7.794997086442318,0.4490101456025692,0.3414679026874121,0.6558114829968733,7.597469172664257,0.2640953384047513,0,0.0,0.0,0.16843347098308528,0,0.0,0.0,0.16843347098308528
W1,J179,J,True,20,20.75178352307015,20.54253989766746,20.96102714847284,0.4470880009940355,0.3400061301761093,0.6530040531011295,20.756358367617544,0.23646482852984474,0,0.0,0.0,0.16843347098308528,0,0.0,0.0,0.16843347098308528
W1,J187,J,True,20,-2.9567136079977323,-3.065463355538469,-2.8479638604569955,0.23236410257671133,0.17671066799667057,0.3393844174758413,2.9653749816974138,0.21792313968800572,0,0.0,0.0,0.16843347098308528,0,0.0,0.0,0.16843347098308528
W1,J188,J,True,20,-1.056279082161028,-1.1740801785105341,-0.9384779858115218,0.25170399614538946,0.19141847128301243,0.36763171746781714,1.0843950645418503,0.1921662791082408,0,0.0,0.0,0.16843347098308528,0,0.0,0.0,0.16843347098308528
W1,J189,J,True,20,-5.988067731072609,-6.177856711754639,-5.79827875039058,0.4055195269176054,0.3083937049340338,0.5922903189083386,6.001098144030721,0.3418767995775411,0,0.0,0.0,0.16843347098308528,0,0.0,0.0,0.16843347098308528
W1,J192,J,True,20,-9.948310217553246,-10.279558739289177,-9.617061695817315,0.7077741992384814,0.5382554798753838,1.033754920184719,9.972200022358486,0.20102803599613922,0,0.0,0.0,0.16843347098308528,0,0.0,0.0,0.16843347098308528
W1,J193,J,True,20,-15.41800383416129,-15.538157784349254,-15.297849883973324,0.2567313068567337,0.19524169278830136,0.37497446489876485,15.420034294577183,0.13355581486862408,0,0.0,0.0,0.16843347098308528,0,0.0,0.0,0.16843347098308528
W1,J195,J,True,20,-10.374077945159428,-10.716551770148786,-10.03160412017007,0.7317591516233782,0.5564958057725572,1.0687866613317691,10.39856678083228,0.28785517678794637,0,0.0,0.0,0.16843347098308528,0,0.0,0.0,0.16843347098308528
W1,J196,J,True,20,-8.161393892453685,-8.285307888849475,-8.037479896057894,0.2647653463141688,0.20135150262334797,0.38670875505375724,8.165472792310235,0.1522005320983547,0,0.0,0.0,0.16843347098308528,0,0.0,0.0,0.16843347098308528
W1,J197,J,True,20,0.2887497410897845,0.13039097197649308,0.447108510203076,0.3383630224647533,0.25732182838086837,0.49420343332358885,0.43833944746318076,0.1430930588389618,7,0.35,0.15390920478454118,0.5921885345328282,11,0.55,0.31527813304054847,0.7694221032240758
W1,J198,J,True,20,6.974494762047949,6.775039600686718,7.17394992340918,0.42617312335952373,0.32410056663647835,0.6224563760552574,6.986853336113088,0.30015185750033946,0,0.0,0.0,0.16843347098308528,0,0.0,0.0,0.16843347098308528
W1,J201,J,True,20,3.538321368829258,3.3113003355455333,3.7653424021129824,0.4850727459872954,0.36889316387455323,0.7084834942435064,3.569768745950979,0.25273091966687056,0,0.0,0.0,0.16843347098308528,0,0.0,0.0,0.16843347098308528
W1,J202,J,True,20,2.901966187219189,2.8093837216109794,2.994548652827398,0.1978196917407299,0.1504399753781219,0.2889298308223575,2.9083644459871003,0.17322081245921744,0,0.0,0.0,0.16843347098308528,0,0.0,0.0,0.16843347098308528
W1,J204,J,True,20,6.854488567894881,6.537154482885445,7.171822652904318,0.6780434120327339,0.5156455017895473,0.990330975672508,6.886273974550574,0.3763493362340504,0,0.0,0.0,0.16843347098308528,0,0.0,0.0,0.16843347098308528
W1,J205,J,True,20,7.5678579914464255,7.374776058352908,7.760939924539942,0.4125555334300462,0.3137445203011875,0.6025669104519598,7.578533271250781,0.16742859215934397,0,0.0,0.0,0.16843347098308528,0,0.0,0.0,0.16843347098308528
W1,J206,J,True,20,20.565781224154815,20.38656792841195,20.744994519897684,0.38292260512611026,0.29120896297017834,0.5592858958760766,20.569167596070567,0.14686515892919882,0,0.0,0.0,0.16843347098308528,0,0.0,0.0,0.16843347098308528
W1,J214,J,True,20,-3.358246595704602,-3.464238459767614,-3.2522547316415893,0.22647137055843694,0.1722293019004128,0.33077766023069816,3.365493279618908,0.14367078252691723,0,0.0,0.0,0.16843347098308528,0,0.0,0.0,0.16843347098308528
W1,J215,J,True,20,-0.9331947590341196,-1.0358420453554755,-0.8305474727127636,0.2193250569070243,0.16679459901364505,0.32033995720863334,0.9573665780915138,0.14249366830463348,0,0.0,0.0,0.16843347098308528,0,0.0,0.0,0.16843347098308528
W1,J216,J,True,20,-5.7064309465633665,-5.87841074152786,-5.534451151598872,0.36746688265443567,0.27945503449304143,0.5367117060182183,5.717659876404984,0.3341276896523414,0,0.0,0.0,0.16843347098308528,0,0.0,0.0,0.16843347098308528
W1,J219,J,True,20,-9.95089844797712,-10.244179913703489,-9.657616982250753,0.6266505084102577,0.4765616922479331,0.9152679583437107,9.969625681973207,0.19532075400074206,0,0.0,0.0,0.16843347098308528,0,0.0,0.0,0.16843347098308528
W1,J220,J,True,20,-15.300085041202891,-15.418233742857634,-15.181936339548146,0.25244671966088167,0.19198330538218714,0.36871651836802377,15.302063427753614,0.13851721244894075,0,0.0,0.0,0.16843347098308528,0,0.0,0.0,0.16843347098308528
W1,J222,J,True,20,-9.738895569952561,-10.071147109929038,-9.406644029976082,0.709917334635143,0.5398853137582932,1.036885122957446,9.763445621979788,0.29833609868375127,0,0.0,0.0,0.16843347098308528,0,0.0,0.0,0.16843347098308528
W1,J223,J,True,20,-7.671174502611969,-7.788152982698914,-7.554196022525023,0.24994632319499444,0.19008177788786354,0.36506451021089614,7.67504187322641,0.17091601911844,0,0.0,0.0,0.16843347098308528,0,0.0,0.0,0.16843347098308528
W1,J224,J,True,20,1.7153558793989547,1.5599181744880593,1.8707935843098502,0.3321216244173286,0.25257530511861265,0.48508742436579044,1.7456332168367692,0.20300240796951513,0,0.0,0.0,0.16843347098308528,0,0.0,0.0,0.16843347098308528
W1,J225,J,True,20,6.7166744603902595,6.524507030756428,6.908841890024091,0.4106015263585964,0.3122585166928973,0.5997129431466238,6.728586756491617,0.2704600229944497,0,0.0,0.0,0.16843347098308528,0,0.0,0.0,0.16843347098308528
W1,J228,J,True,20,3.2443450613032296,3.0531518184160524,3.4355383041904073,0.4085199948217658,0.3106755319536429,0.5966727172242414,3.268687662298643,0.24038418527489247,0,0.0,0.0,0.16843347098308528,0,0.0,0.0,0.16843347098308528
W1,J229,J,True,20,2.75805595812458,2.669775625196499,2.8463362910526606,0.18862738351022554,0.14344931326710383,0.27550380615041753,2.764176901622961,0.17811471083219588,0,0.0,0.0,0.16843347098308528,0,0.0,0.0,0.16843347098308528
W1,J231,J,True,20,7.153006824795767,6.839848612891811,7.466165036699723,0.6691208809136094,0.5088600025803437,0.9772989797975238,7.182676607726797,0.3662377028171448,0,0.0,0.0,0.16843347098308528,0,0.0,0.0,0.16843347098308528
W1,J232,J,True,20,7.624260119324953,7.464613312322771,7.783906926327136,0.34111515545729115,0.2594147990856117,0.49822312071131747,7.631506007266683,0.1692238608331698,0,0.0,0.0,0.16843347098308528,0,0.0,0.0,0.16843347098308528
W1,J233,J,True,20,23.708312277024252,23.549964385792446,23.866660168256058,0.33833977984372104,0.2573041525908343,0.49416948581056,23.710605667953573,0.22029908077189597,0,0.0,0.0,0.16843347098308528,0,0.0,0.0,0.16843347098308528
W1,J240,J,True,20,-4.50261907639656,-4.7428623414011915,-4.262375811391929,0.5133245081970322,0.39037835765794987,0.749747216797433,4.530331720228681,0.3308880904295424,0,0.0,0.0,0.16843347098308528,0,0.0,0.0,0.16843347098308528
W1,J241,J,True,20,-3.471445165960594,-3.587378163299937,-3.3555121686212512,0.24771245446518017,0.18838294217664592,0.3618017849053158,3.479831163628988,0.16151557789707763,0,0.0,0.0,0.16843347098308528,0,0.0,0.0,0.16843347098308528
W1,J242,J,True,20,-0.5690697633333168,-0.6884880281607657,-0.44965149850586805,0.25515937797928034,0.19404625597642833,0.3726785501663597,0.6210405689666915,0.2127301386879322,1,0.05,0.0012650894979498038,0.24873276277202777,6,0.3,0.11893159040572766,0.5427891822762891
W1,H2_0,H2,True,20,-0.5361134728626864,-0.6268746673375212,-0.4453522783878516,0.19392820654627577,0.14748053826806257,0.28324603792495984,0.5684587914831053,0.1469558213864811,0,0.0,0.0,0.16843347098308528,1,0.05,0.0012650894979498038,0.24873276277202777
W1,H2_1,H2,True,20,-6.350124945390237,-6.437198945770763,-6.263050945009711,0.1860498292063238,0.14148910797812295,0.2717391034435816,6.352713643323433,0.17978148952330023,0,0.0,0.0,0.16843347098308528,0,0.0,0.0,0.16843347098308528
W1,H2_3,H2,True,20,0.5583628038388112,0.41959433568666626,0.6971312719909561,0.29650469354919134,0.22548897131788306,0.43306634537417005,0.6287195736913267,0.182528332735305,2,0.1,0.012348527170294808,0.31698271401908235,4,0.2,0.05733399705003277,0.4366140029966683
W1,H2_4,H2,True,20,4.0309074556481095,3.9293099213470404,4.132504989949179,0.21708206608048808,0.1650888260354942,0.31706390842731896,4.036456776461579,0.2039530450369975,0,0.0,0.0,0.16843347098308528,0,0.0,0.0,0.16843347098308528
W1,H2_5,H2,True,20,0.23707391541448278,0.11302637650005766,0.3611214543289079,0.26505068479264954,0.20156849979536526,0.38712551234211956,0.35063273321746957,0.21339421478793216,7,0.35,0.15390920478454118,0.5921885345328282,14,0.7,0.45721081772371086,0.8810684095942722
W1,H2_7,H2,True,20,-0.05602143576808287,-0.1718813406719697,0.05983846913580395,0.2475562788550852,0.18826417212534008,0.36157367923895745,0.247706089763787,0.23021619797019938,14,0.7,0.45721081772371086,0.8810684095942722,19,0.95,0.7512672372279722,0.9987349105020502
W1,H2_8,H2,True,20,-0.24458399373034515,-0.3351212897830481,-0.15404669767764217,0.19344980584095434,0.14711671912702498,0.282547299424068,0.30882521917743916,0.10859652987562468,6,0.3,0.11893159040572766,0.5427891822762891,9,0.45,0.2305778967759241,0.6847218669594515
W1,H2_9,H2,True,20,-6.372088625741315,-6.454112597021224,-6.290064654461407,0.1752595008930411,0.13328316694420578,0.25597905596478676,6.374377895318292,0.1652386962124663,0,0.0,0.0,0.16843347098308528,0,0.0,0.0,0.16843347098308528
W1,H2_11,H2,True,20,-1.5130364272123618,-1.6385923308577819,-1.3874805235669416,0.2682735871441674,0.20401948607555775,0.3918327921027285,1.5354645589373879,0.15364077298154186,0,0.0,0.0,0.16843347098308528,0,0.0,0.0,0.16843347098308528
W1,H2_12,H2,True,20,4.095921921136265,4.000506835244245,4.1913370070282845,0.2038721128734013,0.1550427835119576,0.2977698254585858,4.100739205378912,0.18994395299740519,0,0.0,0.0,0.16843347098308528,0,0.0,0.0,0.16843347098308528
W1,H2_13,H2,True,20,0.5664862759798367,0.4568262279934935,0.67614632396618,0.234309129125295,0.17818984200358504,0.3422252680842015,0.610788367984677,0.1910667346043776,1,0.05,0.0012650894979498038,0.24873276277202777,4,0.2,0.05733399705003277,0.4366140029966683
W1,H2_15,H2,True,20,-0.3933714730494686,-0.4787883016563561,-0.30795464444258114,0.18250897287603657,0.13879632075123738,0.26656742911999093,0.43172348179171505,0.14861954977266992,1,0.05,0.0012650894979498038,0.24873276277202777,6,0.3,0.11893159040572766,0.5427891822762891
W1,H2_16,H2,True,20,-1.6521171061862956,-1.7704873485423787,-1.5337468638302127,0.2529200826563377,0.19234329339326264,0.3694078989327753,1.6704074569857876,0.1982155730501591,0,0.0,0.0,0.16843347098308528,0,0.0,0.0,0.16843347098308528
W1,H2_17,H2,False,20,-5.983648140101688,-6.091231390006516,-5.876064890196861,0.22987166298530556,0.174815191628959,0.3357440309038935,5.987841347005934,0.15471649055563252,0,0.0,0.0,0.16843347098308528,0,0.0,0.0,0.16843347098308528
W1,H2_18,H2,True,20,-5.140434871618234,-5.293857759596831,-4.987011983639638,0.3278165925536485,0.24930136973899986,0.4787996169331098,5.1503554442178645,0.20951702065685288,0,0.0,0.0,0.16843347098308528,0,0.0,0.0,0.16843347098308528
W1,H2_19,H2,True,20,0.9838134934482585,0.8779931304760011,1.089633856420516,0.22610492651653838,0.17195062472648953,0.3302424424568763,1.0081945525523155,0.14638888592011112,0,0.0,0.0,0.16843347098308528,0,0.0,0.0,0.16843347098308528
W1,H2_20,H2,True,20,4.202828662516634,4.080211551356305,4.325445773676964,0.26199430931686507,0.1992441556045658,0.3826614570128584,4.210579263436334,0.19343906094522456,0,0.0,0.0,0.16843347098308528,0,0.0,0.0,0.16843347098308528
W1,H2_21,H2,True,20,-0.9935509168403072,-1.1139360795185662,-0.873165754162048,0.2572253354317583,0.19561739677413206,0.3756960290228782,1.024695102888072,0.17190904264066645,0,0.0,0.0,0.16843347098308528,0,0.0,0.0,0.16843347098308528
W1,H2_22,H2,True,20,-0.6777355793917574,-0.8411029923507917,-0.5143681664327233,0.34906492346830664,0.2654605212951399,0.5098343263819347,0.7583399767450081,0.22889393337855501,1,0.05,0.0012650894979498038,0.24873276277202777,7,0.35,0.15390920478454118,0.5921885345328282
W1,H2_23,H2,True,20,0.03315847074789963,-0.04027800691883821,0.10659494841463746,0.15691072039532034,0.11932909562802183,0.22917934761243838,0.15649092513167912,0.1354148105319539,12,0.6,0.36054258730748967,0.8088099392746928,18,0.9,0.6830172859809177,0.9876514728297052
W1,H2_24,H2,True,20,-1.2872378959136028,-1.3613069151265103,-1.2131688767006952,0.15826226329120752,0.12035693101786882,0.23115337283116963,1.296447452640882,0.17325900360016708,0,0.0,0.0,0.16843347098308528,0,0.0,0.0,0.16843347098308528
W1,H2_25,H2,True,20,-6.219122640794537,-6.313269900782341,-6.124975380806733,0.20116316655289443,0.15298265585645687,0.293813215299084,6.222212605644549,0.16627051200712986,0,0.0,0.0,0.16843347098308528,0,0.0,0.0,0.16843347098308528
W1,H2_26,H2,True,20,-4.536263103166364,-4.697303091300526,-4.3752231150322025,0.3440919465835218,0.26167862014303656,0.5025709373969414,4.54864400073989,0.16642754534111587,0,0.0,0.0,0.16843347098308528,0,0.0,0.0,0.16843347098308528
W1,H2_27,H2,True,20,1.5281168520124266,1.4432907345603352,1.6129429694645179,0.18124680840696664,0.13783645679644524,0.2647239474963499,1.5382941847007658,0.1329980022323668,0,0.0,0.0,0.16843347098308528,0,0.0,0.0,0.16843347098308528
W1,H2_28,H2,True,20,4.4511607276118275,4.345662783698876,4.556658671524779,0.22541601810926898,0.17142671650018804,0.3292362423773345,4.456579808013436,0.15958825740026936,0,0.0,0.0,0.16843347098308528,0,0.0,0.0,0.16843347098308528
W1,H2_29,H2,True,20,-0.8819433285989031,-0.9824547653613217,-0.7814318918364845,0.21476141628049825,0.1633239941539984,0.31367443315208804,0.9064438082345635,0.16117968231583824,0,0.0,0.0,0.16843347098308528,0,0.0,0.0,0.16843347098308528
W1,H2_30,H2,True,20,-0.35517351059827945,-0.5238974897916492,-0.18644953140490975,0.360510225495034,0.2741645635466703,0.5265510098889904,0.499617317737148,0.17978983232269014,8,0.4,0.19119006072530717,0.6394574126925103,11,0.55,0.31527813304054847,0.7694221032240758
W1,H2_31,H2,True,20,-0.10520716636125593,-0.18669354940154645,-0.023720783320965416,0.17411084343240912,0.1324096239790198,0.254301359458171,0.19966823574237494,0.14376194535937944,9,0.45,0.2305778967759241,0.6847218669594515,16,0.8,0.5633859970033317,0.9426660029499672
W2,EW0,EW,True,20,0.7520116332360769,0.6033271252708385,0.9006961412013151,0.3176921605952299,0.24160183648657615,0.46401215878282465,0.8132671086309061,0.2325190488751155,2,0.1,0.012348527170294808,0.31698271401908235,5,0.25,0.08657146910143461,0.49104587170795744
W2,EW1,EW,True,20,-4.456664762597438,-4.630840599682258,-4.282488925512618,0.3721591359060491,0.2830234480186566,0.543565078027013,4.471402252928504,0.1627767075735904,0,0.0,0.0,0.16843347098308528,0,0.0,0.0,0.16843347098308528
W2,EW2,EW,True,20,0.8620093998890047,0.7744788824019486,0.949539917376061,0.18702526308243722,0.14223091607121116,0.2731637944959427,0.8810730571731861,0.17589307867309487,0,0.0,0.0,0.16843347098308528,0,0.0,0.0,0.16843347098308528
W2,EW3,EW,True,20,-0.18494028948075064,-0.28060782904942316,-0.08927274991207813,0.20441152720165645,0.15545300292715955,0.29855767872655165,0.27184146023646155,0.2061156341533492,9,0.45,0.2305778967759241,0.6847218669594515,17,0.85,0.621073173454686,0.9679290628145363
W2,EW4,EW,True,20,-2.413117448399053,-2.5074201977800423,-2.318814699018064,0.20149539861894172,0.1532353151513742,0.294298464031362,2.421096073196876,0.1973666592011156,0,0.0,0.0,0.16843347098308528,0,0.0,0.0,0.16843347098308528
W2,EW5,EW,True,20,6.622218874140333,6.487856103252053,6.7565816450286125,0.28709110028490226,0.21833002406426283,0.41931711805838656,6.628128171051772,0.36348410883575866,0,0.0,0.0,0.16843347098308528,0,0.0,0.0,0.16843347098308528
W2,EW6,EW,True,20,-0.744078768109015,-0.8721157287814896,-0.6160418074365404,0.2735748278603099,0.20805102871821454,0.39957563392896656,0.7904139676571309,0.21229877095321031,1,0.05,0.0012650894979498038,0.24873276277202777,2,0.1,0.012348527170294808,0.31698271401908235
W2,EW7,EW,True,20,-0.010210018274786542,-0.13882422786971613,0.11840419132014306,0.27480822776111774,0.20898901749514637,0.4013771028400787,0.2680444523136368,0.20861628533534884,8,0.4,0.19119006072530717,0.6394574126925103,18,0.9,0.6830172859809177,0.9876514728297052
W2,EW8,EW,True,20,0.5566129777161848,0.48825979754954735,0.6249661578828222,0.14604930794653456,0.11106909579186532,0.21331547666154968,0.5745275339756631,0.1554168507768537,0,0.0,0.0,0.16843347098308528,2,0.1,0.012348527170294808,0.31698271401908235
W2,EW9,EW,True,20,8.784611861942796,8.676248209324305,8.892975514561288,0.23153913882143032,0.17608329098510905,0.33817949881405146,8.78751019454043,0.1850221420592885,0,0.0,0.0,0.16843347098308528,0,0.0,0.0,0.16843347098308528
W2,EW10,EW,True,20,2.3791316983916877,2.2716557174876013,2.486607679295774,0.2296424627742229,0.17464088707005224,0.3354092675765936,2.3896373189180142,0.17878954437775593,0,0.0,0.0,0.16843347098308528,0,0.0,0.0,0.16843347098308528
W2,EW11,EW,False,20,-11.606760436827242,-11.731054613300909,-11.482466260353574,0.2655776719021469,0.20196926843007368,0.38789521476685185,11.609646539094994,0.31739317035659603,0,0.0,0.0,0.16843347098308528,0,0.0,0.0,0.16843347098308528
W2,EW12,EW,True,20,2.1384053259819145,2.004783231526869,2.27202742043696,0.2855085070504323,0.217126477111317,0.4170056272686055,2.1564361085842716,0.18181317370789027,0,0.0,0.0,0.16843347098308528,0,0.0,0.0,0.16843347098308528
W2,EW13,EW,True,20,-1.4854140260492688,-1.5897750569620617,-1.381052995136476,0.22298679160563306,0.1695793130785214,0.32568818304841485,1.501230089810667,0.14403895605005118,0,0.0,0.0,0.16843347098308528,0,0.0,0.0,0.16843347098308528
W2,EW14,EW,True,20,2.4488415860742108,2.3641021301264704,2.5335810420219516,0.18106163995240235,0.13769563796541617,0.26445349570370924,2.455192307188094,0.12497223703294723,0,0.0,0.0,0.16843347098308528,0,0.0,0.0,0.16843347098308528
W2,EW15,EW,True,20,-1.225003984090443,-1.3198330199897688,-1.1301749481911172,0.20261990784583178,0.15409049361675942,0.2959408903127119,1.2408210373539525,0.12956919249376708,0,0.0,0.0,0.16843347098308528,0,0.0,0.0,0.16843347098308528
W2,EW16,EW,True,20,5.935813216364936,5.825772297862621,6.045854134867252,0.2351229299629345,0.17880872972350748,0.3434138825051078,5.940235449218936,0.14604226164774262,0,0.0,0.0,0.16843347098308528,0,0.0,0.0,0.16843347098308528
W2,EW17,EW,True,20,-4.695200408845837,-4.778085552496469,-4.612315265195205,0.17709955615397222,0.13468251129518005,0.2586665884877947,4.69837236916962,0.22986236002691546,0,0.0,0.0,0.16843347098308528,0,0.0,0.0,0.16843347098308528
W2,EW18,EW,True,20,3.428733496764267,3.301271375090446,3.5561956184380876,0.27234657721082495,0.2071169558974518,0.3977816858682838,3.438993663420427,0.25039735785000544,0,0.0,0.0,0.16843347098308528,0,0.0,0.0,0.16843347098308528
W2,EW19,EW,True,20,-3.244169015016215,-3.318914383880723,-3.169423646151707,0.15970741036856864,0.12145595148859581,0.23326411366238384,3.2479014350918316,0.12954905924959606,0,0.0,0.0,0.16843347098308528,0,0.0,0.0,0.16843347098308528
W2,EW20,EW,True,20,1.683626699187728,1.5712617128998907,1.7959916854755655,0.24008873390751867,0.18258517592348913,0.3506667948970964,1.69981155789682,0.13504755355711512,0,0.0,0.0,0.16843347098308528,0,0.0,0.0,0.16843347098308528
W2,EW21,EW,True,20,-2.1270226343074006,-2.2144549512244733,-2.0395903173903283,0.1868154392636905,0.14207134707255267,0.27285733177769905,2.1348021675991236,0.1170484725862031,0,0.0,0.0,0.16843347098308528,0,0.0,0.0,0.16843347098308528
W2,EW22,EW,True,20,1.629315143672342,1.528917454284581,1.729712833060103,0.2145183738162126,0.1631391626944949,0.3133194522223799,1.6426761894754365,0.1298902300732814,0,0.0,0.0,0.16843347098308528,0,0.0,0.0,0.16843347098308528
W2,EW23,EW,True,20,3.9621301681753907,3.880417782160871,4.043842554189911,0.17459374090549712,0.13277686286874943,0.255006665810517,3.9657829359674692,0.23706038340122038,0,0.0,0.0,0.16843347098308528,0,0.0,0.0,0.16843347098308528
W2,EW24,EW,True,20,0.6706611353120355,0.5209763733445828,0.8203458972794884,0.31982938968154334,0.24322717867719992,0.4671337349661831,0.7395692361076774,0.380287336559989,4,0.2,0.05733399705003277,0.4366140029966683,12,0.6,0.36054258730748967,0.8088099392746928
W2,EW25,EW,True,20,2.359905747324532,2.2060025301034045,2.513808964545659,0.32884290549603223,0.2500818708732591,0.48029862050653754,2.381572150896478,0.18725065662773574,0,0.0,0.0,0.16843347098308528,0,0.0,0.0,0.16843347098308528
W2,EW26,EW,True,20,0.03367064075399659,-0.07638389221269427,0.14372517372068747,0.23515201980330902,0.1788308522676849,0.34345637030085807,0.23165785297606842,0.12782220521409848,9,0.45,0.2305778967759241,0.6847218669594515,15,0.75,0.5089541282920426,0.9134285308985653
W2,EW27,EW,True,20,0.671546172206398,0.5964198383617533,0.7466725060510427,0.16052141304650072,0.12207499270612196,0.23445302288549655,0.68953102123776,0.138491683533626,0,0.0,0.0,0.16843347098308528,0,0.0,0.0,0.16843347098308528
W2,EW28,EW,True,20,-1.0802993645216337,-1.1652298030433241,-0.9953689259999433,0.18146970981377783,0.13800597117520777,0.2650495109687894,1.0946832463259621,0.1318951113414552,0,0.0,0.0,0.16843347098308528,0,0.0,0.0,0.16843347098308528
W2,EW29,EW,True,20,-3.365283648841902,-3.4462025932852214,-3.2843647043985826,0.17289840512028085,0.13148757628892874,0.25253050644893216,3.3695004381556535,0.22495896250746494,0,0.0,0.0,0.16843347098308528,0,0.0,0.0,0.16843347098308528
W2,EW30,EW,True,20,-2.352216410504388,-2.575677378260033,-2.1287554427487434,0.4774660025211863,0.36310830853644577,0.6973733004936723,2.3978109050197283,0.46038290108648233,0,0.0,0.0,0.16843347098308528,0,0.0,0.0,0.16843347098308528
W2,EW31,EW,True,20,2.431563643480279,2.2112175776532026,2.651909709307355,0.47081043404756595,0.35804681264345267,0.6876523659588532,2.474486026200743,0.29835952073422534,0,0.0,0.0,0.16843347098308528,0,0.0,0.0,0.16843347098308528
W2,EW32,EW,True,20,1.3709850781534214,1.243523054873956,1.4984471014328866,0.27234636697294706,0.2071167960135652,0.3977813788008026,1.3964469202023178,0.154825253131982,0,0.0,0.0,0.16843347098308528,0,0.0,0.0,0.16843347098308528
W2,EW33,EW,True,20,0.31012660513057516,0.22414868948079641,0.3961045207803539,0.1837078399091762,0.13970804761401884,0.2683184603040731,0.35810564521060884,0.12524628597581927,5,0.25,0.08657146910143461,0.49104587170795744,7,0.35,0.15390920478454118,0.5921885345328282
W2,EW34,EW,True,20,-0.21637461298053812,-0.3069711174261752,-0.12577810853490098,0.19357631560672647,0.14721292858868362,0.2827320759996468,0.2870821722227956,0.14404549735956318,2,0.1,0.012348527170294808,0.31698271401908235,12,0.6,0.36054258730748967,0.8088099392746928
W2,EW35,EW,True,20,-0.646291919132893,-0.7365713250182186,-0.5560125132475673,0.19289877543710415,0.14669766579791318,0.281742480045565,0.673084456382225,0.23659855039218922,0,0.0,0.0,0.16843347098308528,3,0.15,0.0320709371854637,0.37892682654531396
W2,EW36,EW,False,20,-7.308068262057334,-7.5694333363289275,-7.04670318778574,0.5584551900248286,0.4246998076775468,0.8156638105938333,7.32831087715253,0.6327185148084618,0,0.0,0.0,0.16843347098308528,0,0.0,0.0,0.16843347098308528
W2,EW37,EW,False,20,16.376400162820502,16.083300957699702,16.669499367941306,0.6262610746597884,0.47626553162147334,0.9146991624536277,16.387772120693523,0.6106830176052251,0,0.0,0.0,0.16843347098308528,0,0.0,0.0,0.16843347098308528
W2,EW38,EW,True,20,6.101098210051813,5.923893355653596,6.278303064450029,0.3786311958936192,0.2879453874707304,0.55301798527212,6.1122494118021775,0.4309846477449379,0,0.0,0.0,0.16843347098308528,0,0.0,0.0,0.16843347098308528
W2,EW39,EW,True,20,-0.24334633097980288,-0.36439500005670256,-0.12229766190290317,0.25864304050565995,0.19669554786482701,0.37776668884220127,0.35038385819447165,0.24849963052252674,11,0.55,0.31527813304054847,0.7694221032240758,15,0.75,0.5089541282920426,0.9134285308985653
W2,EW40,EW,True,20,-0.5228290341594753,-0.6184358118444709,-0.4272222564744797,0.20428169811339908,0.1553542691526352,0.29836805404269967,0.5594592572609903,0.17836834673965063,2,0.1,0.012348527170294808,0.31698271401908235,2,0.1,0.012348527170294808,0.31698271401908235
W2,EW41,EW,True,20,0.41288853807642123,0.29243506463488805,0.5333420115179544,0.257371294108109,0.19572839694546587,0.3759092121256015,0.48311999415696194,0.22644266009625585,7,0.35,0.15390920478454118,0.5921885345328282,11,0.55,0.31527813304054847,0.7694221032240758
W2,J0,J,True,20,-0.4460700770802557,-0.6131718554432083,-0.27896829871730305,0.35704409110223584,0.2715286016354909,0.5214884723078922,0.5657605257596678,0.24118962357991927,5,0.25,0.08657146910143461,0.49104587170795744,12,0.6,0.36054258730748967,0.8088099392746928
W2,J1,J,True,20,3.4031520853505595,3.2002153857463744,3.6060887849547445,0.4336120786463625,0.3297578206759687,0.6333215031495731,3.4292947640931186,0.22457520220397734,0,0.0,0.0,0.16843347098308528,0,0.0,0.0,0.16843347098308528
W2,J4,J,True,20,0.7683594805789893,0.5619845626701765,0.9747343984878022,0.44095847281172307,0.33534468287168645,0.6440514380952506,0.8803967556748714,0.24314877438898969,2,0.1,0.012348527170294808,0.31698271401908235,5,0.25,0.08657146910143461,0.49104587170795744
W2,J7,J,True,20,0.38288963886099825,0.25608751171584104,0.5096917660061555,0.2709363759016121,0.20604451134772409,0.3957219858348294,0.4651243590100075,0.28264980606067514,9,0.45,0.2305778967759241,0.6847218669594515,15,0.75,0.5089541282920426,0.9134285308985653
W2,J8,J,True,20,1.4535773093181406,1.3203476463231638,1.586806972313117,0.2846700041011943,0.21648880367280418,0.41578093364414614,1.4798216631870849,0.2925851384127932,0,0.0,0.0,0.16843347098308528,0,0.0,0.0,0.16843347098308528
W2,J9,J,True,20,-2.504840778534726,-2.626780750363104,-2.3829008067063477,0.2605474749402677,0.1981438519589772,0.38054825176023804,2.5176810884568592,0.2082513925295931,0,0.0,0.0,0.16843347098308528,0,0.0,0.0,0.16843347098308528
W2,J10,J,True,20,1.6628298181610441,1.505267400370984,1.8203922359511044,0.3366614694520522,0.25602781365926613,0.4917181932558844,1.6948973130925735,0.23552626680584093,0,0.0,0.0,0.16843347098308528,0,0.0,0.0,0.16843347098308528
W2,J13,J,True,20,0.10018975846284152,-0.05843982325216808,0.25881934017785113,0.33894166405783954,0.2577618797541702,0.4950485808219295,0.34521785404788236,0.2562182563571735,12,0.6,0.36054258730748967,0.8088099392746928,18,0.9,0.6830172859809177,0.9876514728297052
W2,J16,J,True,20,-0.29368948416600416,-0.4207729733244443,-0.16660599500756404,0.2715375582785291,0.20650170477060978,0.3966000557626891,0.3953473490334365,0.2839532396046462,11,0.55,0.31527813304054847,0.7694221032240758,17,0.85,0.621073173454686,0.9679290628145363
W2,J17,J,True,20,-0.49738222333287435,-0.6494375700850877,-0.3453268765806609,0.3248945858640595,0.24707921171939984,0.47453181684174556,0.5896335670695345,0.3085849958028434,4,0.2,0.05733399705003277,0.4366140029966683,14,0.7,0.45721081772371086,0.8810684095942722
W2,J25,J,True,20,0.18347284333218694,0.046599188930818526,0.32034649773355534,0.2924560708470165,0.22241003264261328,0.42715304189002523,0.3389930824469854,0.2917501049747182,10,0.5,0.27195784956079183,0.7280421504392081,18,0.9,0.6830172859809177,0.9876514728297052
W2,J26,J,True,20,-0.10829629157808059,-0.31473408073008347,0.0981414975739223,0.4410928089396876,0.3354468442066149,0.6442476456334617,0.4433540453891824,0.41824146399800244,11,0.55,0.31527813304054847,0.7694221032240758,18,0.9,0.6830172859809177,0.9876514728297052
W2,J27,J,True,20,-0.28823227576625,-0.37920575152226366,-0.1972588000102363,0.19438178506494297,0.14782548037458335,0.28390852184407817,0.34492449788348395,0.15214202779624486,5,0.25,0.08657146910143461,0.49104587170795744,12,0.6,0.36054258730748967,0.8088099392746928
W2,J28,J,True,20,3.476253663465271,3.3254747297606477,3.6270325971698942,0.3221672915114049,0.24500513056169587,0.4705484080669101,3.490407097788096,0.17022501641978546,0,0.0,0.0,0.16843347098308528,0,0.0,0.0,0.16843347098308528
W2,J31,J,True,20,0.8476628661233544,0.6881092059231314,1.0072165263235773,0.3409161299557637,0.2592634421034734,0.49793242970892204,0.9104641409112577,0.16469605892592276,0,0.0,0.0,0.16843347098308528,2,0.1,0.012348527170294808,0.31698271401908235
W2,J34,J,True,20,0.3752489165369288,0.2753600212042348,0.4751378118696229,0.21343124049705015,0.1623124082479159,0.31173161613173106,0.4290536086099767,0.17874925447612114,4,0.2,0.05733399705003277,0.4366140029966683,9,0.45,0.2305778967759241,0.6847218669594515
W2,J35,J,True,20,2.0524605620795286,1.9526661928522784,2.1522549313067785,0.2132292678565773,0.16215880999491886,0.31143662062178434,2.062956069219346,0.18397610507103984,0,0.0,0.0,0.16843347098308528,0,0.0,0.0,0.16843347098308528
W2,J36,J,True,20,-2.3520065082929635,-2.4410106966539384,-2.2630023199319886,0.19017403554265164,0.1446255272811347,0.2777628022399252,2.359299148191536,0.15893219874403922,0,0.0,0.0,0.16843347098308528,0,0.0,0.0,0.16843347098308528
W2,J37,J,True,20,1.689596202294499,1.5683769707295288,1.810815433859469,0.2590074790480017,0.19697269987560148,0.3782989774402542,1.7083518248009262,0.1955605314030929,0,0.0,0.0,0.16843347098308528,0,0.0,0.0,0.16843347098308528
W2,J40,J,True,20,0.12404279424097188,0.0011840594287180822,0.24690152905322568,0.2625105832789695,0.19963677699358884,0.383415512118375,0.28434632197357435,0.1714357209131685,7,0.35,0.15390920478454118,0.5921885345328282,14,0.7,0.45721081772371086,0.8810684095942722
W2,J43,J,True,20,-0.3319626241173288,-0.41583875134748655,-0.24808649688717105,0.17921697725454425,0.13629278970291647,0.2617592336890106,0.3751159454092907,0.17267746920742658,5,0.25,0.08657146910143461,0.49104587170795744,10,0.5,0.27195784956079183,0.7280421504392081
W2,J44,J,True,20,-0.4828900261857456,-0.575865343565289,-0.38991470880620227,0.19865909276331656,0.15107833179278968,0.29015583614727697,0.5202642989580747,0.1741271214815516,1,0.05,0.0012650894979498038,0.24873276277202777,3,0.15,0.0320709371854637,0.37892682654531396
W2,J52,J,True,20,0.12488186805817525,0.033310339770764745,0.21645339634558575,0.19565963575328316,0.1487972735484539,0.28577491431466323,0.22795622250697956,0.18035164431868866,12,0.6,0.36054258730748967,0.8088099392746928,18,0.9,0.6830172859809177,0.9876514728297052
W2,J53,J,True,20,-0.3521989736834186,-0.47405389417442423,-0.23034405319241302,0.26036574690752773,0.19800564953569802,0.3802828249501303,0.4341024339003785,0.20895832869161468,3,0.15,0.0320709371854637,0.37892682654531396,15,0.75,0.5089541282920426,0.9134285308985653
W2,J54,J,True,20,-0.2730636503256224,-0.36717974102739603,-0.17894755962384873,0.20109656756448058,0.15293200796549605,0.29371594270561246,0.33612734958800766,0.1812911154151156,6,0.3,0.11893159040572766,0.5427891822762891,12,0.6,0.36054258730748967,0.8088099392746928
W2,J55,J,True,20,3.538742907841688,3.399027419883839,3.678458395799537,0.2985281778537634,0.22702781169458736,0.4360217891555604,3.5506850729294346,0.19053109179535693,0,0.0,0.0,0.16843347098308528,0,0.0,0.0,0.16843347098308528
W2,J58,J,True,20,0.7764976202656025,0.5917557350124195,0.9612395055187856,0.3947354669407887,0.3001925309097874,0.5765394267839917,0.8665874674238362,0.18839347039744214,2,0.1,0.012348527170294808,0.31698271401908235,3,0.15,0.0320709371854637,0.37892682654531396
W2,J63,J,True,20,-2.317080919298416,-2.41203419600068,-2.2221276425961514,0.2028853714752294,0.15429237615696023,0.2963286189602314,2.3255038888029196,0.17790548788135227,0,0.0,0.0,0.16843347098308528,0,0.0,0.0,0.16843347098308528
W2,J64,J,True,20,1.7310336179953418,1.6087060546777527,1.8533611813129311,0.2613756363897747,0.19877366078628161,0.38175784088351533,1.7496796131758796,0.21752341128881914,0,0.0,0.0,0.16843347098308528,0,0.0,0.0,0.16843347098308528
W2,J67,J,True,20,0.06664583626632428,-0.08288195159348069,0.21617362412612925,0.31949398524634975,0.24297210682601958,0.4666438527615107,0.31845604684132267,0.19116185005430275,8,0.4,0.19119006072530717,0.6394574126925103,16,0.8,0.5633859970033317,0.9426660029499672
W2,J70,J,True,20,-0.41690824190738746,-0.5305064702430691,-0.30331001357170584,0.24272378537372866,0.1845891072521067,0.35451547632835706,0.47935537585089527,0.22330712079858964,5,0.25,0.08657146910143461,0.49104587170795744,10,0.5,0.27195784956079183,0.7280421504392081
W2,J71,J,True,20,-0.6816955256268449,-0.8041585794681708,-0.5592324717855189,0.2616651371441921,0.1989938233291673,0.3821806774740525,0.7278420168254337,0.23080034986624842,1,0.05,0.0012650894979498038,0.24873276277202777,3,0.15,0.0320709371854637,0.37892682654531396
W2,J80,J,True,20,-0.265672167144652,-0.4676698520003752,-0.06367448228892891,0.4316056986384377,0.32823198795256636,0.6303910414187215,0.49754497840662726,0.29347379553081426,11,0.55,0.31527813304054847,0.7694221032240758,17,0.85,0.621073173454686,0.9679290628145363
W2,J81,J,True,20,0.07895676707931078,-0.09307265702527007,0.2509861911838916,0.3675729245612788,0.2795356783445921,0.5368665878195933,0.3668630987093436,0.2507377408823056,10,0.5,0.27195784956079183,0.7280421504392081,18,0.9,0.6830172859809177,0.9876514728297052
W2,J85,J,True,20,0.9087292789798914,0.8102349923410166,1.0072235656187662,0.21045139911890254,0.16004626750320797,0.3073793443346743,0.931592295103852,0.18927152557798674,0,0.0,0.0,0.16843347098308528,0,0.0,0.0,0.16843347098308528
W2,J88,J,True,20,0.30344593520602675,0.18943782061168074,0.41745404980037276,0.24359958375309876,0.18525514350698732,0.3557946426002242,0.38529619117960273,0.20822837438083205,7,0.35,0.15390920478454118,0.5921885345328282,15,0.75,0.5089541282920426,0.9134285308985653
W2,J89,J,True,20,1.5236674203822718,1.4025687644249136,1.6447660763396301,0.2587498467914769,0.19677677301924482,0.3779226870738247,1.54439836732245,0.20521574878995047,0,0.0,0.0,0.16843347098308528,0,0.0,0.0,0.16843347098308528
W2,J90,J,True,20,-2.1248973301200134,-2.2505434968464826,-1.9992511633935437,0.2684664510385504,0.20416615721464906,0.3921144836364957,2.140948198139725,0.21405095233670046,0,0.0,0.0,0.16843347098308528,0,0.0,0.0,0.16843347098308528
W2,J91,J,True,20,3.336613468752482,3.1720015872962457,3.5012253502087183,0.35172396233576736,0.2674826948119936,0.5137180431310864,3.3541785429904567,0.19584366277968226,0,0.0,0.0,0.16843347098308528,0,0.0,0.0,0.16843347098308528
W2,J93,J,True,20,-2.251328616805231,-2.4317924960594794,-2.0708647375509823,0.385594709860982,0.2932410729536916,0.56318869626057,2.282483221648144,0.23465049131835244,0,0.0,0.0,0.16843347098308528,0,0.0,0.0,0.16843347098308528
W2,J94,J,True,20,0.40998079069179266,0.27995475030316064,0.5400068310804247,0.27782486736523215,0.2112831429372304,0.4057831210822422,0.49133651687662183,0.20000312327777056,3,0.15,0.0320709371854637,0.37892682654531396,10,0.5,0.27195784956079183,0.7280421504392081
W2,J97,J,True,20,-0.21172029859590846,-0.316218350469296,-0.10722224672252098,0.22327956242361485,0.16980196247333665,0.32611579580104244,0.3036223965451454,0.201871675689298,8,0.4,0.19119006072530717,0.6394574126925103,16,0.8,0.5633859970033317,0.9426660029499672
W2,J98,J,True,20,-0.1577969791567186,-0.2780199945697685,-0.03757396374366865,0.25687887758134825,0.19535391890685505,0.37519000251345846,0.2959515272659807,0.20680276218454458,11,0.55,0.31527813304054847,0.7694221032240758,16,0.8,0.5633859970033317,0.9426660029499672
W2,J106,J,True,20,0.4056011858263261,0.292263693658608,0.5189386779940441,0.2421666739592362,0.18416542937281366,0.3537017751981911,0.46928113644315284,0.2045093812001999,3,0.15,0.0320709371854637,0.37892682654531396,10,0.5,0.27195784956079183,0.7280421504392081
W2,J107,J,True,20,0.027006135655664693,-0.11122572985296773,0.1652380011642971,0.2953581419983165,0.22461702987683874,0.43139172469961373,0.2891434623253913,0.24159695742543777,15,0.75,0.5089541282920426,0.9134285308985653,18,0.9,0.6830172859809177,0.9876514728297052
W2,J108,J,True,20,0.1096290171084733,1.3760066378269882e-05,0.21924427415056835,0.23421342492552294,0.17811705987896134,0.34208548524455695,0.2532422819885066,0.17719352412329595,9,0.45,0.2305778967759241,0.6847218669594515,17,0.85,0.621073173454686,0.9679290628145363
W2,J109,J,True,20,5.018125787847276,4.911193434030974,5.125058141663578,0.22848090218906222,0.1737575314026054,0.33371272513227385,5.0230647785181635,0.14590184616207208,0,0.0,0.0,0.16843347098308528,0,0.0,0.0,0.16843347098308528
W2,J111,J,True,20,-2.7996034486082806,-3.044821113250447,-2.5543857839661137,0.523953240067889,0.39846140614964426,0.7652712410959227,2.845800435263888,0.15018823739150194,0,0.0,0.0,0.16843347098308528,0,0.0,0.0,0.16843347098308528
W2,J112,J,True,20,1.0627816436935154,0.982963471524124,1.1425998158629067,0.17054640001354057,0.12969889899783793,0.24909523450201976,1.075702836754459,0.14165054076447972,0,0.0,0.0,0.16843347098308528,0,0.0,0.0,0.16843347098308528
W2,J115,J,True,20,0.4018511113951857,0.2939238514985305,0.509778371291841,0.23060670444366393,0.17537418359747475,0.3368176116093434,0.4604397846159637,0.16400984868281723,2,0.1,0.012348527170294808,0.31698271401908235,8,0.4,0.19119006072530717,0.6394574126925103
W2,J116,J,True,20,1.7123359428262466,1.6065590857263519,1.818112799926141,0.2260119681123401,0.1718799307530245,0.33010667004836536,1.7264477172327473,0.15361006596383217,0,0.0,0.0,0.16843347098308528,0,0.0,0.0,0.16843347098308528
W2,J117,J,True,20,-2.209669452279603,-2.3006252274271275,-2.1187136771320785,0.19434396441616292,0.14779671813447878,0.2838532820772104,2.217773700362005,0.16019673142581634,0,0.0,0.0,0.16843347098308528,0,0.0,0.0,0.16843347098308528
W2,J118,J,True,20,3.107268030549879,2.9686144074853686,3.2459216536143893,0.2962593056165566,0.2253023561522299,0.4327079387199178,3.1206562949215524,0.15769335003717103,0,0.0,0.0,0.16843347098308528,0,0.0,0.0,0.16843347098308528
W2,J120,J,True,20,-2.377094576219308,-2.563300909218968,-2.1908882432196473,0.397864532470373,0.3025721551882651,0.581109651144061,2.408518216908319,0.16149728818572706,0,0.0,0.0,0.16843347098308528,0,0.0,0.0,0.16843347098308528
W2,J121,J,True,20,0.4499869857306342,0.3403629601730467,0.5596110112882218,0.23423216049300172,0.1781313080980613,0.34211284988300306,0.5045887009096621,0.14347619424884284,1,0.05,0.0012650894979498038,0.24873276277202777,4,0.2,0.05733399705003277,0.4366140029966683
W2,J124,J,True,20,-0.16688117896060495,-0.25551873116652424,-0.07824362675468567,0.18939064906987163,0.1440297693935375,0.2766186101776633,0.24884674992579942,0.14210281209704817,10,0.5,0.27195784956079183,0.7280421504392081,16,0.8,0.5633859970033317,0.9426660029499672
W2,J125,J,True,20,-0.1863096298912664,-0.2792171249257154,-0.0934021348568174,0.1985141776834301,0.1509681252665425,0.2899441772919489,0.26860521773502966,0.13163817335163883,5,0.25,0.08657146910143461,0.49104587170795744,10,0.5,0.27195784956079183,0.7280421504392081
W2,J133,J,True,20,0.3049397501961995,0.21175414958425742,0.3981253508081416,0.1991084020784022,0.15142002721099523,0.2908120845887352,0.3614556670451088,0.14693737136562918,4,0.2,0.05733399705003277,0.4366140029966683,8,0.4,0.19119006072530717,0.6394574126925103
W2,J134,J,True,20,-0.13956210211046927,-0.2411623165650651,-0.03796188765587344,0.2170877927279794,0.1650931810959031,0.3170722726062148,0.25347255198428065,0.14579894264430635,7,0.35,0.15390920478454118,0.5921885345328282,15,0.75,0.5089541282920426,0.9134285308985653
W2,J135,J,True,20,0.12061752534801992,0.021864806358099106,0.21937024433794075,0.21100358799920416,0.1604662018425331,0.30818585575102325,0.2384218443477678,0.17744079429255402,10,0.5,0.27195784956079183,0.7280421504392081,18,0.9,0.6830172859809177,0.9876514728297052
W2,J136,J,True,20,4.835395566820975,4.737963992376791,4.93282714126516,0.20818071646445335,0.1583194351559279,0.3040628496549579,4.839651076038872,0.15759937715559452,0,0.0,0.0,0.16843347098308528,0,0.0,0.0,0.16843347098308528
W2,J139,J,True,20,1.185982636407498,1.0903857065822513,1.2815795662327445,0.20426065632576595,0.15533826707526066,0.2983373210045095,1.2025768619080364,0.15018626448494896,0,0.0,0.0,0.16843347098308528,0,0.0,0.0,0.16843347098308528
W2,J142,J,True,20,0.3534400907570309,0.24620450059405197,0.46067568092000993,0.22912882315584807,0.1742502690741309,0.33465906011880825,0.41808481732189573,0.1839614443164348,6,0.3,0.11893159040572766,0.5427891822762891,10,0.5,0.27195784956079183,0.7280421504392081
W2,J143,J,True,20,1.1371500891105184,1.0323769407719259,1.2419232374491112,0.22386735728939589,0.17024897482259954,0.32697431230985874,1.1578951114590696,0.18503301709105377,0,0.0,0.0,0.16843347098308528,0,0.0,0.0,0.16843347098308528
W2,J144,J,True,20,-2.230691750351235,-2.3153240338805094,-2.1460594668219612,0.18083264610734837,0.13752149034589198,0.2641190337887776,2.2376440978601435,0.15220658622460845,0,0.0,0.0,0.16843347098308528,0,0.0,0.0,0.16843347098308528
W2,J145,J,True,20,2.9617076314551065,2.812197669368064,3.111217593542149,0.3194558971607736,0.24294314120280047,0.46658822238404407,2.9780298119627124,0.16720196520415587,0,0.0,0.0,0.16843347098308528,0,0.0,0.0,0.16843347098308528
W2,J147,J,True,20,-2.6223958844087147,-2.7994545222524976,-2.4453372465649315,0.3783187769756806,0.28770779588463113,0.5525616750619918,2.6481935383814976,0.1547259438460603,0,0.0,0.0,0.16843347098308528,0,0.0,0.0,0.16843347098308528
W2,J148,J,True,20,0.5215494254984855,0.3970663753864614,0.6460324756105095,0.26598123562959997,0.2022761747683017,0.3884846485005364,0.5824281243720092,0.1504905394463058,1,0.05,0.0012650894979498038,0.24873276277202777,3,0.15,0.0320709371854637,0.37892682654531396
W2,J151,J,True,20,-0.16490267871640177,-0.2551890531153864,-0.07461630431741713,0.19291366496521134,0.14670898914101482,0.28176422726799366,0.25009556467806293,0.15258636201911036,10,0.5,0.27195784956079183,0.7280421504392081,14,0.7,0.45721081772371086,0.8810684095942722
W2,J152,J,True,20,-0.38974921928435186,-0.4725753148241334,-0.30692312374457037,0.17697338886074143,0.13458656228059945,0.2584823121178959,0.42621362634173743,0.14925812918283557,3,0.15,0.0320709371854637,0.37892682654531396,5,0.25,0.08657146910143461,0.49104587170795744
W2,J160,J,True,20,0.26455466972257746,0.17027890444701613,0.3588304349981389,0.20143774204884984,0.15319146788364932,0.29421425248044986,0.32945026786705467,0.15696600106688627,6,0.3,0.11893159040572766,0.5427891822762891,12,0.6,0.36054258730748967,0.8088099392746928
W2,J161,J,True,20,0.013549995052928768,-0.09056754188573571,0.11766753199159326,0.22246652135158085,0.16918365254785914,0.32492829107222965,0.2172565023931254,0.18563921120513963,12,0.6,0.36054258730748967,0.8088099392746928,20,1.0,0.8315665290169146,1.0
W2,J162,J,True,20,0.7677435032746376,0.4751337691847265,1.0603532373645486,0.6252152285828803,0.47547017572603717,0.913171629337949,0.9801935853543214,0.42808777961967087,4,0.2,0.05733399705003277,0.4366140029966683,12,0.6,0.36054258730748967,0.8088099392746928
W2,J165,J,True,20,-3.239583597257963,-3.4942501506223715,-2.9849170438935544,0.5441425517485299,0.4138151837509036,0.7947591770894371,3.282710533144077,0.26494461738149555,0,0.0,0.0,0.16843347098308528,0,0.0,0.0,0.16843347098308528
W2,J174,J,True,20,-0.12503189486080718,-0.27456801245493206,0.024504222733317725,0.31951178327608065,0.2429856420566679,0.4666698480589144,0.33558361909087886,0.2841533570746995,13,0.65,0.40781146546717184,0.8460907952154588,18,0.9,0.6830172859809177,0.9876514728297052
W2,J175,J,True,20,0.5807753904804385,0.45862589141975096,0.702924889541126,0.26099516892027147,0.19848431893036939,0.3812021408890929,0.6340446423379357,0.22947677367631436,2,0.1,0.012348527170294808,0.31698271401908235,8,0.4,0.19119006072530717,0.6394574126925103
W2,J178,J,True,20,-0.6600078855639036,-0.7691039984042224,-0.5509117727235848,0.23310417658902952,0.1772734871741317,0.34046534858686217,0.698019403951367,0.23130571969843064,0,0.0,0.0,0.16843347098308528,5,0.25,0.08657146910143461,0.49104587170795744
W2,J179,J,True,20,-0.12743770547109526,-0.2328996983967302,-0.02197571254546034,0.2253392021249247,0.17136829868196324,0.3291240471294007,0.2539276215564593,0.21031159933255097,14,0.7,0.45721081772371086,0.8810684095942722,16,0.8,0.5633859970033317,0.9426660029499672
W2,J187,J,True,20,0.5599774160290447,0.4498101357425486,0.6701446963155407,0.2353929254640294,0.17901405870860243,0.3438082302758868,0.6051562148347764,0.22887792423581163,2,0.1,0.012348527170294808,0.31698271401908235,8,0.4,0.19119006072530717,0.6394574126925103
W2,J188,J,True,20,-0.12154175499046159,-0.2309548395820597,-0.012128670398863471,0.2337814458075222,0.17778854390917068,0.3414545487974093,0.25825079746212604,0.21964053302846942,13,0.65,0.40781146546717184,0.8460907952154588,17,0.85,0.621073173454686,0.9679290628145363
W2,J189,J,True,20,0.6989029283738003,0.45411252190882884,0.9436933348387719,0.5230403233470908,0.39776714175265404,0.7639378608273859,0.8650768313532339,0.35644390482502053,3,0.15,0.0320709371854637,0.37892682654531396,11,0.55,0.31527813304054847,0.7694221032240758
W2,J192,J,True,20,-3.0983952119305123,-3.3410488725680776,-2.8557415512929474,0.5184747676759489,0.39429508051997236,0.7572695397109929,3.1393356255416087,0.20039119120831933,0,0.0,0.0,0.16843347098308528,0,0.0,0.0,0.16843347098308528
W2,J193,J,True,20,1.0101879443393273,0.8244496039954983,1.1959262846831566,0.396864578944559,0.30181170013710723,0.5796491473868195,1.0817144272904544,0.14421032898299616,0,0.0,0.0,0.16843347098308528,0,0.0,0.0,0.16843347098308528
W2,J195,J,True,20,-4.9938786662489125,-5.220298464100911,-4.767458868396914,0.48378809443922643,0.3679161987121858,0.7066071686301002,5.016091357573255,0.2837542152955689,0,0.0,0.0,0.16843347098308528,0,0.0,0.0,0.16843347098308528
W2,J196,J,True,20,-0.5313363599778581,-0.6692564015158612,-0.3934163184398549,0.2946918719725397,0.22411033792220555,0.4304185895979678,0.6040028657803418,0.15911685824095648,3,0.15,0.0320709371854637,0.37892682654531396,5,0.25,0.08657146910143461,0.49104587170795744
W2,J197,J,True,20,1.1344810638636478,1.0198292421376611,1.2491328855896342,0.2449749840031992,0.18630112218554762,0.3578035131938322,1.1593357537457356,0.15288292894856198,0,0.0,0.0,0.16843347098308528,0,0.0,0.0,0.16843347098308528
W2,J198,J,True,20,2.6688377242249963,2.5280404382594055,2.809635010190587,0.3008396409046918,0.22878565714166682,0.4393978465256841,2.6848974027528762,0.2645782849806077,0,0.0,0.0,0.16843347098308528,0,0.0,0.0,0.16843347098308528
W2,J201,J,True,20,-0.07538355789134207,-0.2262741668578297,0.07550705107514552,0.3224059065205421,0.24518659498408762,0.4708969223812081,0.3231578111878517,0.21592768452085506,11,0.55,0.31527813304054847,0.7694221032240758,17,0.85,0.621073173454686,0.9679290628145363
W2,J202,J,True,20,0.5056441913260459,0.36919459162522744,0.6420937910268644,0.29154999895108114,0.22172097366918211,0.42582965897853714,0.5800236029815748,0.15027071192726554,2,0.1,0.012348527170294808,0.31698271401908235,4,0.2,0.05733399705003277,0.4366140029966683
W2,J204,J,True,20,-0.3218812574980141,-0.504214660665386,-0.13954785433064226,0.3895892961119143,0.29627891742684787,0.5690230756367136,0.49779350396648486,0.31921559456671317,8,0.4,0.19119006072530717,0.6394574126925103,15,0.75,0.5089541282920426,0.9134285308985653
W2,J205,J,True,20,-0.6503402397014872,-0.762869562380185,-0.5378109170227895,0.24043986923285507,0.18285221096551735,0.35117965319372224,0.6912764942885479,0.146451237914692,0,0.0,0.0,0.16843347098308528,2,0.1,0.012348527170294808,0.31698271401908235
W2,J206,J,True,20,-0.2759743874291255,-0.37775508651818857,-0.1741936883400625,0.21747343178522083,0.1653864558946136,0.31763552607500134,0.347982501532333,0.1305942303592599,3,0.15,0.0320709371854637,0.37892682654531396,8,0.4,0.19119006072530717,0.6394574126925103
W2,J214,J,True,20,0.6427265877603313,0.5358033904490088,0.7496497850716537,0.22846133760973802,0.17374265272796022,0.3336841496626404,0.6802075567481942,0.15197882406094418,0,0.0,0.0,0.16843347098308528,1,0.05,0.0012650894979498038,0.24873276277202777
W2,J215,J,True,20,-0.1991266291737752,-0.3120530666712623,-0.08620019167628801,0.2412883790508052,0.18349749453156303,0.35241896256678884,0.30815660339805634,0.1637392411107623,6,0.3,0.11893159040572766,0.5427891822762891,14,0.7,0.45721081772371086,0.8810684095942722
W2,J216,J,True,20,0.6110083146143613,0.39032295525061933,0.8316936739781033,0.471535397920497,0.3585981407050529,0.6887112276288674,0.7645649157823825,0.3483654166146195,3,0.15,0.0320709371854637,0.37892682654531396,11,0.55,0.31527813304054847,0.7694221032240758
W2,J219,J,True,20,-2.9311511343583265,-3.1784903759380665,-2.683811892778586,0.528486384578979,0.4019088190064374,0.7718922233912503,2.9760678651874177,0.1948936125916421,0,0.0,0.0,0.16843347098308528,0,0.0,0.0,0.16843347098308528
W2,J220,J,True,20,0.9610854340709237,0.78746014177815,1.1347107263636973,0.3709827943565283,0.2821288515697949,0.5418469469253944,1.0268554102727634,0.1492830270335448,0,0.0,0.0,0.16843347098308528,1,0.05,0.0012650894979498038,0.24873276277202777
W2,J222,J,True,20,-4.832245893030488,-5.065444266649667,-4.599047519411309,0.49827178484318857,0.3789309061388467,0.7277616360204595,4.856589482723683,0.29378544888435515,0,0.0,0.0,0.16843347098308528,0,0.0,0.0,0.16843347098308528
W2,J223,J,True,20,-0.48548558644116835,-0.6310560320469794,-0.33991514083535734,0.31103838601754463,0.2365417048342102,0.4542938443615264,0.5723669175797151,0.17869309771158895,3,0.15,0.0320709371854637,0.37892682654531396,5,0.25,0.08657146910143461,0.49104587170795744
W2,J224,J,True,20,-0.04984638754855472,-0.1621604996425383,0.062467724545428864,0.23998003171127016,0.1825025089473996,0.35050802755247196,0.2391559265223754,0.21641856249268354,9,0.45,0.2305778967759241,0.6847218669594515,19,0.95,0.7512672372279722,0.9987349105020502
W2,J225,J,True,20,2.0356610405732285,1.911012841250103,2.160309239896354,0.26633410769686144,0.20254453058588134,0.38900004343315725,2.052145958791486,0.23700596757835174,0,0.0,0.0,0.16843347098308528,0,0.0,0.0,0.16843347098308528
W2,J228,J,True,20,-0.18170899643730534,-0.3358476538568733,-0.027570339017737346,0.3293459673574004,0.25046444458658335,0.48103337839246524,0.3688678452916511,0.2054866465804637,7,0.35,0.15390920478454118,0.5921885345328282,16,0.8,0.5633859970033317,0.9426660029499672
W2,J229,J,True,20,0.4688484452047599,0.3309985104100262,0.6066983799994935,0.29454207585022435,0.22399641941007686,0.4301998016305133,0.5497600815762926,0.15459361687119302,3,0.15,0.0320709371854637,0.37892682654531396,6,0.3,0.11893159040572766,0.5427891822762891
W2,J231,J,True,20,-0.36478050640344456,-0.5604849329079432,-0.1690760798989459,0.41815897933899393,0.31800588709008926,0.610751144611097,0.5469724885711266,0.3107392934687968,7,0.35,0.15390920478454118,0.5921885345328282,13,0.65,0.40781146546717184,0.8460907952154588
W2,J232,J,True,20,-0.6677666259069002,-0.7870550383137088,-0.5484782135000915,0.25488192408286414,0.19383525495333442,0.3722733088749235,0.712480752117599,0.14814749939012015,0,0.0,0.0,0.16843347098308528,1,0.05,0.0012650894979498038,0.24873276277202777
W2,J233,J,True,20,-0.7070214432599358,-0.7980358382434367,-0.6160070482764347,0.19446921662030972,0.1478919712326011,0.28403622189394856,0.7319881717839667,0.1950690821649215,0,0.0,0.0,0.16843347098308528,2,0.1,0.012348527170294808,0.31698271401908235
W2,J240,J,True,20,1.8272127894538186,1.5906342180171513,2.0637913608904856,0.5054942074248895,0.3844234891360215,0.7383105015873588,1.8924731839570983,0.34447134135150065,0,0.0,0.0,0.16843347098308528,0,0.0,0.0,0.16843347098308528
W2,J241,J,True,20,0.6324359238847879,0.5159372573099675,0.7489345904596083,0.24892111220673302,0.18930211477912928,0.36356711612040377,0.6773764329507858,0.1727049092524315,1,0.05,0.0012650894979498038,0.24873276277202777,2,0.1,0.012348527170294808,0.31698271401908235
W2,J242,J,True,20,-0.019459019567898098,-0.16193998577455537,0.12302194663875918,0.3044371375158442,0.23152151875808252,0.4446522480369683,0.29736597923508806,0.25012414726053983,11,0.55,0.31527813304054847,0.7694221032240758,18,0.9,0.6830172859809177,0.9876514728297052
W2,H2_0,H2,True,20,-0.10454206153099094,-0.21404855223732386,0.004964429175341998,0.23398102537911988,0.17794032225627524,0.34174604905883366,0.2508760786817679,0.14142362358898872,9,0.45,0.2305778967759241,0.6847218669594515,14,0.7,0.45721081772371086,0.8810684095942722
W2,H2_1,H2,True,20,-0.05845087404575111,-0.22236440674315863,0.1054626586516564,0.35023181006598825,0.266347927343949,0.511538647849076,0.3463317909457718,0.17670602912873118,5,0.25,0.08657146910143461,0.49104587170795744,16,0.8,0.5633859970033317,0.9426660029499672
W2,H2_3,H2,True,20,0.89815443702955,0.7913115579333708,1.0049973161257293,0.2282897227747212,0.17361214129440541,0.3334334939022775,0.925306317067056,0.1845189665871822,0,0.0,0.0,0.16843347098308528,0,0.0,0.0,0.16843347098308528
W2,H2_4,H2,True,20,0.12921547504304268,-0.014828236816273772,0.2732591869023591,0.3077762348411026,0.23406087019967411,0.44952923888048224,0.3266290544132846,0.17457804962945697,10,0.5,0.27195784956079183,0.7280421504392081,13,0.65,0.40781146546717184,0.8460907952154588
W2,H2_5,H2,True,20,0.7666410879070951,0.6617954503667932,0.8714867254473969,0.22402224397817047,0.17036676466162215,0.3272005354142953,0.7971293653946884,0.19649151718640562,0,0.0,0.0,0.16843347098308528,2,0.1,0.012348527170294808,0.31698271401908235
W2,H2_7,H2,True,20,-0.09932364525715588,-0.23555265888809085,0.036905368373779085,0.29107867570363916,0.22136253686687812,0.4251412576118798,0.3005921525657056,0.24912289099679688,11,0.55,0.31527813304054847,0.7694221032240758,18,0.9,0.6830172859809177,0.9876514728297052
W2,H2_8,H2,True,20,-0.06487840377558206,-0.11930522923866717,-0.01045157831249694,0.11629305576173092,0.08843975183406481,0.16985433872321493,0.13060275017758416,0.10490928956680967,13,0.65,0.40781146546717184,0.8460907952154588,16,0.8,0.5633859970033317,0.9426660029499672
W2,H2_9,H2,True,20,0.08661354379025353,-0.07927001754242402,0.25249710512293105,0.35444114338617333,0.26954908490048246,0.51768668070351,0.3561586779604831,0.16233035486574823,6,0.3,0.11893159040572766,0.5427891822762891,13,0.65,0.40781146546717184,0.8460907952154588
W2,H2_11,H2,True,20,0.6030172077199145,0.5064570173208557,0.6995773981189733,0.20631884205808282,0.15690349755443445,0.3013434487069968,0.635664096960888,0.15535958530252264,0,0.0,0.0,0.16843347098308528,2,0.1,0.012348527170294808,0.31698271401908235
W2,H2_12,H2,True,20,0.18018806537811682,0.04954776691158431,0.31082836384464935,0.2791373442237956,0.2122812689809482,0.4077000875549229,0.32632730961108136,0.16239280983940121,8,0.4,0.19119006072530717,0.6394574126925103,12,0.6,0.36054258730748967,0.8088099392746928
W2,H2_13,H2,True,20,0.8048118234602923,0.6871614425648853,0.9224622043556994,0.2513819644898853,0.19117356930233134,0.36716136716585523,0.8412819495559948,0.1751414203779055,0,0.0,0.0,0.16843347098308528,1,0.05,0.0012650894979498038,0.24873276277202777
W2,H2_15,H2,True,20,-0.17990896471763057,-0.2848462386154773,-0.07497169081978386,0.22421804213371405,0.17051566727814058,0.32748651264668677,0.28306762351624004,0.15863577541660023,10,0.5,0.27195784956079183,0.7280421504392081,16,0.8,0.5633859970033317,0.9426660029499672
W2,H2_16,H2,True,20,-0.6377527502656694,-0.7624384413671813,-0.5130670591641573,0.26641421586847364,0.20260545208089978,0.38911704715643536,0.6885900653998706,0.18502727240463812,0,0.0,0.0,0.16843347098308528,3,0.15,0.0320709371854637,0.37892682654531396
W2,H2_17,H2,False,20,-0.6642224818216953,-0.7563220053388333,-0.5721229583045573,0.19678779596050078,0.14965522854930807,0.2874226731143237,0.6913614612953303,0.1517825757261789,0,0.0,0.0,0.16843347098308528,1,0.05,0.0012650894979498038,0.24873276277202777
W2,H2_18,H2,True,20,-2.0411203975491037,-2.2111576683147027,-1.8710831267835046,0.36331631768838246,0.2762985697053159,0.5306495085549308,2.0716107951675498,0.2005973109303016,0,0.0,0.0,0.16843347098308528,0,0.0,0.0,0.16843347098308528
W2,H2_19,H2,True,20,0.2539571500419331,0.14696831463440346,0.36094598544946277,0.22860158563481342,0.17384931000385379,0.3338889919500872,0.33784609626934314,0.1465971377554052,7,0.35,0.15390920478454118,0.5921885345328282,11,0.55,0.31527813304054847,0.7694221032240758
W2,H2_20,H2,True,20,0.9346302178339214,0.8217509404417234,1.0475094952261195,0.24118761269694486,0.18342086268738061,0.3522717860884653,0.9637409067694556,0.16668556475517773,0,0.0,0.0,0.16843347098308528,0,0.0,0.0,0.16843347098308528
W2,H2_21,H2,True,20,0.638686173549167,0.5518538046289592,0.7255185424693747,0.18553353856013285,0.14109647390101238,0.2709850239697615,0.6637933319317004,0.16089816685738517,0,0.0,0.0,0.16843347098308528,2,0.1,0.012348527170294808,0.31698271401908235
W2,H2_22,H2,True,20,0.5301876098234423,0.41538953199865253,0.644985687648232,0.2452874874150534,0.18653877802845806,0.3582599468133769,0.5815982767499962,0.21994278816885793,1,0.05,0.0012650894979498038,0.24873276277202777,8,0.4,0.19119006072530717,0.6394574126925103
W2,H2_23,H2,True,20,0.012527094306940791,-0.08407173539301865,0.10912592400690024,0.20640140212540262,0.1569662836925864,0.30146403359960017,0.2015648529658396,0.14660793395128907,14,0.7,0.45721081772371086,0.8810684095942722,17,0.85,0.621073173454686,0.9679290628145363
W2,H2_24,H2,True,20,-0.5107893063088524,-0.6125354283700566,-0.4090431842476483,0.21739955152131332,0.16533027066358139,0.3175276186570691,0.552996520957468,0.16237741602661163,1,0.05,0.0012650894979498038,0.24873276277202777,4,0.2,0.05733399705003277,0.4366140029966683
W2,H2_25,H2,True,20,-0.6674002967913454,-0.7748822433296576,-0.559918350253033,0.22965520946352153,0.17465058080482337,0.3354278850294376,0.7039372100047157,0.16332817444787165,0,0.0,0.0,0.16843347098308528,0,0.0,0.0,0.16843347098308528
W2,H2_26,H2,True,20,-2.2480202722885734,-2.4209586668218854,-2.0750818777552618,0.3695151092809423,0.2810126911679104,0.539703287733238,2.2766882724272897,0.15822833196360708,0,0.0,0.0,0.16843347098308528,0,0.0,0.0,0.16843347098308528
W2,H2_27,H2,True,20,0.07363740856479968,-0.034687731610066504,0.18196254873966586,0.2314568498083217,0.17602071098108105,0.3380593098155408,0.23731019277977006,0.13315935281329808,8,0.4,0.19119006072530717,0.6394574126925103,11,0.55,0.31527813304054847,0.7694221032240758
W2,H2_28,H2,True,20,0.98492171249347,0.8603326568022592,1.1095107681846808,0.26620773630507627,0.20244842635631066,0.3888154689626989,1.0185254099266787,0.1370899522375292,0,0.0,0.0,0.16843347098308528,0,0.0,0.0,0.16843347098308528
W2,H2_29,H2,True,20,0.6209236067308662,0.5132611585811827,0.7285860548805497,0.2300408847950822,0.17494388318980525,0.335991191479466,0.6601658834256028,0.15040382151403045,0,0.0,0.0,0.16843347098308528,4,0.2,0.05733399705003277,0.4366140029966683
W2,H2_30,H2,True,20,0.7833387231460314,0.6442218896210293,0.9224555566710334,0.29724904109080214,0.2260550404733211,0.43415351828086185,0.8351997952514033,0.17422808852593405,1,0.05,0.0012650894979498038,0.24873276277202777,1,0.05,0.0012650894979498038,0.24873276277202777
W2,H2_31,H2,True,20,-0.03749068234996127,-0.1385085607847855,0.06352719608486294,0.2158435232957066,0.16414692614470133,0.315254927965747,0.21369266829803665,0.16143306345557526,9,0.45,0.2305778967759241,0.6847218669594515,17,0.85,0.621073173454686,0.9679290628145363
W3,EW0,EW,True,20,4.553504525626088,4.398634772667866,4.708374278584309,0.33090808922507126,0.25165242326171966,0.4833149692845469,4.564912772467412,0.2861219849234781,0,0.0,0.0,0.16843347098308528,0,0.0,0.0,0.16843347098308528
W3,EW1,EW,True,20,9.58288865321164,9.362659022901468,9.803118283521814,0.4705616478664008,0.3578576131424346,0.6872889959191848,9.593858024333747,0.2090560586285416,0,0.0,0.0,0.16843347098308528,0,0.0,0.0,0.16843347098308528
W3,EW2,EW,True,20,-1.1313550344331291,-1.3162239979559582,-0.9464860709103,0.3950069933466061,0.3003990241332185,0.5769360105507859,1.1950703797225821,0.19498282396203412,0,0.0,0.0,0.16843347098308528,0,0.0,0.0,0.16843347098308528
W3,EW3,EW,True,20,-2.5974633909780285,-2.8159108514447997,-2.379015930511257,0.4667537098650171,0.3549617128701786,0.6817272296822633,2.6370024918191093,0.2184891093109461,0,0.0,0.0,0.16843347098308528,0,0.0,0.0,0.16843347098308528
W3,EW4,EW,True,20,4.174828453807748,3.9159978828365887,4.4336590247789065,0.5530397513851876,0.420581418611017,0.8077541745196297,4.209483690074635,0.20749673089187792,0,0.0,0.0,0.16843347098308528,0,0.0,0.0,0.16843347098308528
W3,EW5,EW,True,20,6.560024949583126,6.161483196422375,6.958566702743878,0.8515587291626334,0.6476022337359377,1.2437625263046705,6.61232349442354,0.32804197458029577,0,0.0,0.0,0.16843347098308528,0,0.0,0.0,0.16843347098308528
W3,EW6,EW,True,20,-4.775764346848573,-4.936797125211333,-4.614731568485811,0.3440765415632873,0.26166690477312377,0.5025484372613331,4.787524864662472,0.1853958958871863,0,0.0,0.0,0.16843347098308528,0,0.0,0.0,0.16843347098308528
W3,EW7,EW,True,20,-6.8116449092865725,-6.951662563165065,-6.67162725540808,0.29917381165583945,0.2275188099993209,0.4369647835741926,6.817883549263022,0.17707916080632574,0,0.0,0.0,0.16843347098308528,0,0.0,0.0,0.16843347098308528
W3,EW8,EW,True,20,-16.070820623048196,-16.260130901474213,-15.88151034462218,0.40449669033512886,0.3076158475380912,0.5907963928075883,16.075655886838913,0.1333765411528478,0,0.0,0.0,0.16843347098308528,0,0.0,0.0,0.16843347098308528
W3,EW9,EW,True,20,-14.986996781370127,-15.146830146613494,-14.82716341612676,0.3415137719071808,0.25971794306677465,0.49880532859171683,14.990692865854488,0.14428945495063086,0,0.0,0.0,0.16843347098308528,0,0.0,0.0,0.16843347098308528
W3,EW10,EW,True,20,-8.63728062248529,-8.845613652185266,-8.428947592785313,0.4451423435736135,0.3385264763972217,0.6501622810592562,8.64817094374874,0.14688285677911828,0,0.0,0.0,0.16843347098308528,0,0.0,0.0,0.16843347098308528
W3,EW11,EW,False,20,-5.133166382825101,-5.5418798657230415,-4.724452899927161,0.8732925253827067,0.6641305769936264,1.2755062926089047,5.203259070708528,0.29504590007346165,0,0.0,0.0,0.16843347098308528,0,0.0,0.0,0.16843347098308528
W3,EW12,EW,True,20,-1.617389538820809,-1.7343193700428388,-1.5004597075987793,0.24984237582873892,0.1900027269143103,0.364912687636094,1.6356188652643846,0.1711320268548539,0,0.0,0.0,0.16843347098308528,0,0.0,0.0,0.16843347098308528
W3,EW13,EW,True,20,-1.7222640523145292,-1.8371712718046278,-1.6073568328244308,0.24552068892298062,0.18671612553517994,0.3586005543213556,1.7388098959200853,0.1394124575076202,0,0.0,0.0,0.16843347098308528,0,0.0,0.0,0.16843347098308528
W3,EW14,EW,True,20,-11.790125911700262,-11.925275629033715,-11.65497619436681,0.2887725580229058,0.21960875652248615,0.42177300753784774,11.793485028798724,0.11296243258407508,0,0.0,0.0,0.16843347098308528,0,0.0,0.0,0.16843347098308528
W3,EW15,EW,True,20,-10.295399361777635,-10.440911265118697,-10.149887458436574,0.31091329955878005,0.236446577783859,0.4541111466277923,10.299858336129759,0.11954077469661205,0,0.0,0.0,0.16843347098308528,0,0.0,0.0,0.16843347098308528
W3,EW16,EW,True,20,-3.3387896569007496,-3.578352706203182,-3.0992266075983164,0.5118711005820792,0.38927305512773214,0.7476244108593127,3.3758595639418973,0.12401962553390432,0,0.0,0.0,0.16843347098308528,0,0.0,0.0,0.16843347098308528
W3,EW17,EW,True,20,-0.7413764549205071,-1.1281321799554151,-0.35462072988559906,0.8263756835893138,0.6284507694774567,1.2069808842291823,1.0947104547855653,0.2097157897984127,3,0.15,0.0320709371854637,0.37892682654531396,6,0.3,0.11893159040572766,0.5427891822762891
W3,EW18,EW,True,20,1.8456338835101096,1.6737801266284376,2.0174876403917814,0.3671975788016197,0.2792502314998188,0.5363183684492975,1.8800151038607351,0.2714959595932787,0,0.0,0.0,0.16843347098308528,0,0.0,0.0,0.16843347098308528
W3,EW19,EW,True,20,4.102695749789407,3.9504974943559694,4.254894005222845,0.32519993689442167,0.247311428244889,0.47497780389575234,4.114921586658536,0.15624214790452293,0,0.0,0.0,0.16843347098308528,0,0.0,0.0,0.16843347098308528
W3,EW20,EW,True,20,1.38449926032612,1.2601179408515855,1.5088805798006546,0.2657638691637523,0.2021108696589751,0.3881671692058758,1.408523025828409,0.14653976964072649,0,0.0,0.0,0.16843347098308528,0,0.0,0.0,0.16843347098308528
W3,EW21,EW,True,20,0.7749098461401036,0.6602493516917882,0.8895703405884189,0.24499351489073112,0.18631521474751406,0.35783057888255343,0.810867437295683,0.12945790637008356,0,0.0,0.0,0.16843347098308528,1,0.05,0.0012650894979498038,0.24873276277202777
W3,EW22,EW,True,20,12.49116249977681,12.354821101062754,12.627503898490863,0.29131880737817145,0.2215451546987343,0.4254919871246355,12.494389297240026,0.13835935088089527,0,0.0,0.0,0.16843347098308528,0,0.0,0.0,0.16843347098308528
W3,EW23,EW,True,20,11.59849591446208,11.375839281352459,11.8211525475717,0.47574739165154,0.3618013214784888,0.6948631462039407,11.607761467200453,0.2293399151829577,0,0.0,0.0,0.16843347098308528,0,0.0,0.0,0.16843347098308528
W3,EW24,EW,True,20,5.636102800414388,5.351515444676512,5.920690156152266,0.6080739221572923,0.46243437684311245,0.8881355233667071,5.667179278698202,0.41662242709245567,0,0.0,0.0,0.16843347098308528,0,0.0,0.0,0.16843347098308528
W3,EW25,EW,True,20,7.483275356985554,7.3426128222783005,7.623937891692807,0.30055171972857136,0.2285666958529031,0.43897731702240445,7.489006932690574,0.21887404014414405,0,0.0,0.0,0.16843347098308528,0,0.0,0.0,0.16843347098308528
W3,EW26,EW,True,20,5.1489900705229275,5.042338806797734,5.2556413342481205,0.22788030082454622,0.17330077983406952,0.3328355038146473,5.1537783912652255,0.14890268250846464,0,0.0,0.0,0.16843347098308528,0,0.0,0.0,0.16843347098308528
W3,EW27,EW,True,20,7.024994980482459,6.904384499728303,7.145605461236615,0.2577067694919213,0.19598352275238926,0.376399197955814,7.029484093153182,0.15659718237538234,0,0.0,0.0,0.16843347098308528,0,0.0,0.0,0.16843347098308528
W3,EW28,EW,True,20,22.140637581101576,22.00724788578794,22.274027276415215,0.28501194297415455,0.21674884490113844,0.41628035986327855,22.14238024050133,0.15315971465385292,0,0.0,0.0,0.16843347098308528,0,0.0,0.0,0.16843347098308528
W3,EW29,EW,True,20,23.665240657047843,23.403880105904655,23.92660120819103,0.5584455255180453,0.42469245791297217,0.8156496948893486,23.671499396757966,0.25711512737882,0,0.0,0.0,0.16843347098308528,0,0.0,0.0,0.16843347098308528
W3,EW30,EW,True,20,2.0687689990750124,1.841281565697658,2.2962564324523664,0.4860692967071708,0.369651031124481,0.7099390279589107,2.122323105626276,0.4828141776142273,0,0.0,0.0,0.16843347098308528,1,0.05,0.0012650894979498038,0.24873276277202777
W3,EW31,EW,True,20,-4.434010264338307,-4.613533419744142,-4.254487108932469,0.38358467804249863,0.2917124630634376,0.5602529007987961,4.449744640900755,0.28984410062325666,0,0.0,0.0,0.16843347098308528,0,0.0,0.0,0.16843347098308528
W3,EW32,EW,True,20,-7.192749393951544,-7.319307503917657,-7.0661912839854315,0.2704149877227507,0.20564800064598276,0.3949604610493765,7.197576807266189,0.15041377175464002,0,0.0,0.0,0.16843347098308528,0,0.0,0.0,0.16843347098308528
W3,EW33,EW,True,20,-5.727044630316492,-5.865032958111302,-5.589056302521681,0.2948377782862571,0.22422129827225976,0.4306316962213142,5.734249998680427,0.12179822979878041,0,0.0,0.0,0.16843347098308528,0,0.0,0.0,0.16843347098308528
W3,EW34,EW,True,20,3.417750678966219,3.317683568179493,3.5178177897529457,0.21381203102740098,0.16260199578849951,0.31228778797966433,3.424098349778451,0.13508374260497913,0,0.0,0.0,0.16843347098308528,0,0.0,0.0,0.16843347098308528
W3,EW35,EW,True,20,10.29249068068901,10.134460715292844,10.450520646085176,0.33766047204618466,0.25678754553601446,0.4931773081092838,10.297751127150697,0.22442315543719496,0,0.0,0.0,0.16843347098308528,0,0.0,0.0,0.16843347098308528
W3,EW36,EW,False,20,-8.276295548426097,-8.746491713636408,-7.806099383215785,1.004661734255321,0.7640355984519646,1.4673804329476663,8.334023394805216,0.6086827791409204,0,0.0,0.0,0.16843347098308528,0,0.0,0.0,0.16843347098308528
W3,EW37,EW,False,20,-9.155054887670358,-9.56587870607713,-8.744231069263586,0.8778016504863024,0.6675597233217426,1.2820921928389297,9.194946380864524,0.46576621384933925,0,0.0,0.0,0.16843347098308528,0,0.0,0.0,0.16843347098308528
W3,EW38,EW,True,20,-12.038400755566073,-12.46101692205283,-11.615784589079317,0.9029981998194534,0.6867214570598628,1.3188935581230086,12.070531397293456,0.3427699210705981,0,0.0,0.0,0.16843347098308528,0,0.0,0.0,0.16843347098308528
W3,EW39,EW,True,20,-12.481894105086125,-12.861740740428388,-12.10204746974386,0.8116131258605986,0.6172239861290285,1.1854191111340482,12.506936496334726,0.20828087543077475,0,0.0,0.0,0.16843347098308528,0,0.0,0.0,0.16843347098308528
W3,EW40,EW,True,20,-5.33874075978132,-5.469134293932141,-5.208347225630498,0.27861008627548056,0.2118802943759205,0.4069299895506954,5.345642646241526,0.15525350269350927,0,0.0,0.0,0.16843347098308528,0,0.0,0.0,0.16843347098308528
W3,EW41,EW,True,20,-1.5210738821972127,-1.6575111063259855,-1.3846366580684397,0.29152355623505427,0.2217008642376437,0.42579103749752645,1.547385679056917,0.19327637550921922,0,0.0,0.0,0.16843347098308528,0,0.0,0.0,0.16843347098308528
W3,J0,J,True,20,-2.8944272676358342,-3.139878531458123,-2.6489760038135466,0.5244523682505198,0.3988409883380742,0.7660002535622609,2.9392187703315376,0.2319905666831985,0,0.0,0.0,0.16843347098308528,0,0.0,0.0,0.16843347098308528
W3,J1,J,True,20,-11.11051127069115,-11.294954701428777,-10.926067839953523,0.39409776324735113,0.2997075633764995,0.5756080148571083,11.11714927896544,0.19491475986443768,0,0.0,0.0,0.16843347098308528,0,0.0,0.0,0.16843347098308528
W3,J4,J,True,20,-11.403200522429096,-11.541267813363532,-11.265133231494659,0.29500649774989485,0.22434960780369273,0.43087812308436463,11.40682513001563,0.22537121055498613,0,0.0,0.0,0.16843347098308528,0,0.0,0.0,0.16843347098308528
W3,J7,J,True,20,-8.669264601575213,-8.858347215299515,-8.480181987850912,0.4040102422715809,0.3072459084584226,0.590085900563525,8.67820325840507,0.2597292711133584,0,0.0,0.0,0.16843347098308528,0,0.0,0.0,0.16843347098308528
W3,J8,J,True,20,7.866782866871032,7.536698311541926,8.196867422200139,0.7052871680897422,0.5363641165763684,1.0301224330307255,7.896760802031051,0.262088303503424,0,0.0,0.0,0.16843347098308528,0,0.0,0.0,0.16843347098308528
W3,J9,J,True,20,8.869598209537918,8.50533765419571,9.233858764880123,0.7783105612680182,0.5918977056498209,1.136778329880097,8.901980193301402,0.2539485577971218,0,0.0,0.0,0.16843347098308528,0,0.0,0.0,0.16843347098308528
W3,J10,J,True,20,1.0647987107527286,0.8480098079537016,1.2815876135517557,0.46320989231369103,0.3522666736631375,0.676551230283215,1.1565602139711841,0.24017361818174732,0,0.0,0.0,0.16843347098308528,1,0.05,0.0012650894979498038,0.24873276277202777
W3,J13,J,True,20,2.585466392533297,2.381968576179252,2.788964208887342,0.43481100915397763,0.33066959581047906,0.6350726270426739,2.6199702383646586,0.28014833538413836,0,0.0,0.0,0.16843347098308528,0,0.0,0.0,0.16843347098308528
W3,J16,J,True,20,9.123586810141935,8.908709092607236,9.338464527676635,0.4591262888217643,0.3491611324332753,0.6705868348497495,9.134554908906553,0.32134439343451515,0,0.0,0.0,0.16843347098308528,0,0.0,0.0,0.16843347098308528
W3,J17,J,True,20,28.182669494035327,27.81458700037543,28.55075198769523,0.7864768447525998,0.59810808579722,1.1487057719101859,28.19309274176912,0.32895861691529393,0,0.0,0.0,0.16843347098308528,0,0.0,0.0,0.16843347098308528
W3,J25,J,True,20,-8.610713667770595,-8.867908706545384,-8.353518628995806,0.549545132044556,0.41792379417062725,0.8026500326316695,8.627357053459505,0.2635531137621697,0,0.0,0.0,0.16843347098308528,0,0.0,0.0,0.16843347098308528
W3,J26,J,True,20,-0.5346129718685642,-0.8479979865704099,-0.22122795716671848,0.669605487359005,0.5092285411270974,0.978006782226349,0.843661047433366,0.32303731377264916,7,0.35,0.15390920478454118,0.5921885345328282,10,0.5,0.27195784956079183,0.7280421504392081
W3,J27,J,True,20,-0.33183972326270655,-0.4213451096252627,-0.24233433690015035,0.19124493847791663,0.14543993867666338,0.2793269326922101,0.3806093760061891,0.14892286291146428,4,0.2,0.05733399705003277,0.4366140029966683,7,0.35,0.15390920478454118,0.5921885345328282
W3,J28,J,True,20,-7.68348538313813,-7.839001488816083,-7.527969277460178,0.3322891422671682,0.25270270083429447,0.48533209618580986,7.690308375043391,0.1501011006980746,0,0.0,0.0,0.16843347098308528,0,0.0,0.0,0.16843347098308528
W3,J31,J,True,20,-6.960039797038261,-7.102427958247631,-6.817651635828891,0.30423884234369863,0.23137071718442384,0.4443626237329531,6.966353937741575,0.15596027918934288,0,0.0,0.0,0.16843347098308528,0,0.0,0.0,0.16843347098308528
W3,J34,J,True,20,-2.707011283551929,-2.9089394884727366,-2.5050830786311216,0.4314572418089843,0.32811908795979444,0.6301742095844337,2.739481278127559,0.16735684110735086,0,0.0,0.0,0.16843347098308528,0,0.0,0.0,0.16843347098308528
W3,J35,J,True,20,17.46768970071607,17.04198855835865,17.893390843073487,0.9095898256932362,0.6917343252198909,1.3285210999101653,17.490173511116367,0.16629370199758348,0,0.0,0.0,0.16843347098308528,0,0.0,0.0,0.16843347098308528
W3,J36,J,True,20,11.072380551953096,10.775868963016984,11.368892140889205,0.6335522686241193,0.48181041459454294,0.925348473551373,11.089586563100264,0.19174096774420607,0,0.0,0.0,0.16843347098308528,0,0.0,0.0,0.16843347098308528
W3,J37,J,True,20,2.1067036703021103,1.9295867821958155,2.2838205584084044,0.37844323951724396,0.2878024484519439,0.5527434615199586,2.1387516629388914,0.19940945436230975,0,0.0,0.0,0.16843347098308528,0,0.0,0.0,0.16843347098308528
W3,J40,J,True,20,0.942570210478896,0.7787300990920767,1.106410321865715,0.35007493175288273,0.2662286228937536,0.5113095158346318,1.0024287688568831,0.180428191450674,0,0.0,0.0,0.16843347098308528,1,0.05,0.0012650894979498038,0.24873276277202777
W3,J43,J,True,20,9.839291088135074,9.528833446919101,10.149748729351044,0.6633506083516104,0.5044717657242782,0.968871083360791,9.860511216218695,0.18747123022398382,0,0.0,0.0,0.16843347098308528,0,0.0,0.0,0.16843347098308528
W3,J44,J,True,20,33.57465666968143,33.06124399731479,34.088069342048065,1.097001855763355,0.8342593738700779,1.6022497952981032,33.59167773280987,0.17791499793133012,0,0.0,0.0,0.16843347098308528,0,0.0,0.0,0.16843347098308528
W3,J52,J,True,20,-16.25802301801912,-16.495675767935474,-16.020370268102763,0.5077893899341338,0.3861689533875357,0.741662780060078,16.265554709746073,0.13901707935893964,0,0.0,0.0,0.16843347098308528,0,0.0,0.0,0.16843347098308528
W3,J53,J,True,20,-5.164726462518847,-5.530096032026755,-4.7993568930109385,0.7806801767125209,0.593699775433621,1.1402393229868477,5.220477745766066,0.1360837695823681,0,0.0,0.0,0.16843347098308528,0,0.0,0.0,0.16843347098308528
W3,J54,J,True,20,-1.1277029552099502,-1.2203726936076535,-1.035033216812247,0.19800616631992424,0.1505817875043859,0.289202190303586,1.144097930683791,0.1752852911194114,0,0.0,0.0,0.16843347098308528,0,0.0,0.0,0.16843347098308528
W3,J55,J,True,20,-7.849933043034819,-8.039292068148205,-7.660574017921433,0.40460084671728347,0.30769505746622794,0.5909485206650841,7.859832411256365,0.16442537671764074,0,0.0,0.0,0.16843347098308528,0,0.0,0.0,0.16843347098308528
W3,J58,J,True,20,-6.306691797025911,-6.482687681615576,-6.130695912436247,0.3760480065901107,0.28598089681867644,0.5492450522446888,6.317333529327962,0.176393838145232,0,0.0,0.0,0.16843347098308528,0,0.0,0.0,0.16843347098308528
W3,J63,J,True,20,9.236805749682828,8.900951513094506,9.57265998627115,0.7176151673565812,0.5457394416001052,1.048128359089969,9.263250153664906,0.20596460951281806,0,0.0,0.0,0.16843347098308528,0,0.0,0.0,0.16843347098308528
W3,J64,J,True,20,2.6717834833110565,2.489141436894694,2.8544255297274193,0.3902487699331408,0.2967804409332026,0.5699862843947602,2.6987231015808892,0.21852546872513712,0,0.0,0.0,0.16843347098308528,0,0.0,0.0,0.16843347098308528
W3,J67,J,True,20,1.480730277624389,1.3121456352613694,1.6493149199874084,0.3602125063897268,0.2739381510268757,0.5261161698082479,1.521784331745202,0.19730968573496904,0,0.0,0.0,0.16843347098308528,0,0.0,0.0,0.16843347098308528
W3,J70,J,True,20,9.235720440788954,8.841868876204906,9.629572005373003,0.84153726718974,0.6399810081684101,1.229125463194615,9.272071385827042,0.23204058635957134,0,0.0,0.0,0.16843347098308528,0,0.0,0.0,0.16843347098308528
W3,J71,J,True,20,30.879596851099205,30.21384851263904,31.54534518955937,1.4224953961413545,1.0817940847439695,2.077656428114235,30.9107072093289,0.21848287953760467,0,0.0,0.0,0.16843347098308528,0,0.0,0.0,0.16843347098308528
W3,J80,J,True,20,-14.129348679166748,-14.60353292409108,-13.655164434242414,1.01318300979581,0.7705159466479445,1.4798263663056612,14.163816820272812,0.15734601439795015,0,0.0,0.0,0.16843347098308528,0,0.0,0.0,0.16843347098308528
W3,J81,J,True,20,-4.070505510312213,-4.259822126862084,-3.8811888937623413,0.4045102329179367,0.30762614654223097,0.5908161727199172,4.089555258410216,0.25223310861634063,0,0.0,0.0,0.16843347098308528,0,0.0,0.0,0.16843347098308528
W3,J85,J,True,20,-16.822084564938145,-17.00180768903792,-16.642361440838368,0.38401194842391767,0.29203739808428847,0.5608769597988505,16.82624797831162,0.18012189441346108,0,0.0,0.0,0.16843347098308528,0,0.0,0.0,0.16843347098308528
W3,J88,J,True,20,-13.605134233935775,-13.77493837759035,-13.4353300902812,0.3628181981693532,0.27591975459586593,0.5299219693140392,13.609729340295045,0.1967155385230568,0,0.0,0.0,0.16843347098308528,0,0.0,0.0,0.16843347098308528
W3,J89,J,True,20,-9.052156989334739,-9.279268541511346,-8.82504543715813,0.4852661564713361,0.3690402506898288,0.7087659841106243,9.064505239672345,0.19005396973554997,0,0.0,0.0,0.16843347098308528,0,0.0,0.0,0.16843347098308528
W3,J90,J,True,20,5.394998866001753,5.2006068179687395,5.589390914034767,0.4153548381555553,0.31587336465573934,0.6066554955348928,5.410166949703167,0.2714848224990633,0,0.0,0.0,0.16843347098308528,0,0.0,0.0,0.16843347098308528
W3,J91,J,True,20,2.375612451272412,2.200292566503115,2.550932336041709,0.3746036069923739,0.2848824447990237,0.5471354031610125,2.40350701848229,0.23700565932429124,0,0.0,0.0,0.16843347098308528,0,0.0,0.0,0.16843347098308528
W3,J93,J,True,20,2.1940480199574366,2.068284763637253,2.31981127627762,0.2687166347767165,0.20435641954434192,0.39247989490827945,2.2096255140169303,0.2968772759594399,0,0.0,0.0,0.16843347098308528,0,0.0,0.0,0.16843347098308528
W3,J94,J,True,20,7.5807461241588605,7.4029814082259175,7.7585108400918035,0.37982744440017424,0.2888551229691969,0.5547651919105443,7.589780447555327,0.25247158671138586,0,0.0,0.0,0.16843347098308528,0,0.0,0.0,0.16843347098308528
W3,J97,J,True,20,9.615439129747232,9.455327460879587,9.775550798614876,0.34210841946601706,0.26017016682328137,0.49967385394964065,9.621219045423,0.2512851213403469,0,0.0,0.0,0.16843347098308528,0,0.0,0.0,0.16843347098308528
W3,J98,J,True,20,17.255835767128392,17.043636251888348,17.468035282368437,0.4534038105007615,0.34480924263839174,0.6622287453257857,17.26149368643152,0.25474976188232984,0,0.0,0.0,0.16843347098308528,0,0.0,0.0,0.16843347098308528
W3,J106,J,True,20,0.04506401498161736,-0.09389360766361235,0.18402163762684706,0.2969088573751122,0.22579633402523147,0.43365665559465544,0.29287862939222525,0.22437316034411933,10,0.5,0.27195784956079183,0.7280421504392081,16,0.8,0.5633859970033317,0.9426660029499672
W3,J107,J,True,20,1.481521273203898,1.2781671733501885,1.6848753730576074,0.4345039320675372,0.3304360666359223,0.6346241189601168,1.5408631563473578,0.2445213096202716,0,0.0,0.0,0.16843347098308528,0,0.0,0.0,0.16843347098308528
W3,J108,J,True,20,-1.693859413594888,-1.8694278609860042,-1.5182909662037714,0.3751347073568289,0.2852863415246168,0.547911113289268,1.7328731803725639,0.17630977911274007,0,0.0,0.0,0.16843347098308528,0,0.0,0.0,0.16843347098308528
W3,J109,J,True,20,-18.119390208110957,-18.292623057550816,-17.9461573586711,0.37014426706434994,0.2814911596187098,0.5406222177463269,18.122981486314714,0.13186421755863972,0,0.0,0.0,0.16843347098308528,0,0.0,0.0,0.16843347098308528
W3,J111,J,True,20,-12.01379350967426,-12.203290325981,-11.824296693367522,0.4048952632810965,0.3079189584349393,0.5913785371473931,12.020273609972755,0.15829169970819035,0,0.0,0.0,0.16843347098308528,0,0.0,0.0,0.16843347098308528
W3,J112,J,True,20,-13.522994037403155,-13.685457123356159,-13.36053095145015,0.34713266028660555,0.26399105370613896,0.5070121175852246,13.52722601885867,0.1358012698948479,0,0.0,0.0,0.16843347098308528,0,0.0,0.0,0.16843347098308528
W3,J115,J,True,20,-8.904194144449255,-9.094067771956006,-8.714320516942502,0.40570039063368135,0.3085312500527924,0.5925544833220424,8.91297012946059,0.1588206699117579,0,0.0,0.0,0.16843347098308528,0,0.0,0.0,0.16843347098308528
W3,J116,J,True,20,-4.556048699705643,-4.8531942618855,-4.258903137525786,0.6349068706086944,0.4828405763919525,0.9273269667882743,4.59788333385247,0.14439689077010143,0,0.0,0.0,0.16843347098308528,0,0.0,0.0,0.16843347098308528
W3,J117,J,True,20,4.8966704777425125,4.694608307606636,5.098732647878388,0.4317434834571705,0.3283367719836972,0.6305922860168506,4.914719125375065,0.19720124218467863,0,0.0,0.0,0.16843347098308528,0,0.0,0.0,0.16843347098308528
W3,J118,J,True,20,1.6669645982862236,1.521676074260825,1.812253122311622,0.31043600802117266,0.23608360215421365,0.4534140281458032,1.694202750930911,0.18491298542668402,0,0.0,0.0,0.16843347098308528,0,0.0,0.0,0.16843347098308528
W3,J120,J,True,20,1.2373769622920794,1.1162728424227912,1.3584810821613678,0.2587615214575879,0.19678565149067925,0.3779397387600076,1.2628188292660463,0.20040433658510276,0,0.0,0.0,0.16843347098308528,0,0.0,0.0,0.16843347098308528
W3,J121,J,True,20,6.855293603693953,6.727271632299585,6.983315575088321,0.2735428004741856,0.20802667219871154,0.3995288556372144,6.860476278900314,0.17586447885224338,0,0.0,0.0,0.16843347098308528,0,0.0,0.0,0.16843347098308528
W3,J124,J,True,20,9.55127300002067,9.388723234080212,9.713822765961128,0.34731786823376604,0.264131902570908,0.507282627059631,9.557270224150754,0.17284979281567497,0,0.0,0.0,0.16843347098308528,0,0.0,0.0,0.16843347098308528
W3,J125,J,True,20,17.483490094414243,17.24537525597503,17.721604932853456,0.5087767281795353,0.3869198146391181,0.7431048582965671,17.490521345936525,0.15782340395668956,0,0.0,0.0,0.16843347098308528,0,0.0,0.0,0.16843347098308528
W3,J133,J,True,20,-3.614187270697583,-3.7993967174836265,-3.4289778239115396,0.3957344992920298,0.30095228541653113,0.5779985850997799,3.634711148345335,0.15152913744257251,0,0.0,0.0,0.16843347098308528,0,0.0,0.0,0.16843347098308528
W3,J134,J,True,20,0.09498365838720689,-0.08566462930770213,0.27563194608211594,0.3859887328614085,0.2935407236606611,0.5637641950789716,0.3880204017339496,0.13984047839089753,7,0.35,0.15390920478454118,0.5921885345328282,11,0.55,0.31527813304054847,0.7694221032240758
W3,J135,J,True,20,-3.76301817902971,-3.934264466846113,-3.5917718912133063,0.3658996079337662,0.27826313712269624,0.5344225890152017,3.7798801849582286,0.17003247936454774,0,0.0,0.0,0.16843347098308528,0,0.0,0.0,0.16843347098308528
W3,J136,J,True,20,-18.75582073635083,-18.96059954645609,-18.55104192624557,0.43754809103360437,0.3327511202884295,0.6390703312017926,18.760668629062675,0.1383866329355877,0,0.0,0.0,0.16843347098308528,0,0.0,0.0,0.16843347098308528
W3,J139,J,True,20,-16.275662489429074,-16.48310812937914,-16.068216849479008,0.44324626999609484,0.3370845306545761,0.6473929297719374,16.28139531375861,0.13660345640554378,0,0.0,0.0,0.16843347098308528,0,0.0,0.0,0.16843347098308528
W3,J142,J,True,20,-12.0908680443125,-12.287831506764237,-11.893904581860767,0.42084914427829023,0.3200517316855871,0.6146803232179157,12.097824117051172,0.1690553549390242,0,0.0,0.0,0.16843347098308528,0,0.0,0.0,0.16843347098308528
W3,J143,J,True,20,-7.378211927124633,-7.707450333581758,-7.048973520667509,0.7034792133337031,0.5349891843510176,1.027481785594668,7.410003380227108,0.16438448817771126,0,0.0,0.0,0.16843347098308528,0,0.0,0.0,0.16843347098308528
W3,J144,J,True,20,2.3763394256377754,2.14596743543082,2.6067114158447313,0.4922326899489871,0.37433823248135994,0.7189411053101563,2.4242869953539263,0.17988044271719977,0,0.0,0.0,0.16843347098308528,0,0.0,0.0,0.16843347098308528
W3,J145,J,True,20,1.3728574249220966,1.2007493875455992,1.544965462298594,0.3677408964673531,0.27966341936567884,0.5371119228212703,1.4188760367810895,0.19103106454461566,0,0.0,0.0,0.16843347098308528,0,0.0,0.0,0.16843347098308528
W3,J147,J,True,20,-4.0077304309480555,-4.150837472093662,-3.8646233898024485,0.30577486330026776,0.23253884636738406,0.4466060923746027,4.018796655819011,0.1811021390340929,0,0.0,0.0,0.16843347098308528,0,0.0,0.0,0.16843347098308528
W3,J148,J,True,20,4.804448203144234,4.62844296418893,4.980453442099538,0.37606799393560875,0.2859960970029359,0.5492742451946047,4.818410351553248,0.17700823222893153,0,0.0,0.0,0.16843347098308528,0,0.0,0.0,0.16843347098308528
W3,J151,J,True,20,6.852040635280499,6.672518338126703,7.031562932434294,0.3835828442270673,0.29171106846441713,0.5602502223799912,6.862232863726009,0.17741553870417687,0,0.0,0.0,0.16843347098308528,0,0.0,0.0,0.16843347098308528
W3,J152,J,True,20,16.18995170755574,15.86612099386592,16.51378242124556,0.6919246699411773,0.5262020650901341,1.0106055472472362,16.20399204067987,0.17071810859339592,0,0.0,0.0,0.16843347098308528,0,0.0,0.0,0.16843347098308528
W3,J160,J,True,20,-7.772038030057731,-7.981061817711243,-7.5630142424042175,0.44661827667323784,0.3396489093421595,0.652317987081377,7.784219269231134,0.15262190479263826,0,0.0,0.0,0.16843347098308528,0,0.0,0.0,0.16843347098308528
W3,J161,J,True,20,-1.6731356471085523,-1.927412443636642,-1.4188588505804627,0.5433097636313853,0.413181856387303,0.7935428303866386,1.7549384940560415,0.1668335633742613,0,0.0,0.0,0.16843347098308528,0,0.0,0.0,0.16843347098308528
W3,J162,J,True,20,0.8515318037421501,0.6231714437096377,1.0798921637746624,0.4879344671873605,0.3710694753584529,0.7126632430588026,0.9753370980539509,0.47009242153669756,4,0.2,0.05733399705003277,0.4366140029966683,11,0.55,0.31527813304054847,0.7694221032240758
W3,J165,J,True,20,-5.675275725474145,-5.903324629900895,-5.447226821047395,0.4872689842417711,0.37056338197074185,0.7116912575441536,5.695113174468959,0.2859420172177117,0,0.0,0.0,0.16843347098308528,0,0.0,0.0,0.16843347098308528
W3,J174,J,True,20,6.082570012746095,5.866992672951045,6.298147352541146,0.46062116216488147,0.3502979692514557,0.6727702044542971,6.099116429634744,0.3411829594375089,0,0.0,0.0,0.16843347098308528,0,0.0,0.0,0.16843347098308528
W3,J175,J,True,20,4.181685457076548,4.015020434214267,4.34835047993883,0.35611088157987947,0.2708189047578417,0.520125452948982,4.1960657137259085,0.27944497873535257,0,0.0,0.0,0.16843347098308528,0,0.0,0.0,0.16843347098308528
W3,J178,J,True,20,5.723690834801967,5.4936189981584835,5.953762671445449,0.49159135592303516,0.3738505041150666,0.7180043910225727,5.743710972059211,0.27282488419545,0,0.0,0.0,0.16843347098308528,0,0.0,0.0,0.16843347098308528
W3,J179,J,True,20,14.678146297595488,14.403913553365333,14.952379041825642,0.58594936495203,0.4456088636097087,0.8558210226510038,14.689252825075528,0.24608276436505666,0,0.0,0.0,0.16843347098308528,0,0.0,0.0,0.16843347098308528
W3,J187,J,True,20,-4.507078037110277,-4.753765109928582,-4.260390964291972,0.5270929044798854,0.40084909077638686,0.7698569458830176,4.536263662537399,0.22959888124558342,0,0.0,0.0,0.16843347098308528,0,0.0,0.0,0.16843347098308528
W3,J188,J,True,20,-3.7392422057789276,-3.965388056020601,-3.513096355537254,0.48320275431600007,0.36747105317105627,0.7057522374486332,3.7687853388284274,0.20445867708995982,0,0.0,0.0,0.16843347098308528,0,0.0,0.0,0.16843347098308528
W3,J189,J,True,20,7.0802293996680765,6.825491791769613,7.334967007566541,0.5442943730024926,0.41393064235619736,0.7949809229067353,7.100076893821802,0.4041062623975922,0,0.0,0.0,0.16843347098308528,0,0.0,0.0,0.16843347098308528
W3,J192,J,True,20,1.1775100738949744,0.9645439796545424,1.3904761681354063,0.4550417493972417,0.3460548794356642,0.6646210724196809,1.2582685794908515,0.2252805429815515,0,0.0,0.0,0.16843347098308528,1,0.05,0.0012650894979498038,0.24873276277202777
W3,J193,J,True,20,-4.437368421012047,-4.631206225480635,-4.243530616543458,0.41417059348953106,0.31497275796269153,0.6049258213654723,4.455692866466543,0.15298558240894872,0,0.0,0.0,0.16843347098308528,0,0.0,0.0,0.16843347098308528
W3,J195,J,True,20,-8.884705071968721,-9.152992477436166,-8.616417666501276,0.5732460406928758,0.4359481075345642,0.837266907553658,8.902256157170397,0.2864939511399174,0,0.0,0.0,0.16843347098308528,0,0.0,0.0,0.16843347098308528
W3,J196,J,True,20,-4.447206380918139,-4.617260063938627,-4.277152697897653,0.3633513855295919,0.27632523846170554,0.5307007276491412,4.461285421532338,0.15874257853229815,0,0.0,0.0,0.16843347098308528,0,0.0,0.0,0.16843347098308528
W3,J197,J,True,20,2.653905681364368,2.343093035436359,2.964718327292377,0.6641091420787095,0.5050486233375123,0.9699789762076317,2.731703547338357,0.1495839396325184,0,0.0,0.0,0.16843347098308528,0,0.0,0.0,0.16843347098308528
W3,J198,J,True,20,0.8765613658855463,0.6633680711775253,1.0897546605935675,0.4555272055380625,0.34642406416762683,0.6653301158895437,0.9825933092583039,0.289392460236157,2,0.1,0.012348527170294808,0.31698271401908235,4,0.2,0.05733399705003277,0.4366140029966683
W3,J201,J,True,20,4.324698250877987,4.138125043790894,4.511271457965081,0.39864842733001943,0.30316829969919074,0.5822545857417601,4.34211808928882,0.2484531604544021,0,0.0,0.0,0.16843347098308528,0,0.0,0.0,0.16843347098308528
W3,J202,J,True,20,3.184044731867007,3.046757682407879,3.321331781326135,0.2933393664295648,0.22308177044849525,0.4284431583642046,3.1968557113564686,0.17776726290248776,0,0.0,0.0,0.16843347098308528,0,0.0,0.0,0.16843347098308528
W3,J204,J,True,20,6.866804881107116,6.634501681744623,7.09910808046961,0.49635907821620145,0.377476311121852,0.7249679909728648,6.883826188465085,0.3649349734617177,0,0.0,0.0,0.16843347098308528,0,0.0,0.0,0.16843347098308528
W3,J205,J,True,20,5.063173589952872,4.885727897562896,5.240619282342849,0.37914579114636315,0.2883367322174099,0.5537695885023594,5.0766416809139745,0.16750032323578312,0,0.0,0.0,0.16843347098308528,0,0.0,0.0,0.16843347098308528
W3,J206,J,True,20,15.060774981118547,14.826007612227388,15.295542350009706,0.5016242356448244,0.3814804127709543,0.7326581305728138,15.068708921536153,0.1474855671685942,0,0.0,0.0,0.16843347098308528,0,0.0,0.0,0.16843347098308528
W3,J214,J,True,20,-5.893860337360033,-6.071690147274213,-5.716030527445853,0.37996652982221224,0.28896089609664816,0.5549683361329706,5.905484358789004,0.1447823296161437,0,0.0,0.0,0.16843347098308528,0,0.0,0.0,0.16843347098308528
W3,J215,J,True,20,-5.816735255355406,-6.00309647292404,-5.630374037786772,0.39819547221677676,0.30282383168650706,0.5815930123509226,5.829669002892337,0.14156418839364035,0,0.0,0.0,0.16843347098308528,0,0.0,0.0,0.16843347098308528
W3,J216,J,True,20,4.128485252681708,3.9334689066584354,4.32350159870498,0.41668876715794234,0.3168878048487727,0.6086037944003763,4.148413978118887,0.3816358444901652,0,0.0,0.0,0.16843347098308528,0,0.0,0.0,0.16843347098308528
W3,J219,J,True,20,4.7040996825134425,4.47426646356354,4.933932901463345,0.4910815047511342,0.37346276719629806,0.7172597168622521,4.728388395121141,0.2257509466178992,0,0.0,0.0,0.16843347098308528,0,0.0,0.0,0.16843347098308528
W3,J220,J,True,20,-2.6384623126864426,-2.9276250544228852,-2.3492995709499995,0.617850087027012,0.4698690563199196,0.902414312485445,2.706313945018946,0.1593652002215136,0,0.0,0.0,0.16843347098308528,0,0.0,0.0,0.16843347098308528
W3,J222,J,True,20,-16.832161503878794,-17.06409938212334,-16.60022362563425,0.4955785015652729,0.3768826900767826,0.7238279028567016,16.839090802098323,0.2705424053287495,0,0.0,0.0,0.16843347098308528,0,0.0,0.0,0.16843347098308528
W3,J223,J,True,20,-8.142287895767819,-8.363449189914544,-7.9211266016210935,0.4725523212810912,0.35937150115255445,0.6901965170454583,8.15530456752523,0.17094370013216403,0,0.0,0.0,0.16843347098308528,0,0.0,0.0,0.16843347098308528
W3,J224,J,True,20,-9.036651921509307,-9.263373219103501,-8.809930623915113,0.48443230482689925,0.36840611452393845,0.7075480840500286,9.048978885795886,0.18815546574575293,0,0.0,0.0,0.16843347098308528,0,0.0,0.0,0.16843347098308528
W3,J225,J,True,20,-5.082380168847759,-5.270655196272463,-4.894105141423055,0.4022846836380853,0.3059336376927962,0.5875655985669807,5.097482662947691,0.24349261714999246,0,0.0,0.0,0.16843347098308528,0,0.0,0.0,0.16843347098308528
W3,J228,J,True,20,-0.8736531554059943,-1.0773363005313952,-0.6699700102805933,0.43520699861245077,0.3309707419899037,0.635650998013922,0.971187268764395,0.22410701379629885,1,0.05,0.0012650894979498038,0.24873276277202777,1,0.05,0.0012650894979498038,0.24873276277202777
W3,J229,J,True,20,1.3088794489987492,1.1178097257374344,1.4999491722600642,0.4082560721215921,0.31047482127531517,0.5962872392142397,1.3680295250520773,0.17694311034679827,0,0.0,0.0,0.16843347098308528,0,0.0,0.0,0.16843347098308528
W3,J231,J,True,20,-2.469621599026777,-2.710599206214969,-2.228643991838585,0.514893567126603,0.39157161190202583,0.7520389397653635,2.5200973113303613,0.32397459666983197,0,0.0,0.0,0.16843347098308528,0,0.0,0.0,0.16843347098308528
W3,J232,J,True,20,0.4328116493022398,0.21399625742860243,0.6516270411758772,0.4675398638846775,0.35555957545059413,0.6828754639450004,0.6284821173883649,0.16127720307243001,4,0.2,0.05733399705003277,0.4366140029966683,6,0.3,0.11893159040572766,0.5427891822762891
W3,J233,J,True,20,4.406325905489053,4.2194371171958425,4.593214693782264,0.3993227253896269,0.30368109689643746,0.5832394463619129,4.423482077780569,0.1984040162803142,0,0.0,0.0,0.16843347098308528,0,0.0,0.0,0.16843347098308528
W3,J240,J,True,20,-3.4749779289335896,-3.6718912789658305,-3.278064578901349,0.4207420697549278,0.3199703025390925,0.6145239332061415,3.499091925253487,0.33475305485829215,0,0.0,0.0,0.16843347098308528,0,0.0,0.0,0.16843347098308528
W3,J241,J,True,20,-5.096204808288817,-5.317389286442804,-4.875020330134832,0.4726018582332511,0.3594091735288365,0.6902688693127229,5.116980392635027,0.16561330090802515,0,0.0,0.0,0.16843347098308528,0,0.0,0.0,0.16843347098308528
W3,J242,J,True,20,3.1071121957724954,2.9560174318197907,3.2582069597252,0.3228421216955809,0.24551833243456558,0.47153404589311465,3.123005264305848,0.2363792289801742,0,0.0,0.0,0.16843347098308528,0,0.0,0.0,0.16843347098308528
W3,H2_0,H2,True,20,-0.7448444754560507,-0.8438076658689302,-0.6458812850431713,0.21145329941849272,0.1608082030571225,0.3088426914944751,0.7728325598476153,0.1453033567673628,0,0.0,0.0,0.16843347098308528,0,0.0,0.0,0.16843347098308528
W3,H2_1,H2,True,20,-3.471549991768957,-3.5994541518759187,-3.343645831661996,0.27329107470294584,0.20783523716767843,0.39916119211566137,3.481754292922998,0.18032633223980246,0,0.0,0.0,0.16843347098308528,0,0.0,0.0,0.16843347098308528
W3,H2_3,H2,True,20,5.667871217099968,5.525014420930803,5.8107280132691335,0.30524016827163547,0.23213221593421327,0.4458251319818084,5.675674155194293,0.18545924898720714,0,0.0,0.0,0.16843347098308528,0,0.0,0.0,0.16843347098308528
W3,H2_4,H2,True,20,3.438703784583725,3.278766686419639,3.5986408827478114,0.3417354166243015,0.259886501745099,0.4991290565788391,3.4547977738699913,0.19818749815973968,0,0.0,0.0,0.16843347098308528,0,0.0,0.0,0.16843347098308528
W3,H2_5,H2,True,20,-3.4924909760632423,-3.667846955464301,-3.3171349966621833,0.37468072989984585,0.28494109602933887,0.5472480466921611,3.5115323698883287,0.19491688466057738,0,0.0,0.0,0.16843347098308528,0,0.0,0.0,0.16843347098308528
W3,H2_7,H2,True,20,0.68066499883665,0.5200258505865251,0.8413041470867747,0.3432354774694554,0.26102728360874883,0.5013200029017238,0.7584358272031307,0.22094130362290199,3,0.15,0.0320709371854637,0.37892682654531396,5,0.25,0.08657146910143461,0.49104587170795744
W3,H2_8,H2,True,20,0.3961911034136326,0.3080612650896721,0.4843209417375931,0.1883058237418598,0.1432047701520588,0.2750341450734255,0.436638889148066,0.10621656216981153,1,0.05,0.0012650894979498038,0.24873276277202777,3,0.15,0.0320709371854637,0.37892682654531396
W3,H2_9,H2,True,20,-1.3818744037427344,-1.5197773972929878,-1.243971410192481,0.2946554457695939,0.22408263614476337,0.43036538651913364,1.411402709312594,0.16574299701454748,0,0.0,0.0,0.16843347098308528,0,0.0,0.0,0.16843347098308528
W3,H2_11,H2,True,20,8.331717339846849,8.124523968716813,8.538910710976884,0.4427072506484622,0.33667461161834356,0.6466056534014657,8.34288343772059,0.15444760038612715,0,0.0,0.0,0.16843347098308528,0,0.0,0.0,0.16843347098308528
W3,H2_12,H2,True,20,2.6925536874605944,2.5603441513927665,2.824763223528422,0.2824903128071757,0.21483116938109856,0.4125973383646066,2.7065949268122935,0.17725681916746344,0,0.0,0.0,0.16843347098308528,0,0.0,0.0,0.16843347098308528
W3,H2_13,H2,True,20,-5.408070099674225,-5.5914203360523596,-5.22471986329609,0.39176194976704587,0.2979311996617811,0.5721963919405094,5.421533524475468,0.16674554372490916,0,0.0,0.0,0.16843347098308528,0,0.0,0.0,0.16843347098308528
W3,H2_15,H2,True,20,-6.632336643498646,-6.843045946734851,-6.421627340262441,0.450219694833813,0.34238775325924214,0.6575781162965177,6.646837762246821,0.12070685695054079,0,0.0,0.0,0.16843347098308528,0,0.0,0.0,0.16843347098308528
W3,H2_16,H2,True,20,-0.7076611960220606,-0.8243268358039124,-0.5909955562402086,0.24927788158122474,0.1895734344614213,0.3640882033494224,0.748209100110868,0.20729598814313305,1,0.05,0.0012650894979498038,0.24873276277202777,2,0.1,0.012348527170294808,0.31698271401908235
W3,H2_17,H2,False,20,-5.744175113765502,-5.866413287706272,-5.6219369398247325,0.26118463932730585,0.19862840935492881,0.3814788759914912,5.74981341285371,0.16187628037932147,0,0.0,0.0,0.16843347098308528,0,0.0,0.0,0.16843347098308528
W3,H2_18,H2,True,20,-3.6046814719211056,-3.7590426691189816,-3.4503202747232296,0.32982146506699134,0.2508260560272531,0.4817278768601334,3.6189876488997985,0.21584254219189913,0,0.0,0.0,0.16843347098308528,0,0.0,0.0,0.16843347098308528
W3,H2_19,H2,True,20,-1.9535072043091393,-2.078000276885228,-1.8290141317330506,0.26600265049189303,0.20229246056537145,0.38851592644099303,1.9706369368437666,0.1496205320705497,0,0.0,0.0,0.16843347098308528,0,0.0,0.0,0.16843347098308528
W3,H2_20,H2,True,20,8.849038348304536,8.731084144118071,8.966992552491,0.2520311395727237,0.19166726071706824,0.3681095338787243,8.852447311354803,0.2061079704758979,0,0.0,0.0,0.16843347098308528,0,0.0,0.0,0.16843347098308528
W3,H2_21,H2,True,20,4.944346356409523,4.813184723965479,5.075507988853566,0.2802512714242396,0.2131283999168686,0.409327058028593,4.9518859668330695,0.19018491727709388,0,0.0,0.0,0.16843347098308528,0,0.0,0.0,0.16843347098308528
W3,H2_22,H2,True,20,-1.260130770005886,-1.419856258022531,-1.100405281989241,0.34128327210793885,0.2595426501835562,0.4984686671228129,1.303295866541935,0.23276702193948934,0,0.0,0.0,0.16843347098308528,1,0.05,0.0012650894979498038,0.24873276277202777
W3,H2_23,H2,True,20,-0.21552349155907835,-0.32138747291300107,-0.10965951020515562,0.22619812531782987,0.17202150151963477,0.33037856598256293,0.3083142677792446,0.1451929640265866,7,0.35,0.15390920478454118,0.5921885345328282,12,0.6,0.36054258730748967,0.8088099392746928
W3,H2_24,H2,True,20,-2.594346068155116,-2.697944911660126,-2.490747224650106,0.22135823616518663,0.16834081230942824,0.32330956116425114,2.6033019449603163,0.1738718524388301,0,0.0,0.0,0.16843347098308528,0,0.0,0.0,0.16843347098308528
W3,H2_25,H2,True,20,-8.272937452240932,-8.416986861845093,-8.12888804263677,0.3077884091348137,0.23407012863309917,0.4495470203085664,8.278374907447022,0.16534294961957174,0,0.0,0.0,0.16843347098308528,0,0.0,0.0,0.16843347098308528
W3,H2_26,H2,True,20,-3.434309595314061,-3.6267097596862814,-3.241909430941841,0.41109880750036554,0.3126366942244941,0.6004392578774689,3.457605315029181,0.16841233443351436,0,0.0,0.0,0.16843347098308528,0,0.0,0.0,0.16843347098308528
W3,H2_27,H2,True,20,-3.4662405063761157,-3.5896768836839144,-3.342804129068317,0.263744824122031,0.20057540529902668,0.3852182092858905,3.4757598469516213,0.1302985907956251,0,0.0,0.0,0.16843347098308528,0,0.0,0.0,0.16843347098308528
W3,H2_28,H2,True,20,6.932317772144161,6.8393806340796655,7.025254910208657,0.19857751554149544,0.1510162930991986,0.29003668677093164,6.935019183259733,0.16291821902173537,0,0.0,0.0,0.16843347098308528,0,0.0,0.0,0.16843347098308528
W3,H2_29,H2,True,20,1.8209368073530372,1.6869287875350705,1.954944827171004,0.28633310851061716,0.2177535786009379,0.418210016772454,1.8421992761237744,0.16844260526320978,0,0.0,0.0,0.16843347098308528,0,0.0,0.0,0.16843347098308528
W3,H2_30,H2,True,20,-3.6871878363581896,-3.843168258549517,-3.531207414166863,0.33328124102952505,0.2534571824132934,0.48678112749833724,3.70146953343248,0.17566154789629615,0,0.0,0.0,0.16843347098308528,0,0.0,0.0,0.16843347098308528
W3,H2_31,H2,True,20,0.2202088448327112,0.12470393369685613,0.31571375596856627,0.20406404124697938,0.15518874319646309,0.2980501505972005,0.2967355078619738,0.15267754683466553,7,0.35,0.15390920478454118,0.5921885345328282,11,0.55,0.31527813304054847,0.7694221032240758
