family,truth,iteration,map,n_cells,median_abs_pct,p90_abs_pct,max_abs_pct,median_signed_pct,T2_proxy,departure_cells
b0,nominal,1,EW,39,5.329070518200751e-13,5.684341886080801e-13,1.3179457525325233e-10,-5.329070518200751e-13,,0
b0,nominal,1,J,109,5.329070518200751e-13,5.573319583618286e-13,1.5514256546111937e-10,-5.329070518200751e-13,,0
b0,nominal,1,H2,27,5.329070518200751e-13,5.662137425588298e-13,5.3146376188806244e-11,-5.329070518200751e-13,,0
b0,nominal,2,EW,39,1.9131363160340698e-10,1.8735812901127247e-09,3.81208398181343e-09,1.9131363160340698e-10,,0
b0,nominal,2,J,109,1.914690628268545e-10,4.36286562432997e-10,3.029576589597127e-09,1.914690628268545e-10,,0
b0,nominal,2,H2,27,1.915578806688245e-10,6.964473442394597e-10,1.2168932528311416e-09,1.915578806688245e-10,,0
b0,nominal,3,EW,39,1.4440559858996949e-08,2.2348218831069754e-08,6.326046353422043e-08,-1.4440559858996949e-08,,0
b0,nominal,3,J,109,1.4440548756766702e-08,1.5617525050970474e-08,5.943718850431878e-08,-1.4440548756766702e-08,,0
b0,nominal,3,H2,27,1.4440548756766702e-08,1.460517262685812e-08,3.0263325179191725e-08,-1.4440548756766702e-08,,0
b0,nominal,4,EW,39,1.0038684328250724e-06,1.6720852435980766e-06,3.3721026415634014e-06,1.0038684328250724e-06,,0
b0,nominal,4,J,109,1.0211903989088e-06,1.4354335364785697e-06,2.5707756368120727e-06,1.0211903989088e-06,,0
b0,nominal,4,H2,27,1.0339605394094065e-06,1.4386438484947917e-06,1.9889561775343623e-06,1.0339605394094065e-06,,0
b0,nominal,5,EW,39,7.908940202749903e-06,8.232932040552754e-06,8.262469464170863e-06,-7.908940202749903e-06,,0
b0,nominal,5,J,109,7.898380127713267e-06,8.772753874453088e-06,8.978083931854286e-06,-7.898380127713267e-06,,0
b0,nominal,5,H2,27,7.899773990516223e-06,8.684285628390853e-06,8.828499187263361e-06,-7.899773990516223e-06,,0
b0,nominal,6,EW,39,7.576067417858212e-06,7.939236992271503e-06,7.993659334459835e-06,7.576067417858212e-06,,0
b0,nominal,6,J,109,7.715004035624418e-06,8.320184794463614e-06,8.523365035983943e-06,7.715004035624418e-06,,0
b0,nominal,6,H2,27,7.610747454478428e-06,8.33324606208663e-06,8.451342381476934e-06,7.610747454478428e-06,,0
b0,nominal,7,EW,39,2.2007226929687818e-06,3.4594716891156456e-06,6.304600119744208e-06,1.6446807693526466e-06,,0
b0,nominal,7,J,109,2.3410953176039584e-06,5.164879608443585e-06,8.470604995203246e-06,1.6623976861751544e-06,,0
b0,nominal,7,H2,27,1.5979028655799254e-06,6.9428728322051825e-06,7.034126703331367e-06,1.585056752517744e-07,,0
b0,nominal,8,EW,39,1.9641834603234543e-06,4.430733460125684e-06,7.393655154785961e-06,3.0434632591891386e-08,,0
b0,nominal,8,J,109,4.89852398644075e-06,7.6184775510412805e-06,8.840095322426578e-06,3.29562999112909e-07,,0
b0,nominal,8,H2,27,2.104109486644745e-06,6.666935996602068e-06,8.588319699853741e-06,1.121910275792004e-06,,0
b0,nominal,9,EW,39,4.323399060979227e-06,7.209518648743085e-06,7.569483373437436e-06,3.9513595950779745e-06,,0
b0,nominal,9,J,109,4.772783213091714e-06,6.322958023829983e-06,7.4633788704758786e-06,4.326703195722814e-06,,0
b0,nominal,9,H2,27,3.1563279767610197e-06,6.041546711799128e-06,6.802214236323323e-06,3.1563279767610197e-06,,0
b0,nominal,10,EW,39,3.5992238522908337e-06,7.476760865987586e-06,7.760444697968438e-06,-2.2899178997448644e-06,,0
b0,nominal,10,J,109,2.8186056821866146e-06,6.587904726185201e-06,8.904449888547106e-06,-1.4351966393100213e-06,,0
b0,nominal,10,H2,27,3.1161373037491558e-06,6.233973697256095e-06,8.657126293609707e-06,-1.3453698377574597e-06,,0
b0,nominal,11,EW,39,4.468315539796208e-06,8.700958371576917e-06,9.139372814104263e-06,4.421966148804302e-06,,0
b0,nominal,11,J,109,5.018735627082549e-06,7.343430543649276e-06,8.652334626546576e-06,4.986969237563699e-06,,0
b0,nominal,11,H2,27,4.6483124238605456e-06,6.093200424217572e-06,6.838570221212592e-06,4.6483124238605456e-06,,0
b0,nominal,12,EW,39,6.098831617507017e-06,7.95187744984105e-06,8.343964608137355e-06,-6.098831617507017e-06,,0
b0,nominal,12,J,109,5.704009331530813e-06,8.195626310936177e-06,8.830805042769896e-06,-5.704009331530813e-06,,0
b0,nominal,12,H2,27,5.705354177987232e-06,8.150217938318605e-06,8.504597670544456e-06,-5.705354177987232e-06,,0
b0,nominal,13,EW,39,7.7672800635753e-06,9.897410060411007e-06,1.0356076174389273e-05,7.7672800635753e-06,,0
b0,nominal,13,J,109,7.845957639140977e-06,9.096138935404952e-06,1.0385565807347064e-05,7.845957639140977e-06,,0
b0,nominal,13,H2,27,7.906691101844388e-06,8.723431363932832e-06,9.251842025825852e-06,7.906691101844388e-06,,0
b0,nominal,14,EW,39,3.3570265678406486e-06,6.754793733243503e-06,7.332929197190197e-06,2.967369505668671e-06,,0
b0,nominal,14,J,109,2.6073389003400393e-06,6.121584132934288e-06,7.397454071522702e-06,9.663293276673812e-07,,0
b0,nominal,14,H2,27,2.4591365166415358e-06,4.481495787800327e-06,4.753728855000361e-06,2.203627613717174e-06,,0
b0,nominal,15,EW,39,7.055773831865508e-06,7.686294596354061e-06,8.237359017115864e-06,-6.261858997991254e-06,,0
b0,nominal,15,J,109,6.2860183946966686e-06,7.87699862447866e-06,8.401273565716849e-06,-3.834199657770654e-06,,0
b0,nominal,15,H2,27,6.0989346684081625e-06,7.5534271637423e-06,8.174619980927389e-06,-3.7518505191513896e-06,,0
b0,nominal,16,EW,39,7.535839663397326e-06,1.2032911840265118e-05,1.3552136746142196e-05,7.535839663397326e-06,,0
b0,nominal,16,J,109,7.695590054090928e-06,1.0000253323205754e-05,1.2330388643455592e-05,7.695590054090928e-06,,0
b0,nominal,16,H2,27,7.608641205969491e-06,9.182654010508884e-06,9.907243003759447e-06,7.608641205969491e-06,,0
b0,nominal,17,EW,39,3.0837748798973053e-06,6.9097935417872245e-06,7.802521961863818e-06,5.512190703882425e-07,,0
b0,nominal,17,J,109,2.9436261317350443e-06,5.512967362619748e-06,7.649445088464546e-06,-1.7958493803149622e-06,,0
b0,nominal,17,H2,27,3.5528036956833375e-06,7.2591823085943474e-06,7.8751376308972e-06,-2.83574406179099e-06,,0
b0,nominal,18,EW,39,7.17804553573842e-06,8.272936113939979e-06,9.178154525280036e-06,7.17804553573842e-06,,0
b0,nominal,18,J,109,7.2956846786098595e-06,8.542829035285138e-06,8.933367201535702e-06,7.2956846786098595e-06,,0
b0,nominal,18,H2,27,6.482468695168109e-06,7.727522457479097e-06,8.279227969865133e-06,6.482468695168109e-06,,0
b0,nominal,19,EW,39,3.7911201622442547e-06,5.438762979981249e-06,6.26279206272784e-06,-3.7911201622442547e-06,,0
b0,nominal,19,J,109,2.6679172426824493e-06,6.2495466979228826e-06,7.921762457119286e-06,-2.6679172426824493e-06,,0
b0,nominal,19,H2,27,3.934444536835002e-06,7.541664330812381e-06,8.477817337038118e-06,-3.934444536835002e-06,,0
b0,nominal,20,EW,39,7.818400016290639e-06,8.12416141027228e-06,8.253273686698037e-06,7.818400016290639e-06,,0
b0,nominal,20,J,109,7.78353863584158e-06,8.35515578945234e-06,8.960651354250615e-06,7.78353863584158e-06,,0
b0,nominal,20,H2,27,7.725614548093063e-06,8.27165017813769e-06,8.315574451245311e-06,7.725614548093063e-06,,0
b0,nominal,21,EW,39,2.581069491469634e-06,3.845316745021421e-06,5.324981200427459e-06,6.231605675921514e-07,,0
b0,nominal,21,J,109,1.8193735629168373e-06,5.308591277675134e-06,6.244656836074114e-06,3.990021646416153e-08,,0
b0,nominal,21,H2,27,2.2402974142465837e-06,5.788166435038988e-06,5.7881665349590605e-06,-5.187329010780672e-07,,0
b0,nominal,22,EW,39,5.168130967625473e-06,7.501249066343974e-06,7.930752987661549e-06,3.940923298806354e-06,,0
b0,nominal,22,J,109,5.0968182119248695e-06,8.073323831681023e-06,8.392521833044952e-06,5.017372406435072e-06,,0
b0,nominal,22,H2,27,3.796324965499309e-06,7.20012642396739e-06,7.701328397224927e-06,3.796324965499309e-06,,0
b0,nominal,23,EW,39,3.2142893124920136e-06,6.5409864213883395e-06,6.898298410273895e-06,-3.2142893124920136e-06,,0
b0,nominal,23,J,109,3.275303517291661e-06,6.7844119477911136e-06,7.979571570171373e-06,-3.275303517291661e-06,,0
b0,nominal,23,H2,27,3.894672639948027e-06,7.9131785701847e-06,8.421328623331448e-06,-3.894672639948027e-06,,0
b0,nominal,24,EW,39,8.161550879570711e-06,8.803743716256918e-06,9.230851127917106e-06,8.161550879570711e-06,,0
b0,nominal,24,J,109,7.966517134860851e-06,9.089560224495585e-06,1.1294680879458951e-05,7.966517134860851e-06,,0
b0,nominal,24,H2,27,8.05332629472133e-06,8.83176078048109e-06,9.599248351754852e-06,8.05332629472133e-06,,0
b0,nominal,25,EW,39,1.8392985801085615e-06,4.759392160380573e-06,6.310974265399949e-06,1.058566145850648e-06,,0
b0,nominal,25,J,109,2.238246699093338e-06,4.687907024791826e-06,7.188093131826889e-06,4.887902527173082e-07,,0
b0,nominal,25,H2,27,2.3077728394937935e-06,4.076117838813787e-06,4.6149564392194975e-06,2.9433273596168874e-07,,0
b0,nominal,26,EW,39,2.6297108601802677e-06,7.481843340428896e-06,8.110951865702987e-06,-5.637973421457332e-07,,0
b0,nominal,26,J,109,2.3946114646733463e-06,7.353057851489098e-06,8.480818025624615e-06,1.2299190776943192e-06,,0
b0,nominal,26,H2,27,2.2444817893152447e-06,6.427376653128647e-06,8.413602703427614e-06,-8.142963525692437e-07,,0
b0,nominal,27,EW,39,2.0331407446505523e-06,6.791693101249052e-06,6.874478808427398e-06,4.839700196157537e-07,,0
b0,nominal,27,J,109,2.5255487479114436e-06,5.316247631004246e-06,6.461412482838824e-06,3.0419708973994375e-07,,0
b0,nominal,27,H2,27,2.3555629002913747e-06,4.1820355711763585e-06,8.379308458206225e-06,-1.992240694637104e-06,,0
b0,nominal,28,EW,39,5.870994090884096e-06,8.308736778595005e-06,8.525635175615776e-06,5.870994090884096e-06,,0
b0,nominal,28,J,109,6.4227128282468016e-06,8.551089014652291e-06,8.925615446742086e-06,6.4227128282468016e-06,,0
b0,nominal,28,H2,27,4.50167618737396e-06,7.794527032700671e-06,8.436900800212754e-06,4.50167618737396e-06,,0
b0,nominal,29,EW,39,3.4504378132460545e-06,4.651489846629886e-06,5.587106111093476e-06,-3.4504378132460545e-06,,0
b0,nominal,29,J,109,2.8897195525345865e-06,6.820511222471737e-06,8.396279926881078e-06,-2.8897195525345865e-06,,0
b0,nominal,29,H2,27,2.9924605349229694e-06,6.143027295735238e-06,8.554027908225237e-06,-2.9924605349229694e-06,,0
b0,nominal,30,EW,39,7.932364298746108e-06,8.455611557600662e-06,8.648557203727592e-06,7.932364298746108e-06,,0
b0,nominal,30,J,109,7.920184286192011e-06,8.666534552226324e-06,9.659234856407295e-06,7.920184286192011e-06,,0
b0,nominal,30,H2,27,7.822784664490712e-06,8.590269842123632e-06,9.069147566265201e-06,7.822784664490712e-06,,0
b0,nominal,31,EW,39,3.1154556046075754e-06,4.127982680124376e-06,5.257940560721153e-06,1.021334350426173e-06,,0
b0,nominal,31,J,109,1.4557539618209603e-06,5.700544201125979e-06,6.407918307083094e-06,-8.831337550141427e-07,,0
b0,nominal,31,H2,27,1.6917990564024876e-06,4.480918103233478e-06,4.862129432403606e-06,-8.777018223327104e-07,,0
b0,nominal,32,EW,39,3.792235259147958e-06,7.759829183662248e-06,8.112340865729095e-06,2.5786834445540308e-06,,0
b0,nominal,32,J,109,5.9141459063383195e-06,8.4054619087226e-06,8.703819465161189e-06,4.009688980843862e-06,,0
b0,nominal,32,H2,27,2.6884362513968085e-06,7.824987195981237e-06,8.184336497407685e-06,1.3803188148031609e-06,,0
b0,nominal,33,EW,39,3.18401688348402e-06,5.032008485450492e-06,6.905099181331309e-06,-3.117534985719317e-06,,0
b0,nominal,33,J,109,2.749952243696896e-06,6.3266073446754945e-06,7.532198076365404e-06,-2.749952243696896e-06,,0
b0,nominal,33,H2,27,3.0434151976344026e-06,7.159378496712778e-06,8.802963846754608e-06,-3.0434151976344026e-06,,0
b0,nominal,34,EW,39,8.146023278143844e-06,8.9987964457805e-06,9.283286739325547e-06,8.146023278143844e-06,,0
b0,nominal,34,J,109,8.045456501015735e-06,9.397719362702617e-06,1.0912801595708288e-05,8.045456501015735e-06,,0
b0,nominal,34,H2,27,8.241806104258842e-06,9.303071539790153e-06,9.734894979018804e-06,8.241806104258842e-06,,0
b0,nominal,35,EW,39,2.3657041214875107e-06,4.559525237368689e-06,5.255704627060709e-06,1.3609263938008098e-06,,0
b0,nominal,35,J,109,1.80030321761393e-06,7.968366306787544e-06,8.403980411575418e-06,-8.701521725384964e-08,,0
b0,nominal,35,H2,27,2.369460605500251e-06,5.825238220680262e-06,6.09442785126646e-06,-5.594363861050056e-08,,0
b0,nominal,36,EW,39,2.9096651199544965e-06,7.072093071158747e-06,7.323937034620087e-06,9.093380937130746e-07,,0
b0,nominal,36,J,109,3.0665714856326076e-06,7.468569283020088e-06,8.00512331977643e-06,2.055314851645562e-06,,0
b0,nominal,36,H2,27,1.8690968772716587e-06,6.689029397044521e-06,7.563291415380036e-06,2.888469907702529e-07,,0
b0,nominal,37,EW,39,3.523801406224436e-06,5.500546511605364e-06,5.738266173338502e-06,-2.6618813597778512e-06,,0
b0,nominal,37,J,109,3.8081657161015414e-06,8.262208248677183e-06,9.177400406290559e-06,-3.793442138189107e-06,,0
b0,nominal,37,H2,27,3.626337929940604e-06,7.98100335375196e-06,8.78840107354506e-06,-3.626337929940604e-06,,0
b0,nominal,38,EW,39,6.627875359654922e-06,7.855064181327975e-06,8.053906253024934e-06,6.627875359654922e-06,,0
b0,nominal,38,J,109,6.375989713980346e-06,8.294661908436751e-06,8.604989121252515e-06,6.375989713980346e-06,,0
b0,nominal,38,H2,27,5.683261994349209e-06,7.798725971674969e-06,8.182875776974186e-06,5.683261994349209e-06,,0
b0,nominal,39,EW,39,2.001817545060902e-06,4.013245749057148e-06,5.237383349232516e-06,-1.942538097043922e-06,,0
b0,nominal,39,J,109,2.384550845668798e-06,7.980660032824716e-06,8.43614905710055e-06,-2.384550845668798e-06,,0
b0,nominal,39,H2,27,2.4874960868892515e-06,7.737807834473642e-06,8.423986996852761e-06,-2.4874960868892515e-06,,0
b0,nominal,40,EW,39,7.561483017504145e-06,8.124194188496858e-06,8.435063025835632e-06,7.561483017504145e-06,,0
b0,nominal,40,J,109,7.56568876436603e-06,8.290729489601745e-06,8.6829880396877e-06,7.56568876436603e-06,,0
b0,nominal,40,H2,27,7.526386336387247e-06,8.160480584606944e-06,8.38931124569342e-06,7.526386336387247e-06,,0
b0,nominal,41,EW,39,1.3230214701565046e-06,6.747489256220263e-06,6.793208706667997e-06,8.095470516167325e-07,,0
b0,nominal,41,J,109,2.1786997428385746e-06,4.524367511749006e-06,7.109742761191029e-06,1.1527065302274764e-06,,0
b0,nominal,41,H2,27,2.1863790111709136e-06,4.65594724996521e-06,5.141723946611165e-06,1.7920867012577446e-07,,0
b0,nominal,42,EW,39,1.4450897811713048e-06,2.9130733025795057e-06,4.717671509002486e-06,-1.3741009552425965e-06,,0
b0,nominal,42,J,109,2.5011605453428842e-06,7.578304468403019e-06,8.553136354727542e-06,-1.9180588006761923e-06,,0
b0,nominal,42,H2,27,3.4852607688762305e-06,7.487830064878409e-06,8.152100205993662e-06,-1.676384997484348e-06,,0
b0,nominal,43,EW,39,4.997956204455534e-06,6.941784520542171e-06,7.012328873123863e-06,4.997956204455534e-06,,0
b0,nominal,43,J,109,5.00047403484416e-06,6.621795867189917e-06,7.272880986342045e-06,4.848292767256623e-06,,0
b0,nominal,43,H2,27,4.549070897752472e-06,6.339433240576398e-06,7.839845739265883e-06,4.415445609140534e-06,,0
b0,nominal,44,EW,39,2.098375317949319e-06,6.977659432472194e-06,7.585797034970199e-06,-1.947356143006118e-06,,0
b0,nominal,44,J,109,4.008140908062785e-06,7.702815285615117e-06,8.54655207715993e-06,-4.008140908062785e-06,,0
b0,nominal,44,H2,27,4.635802675068135e-06,7.580650376315391e-06,9.58336258127801e-06,-4.635802675068135e-06,,0
b0,nominal,45,EW,39,6.905545335555985e-06,7.746370278560732e-06,7.940418700336238e-06,6.905545335555985e-06,,0
b0,nominal,45,J,109,6.642480099294801e-06,8.109310436488215e-06,8.886897262527782e-06,6.642480099294801e-06,,0
b0,nominal,45,H2,27,5.9893763948437595e-06,7.81572064845193e-06,8.553886865492188e-06,5.9893763948437595e-06,,0
b0,nominal,46,EW,39,1.8134234558431217e-06,4.2374212871898465e-06,6.13447678210477e-06,-1.0186964161107426e-06,,0
b0,nominal,46,J,109,1.8210284169484225e-06,4.833221531885813e-06,7.054596429245663e-06,-1.4651232005391535e-06,,0
b0,nominal,46,H2,27,1.7527415296925142e-06,6.08391292900024e-06,8.27801464042821e-06,-1.7527415296925142e-06,,0
b0,nominal,47,EW,39,3.868065612255833e-06,7.705270448354895e-06,8.168461951285622e-06,2.6175095202418674e-06,,0
b0,nominal,47,J,109,4.180649249008184e-06,8.361370427145687e-06,9.115202992404647e-06,3.7442598355141854e-06,,0
b0,nominal,47,H2,27,2.0137072231918296e-06,7.746235968220105e-06,8.57742576965137e-06,1.9597415690242315e-06,,0
b0,nominal,48,EW,39,1.342740996168601e-06,4.225597720619589e-06,5.604289288196895e-06,-9.623978503014996e-07,,0
b0,nominal,48,J,109,1.9627090508400613e-06,4.3150537210046025e-06,7.3602457351107375e-06,2.158718981348784e-07,,0
b0,nominal,48,H2,27,1.8901964660145154e-06,5.2929812000002215e-06,8.603082823910313e-06,-1.4436906337067512e-06,,0
b0,nominal,49,EW,39,4.091651195636814e-06,6.894660211642645e-06,7.1298070558611926e-06,4.091651195636814e-06,,0
b0,nominal,49,J,109,4.53569682923316e-06,7.0257282636099205e-06,8.175516241770708e-06,8.038049559289107e-07,,0
b0,nominal,49,H2,27,1.8906916920968797e-06,6.320485010924418e-06,8.225650927062844e-06,6.878908997975941e-07,,0
b0,nominal,50,EW,39,1.6460451668365295e-06,3.0804663775363395e-06,3.489961208913428e-06,3.181235275206973e-07,,0
b0,nominal,50,J,109,2.4165989431779167e-06,7.1605630491689e-06,8.424794473160802e-06,5.499243282969246e-07,,0
b0,nominal,50,H2,27,1.55634425347273e-06,4.854976991541814e-06,8.60258317914031e-06,-2.971440538068748e-07,,0
b0,nominal,51,EW,39,1.8696857728706107e-06,6.520115070074439e-06,7.0450142830580376e-06,-1.3757824102178517e-06,,0
b0,nominal,51,J,109,2.868847615022929e-06,6.801377068210712e-06,8.555393504749986e-06,-1.2697870421796154e-06,,0
b0,nominal,51,H2,27,1.831635110249863e-06,5.795869200131427e-06,8.672039897295036e-06,-1.6152500670330028e-06,,0
b0,nominal,52,EW,39,2.999894843647155e-06,6.783367760831993e-06,6.894944837299022e-06,6.774877991944095e-07,,0
b0,nominal,52,J,109,3.5961925659577787e-06,7.111976536577913e-06,8.4500347496963e-06,4.0229022335580567e-07,,0
b0,nominal,52,H2,27,2.333911064411609e-06,6.021948570911212e-06,8.89267839365715e-06,1.517612258084e-07,,0
b0,nominal,53,EW,39,1.7849408728842775e-06,4.77302053880635e-06,6.1885596425170775e-06,1.77005259338614e-06,,0
b0,nominal,53,J,109,2.7600519314496808e-06,5.8168268823877165e-06,7.302417992516297e-06,1.1648981335099506e-06,,0
b0,nominal,53,H2,27,1.7369907179265454e-06,5.176137696238934e-06,8.688603503337333e-06,5.343116837863704e-07,,0
b0,nominal,54,EW,39,2.3861352338450104e-06,5.1822746960361616e-06,7.0017167619340626e-06,-2.3861352338450104e-06,,0
b0,nominal,54,J,109,2.9746138219266527e-06,7.112651305707374e-06,8.615573821035838e-06,-2.3226677248189276e-06,,0
b0,nominal,54,H2,27,2.4640312457080427e-06,6.35052622266486e-06,8.84782209720214e-06,-2.4640312457080427e-06,,0
b0,nominal,55,EW,39,7.003377455738757e-06,7.949296558784624e-06,8.254052974443482e-06,7.003377455738757e-06,,0
b0,nominal,55,J,109,5.202202757459418e-06,8.118335435014501e-06,9.37792059563236e-06,4.9970576121438626e-06,,0
b0,nominal,55,H2,27,4.760628291577973e-06,7.594057680471167e-06,8.015888153245498e-06,3.0482536494957913e-06,,0
b0,nominal,56,EW,39,1.8386818512183822e-06,4.006150191582236e-06,5.731670660313881e-06,1.4068168852077179e-07,,0
b0,nominal,56,J,109,2.771259510758739e-06,7.200717204725038e-06,8.575904897334397e-06,-4.172508227817673e-07,,0
b0,nominal,56,H2,27,2.0963255797923352e-06,5.783540870663028e-06,9.180892901472504e-06,-9.371334708241363e-07,,0
b0,nominal,57,EW,39,3.395658276783564e-06,6.708383462061818e-06,7.350647779347241e-06,-8.463272305192504e-08,,0
b0,nominal,57,J,109,3.3485213490891397e-06,6.772274478983321e-06,7.659473677534834e-06,9.329863104312608e-07,,0
b0,nominal,57,H2,27,2.658487452400493e-06,6.4128773491489735e-06,8.306897925081103e-06,-1.4565933348364979e-06,,0
b0,nominal,58,EW,39,1.5453985868774112e-06,6.78783723451204e-06,6.837248411883934e-06,-2.608658844494016e-07,,0
b0,nominal,58,J,109,2.8464520074322763e-06,7.256246221665209e-06,8.574092424940005e-06,-7.608414342996639e-07,,0
b0,nominal,58,H2,27,1.4929854685874488e-06,6.398196670254213e-06,8.974122667204654e-06,-3.4603609977423844e-07,,0
b0,nominal,59,EW,39,2.5719645302402228e-06,6.351521277814244e-06,7.163039583701902e-06,2.5719645302402228e-06,,0
b0,nominal,59,J,109,2.7357894394341997e-06,5.61880329597031e-06,7.844012239743847e-06,1.7781376371317492e-06,,0
b0,nominal,59,H2,27,2.140334309785885e-06,6.6135451426419e-06,8.440188803415793e-06,1.311272046500278e-06,,0
b0,nominal,60,EW,39,3.018950978095347e-06,6.236533709458314e-06,6.319942691401792e-06,-2.2682929201600643e-06,,0
b0,nominal,60,J,109,2.8996722800656016e-06,7.735721909707394e-06,8.847585297733218e-06,-2.5100896805518857e-06,,0
b0,nominal,60,H2,27,1.6560330107218135e-06,7.305471028118408e-06,9.135906364754476e-06,-1.6560330107218135e-06,,0
b0,nominal,61,EW,39,6.432576560300163e-06,7.496908849269346e-06,7.81830047369425e-06,6.432576560300163e-06,,0
b0,nominal,61,J,109,6.246215300542701e-06,7.830206940617757e-06,8.452045463513969e-06,6.168121280403227e-06,,0
b0,nominal,61,H2,27,4.726099755991697e-06,7.525173879585623e-06,8.340605650580812e-06,3.4020780192989264e-06,,0
b0,nominal,62,EW,39,1.5761513871836996e-06,4.983622896581608e-06,6.030797339295901e-06,-1.304378827171604e-07,,0
b0,nominal,62,J,109,2.5512560286600205e-06,5.690688560378021e-06,8.368745885167783e-06,-8.125585537754887e-07,,0
b0,nominal,62,H2,27,1.5110622308966981e-06,6.5378309344055264e-06,9.084703067596678e-06,-2.8350050085279577e-07,,0
b0,nominal,63,EW,39,2.0397949329620246e-06,7.352840518670689e-06,7.712265381876193e-06,8.70317662382547e-07,,0
b0,nominal,63,J,109,2.8477715519059643e-06,7.67889258401766e-06,8.626335956662956e-06,1.673599148155347e-06,,0
b0,nominal,63,H2,27,2.020335032604237e-06,7.3317849325071904e-06,8.494848913187525e-06,3.8121945600266827e-07,,0
b0,nominal,64,EW,39,1.338928978800169e-06,4.196482095153443e-06,5.949570458518849e-06,-6.311718925289256e-07,,0
b0,nominal,64,J,109,1.9282579089008323e-06,5.058887897479991e-06,8.205972246155824e-06,-1.389990300637578e-06,,0
b0,nominal,64,H2,27,1.2371616397999219e-06,6.024484222599834e-06,9.241536824688978e-06,-1.2371616397999219e-06,,0
b0,nominal,65,EW,39,4.497420769133953e-06,7.728722684063882e-06,7.998762519001446e-06,4.497420769133953e-06,,0
b0,nominal,65,J,109,4.407838316566881e-06,8.199811478704078e-06,8.614177104959708e-06,4.407838316566881e-06,,0
b0,nominal,65,H2,27,3.0209515111678797e-06,7.492409213050167e-06,8.339378143595866e-06,3.0209515111678797e-06,,0
b0,nominal,66,EW,39,2.730486392543696e-06,5.3119203125007175e-06,5.481621334624265e-06,-2.3753850109109464e-06,,0
b0,nominal,66,J,109,2.6207028769320573e-06,6.765630891081287e-06,7.271045443513202e-06,-2.504977159034638e-06,,0
b0,nominal,66,H2,27,1.575425856437107e-06,6.4226278229107015e-06,8.358816516729206e-06,-1.575425856437107e-06,,0
b0,nominal,67,EW,39,7.269464274983761e-06,7.981493159725517e-06,8.04953190769453e-06,7.269464274983761e-06,,0
b0,nominal,67,J,109,7.1217480357432805e-06,8.385140333189156e-06,8.659587069637098e-06,7.1217480357432805e-06,,0
b0,nominal,67,H2,27,6.563579590945778e-06,8.054018381109529e-06,8.796372941155539e-06,6.563579590945778e-06,,0
b0,nominal,68,EW,39,1.5320334889601384e-06,6.604851776614851e-06,6.657248352581746e-06,-6.718832934460295e-07,,0
b0,nominal,68,J,109,1.6976445915695138e-06,3.892818292161593e-06,6.811549735363798e-06,-1.0416490447973104e-06,,0
b0,nominal,68,H2,27,1.7976621191628794e-06,5.101237405824584e-06,7.4707947939067765e-06,-1.2043408048612037e-06,,0
b0,nominal,69,EW,39,5.561302196532836e-06,8.248522829212845e-06,8.295304931849046e-06,5.561302196532836e-06,,0
b0,nominal,69,J,109,5.464168850721762e-06,8.54193305421802e-06,8.696590070300658e-06,5.464168850721762e-06,,0
b0,nominal,69,H2,27,3.803966852622409e-06,8.141136054184983e-06,8.683411634180516e-06,3.803966852622409e-06,,0
b0,nominal,70,EW,39,1.0124252991516869e-06,3.4985527186393033e-06,4.723536484174673e-06,-8.869102563480169e-07,,0
b0,nominal,70,J,109,9.900063435708262e-07,4.411489873401564e-06,7.32068428099808e-06,-2.3902546608667308e-08,,0
b0,nominal,70,H2,27,1.5629481819878777e-06,5.3503335672999764e-06,8.235656701049976e-06,-1.5629481819878777e-06,,0
b0,nominal,71,EW,39,3.8589460293891875e-06,7.149810650197708e-06,7.2079535895497315e-06,3.8589460293891875e-06,,0
b0,nominal,71,J,109,3.4766382883688607e-06,6.1038497367604805e-06,7.787300337902536e-06,3.4564739070930273e-06,,0
b0,nominal,71,H2,27,2.7476722230801442e-06,7.183149353107154e-06,7.976667126818882e-06,1.8346690389137166e-06,,0
b0,nominal,72,EW,39,2.468915361042434e-06,7.470592708891389e-06,8.026100606350894e-06,-2.468915361042434e-06,,0
b0,nominal,72,J,109,3.443492591070907e-06,7.92133569849085e-06,8.357938396930109e-06,-3.443492591070907e-06,,0
b0,nominal,72,H2,27,3.775381662851629e-06,7.999445614803593e-06,9.032339975956205e-06,-3.775381662851629e-06,,0
b0,nominal,73,EW,39,7.4962244411835854e-06,8.076505757514951e-06,8.591277156355659e-06,7.4962244411835854e-06,,0
b0,nominal,73,J,109,7.574140492572212e-06,8.527206154518296e-06,9.562228231452252e-06,7.574140492572212e-06,,0
b0,nominal,73,H2,27,7.748669306195666e-06,8.496365677679307e-06,8.685358987570169e-06,7.748669306195666e-06,,0
b0,nominal,74,EW,39,1.0865532029669112e-06,6.686946592004972e-06,6.736052760025757e-06,6.538272812051105e-07,,0
b0,nominal,74,J,109,1.8557905212546189e-06,4.101289758917659e-06,6.905837135473547e-06,4.624034488642792e-07,,0
b0,nominal,74,H2,27,2.215179906173148e-06,3.608853849090821e-06,4.058425906450225e-06,8.04097211037913e-07,,0
b0,nominal,75,EW,39,1.6185640161481274e-06,6.0389400635685345e-06,7.77681281594056e-06,1.6185640161481274e-06,,0
b0,nominal,75,J,109,3.1506115938384482e-06,7.675810174134767e-06,8.644840998606185e-06,1.8582710481496179e-06,,0
b0,nominal,75,H2,27,5.19225712425353e-06,7.874427092602332e-06,8.7458738362578e-06,1.9461752431837454e-06,,0
b0,nominal,76,EW,39,1.3834250855992991e-06,3.7610551917310886e-06,6.483268133461451e-06,-1.0182276577452853e-06,,0
b0,nominal,76,J,109,1.8678411484174262e-06,6.82672777863047e-06,8.393744976853412e-06,-1.3206381432873116e-06,,0
b0,nominal,76,H2,27,1.9682200202986166e-06,8.178646095924336e-06,8.377314442142847e-06,-1.9682200202986166e-06,,0
b0,nominal,77,EW,39,7.235658316950833e-06,8.3048809651487e-06,9.433212544429637e-06,7.235658316950833e-06,,0
b0,nominal,77,J,109,7.503776400241691e-06,8.526640251638185e-06,1.0311606435386977e-05,7.503776400241691e-06,,0
b0,nominal,77,H2,27,7.610017416226356e-06,8.143829535178781e-06,8.69338236952899e-06,7.610017416226356e-06,,0
b0,nominal,78,EW,39,1.537526750361451e-06,2.989314398238463e-06,3.583452801159126e-06,-1.1056734972036963e-06,,0
b0,nominal,78,J,109,1.493728474244449e-06,7.311932623821349e-06,8.607850099373593e-06,-1.062978793875402e-06,,0
b0,nominal,78,H2,27,1.1058594262536303e-06,5.614615985471971e-06,6.518943573841085e-06,-1.0771711300705533e-06,,0
b0,nominal,79,EW,39,7.174294247569435e-06,8.19763759540848e-06,8.419062202946748e-06,7.174294247569435e-06,,0
b0,nominal,79,J,109,7.382702404967745e-06,8.200218251097624e-06,8.620568148209884e-06,7.382702404967745e-06,,0
b0,nominal,79,H2,27,6.952900388768057e-06,8.014326366989621e-06,8.390540551239667e-06,6.952900388768057e-06,,0
b0,nominal,80,EW,39,1.3427045364444723e-06,5.390950663652916e-06,5.428828675491104e-06,2.038092583589446e-07,,0
b0,nominal,80,J,109,1.2002911442543507e-06,7.888851243365027e-06,8.441994892027793e-06,2.091598005904416e-07,,0
b0,nominal,80,H2,27,1.6582296202827251e-06,4.754629521208643e-06,5.217827636627703e-06,4.6420025601179304e-07,,0
b0,nominal,81,EW,39,2.396632425849532e-06,4.714923211857069e-06,5.731007768350338e-06,-2.396632425849532e-06,,0
b0,nominal,81,J,109,4.2897059016056005e-06,7.297952520080031e-06,7.610628327547886e-06,-3.734148579237484e-06,,0
b0,nominal,81,H2,27,3.3662435061643237e-06,7.651392806007351e-06,8.267240492187966e-06,-3.3662435061643237e-06,,0
b0,nominal,82,EW,39,5.680421732989771e-06,6.408020021275718e-06,7.2433089082224456e-06,5.680421732989771e-06,,0
b0,nominal,82,J,109,6.1116837812846825e-06,7.354133582104794e-06,7.823154235531149e-06,6.1116837812846825e-06,,0
b0,nominal,82,H2,27,5.087426990790789e-06,6.762395439174896e-06,7.397737755709954e-06,5.087426990790789e-06,,0
b0,nominal,83,EW,39,2.5644456225215606e-06,4.564868745227102e-06,4.631787575704038e-06,-2.3948265814865977e-06,,0
b0,nominal,83,J,109,2.6464798241754295e-06,6.023187497650184e-06,7.131874724120024e-06,-2.540561960806542e-06,,0
b0,nominal,83,H2,27,2.691160205792187e-06,5.788060966072101e-06,8.41486353930776e-06,-2.691160205792187e-06,,0
b0,nominal,84,EW,39,7.465519269445053e-06,8.196092906587182e-06,8.367953485688417e-06,7.465519269445053e-06,,0
b0,nominal,84,J,109,7.462747553255156e-06,8.405579303705224e-06,9.780808674086927e-06,7.462747553255156e-06,,0
b0,nominal,84,H2,27,7.5045676339868805e-06,8.274396585683519e-06,9.304696169110116e-06,7.5045676339868805e-06,,0
b0,nominal,85,EW,39,1.1713264580492933e-06,6.76442403868549e-06,6.810021502268171e-06,7.550557734603558e-07,,0
b0,nominal,85,J,109,2.1796361160397737e-06,5.284997959265071e-06,7.106792310196397e-06,5.423192339648608e-07,,0
b0,nominal,85,H2,27,1.5234306927069952e-06,5.266648632762387e-06,6.5529853654489045e-06,3.747201660075916e-07,,0
b0,nominal,86,EW,39,1.059945564652054e-06,4.787535012873437e-06,7.624563957975283e-06,4.2316525838970165e-07,,0
b0,nominal,86,J,109,3.3411144295669715e-06,7.250864224594977e-06,8.548117491624652e-06,4.505001927057606e-07,,0
b0,nominal,86,H2,27,1.2676304228520507e-06,6.109251433628066e-06,8.78064462250805e-06,-1.1153634682514735e-07,,0
b0,nominal,87,EW,39,6.874146252222602e-07,2.498964484232147e-06,5.01438588429437e-06,-6.088467507936457e-07,,0
b0,nominal,87,J,109,3.873392750985971e-06,7.319189443411034e-06,8.900753900586977e-06,-1.1729314297603821e-06,,0
b0,nominal,87,H2,27,1.647874914301184e-06,5.828750395675549e-06,8.772544479729305e-06,-1.1823087064932736e-06,,0
b0,nominal,88,EW,39,1.6205419450798786e-06,6.623254873439066e-06,6.6585916336237005e-06,1.6205419450798786e-06,,0
b0,nominal,88,J,109,3.7384930706707564e-06,6.65048605963392e-06,8.424450215205326e-06,1.2580437358522545e-06,,0
b0,nominal,88,H2,27,1.7232414939449825e-06,5.534720215472085e-06,8.477769086745468e-06,8.477881063839732e-07,,0
b0,nominal,89,EW,39,1.784357095413469e-06,6.386307296324391e-06,7.502456478292174e-06,-1.6259426471876282e-06,,0
b0,nominal,89,J,109,3.932974701470471e-06,8.028014024663577e-06,9.06847308357328e-06,-1.710957320266715e-06,,0
b0,nominal,89,H2,27,1.6872670816070467e-06,7.1337787432845834e-06,8.920779714927107e-06,-1.5343488701802244e-06,,0
b0,nominal,90,EW,39,2.967131007558521e-06,7.445567709041256e-06,7.544925906266542e-06,2.967131007558521e-06,,0
b0,nominal,90,J,109,4.01638131641846e-06,6.8104446038219635e-06,7.999793893986862e-06,3.4212711774728177e-06,,0
b0,nominal,90,H2,27,2.433602364071419e-06,6.664359157859682e-06,8.295461839669116e-06,1.6748760600648893e-06,,0
b0,nominal,91,EW,39,2.1665601313003435e-06,6.589005181467655e-06,6.905766114506662e-06,-1.1462314430943366e-06,,0
b0,nominal,91,J,109,2.425573564224237e-06,8.118043626215155e-06,9.202521822349041e-06,-5.940900549283867e-07,,0
b0,nominal,91,H2,27,2.037529167608909e-06,7.484515289757358e-06,9.1510717337151e-06,-2.037529167608909e-06,,0
b0,nominal,92,EW,39,6.025690701960684e-06,7.476224515023944e-06,7.768440846156466e-06,6.025690701960684e-06,,0
b0,nominal,92,J,109,5.86206023722724e-06,7.928046592553528e-06,9.135590350872747e-06,5.86206023722724e-06,,0
b0,nominal,92,H2,27,5.744826214737486e-06,7.361532810001847e-06,8.000580620226572e-06,5.744826214737486e-06,,0
b0,nominal,93,EW,39,2.9966117254254243e-06,6.31854333521531e-06,6.43538611289074e-06,-2.5549004134539643e-06,,0
b0,nominal,93,J,109,3.5880426074719196e-06,7.432149757846673e-06,8.434224996189954e-06,-3.5880426074719196e-06,,0
b0,nominal,93,H2,27,4.086214178133929e-06,7.29624823891939e-06,8.431656717267089e-06,-4.086214178133929e-06,,0
b0,nominal,94,EW,39,8.137554119436174e-06,9.015885154006753e-06,9.27725853916428e-06,8.137554119436174e-06,,0
b0,nominal,94,J,109,8.042361532289988e-06,9.059634877850442e-06,1.1400495014690648e-05,8.042361532289988e-06,,0
b0,nominal,94,H2,27,8.178138410919189e-06,9.309076620667156e-06,9.601540318371349e-06,8.178138410919189e-06,,0
b0,nominal,95,EW,39,3.341249477095687e-06,3.7675203135023594e-06,5.1436847892105675e-06,7.368497367821192e-07,,0
b0,nominal,95,J,109,2.596584103287114e-06,8.252634322580832e-06,8.645067361978676e-06,-1.5812865017394984e-06,,0
b0,nominal,95,H2,27,2.180700908738231e-06,6.545017994241675e-06,6.712297118127708e-06,-1.5139510534112333e-06,,0
b0,nominal,96,EW,39,3.801439563133613e-06,7.897372555909499e-06,8.137018236986648e-06,2.932873499617017e-06,,0
b0,nominal,96,J,109,5.786071377578139e-06,7.932075569705432e-06,8.489698988256578e-06,4.4697583634345506e-06,,0
b0,nominal,96,H2,27,3.4433892848184655e-06,7.640072241521523e-06,8.10120059924202e-06,3.372736601114923e-06,,0
b0,nominal,97,EW,39,2.64895907431395e-06,4.239575357445347e-06,5.886041576363965e-06,-2.203379967369301e-06,,0
b0,nominal,97,J,109,2.391954245783978e-06,8.197867580328477e-06,8.7969103779173e-06,-2.3771433266261965e-06,,0
b0,nominal,97,H2,27,2.3302018092863364e-06,7.240609842806834e-06,8.04772626317174e-06,-2.3302018092863364e-06,,0
b0,nominal,98,EW,39,8.144895713435574e-06,8.658102172987014e-06,8.970685838605164e-06,8.144895713435574e-06,,0
b0,nominal,98,J,109,8.064892020875902e-06,8.839678993233235e-06,9.865550931742462e-06,8.064892020875902e-06,,0
b0,nominal,98,H2,27,8.159189546219636e-06,8.798286095235142e-06,9.252257959779797e-06,8.159189546219636e-06,,0
b0,nominal,99,EW,39,1.9662209971293976e-06,3.6674972347938706e-06,4.886517213087416e-06,1.099280799721214e-06,,0
b0,nominal,99,J,109,1.7070743929537002e-06,7.365767205058661e-06,8.458564115798595e-06,5.275029524298702e-07,,0
b0,nominal,99,H2,27,2.6090386961996614e-06,6.400935641526218e-06,6.835505916846785e-06,5.563213001380518e-07,,0
b0,nominal,100,EW,39,2.4535319997909255e-06,4.262320520975749e-06,4.661144414885854e-06,-1.6951886561145102e-06,,0
b0,nominal,100,J,109,3.675340853881437e-06,7.505684804787194e-06,7.735811424769423e-06,-2.9464698347858587e-06,,0
b0,nominal,100,H2,27,2.175332269871433e-06,7.270881645649041e-06,7.519406119982364e-06,-2.175332269871433e-06,,0
b0,nominal,101,EW,39,6.9110732248134354e-06,7.632822205394518e-06,8.555247710262393e-06,6.9110732248134354e-06,,0
b0,nominal,101,J,109,6.9006458103260115e-06,8.015737051891847e-06,8.57216886362977e-06,6.9006458103260115e-06,,0
b0,nominal,101,H2,27,6.850747968911719e-06,7.5673511723550754e-06,8.4536428524018e-06,6.850747968911719e-06,,0
b0,nominal,102,EW,39,2.6968368205260163e-06,6.256275255633881e-06,6.559619913915071e-06,-1.7394025553230108e-06,,0
b0,nominal,102,J,109,4.9917466493631935e-06,7.878741232758557e-06,8.268005580180926e-06,-4.9917466493631935e-06,,0
b0,nominal,102,H2,27,5.049794860045864e-06,6.992685044338032e-06,7.891347764132917e-06,-5.049794860045864e-06,,0
b0,nominal,103,EW,39,7.457697503987504e-06,8.01457702870323e-06,9.96247799811556e-06,7.457697503987504e-06,,0
b0,nominal,103,J,109,7.410891256220964e-06,8.307131289519987e-06,8.98205656518769e-06,7.410891256220964e-06,,0
b0,nominal,103,H2,27,7.505526777862315e-06,8.2851593319333e-06,8.450122002123805e-06,7.505526777862315e-06,,0
b0,nominal,104,EW,39,9.050729277149117e-07,6.137565753405738e-06,6.185215251086618e-06,-2.0150690005493743e-07,,0
b0,nominal,104,J,109,1.1277317191193958e-06,3.90943252215337e-06,7.030512150230095e-06,-4.075622284105407e-07,,0
b0,nominal,104,H2,27,1.3407605248261234e-06,4.135200799559871e-06,6.824708187469497e-06,-7.423913594983844e-07,,0
b0,nominal,105,EW,39,3.847654750366303e-06,7.717980268218128e-06,8.02612158956606e-06,3.847654750366303e-06,,0
b0,nominal,105,J,109,5.547180381704209e-06,8.37339486636779e-06,8.687101260562713e-06,3.6292788330172243e-06,,0
b0,nominal,105,H2,27,2.3771375090575475e-06,7.851642149780957e-06,8.542118945520372e-06,1.6493580945464714e-06,,0
b0,nominal,106,EW,39,3.1394644106619296e-06,5.732727819118821e-06,6.468950819460417e-06,-3.085972433147788e-06,,0
b0,nominal,106,J,109,2.981059266105035e-06,6.908592009580162e-06,7.821618608350178e-06,-2.981059266105035e-06,,0
b0,nominal,106,H2,27,2.585371705610129e-06,5.699102207934459e-06,7.885034269961011e-06,-2.585371705610129e-06,,0
b0,nominal,107,EW,39,8.076294100156645e-06,8.205569801411627e-06,8.915962279587575e-06,8.076294100156645e-06,,0
b0,nominal,107,J,109,7.901775811447465e-06,8.681543577360173e-06,1.0140885153830936e-05,7.901775811447465e-06,,0
b0,nominal,107,H2,27,7.763380405201303e-06,8.531287414292876e-06,8.86202244920753e-06,7.763380405201303e-06,,0
b0,nominal,108,EW,39,1.8813272606443832e-06,4.711826626646598e-06,4.8414424025367e-06,1.1427786050788313e-06,,0
b0,nominal,108,J,109,1.4899386058253583e-06,5.9294243803798e-06,7.081345798631844e-06,2.513056873709729e-07,,0
b0,nominal,108,H2,27,1.5876158943051166e-06,4.4062183901516505e-06,6.3602155320197085e-06,-6.311794198410325e-07,,0
b0,nominal,109,EW,39,4.811913567603909e-06,7.364045231383898e-06,7.69725554405909e-06,1.0261254512755613e-06,,0
b0,nominal,109,J,109,6.367763072390176e-06,7.89709605264477e-06,8.308000865042686e-06,3.339688503523064e-06,,0
b0,nominal,109,H2,27,3.575821327927997e-06,7.5531925203264905e-06,7.765830578598809e-06,2.7878455099994426e-08,,0
b0,nominal,110,EW,39,1.4522758218227239e-06,4.853744934862904e-06,6.3751851353544e-06,-1.2492129553010045e-06,,0
b0,nominal,110,J,109,1.2134495630533593e-06,4.669938693524501e-06,8.178115062928981e-06,-9.094615505134129e-07,,0
b0,nominal,110,H2,27,1.8829617753901573e-06,4.217523967842146e-06,7.506749777341781e-06,-1.4873782872015795e-06,,0
b0,nominal,111,EW,39,6.4961277468356116e-06,7.939585260352544e-06,8.173263332800218e-06,6.4961277468356116e-06,,0
b0,nominal,111,J,109,7.031076121322144e-06,8.720872313183747e-06,9.295837966050158e-06,7.031076121322144e-06,,0
b0,nominal,111,H2,27,6.609618807829065e-06,8.199144652110137e-06,8.922413452516764e-06,6.609618807829065e-06,,0
b0,nominal,112,EW,39,1.3595902292884432e-06,3.5202312109738902e-06,6.891294046518226e-06,-1.2864672660484189e-06,,0
b0,nominal,112,J,109,7.729039297466045e-07,5.5208473259682495e-06,7.0502947591144505e-06,1.2494820733621737e-07,,0
b0,nominal,112,H2,27,1.2282105221750328e-06,4.455893705124225e-06,6.598712798400186e-06,-1.2282105221750328e-06,,0
b0,nominal,113,EW,39,5.109541922898586e-06,7.454882915425288e-06,7.934469503645403e-06,5.109541922898586e-06,,0
b0,nominal,113,J,109,5.983884721061372e-06,8.187597186903872e-06,8.676758889158975e-06,4.582716539580645e-06,,0
b0,nominal,113,H2,27,4.365875794221097e-06,7.654004661183933e-06,8.411548324538387e-06,2.9608725693464066e-06,,0
b0,nominal,114,EW,39,1.4418707561247857e-06,3.371066266133483e-06,5.8940869518409045e-06,-1.4418707561247857e-06,,0
b0,nominal,114,J,109,2.2273321631516296e-06,5.0310893739968785e-06,8.495604153502256e-06,-1.7962361487100509e-06,,0
b0,nominal,114,H2,27,2.5343960152746092e-06,5.039679666918321e-06,7.3395373778595285e-06,-2.5343960152746092e-06,,0
b0,nominal,115,EW,39,6.677099295693267e-06,7.839213345128826e-06,8.084005131969718e-06,6.677099295693267e-06,,0
b0,nominal,115,J,109,6.777714722794315e-06,8.11412391943378e-06,8.594573497333613e-06,6.777714722794315e-06,,0
b0,nominal,115,H2,27,5.834257987835656e-06,7.68971140541197e-06,8.30951407682079e-06,5.834257987835656e-06,,0
b0,nominal,116,EW,39,1.5976979517162704e-06,5.6560603467481485e-06,5.748312859044091e-06,-1.560894624663689e-06,,0
b0,nominal,116,J,109,3.911706791814851e-06,7.149419243290823e-06,7.743133156878912e-06,-3.911706791814851e-06,,0
b0,nominal,116,H2,27,3.4334471266106448e-06,5.766948592000887e-06,8.221147385079064e-06,-3.4334471266106448e-06,,0
b0,nominal,117,EW,39,7.524978751227707e-06,7.966886403920626e-06,8.331563439156753e-06,7.524978751227707e-06,,0
b0,nominal,117,J,109,7.407487112587319e-06,8.20317016092531e-06,8.698990527911121e-06,7.407487112587319e-06,,0
b0,nominal,117,H2,27,7.441484672909837e-06,7.84812666854151e-06,8.299219023122362e-06,7.441484672909837e-06,,0
b0,nominal,118,EW,39,3.3251436493131337e-06,3.933891907781373e-06,4.029804911986901e-06,-3.0887047364203113e-06,,0
b0,nominal,118,J,109,2.5630011002419906e-06,7.354608178022915e-06,8.064859324807827e-06,-2.5289779825854453e-06,,0
b0,nominal,118,H2,27,2.457017811430262e-06,6.431881105495307e-06,7.160665405070432e-06,-2.457017811430262e-06,,0
b0,nominal,119,EW,39,5.988985307681105e-06,8.095000247898554e-06,8.184233291075316e-06,5.988985307681105e-06,,0
b0,nominal,119,J,109,6.900079374538848e-06,8.262526414171134e-06,8.65835994012798e-06,6.900079374538848e-06,,0
b0,nominal,119,H2,27,5.9924077699946565e-06,8.013065850853707e-06,8.437210485823243e-06,5.9924077699946565e-06,,0
b0,nominal,120,EW,39,2.1287440254980083e-06,2.9102065290942396e-06,3.3574058644347815e-06,-2.1240537662059467e-06,,0
b0,nominal,120,J,109,1.3365429873957169e-06,7.473765366583507e-06,7.866234053022225e-06,-1.258119319835771e-06,,0
b0,nominal,120,H2,27,1.6952379056078826e-06,5.6383220137234966e-06,7.2445876075910576e-06,-1.6952379056078826e-06,,0
b0,nominal,121,EW,39,4.800112085590058e-06,8.105999138585673e-06,8.236254589455427e-06,4.800112085590058e-06,,0
b0,nominal,121,J,109,5.783691348071329e-06,8.444118648753829e-06,8.638256021598067e-06,5.783691348071329e-06,,0
b0,nominal,121,H2,27,2.995102277303374e-06,8.196746863475823e-06,8.40754175168712e-06,2.995102277303374e-06,,0
b0,nominal,122,EW,39,5.848793005469588e-07,1.3504922846685474e-06,3.2548075790117537e-06,-5.290467619545325e-07,,0
b0,nominal,122,J,109,8.900419068424981e-07,3.533007713052428e-06,7.338191243544401e-06,-7.536080981473958e-07,,0
b0,nominal,122,H2,27,5.532808988739646e-07,3.3078980643530585e-06,6.494833482140194e-06,-5.532808988739646e-07,,0
b0,nominal,123,EW,39,3.7518369522260286e-06,8.001607891827689e-06,8.52951038687877e-06,1.6872873098705554e-06,,0
b0,nominal,123,J,109,5.245472101123028e-06,8.355492706613177e-06,8.635547987800862e-06,3.69780410736098e-06,,0
b0,nominal,123,H2,27,2.6238632933051065e-06,7.905698633514646e-06,8.565652098724286e-06,4.780383422442469e-07,,0
b0,nominal,124,EW,39,8.131131656874402e-07,2.0363364017228496e-06,3.2745764988462156e-06,-6.475919911430594e-07,,0
b0,nominal,124,J,109,9.112341881056807e-07,3.1779026521405744e-06,7.891882547461648e-06,-2.544602639709126e-07,,0
b0,nominal,124,H2,27,7.994913397979531e-07,3.859621329205258e-06,7.486390041222535e-06,-6.91273027708661e-07,,0
b0,nominal,125,EW,39,2.2314960324010258e-06,7.918893438763064e-06,8.261146655641483e-06,2.2314960324010258e-06,,0
b0,nominal,125,J,109,5.583007489651237e-06,8.214332760658749e-06,8.46931256237582e-06,4.467903469418388e-06,,0
b0,nominal,125,H2,27,3.0198240574819124e-06,7.86033106603412e-06,8.50170613908574e-06,1.2788214487358118e-06,,0
b0,nominal,126,EW,39,1.7753868486458657e-06,4.8105452488123035e-06,5.144323944605844e-06,-1.5911302608806466e-06,,0
b0,nominal,126,J,109,2.1430617058726398e-06,7.564478652355433e-06,8.542401963573809e-06,-2.0025057945183278e-06,,0
b0,nominal,126,H2,27,1.8531315704173323e-06,4.601082204125362e-06,7.308663163563267e-06,-1.8531315704173323e-06,,0
b0,nominal,127,EW,39,4.626123217832401e-06,7.96227904054092e-06,8.156753117383175e-06,4.626123217832401e-06,,0
b0,nominal,127,J,109,6.692725795787169e-06,8.292154429767606e-06,8.54896997637411e-06,6.692725795787169e-06,,0
b0,nominal,127,H2,27,4.171722500778685e-06,8.004951559392737e-06,8.47857977159805e-06,4.171722500778685e-06,,0
b0,nominal,128,EW,39,5.554685378328372e-07,2.212252847577645e-06,3.4073087240571454e-06,1.1107033071056094e-07,,0
b0,nominal,128,J,109,1.6291797688694487e-06,2.910387397747627e-06,7.33321292578637e-06,-8.585490762769155e-07,,0
b0,nominal,128,H2,27,1.3565861545217217e-06,2.691997953441218e-06,6.042007538731298e-06,-9.648868370959462e-08,,0
b0,nominal,129,EW,39,2.577065094655495e-06,7.994240949216191e-06,8.431304054923316e-06,1.5408404330230496e-06,,0
b0,nominal,129,J,109,6.154748022346723e-06,8.335529244618556e-06,8.836777753984393e-06,3.743282017687477e-06,,0
b0,nominal,129,H2,27,2.415758482143815e-06,7.930080085927216e-06,8.649476956890112e-06,2.7064375185403833e-07,,0
b0,nominal,130,EW,39,1.04850284010638e-06,3.0084458679802144e-06,3.3478828154187568e-06,-9.387679411609895e-07,,0
b0,nominal,130,J,109,6.39561581472492e-07,4.3821325457216184e-06,8.780394178398154e-06,-3.8818868119960825e-07,,0
b0,nominal,130,H2,27,1.0418741647200136e-06,4.1595796096416435e-06,7.489132869409332e-06,-1.0418741647200136e-06,,0
b0,nominal,131,EW,39,2.493957995675089e-06,7.799892740578684e-06,8.052342925779499e-06,2.493957995675089e-06,,0
b0,nominal,131,J,109,5.569541750016782e-06,8.225559278152161e-06,8.725926381458748e-06,4.469546155405624e-06,,0
b0,nominal,131,H2,27,3.2220006218608432e-06,7.806785071728939e-06,8.55836925772735e-06,1.3589033454053379e-06,,0
b0,nominal,132,EW,39,3.2206745603780007e-06,4.188135016569561e-06,4.280377396970181e-06,-2.9675142454443915e-06,,0
b0,nominal,132,J,109,3.2053169563006634e-06,7.169859499445153e-06,8.295718445516798e-06,-3.2053169563006634e-06,,0
b0,nominal,132,H2,27,3.0297074404828095e-06,6.096667342081474e-06,7.721137207372664e-06,-3.0297074404828095e-06,,0
b0,nominal,133,EW,39,4.722847046778611e-06,8.042106474093202e-06,8.153646291475525e-06,4.722847046778611e-06,,0
b0,nominal,133,J,109,6.349807080141545e-06,8.301472842475732e-06,8.727436107136555e-06,6.349807080141545e-06,,0
b0,nominal,133,H2,27,4.252605201315873e-06,7.94476381571485e-06,8.514507854329167e-06,4.252605201315873e-06,,0
b0,nominal,134,EW,39,1.1043820524747616e-06,1.6188807783201753e-06,3.0324997180031232e-06,-7.951596381339243e-07,,0
b0,nominal,134,J,109,1.3104744511771571e-06,3.0247448101761165e-06,7.289567949264608e-06,-1.278569206064617e-06,,0
b0,nominal,134,H2,27,1.3964270406674473e-06,3.5383841723302163e-06,6.904600624579871e-06,-1.3964270406674473e-06,,0
b0,nominal,135,EW,39,4.698203004416257e-06,8.14089270217977e-06,8.498162351600058e-06,4.448675006152314e-06,,0
b0,nominal,135,J,109,6.314153844222403e-06,8.353682190431755e-06,8.600353029741825e-06,6.314153844222403e-06,,0
b0,nominal,135,H2,27,4.071681147799211e-06,8.173517143106324e-06,8.449407928878827e-06,4.071681147799211e-06,,0
b0,nominal,136,EW,39,2.1644767089767925e-06,2.9786996091907274e-06,3.182673902202282e-06,-2.0348010387749582e-06,,0
b0,nominal,136,J,109,2.182399527761447e-06,4.400706434815049e-06,7.191249329352445e-06,-1.9290590902443228e-06,,0
b0,nominal,136,H2,27,1.9508867521444984e-06,4.221585587771417e-06,6.817103770373478e-06,-1.9508867521444984e-06,,0
b0,nominal,137,EW,39,4.180199364434145e-06,8.162188227522904e-06,8.358456282664406e-06,4.180199364434145e-06,,0
b0,nominal,137,J,109,5.937984304260624e-06,8.385868737192936e-06,9.010111190477232e-06,5.937984304260624e-06,,0
b0,nominal,137,H2,27,3.372346402130688e-06,8.021191231222247e-06,8.719047261962487e-06,3.372346402130688e-06,,0
b0,nominal,138,EW,39,8.707135457086679e-07,2.6244758588589434e-06,3.182220442710104e-06,-6.676761588053637e-07,,0
b0,nominal,138,J,109,1.1102589958511544e-06,2.9374945187399253e-06,7.376344957066294e-06,-1.070167265915245e-06,,0
b0,nominal,138,H2,27,9.505369824580612e-07,3.5609727921936993e-06,6.865516055665211e-06,-9.505369824580612e-07,,0
b0,nominal,139,EW,39,4.6222913496762885e-06,8.172713186205272e-06,8.59908184658309e-06,4.6222913496762885e-06,,0
b0,nominal,139,J,109,5.447785278445139e-06,8.503763941902776e-06,8.923332872612377e-06,4.753053794992468e-06,,0
b0,nominal,139,H2,27,4.444679957416042e-06,8.118563510350896e-06,8.785365901431419e-06,3.3622566286695132e-06,,0
b0,nominal,140,EW,39,5.253356749612692e-07,1.5711987222388757e-06,3.310968965664074e-06,9.636564879400566e-08,,0
b0,nominal,140,J,109,1.291261964020407e-06,3.294236652351401e-06,7.748528596529525e-06,8.743853863180107e-07,,0
b0,nominal,140,H2,27,8.622084379794615e-07,3.630752851702116e-06,7.116113798222301e-06,2.7218671760920188e-09,,0
b0,nominal,141,EW,39,3.8004135172187148e-06,8.040352690308339e-06,8.279400465216469e-06,-3.6058012686801533e-06,,0
b0,nominal,141,J,109,5.845568751272623e-06,8.351665243822026e-06,8.871992318582045e-06,-5.845568751272623e-06,,0
b0,nominal,141,H2,27,5.414636305989262e-06,7.844836573678293e-06,8.554998043308615e-06,-5.414636305989262e-06,,0
b0,nominal,142,EW,39,5.3981580983020194e-06,7.615463819554691e-06,7.875135565882374e-06,5.3981580983020194e-06,,0
b0,nominal,142,J,109,6.82456042788715e-06,8.144428500500567e-06,8.414825503066936e-06,6.82456042788715e-06,,0
b0,nominal,142,H2,27,5.562247862300751e-06,7.9081686754634e-06,8.349548674679852e-06,5.562247862300751e-06,,0
b0,nominal,143,EW,39,1.544682903809047e-06,4.117366831923874e-06,5.987546269903277e-06,-1.5106652484497829e-06,,0
b0,nominal,143,J,109,1.9192045619398357e-06,4.0076011331713354e-06,7.119231271168758e-06,-1.8941220036872153e-06,,0
b0,nominal,143,H2,27,2.0131822542346356e-06,4.680281311397751e-06,7.022102721521151e-06,-2.0131822542346356e-06,,0
b0,nominal,144,EW,39,4.606138892526701e-06,7.752439556973911e-06,8.050008526439001e-06,4.606138892526701e-06,,0
b0,nominal,144,J,109,6.367225280357047e-06,8.449077926186987e-06,8.677202778528681e-06,6.367225280357047e-06,,0
b0,nominal,144,H2,27,3.86615026659598e-06,8.049544208965642e-06,8.665362583037961e-06,3.86615026659598e-06,,0
b0,nominal,145,EW,39,6.80584211210089e-07,2.1075008493909317e-06,4.989846669190001e-06,-2.71784295069466e-07,,0
b0,nominal,145,J,109,1.302680119330546e-06,4.607982708737524e-06,7.397206758241737e-06,2.1990136378491343e-07,,0
b0,nominal,145,H2,27,1.1341528383113086e-06,4.197387588611435e-06,6.382016970452042e-06,-1.1141924050050989e-07,,0
b0,nominal,146,EW,39,1.9348511459682527e-06,4.464709242313348e-06,6.198888602426678e-06,1.3527042153071989e-06,,0
b0,nominal,146,J,109,4.140978493438752e-06,6.8754887960764685e-06,8.574546694894991e-06,1.2646249603065485e-06,,0
b0,nominal,146,H2,27,1.4258647595966067e-06,6.306454254367822e-06,7.2166215225877295e-06,-1.337598254380623e-07,,0
b0,nominal,147,EW,39,1.5140577014349788e-06,6.056713472979425e-06,6.333800262048328e-06,-1.4894789290842425e-06,,0
b0,nominal,147,J,109,3.938364490085888e-06,7.113463855734636e-06,8.011026930709875e-06,-3.938364490085888e-06,,0
b0,nominal,147,H2,27,2.7531965707261463e-06,5.711956398979368e-06,7.330707929575908e-06,-2.7531965707261463e-06,,0
b0,nominal,148,EW,39,7.628238818391253e-06,8.15740164306078e-06,8.642639848233102e-06,7.628238818391253e-06,,0
b0,nominal,148,J,109,7.2978230569731295e-06,8.64529349886567e-06,9.089401409312359e-06,7.2978230569731295e-06,,0
b0,nominal,148,H2,27,7.514691824361819e-06,8.516053986440397e-06,8.835131848350386e-06,7.514691824361819e-06,,0
b0,nominal,149,EW,39,5.378268275180176e-07,3.3282762190722792e-06,4.924672403205932e-06,-1.609157251891702e-10,,0
b0,nominal,149,J,109,1.232372093262768e-06,4.605462029516616e-06,6.919923478676537e-06,-5.30402621823356e-07,,0
b0,nominal,149,H2,27,1.2333909116257757e-06,3.962586143657634e-06,6.525624296482846e-06,-3.79285436391541e-07,,0
b0,nominal,150,EW,39,3.3140715949286914e-06,7.244521693650086e-06,7.337892626857467e-06,3.3140715949286914e-06,,0
b0,nominal,150,J,109,5.049149820468557e-06,7.763329690213538e-06,8.355724201436487e-06,4.974633749377233e-06,,0
b0,nominal,150,H2,27,4.824380539503181e-06,7.493906650779536e-06,7.936126622531958e-06,4.824380539503181e-06,,0
b0,nominal,151,EW,39,3.622609534570387e-06,5.890907888161934e-06,6.0062638973512605e-06,-3.622609534570387e-06,,0
b0,nominal,151,J,109,4.820512300440782e-06,7.955549881089041e-06,8.21273483664342e-06,-4.820512300440782e-06,,0
b0,nominal,151,H2,27,4.876276105125754e-06,7.374982866625857e-06,9.300063030792671e-06,-4.876276105125754e-06,,0
b0,nominal,152,EW,39,7.920932265648162e-06,8.067856436255738e-06,8.39598022217558e-06,7.920932265648162e-06,,0
b0,nominal,152,J,109,7.679701186091847e-06,8.402174094257475e-06,9.055220262510488e-06,7.679701186091847e-06,,0
b0,nominal,152,H2,27,7.721756367651267e-06,8.278144392193099e-06,8.441655485746935e-06,7.721756367651267e-06,,0
b0,nominal,153,EW,39,2.9436856507913944e-06,5.396917921451916e-06,5.49158216678336e-06,-5.7362092853452396e-08,,0
b0,nominal,153,J,109,2.720900571517859e-06,5.458859180240694e-06,8.638096193891442e-06,-8.004879203937776e-07,,0
b0,nominal,153,H2,27,3.0133730843928674e-06,5.752641873968402e-06,6.592108914293959e-06,-6.824813492123383e-07,,0
b0,nominal,154,EW,39,1.772099045282971e-06,7.745259495983703e-06,8.043378030286874e-06,1.2412207039957934e-06,,0
b0,nominal,154,J,109,4.888741234054805e-06,8.050624806799078e-06,8.749935687113464e-06,3.760515054906932e-06,,0
b0,nominal,154,H2,27,3.4350017275031064e-06,7.832828532450264e-06,8.159875997115762e-06,5.32808219766423e-07,,0
b0,nominal,155,EW,39,3.099496104219668e-06,4.773832411597567e-06,6.107568173430167e-06,-3.0366654302227403e-06,,0
b0,nominal,155,J,109,2.949734578816532e-06,7.150062699690096e-06,8.568176412815376e-06,-2.8702984877782e-06,,0
b0,nominal,155,H2,27,2.740599691630763e-06,5.511067004970727e-06,7.674778323973896e-06,-2.740599691630763e-06,,0
b0,nominal,156,EW,39,8.316564104049462e-06,1.0381471855502866e-05,1.1117567311202947e-05,8.316564104049462e-06,,0
b0,nominal,156,J,109,8.247328420196709e-06,1.075578170972591e-05,1.323892933058346e-05,8.247328420196709e-06,,0
b0,nominal,156,H2,27,8.512709026575749e-06,1.0601882989291767e-05,1.107796845367659e-05,8.512709026575749e-06,,0
b0,nominal,157,EW,39,4.763186178813328e-07,2.8401383200815657e-06,5.634450483960052e-06,3.465250975054346e-07,,0
b0,nominal,157,J,109,1.0141834150267925e-06,3.997063013905233e-06,4.924588203891744e-06,5.363211430520209e-07,,0
b0,nominal,157,H2,27,2.023323997235593e-06,2.934825591438539e-06,3.150164018528301e-06,4.662310537639769e-07,,0
b0,nominal,158,EW,39,7.151700687213491e-06,7.621407369651223e-06,7.827682224625931e-06,-7.151700687213491e-06,,0
b0,nominal,158,J,109,7.220776609973001e-06,8.241921840568267e-06,8.469387524634442e-06,-7.220776609973001e-06,,0
b0,nominal,158,H2,27,7.518976397058452e-06,8.267552471519224e-06,8.34893046919305e-06,-7.518976397058452e-06,,0
b0,nominal,159,EW,39,8.035470577816284e-06,8.908876023561163e-06,9.310072335289021e-06,8.035470577816284e-06,,0
b0,nominal,159,J,109,7.977450677820741e-06,9.285155124771904e-06,1.2776857771790162e-05,7.977450677820741e-06,,0
b0,nominal,159,H2,27,7.785902345069928e-06,9.312231190605758e-06,1.017062334351948e-05,7.785902345069928e-06,,0
b0,nominal,160,EW,39,3.072326815178883e-06,4.597806808614991e-06,5.971376315638821e-06,2.2231399388061845e-06,,0
b0,nominal,160,J,109,3.7090688076446554e-06,5.739615795974373e-06,6.646856753889097e-06,-4.5593450126446555e-07,,0
b0,nominal,160,H2,27,2.5897173738798074e-06,5.5720947100823545e-06,6.0287999481545285e-06,1.3651318964136294e-06,,0
b0,nominal,161,EW,39,2.1558391960496692e-06,7.630232325972486e-06,7.952861036386594e-06,1.5446907308813707e-06,,0
b0,nominal,161,J,109,5.621223930774022e-06,8.18364765731161e-06,8.646559535030462e-06,5.4350906220079764e-06,,0
b0,nominal,161,H2,27,3.183168173492845e-06,6.905340415030992e-06,8.187674094273234e-06,2.511862740028903e-06,,0
b0,nominal,162,EW,39,3.906037215894997e-06,5.262673421491116e-06,6.061176771599008e-06,-3.906037215894997e-06,,0
b0,nominal,162,J,109,3.9180760635915135e-06,6.046902256695574e-06,8.712971633073607e-06,-3.9180760635915135e-06,,0
b0,nominal,162,H2,27,4.725853575138217e-06,7.441104015182278e-06,8.815675522910738e-06,-4.725853575138217e-06,,0
b0,nominal,163,EW,39,8.049747979299582e-06,8.392887678176919e-06,8.593416866986558e-06,8.049747979299582e-06,,0
b0,nominal,163,J,109,7.74292434613244e-06,8.83001312068643e-06,1.0968571562131046e-05,7.74292434613244e-06,,0
b0,nominal,163,H2,27,7.721004280369925e-06,8.652529972508205e-06,9.278177071081473e-06,7.721004280369925e-06,,0
b0,nominal,164,EW,39,3.1929011101716753e-06,4.5117701041874625e-06,5.463935737193282e-06,2.712904123569615e-07,,0
b0,nominal,164,J,109,2.4007678511850372e-06,8.277232221853836e-06,8.594939759909437e-06,-4.2129153499104177e-07,,0
b0,nominal,164,H2,27,2.205371041341664e-06,7.056110713499209e-06,7.232915621990799e-06,-4.2129155719550226e-07,,0
b0,nominal,165,EW,39,4.288726351830974e-06,7.783621533974383e-06,7.91830554458528e-06,3.6500897193647575e-06,,0
b0,nominal,165,J,109,4.770636952144969e-06,8.054996722961505e-06,8.550880159496899e-06,4.42336192119086e-06,,0
b0,nominal,165,H2,27,3.5260189656938223e-06,7.819787080087792e-06,7.967161308464199e-06,3.521380698146004e-06,,0
b0,nominal,166,EW,39,4.803595021751761e-06,5.609952615781566e-06,6.957728004852726e-06,-4.803595021751761e-06,,0
b0,nominal,166,J,109,4.833620437239006e-06,7.089668194737443e-06,8.617878555217118e-06,-4.833620437239006e-06,,0
b0,nominal,166,H2,27,5.098392030777887e-06,7.35927756734256e-06,8.218660929593113e-06,-5.098392030777887e-06,,0
b0,nominal,167,EW,39,7.989901407157163e-06,8.211137663138857e-06,8.271012785776577e-06,7.989901407157163e-06,,0
b0,nominal,167,J,109,7.897300413617359e-06,8.535414255383955e-06,1.0121816762520552e-05,7.897300413617359e-06,,0
b0,nominal,167,H2,27,7.829449999441351e-06,8.418556971534485e-06,8.773063697731232e-06,7.829449999441351e-06,,0
b0,nominal,168,EW,39,2.187520076191163e-06,4.309536030255856e-06,4.612514392654532e-06,1.6065051955393983e-06,,0
b0,nominal,168,J,109,1.4938635328753946e-06,5.7633789829480975e-06,6.686897946472925e-06,-6.372261607268115e-07,,0
b0,nominal,168,H2,27,1.95759231047532e-06,5.059207330848637e-06,5.412593639952945e-06,2.0683343926464204e-08,,0
b0,nominal,169,EW,39,2.794356879221027e-06,7.659260297110393e-06,7.87793201784126e-06,2.6976291644942307e-06,,0
b0,nominal,169,J,109,5.301684646852323e-06,8.06401503350429e-06,8.342196355926035e-06,4.727459756992403e-06,,0
b0,nominal,169,H2,27,3.5678698440122503e-06,7.167116207185132e-06,8.022871988977442e-06,3.3449166547683262e-06,,0
b0,nominal,170,EW,39,5.240491873781394e-06,6.400028618180897e-06,6.841492883324918e-06,-3.608589360659664e-06,,0
b0,nominal,170,J,109,4.545210297024482e-06,7.282717171541719e-06,8.550616981128911e-06,-4.4823573408514505e-06,,0
b0,nominal,170,H2,27,5.888784848639972e-06,7.361659815074972e-06,8.387970118484134e-06,-5.888784848639972e-06,,0
b0,nominal,171,EW,39,7.743204233356948e-06,8.183607116407643e-06,8.267604778566806e-06,7.743204233356948e-06,,0
b0,nominal,171,J,109,7.5157281287374644e-06,8.41940078100123e-06,9.795940769663503e-06,7.5157281287374644e-06,,0
b0,nominal,171,H2,27,7.431636128707453e-06,8.442666339369964e-06,8.868735124067939e-06,7.431636128707453e-06,,0
b0,nominal,172,EW,39,8.318737698687073e-07,2.2575132940794163e-06,4.280912324627906e-06,-8.318737698687073e-07,,0
b0,nominal,172,J,109,9.607445949910698e-07,5.4820044081971275e-06,6.544597774826855e-06,-8.250697791645223e-07,,0
b0,nominal,172,H2,27,9.506430087569129e-07,3.6885542531450714e-06,3.96062884711057e-06,-5.360228705342251e-07,,0
b0,nominal,173,EW,39,7.937565515980793e-06,8.172127441419264e-06,8.385914873620948e-06,7.937565515980793e-06,,0
b0,nominal,173,J,109,7.705279192471437e-06,8.54062327970695e-06,9.472701312240872e-06,7.705279192471437e-06,,0
b0,nominal,173,H2,27,7.676379687460155e-06,8.443360877130601e-06,8.849364196983345e-06,7.676379687460155e-06,,0
b0,nominal,174,EW,39,1.6138400171783474e-06,2.79932994118326e-06,2.930259479505537e-06,7.126935708257065e-07,,0
b0,nominal,174,J,109,1.0487492652089259e-06,3.329201021529116e-06,7.076432750885431e-06,8.021484809717094e-07,,0
b0,nominal,174,H2,27,8.722605082667201e-07,2.2001814992123076e-06,4.104426454265564e-06,7.355260844832401e-07,,0
b0,nominal,175,EW,39,2.692285494543256e-06,7.846237988218263e-06,8.529915862531823e-06,2.3211780719734065e-06,,0
b0,nominal,175,J,109,3.9918702787744564e-06,8.187552693605937e-06,8.62015141489536e-06,3.3448593672602556e-06,,0
b0,nominal,175,H2,27,2.8177050137578874e-06,7.500189320719388e-06,8.29053785622591e-06,9.817933133149381e-08,,0
b0,nominal,176,EW,39,2.1143262474154767e-06,5.9111866201888574e-06,6.76887335071541e-06,-6.311798417257819e-07,,0
b0,nominal,176,J,109,3.094760792077267e-06,6.536925789557557e-06,8.746293900241398e-06,-1.5365422934010553e-06,,0
b0,nominal,176,H2,27,3.3090114870404364e-06,7.723050514663043e-06,8.428137121541113e-06,-2.269092358453406e-06,,0
b0,nominal,177,EW,39,6.604404534371611e-06,8.122659882481287e-06,8.5458586873699e-06,6.604404534371611e-06,,0
b0,nominal,177,J,109,6.55325160803244e-06,8.416808920941321e-06,8.818529018128629e-06,6.55325160803244e-06,,0
b0,nominal,177,H2,27,5.718243722974137e-06,7.914992328217352e-06,8.75860712845622e-06,5.718243722974137e-06,,0
b0,nominal,178,EW,39,1.3277042687498408e-06,4.389784287184284e-06,6.325104651150326e-06,-8.751864899458894e-07,,0
b0,nominal,178,J,109,1.5636623107440073e-06,5.4334140497935834e-06,8.418510721863726e-06,-2.381559505160169e-07,,0
b0,nominal,178,H2,27,1.9494441838574517e-06,7.562424158003012e-06,8.178071342346271e-06,-1.5607738101941493e-06,,0
b0,nominal,179,EW,39,6.159459164933878e-06,7.931493097856901e-06,8.048211008748751e-06,6.159459164933878e-06,,0
b0,nominal,179,J,109,6.167070609741643e-06,8.32872752543068e-06,8.866026224296775e-06,6.167070609741643e-06,,0
b0,nominal,179,H2,27,5.0210828606012115e-06,7.568988129591504e-06,8.278942997819172e-06,5.0210828606012115e-06,,0
b0,nominal,180,EW,39,2.298247270271503e-06,4.633299628409304e-06,6.264301222191904e-06,-9.49273426531505e-07,,0
b0,nominal,180,J,109,2.7103961741659077e-06,6.286152578471872e-06,8.590628486349061e-06,-1.8055494543922634e-06,,0
b0,nominal,180,H2,27,2.7255112389212854e-06,7.743427814510541e-06,8.319817579316435e-06,-2.585319103243222e-06,,0
b0,nominal,181,EW,39,7.667797197186133e-06,8.215531894784078e-06,8.563670039762883e-06,7.667797197186133e-06,,0
b0,nominal,181,J,109,7.3738475325768604e-06,8.624341729657203e-06,8.866703415932875e-06,7.3738475325768604e-06,,0
b0,nominal,181,H2,27,7.115336675411754e-06,8.305901966210172e-06,8.728301725824394e-06,7.115336675411754e-06,,0
b0,nominal,182,EW,39,9.482557072892916e-07,3.735106233193624e-06,5.368236766223333e-06,-5.59800739097227e-07,,0
b0,nominal,182,J,109,1.0163187291745146e-06,4.373720008388205e-06,6.662149998337696e-06,-6.533315555223851e-07,,0
b0,nominal,182,H2,27,1.4305125972668975e-06,4.5504378998195705e-06,6.963535414961086e-06,-9.117905097610901e-07,,0
b0,nominal,183,EW,39,5.219277343648798e-06,8.020734254543527e-06,8.345486479655051e-06,5.219277343648798e-06,,0
b0,nominal,183,J,109,7.008430880084404e-06,8.280792438419837e-06,8.575897658680276e-06,7.008430880084404e-06,,0
b0,nominal,183,H2,27,5.512523526540747e-06,8.041030512551117e-06,8.596270606453515e-06,5.512523526540747e-06,,0
b0,nominal,184,EW,39,1.428425999705496e-06,3.370742884811762e-06,3.7422071663684164e-06,-9.205292195169079e-07,,0
b0,nominal,184,J,109,1.2930590265192166e-06,4.429032511854559e-06,7.389197376195256e-06,-4.5117918290316084e-07,,0
b0,nominal,184,H2,27,1.7744908209493815e-06,4.301154850061552e-06,7.215324959730651e-06,-1.7232443028092348e-06,,0
b0,nominal,185,EW,39,7.170951765722577e-06,8.025550544132898e-06,8.209473412179591e-06,7.170951765722577e-06,,0
b0,nominal,185,J,109,7.211067432066898e-06,8.360706624799263e-06,8.814760676933986e-06,7.211067432066898e-06,,0
b0,nominal,185,H2,27,6.881318226348299e-06,7.86032266386627e-06,8.500380044296207e-06,6.881318226348299e-06,,0
b0,nominal,186,EW,39,3.566677375665961e-06,3.945979027975001e-06,4.507958561994485e-06,-3.8162295545873803e-07,,0
b0,nominal,186,J,109,2.7962208326570703e-06,7.362660499055096e-06,7.908079557861214e-06,-2.632729623197605e-06,,0
b0,nominal,186,H2,27,2.5708544848512815e-06,5.782021654798797e-06,7.504527843593678e-06,-2.4234685591650873e-06,,0
b0,nominal,187,EW,39,5.707961325818189e-06,8.037760728107912e-06,8.181378086113966e-06,5.707961325818189e-06,,0
b0,nominal,187,J,109,6.578917632893422e-06,8.318287476605235e-06,8.499182757581991e-06,6.578917632893422e-06,,0
b0,nominal,187,H2,27,5.38397983973482e-06,8.010341185915593e-06,8.405647133891136e-06,5.38397983973482e-06,,0
b0,nominal,188,EW,39,3.08920602432039e-06,4.035027829640825e-06,4.187480118211795e-06,-7.448022643075092e-07,,0
b0,nominal,188,J,109,3.140966120529498e-06,6.979154496544737e-06,7.576560867583737e-06,-3.0032346720609837e-06,,0
b0,nominal,188,H2,27,2.9457202788130132e-06,5.693665303674322e-06,7.70598355126495e-06,-2.9013854097037495e-06,,0
b0,nominal,189,EW,39,5.653799739491205e-06,8.014410433077046e-06,8.156162012440404e-06,5.653799739491205e-06,,0
b0,nominal,189,J,109,7.030819171305325e-06,8.457887199497804e-06,8.83840380883072e-06,7.030819171305325e-06,,0
b0,nominal,189,H2,27,5.719337048404327e-06,8.014898740249521e-06,8.614287261288212e-06,5.719337048404327e-06,,0
b0,nominal,190,EW,39,1.1399709953785475e-06,3.082374679941325e-06,3.4289342920601484e-06,-1.0490829982501282e-06,,0
b0,nominal,190,J,109,1.1267354715904787e-06,4.267404025704025e-06,7.475452123983928e-06,-6.52120302202519e-07,,0
b0,nominal,190,H2,27,1.5008103870783884e-06,3.6529107694249816e-06,6.876115721254905e-06,-1.2154789508223018e-06,,0
b0,nominal,191,EW,39,6.93393642503537e-06,8.003636180475837e-06,8.454718969375108e-06,6.93393642503537e-06,,0
b0,nominal,191,J,109,6.815238107193977e-06,8.31071685247764e-06,8.578975241313458e-06,6.815238107193977e-06,,0
b0,nominal,191,H2,27,5.920307710738371e-06,8.157582445100786e-06,8.592230815729351e-06,5.920307710738371e-06,,0
b0,nominal,192,EW,39,2.056649761605911e-06,2.6340412961900483e-06,3.216143906747959e-06,-1.389075254820682e-06,,0
b0,nominal,192,J,109,1.2341549449068623e-06,7.344556525179513e-06,8.297719911176671e-06,-8.7439392393307e-07,,0
b0,nominal,192,H2,27,1.542143490684822e-06,4.573278780117819e-06,6.964793575203743e-06,-1.542143490684822e-06,,0
b0,nominal,193,EW,39,8.000828399801208e-06,8.209170476725092e-06,8.446827060026862e-06,8.000828399801208e-06,,0
b0,nominal,193,J,109,7.642308452737723e-06,8.581824171294272e-06,9.772606013314089e-06,7.642308452737723e-06,,0
b0,nominal,193,H2,27,7.695957848774526e-06,8.439014766992159e-06,8.55367996432932e-06,7.695957848774526e-06,,0
b0,nominal,194,EW,39,2.4080602067932944e-06,3.0839511322433566e-06,3.708151674608473e-06,-2.4010094801241166e-06,,0
b0,nominal,194,J,109,1.7406775132400298e-06,6.368359006803104e-06,7.043390626293444e-06,-1.7286378328762453e-06,,0
b0,nominal,194,H2,27,1.745802047370404e-06,5.183549476317495e-06,5.332366970201008e-06,-1.745802047370404e-06,,0
b0,nominal,195,EW,39,7.751622166374261e-06,8.057676765815813e-06,8.28246813355804e-06,7.751622166374261e-06,,0
b0,nominal,195,J,109,7.677208913037248e-06,8.699046278870526e-06,9.151566926490773e-06,7.677208913037248e-06,,0
b0,nominal,195,H2,27,7.866975804127208e-06,8.34916070502345e-06,8.559561970322704e-06,7.866975804127208e-06,,0
b0,nominal,196,EW,39,1.0715333287336648e-06,4.479551152236638e-06,4.582545609643773e-06,7.119359546337023e-07,,0
b0,nominal,196,J,109,9.863202032889262e-07,6.474809048917508e-06,7.850199867931451e-06,8.892294234286169e-07,,0
b0,nominal,196,H2,27,8.53554460444883e-07,3.7189323132125196e-06,5.173736750130331e-06,4.798207609013616e-07,,0
b0,nominal,197,EW,39,3.694216055283306e-06,7.533042729601647e-06,7.861136397391277e-06,-3.326680164672524e-06,,0
b0,nominal,197,J,109,6.709102529089961e-06,8.248955984946349e-06,8.763251224674917e-06,-6.709102529089961e-06,,0
b0,nominal,197,H2,27,4.901259087475296e-06,8.409712630719213e-06,8.56659638781565e-06,-4.901259087475296e-06,,0
b0,nominal,198,EW,39,6.808190367024736e-06,7.501665133524682e-06,7.848785177344553e-06,6.808190367024736e-06,,0
b0,nominal,198,J,109,6.980067701611858e-06,8.152039252529164e-06,8.640400572801354e-06,6.980067701611858e-06,,0
b0,nominal,198,H2,27,6.549463926752708e-06,7.933352379474456e-06,8.412650509548314e-06,6.549463926752708e-06,,0
b0,nominal,199,EW,39,2.4007502874567876e-06,5.042078004002804e-06,5.643126277377064e-06,-9.184704330422733e-07,,0
b0,nominal,199,J,109,2.531543430439598e-06,7.483134729646679e-06,8.100763559948376e-06,-2.4031852396966258e-06,,0
b0,nominal,199,H2,27,2.588320935359434e-06,5.719004478876855e-06,6.3110111248043665e-06,-2.5089836874769844e-06,,0
b0,nominal,200,EW,39,5.865774821423031e-06,7.868617077910756e-06,8.079743873956602e-06,5.865774821423031e-06,,0
b0,nominal,200,J,109,6.648269135212104e-06,8.213159712333606e-06,8.648558336155077e-06,6.648269135212104e-06,,0
b0,nominal,200,H2,27,5.076473796883363e-06,7.86329574342659e-06,8.348310598371711e-06,5.076473796883363e-06,,0
b0,w3,1,EW,39,7.260942048273256,16.037026321030783,23.18944587231122,0.4767132263431062,0.703767561461463,37
b0,w3,1,J,109,6.812563170881969,15.344786177713456,27.45451627211071,-0.2602834972604273,0.6422849586357726,102
b0,w3,1,H2,27,2.813586001471513,9.74329387454788,12.196728551675085,-0.43797465076389486,0.48498313580507524,26
b0,w3,2,EW,39,6.734347893095949,15.411482916417327,24.488480107863108,-0.48767296077302236,0.5774896738105685,37
b0,w3,2,J,109,5.763629727162223,15.613140675293925,30.849056186872748,-0.2610090270234955,0.6344507297332349,102
b0,w3,2,H2,27,3.37624604904051,7.855227065067503,9.764926968192022,-0.6200191783733433,0.3657056309097804,26
b0,w3,3,EW,39,5.83013733671065,13.605033779987387,24.614127462868506,0.5205794379458561,0.5114140327466391,37
b0,w3,3,J,109,5.8215091320186545,16.025182643605202,32.69833809770224,0.28001921427385223,0.6752148379423275,102
b0,w3,3,H2,27,3.249029166396289,7.578911755898728,9.109467263407556,-0.7649313052931594,0.32527827640988266,26
b0,w3,4,EW,39,5.429583376254277,13.06011816159345,24.176130345057366,0.4082197782210528,0.4980935919271744,37
b0,w3,4,J,109,5.679014734792343,16.13843159832292,33.34256370613209,0.39829619507774083,0.6794405667228905,102
b0,w3,4,H2,27,3.229478374701522,7.4463717742140805,8.849804174538555,-0.8720432674779843,0.2992826984712046,26
b0,w3,5,EW,39,5.576850883263729,13.00175022745139,24.085211310374,0.019890226920060705,0.5314252322135347,37
b0,w3,5,J,109,5.572771317299985,16.103993635665095,32.90363767684556,0.3825431551240266,0.6256230753171894,102
b0,w3,5,H2,27,3.420529541941253,7.422005706810316,8.723673448555203,-0.8031648697108706,0.3106669687742629,26
b0,w3,6,EW,39,5.719470002283888,12.999024331591235,23.63082205183751,-0.41612892847774363,0.5260547265326987,37
b0,w3,6,J,109,5.430228819071514,16.155579342494747,34.153186956371215,0.14831652696334352,0.6437832651242585,102
b0,w3,6,H2,27,3.475979339826374,7.488825416269606,8.766613204746765,-0.7886790583338188,0.3520604316230603,26
b0,w3,7,EW,39,5.287488896417514,12.956391774936122,23.38137454032294,-0.3020531481951805,0.5316098393530236,37
b0,w3,7,J,109,5.428705852769289,16.010147943104524,33.60149832410091,0.4090896467802585,0.6373786203124913,102
b0,w3,7,H2,27,3.5696881658002333,7.261692528181108,8.760233719243615,-0.822864056619621,0.35846901098909933,26
b0,w3,8,EW,39,5.254309562155979,12.927189606994743,23.465865859293423,-0.13121359805616795,0.49250411468434824,37
b0,w3,8,J,109,5.364799575316193,15.761876697613873,33.59082494607462,0.5232781140532605,0.6274618633751938,102
b0,w3,8,H2,27,3.527488527690348,7.0921715024851535,8.711158827902498,-0.8238773695420476,0.37178936603526014,26
b0,w3,9,EW,39,5.230871401526183,12.881555365090572,23.345427799814612,0.0744143169390643,0.4798643550976739,37
b0,w3,9,J,109,5.336740370914061,15.896734696847926,33.73203415571484,0.4864711508535402,0.6275139164735704,102
b0,w3,9,H2,27,3.5067866520422375,7.025914410103887,8.699724283148779,-0.9095528416566578,0.37238003732098873,26
b0,w3,10,EW,39,5.34148879722699,12.73130633524967,23.162071897801084,-0.21306429295697704,0.4900120611252135,37
b0,w3,10,J,109,5.5472187298104,16.076017792428633,34.27718479980562,0.22813857551673422,0.6353182898739961,102
b0,w3,10,H2,27,3.682650131371956,6.974317750700464,8.967233283210785,-0.82854184100708,0.3839788417804779,26
b0,w3,11,EW,39,5.298326810685627,12.769021271441686,23.02830501565154,-0.8977213110137439,0.48605251074697975,37
b0,w3,11,J,109,5.552674584058814,16.23144720480772,34.16416935702522,0.425043939279357,0.6701405681066022,102
b0,w3,11,H2,27,3.7026996631334352,6.979783596525353,9.16777109245459,-0.886307120785701,0.39702266468531144,26
b0,w3,12,EW,39,5.298114546913801,12.646464019461332,22.85834892221561,-0.5547219059209629,0.4860330383091851,37
b0,w3,12,J,109,5.754821300550628,15.830790547244053,32.952700193032335,0.3001315625352108,0.6419883997333982,102
b0,w3,12,H2,27,3.80330364058743,6.777940391439206,9.240138177418011,-0.855430613906738,0.3989393885478265,26
b0,w3,13,EW,39,5.379423828463292,12.888714322529403,23.279907291210456,-1.0504860597825738,0.4934921063992203,37
b0,w3,13,J,109,5.647379216417992,15.918109113023153,35.11732573476822,0.06190185560293049,0.6683023190430601,102
b0,w3,13,H2,27,3.789858705275173,6.820812908936258,9.323180241583074,-0.8322423794497102,0.404921091622366,26
b0,w3,14,EW,39,5.4000014854887475,12.920343936929818,22.83309414249295,-0.5257869078611255,0.5198991918382623,37
b0,w3,14,J,109,5.751140421926159,16.539285892867174,35.19165797629309,0.3393613940498197,0.6730528768721831,102
b0,w3,14,H2,27,3.7106992887502077,7.0764887293926515,9.494364435575232,-0.8854928953734298,0.4070651709163392,26
b0,w3,15,EW,39,5.283517007541194,13.150023604885208,23.22637237384719,-0.9164931575506796,0.51206824972738,37
b0,w3,15,J,109,5.7592038537644825,16.371328667501764,35.70575124597652,0.3506749476215987,0.6310470441944891,102
b0,w3,15,H2,27,3.6732637387298483,7.06350695354503,9.59344768031679,-0.9111046974901615,0.40165881769424805,26
b0,w3,16,EW,39,5.3449163106538915,13.3870588152394,23.174686067819295,-0.7922592290619535,0.574315755924018,37
b0,w3,16,J,109,6.024060744909465,15.885607473258645,37.15540597438118,0.1547504100616326,0.6175327768098924,102
b0,w3,16,H2,27,3.7827937334446338,6.859674577758819,9.70785881461057,-0.8695050403423221,0.39973047080710944,26
b0,w3,17,EW,39,5.293869732548096,13.449443418995962,23.132082216026472,-0.7213165580464365,0.559048151742055,37
b0,w3,17,J,109,6.177311193745005,16.204996302930024,36.467451361643,0.1272624358435115,0.6138953775491337,102
b0,w3,17,H2,27,3.6810849972967574,6.948784150229415,9.811000339059294,-0.8228162889279189,0.3993103429250816,26
b0,w3,18,EW,39,5.319442282940711,13.622718295552062,23.176409492637063,-0.544676260564092,0.5653237495432227,37
b0,w3,18,J,109,6.075741247287548,15.980367653286915,35.63449990131262,0.33251347557097244,0.6394878527174059,102
b0,w3,18,H2,27,3.7937369984504477,6.976241086029581,9.88425711471239,-0.8561741872006312,0.3990697101836195,26
b0,w3,19,EW,39,5.3228084103591256,13.813939796289564,23.24368538247812,-0.5341407722994296,0.5932403109874784,37
b0,w3,19,J,109,6.008758633622557,15.858958808099716,35.692042898223406,0.3663398119269079,0.6400824322684268,102
b0,w3,19,H2,27,3.72516836871406,6.856633047853857,9.890528205533233,-0.8734054151991133,0.399109434660659,26
b0,w3,20,EW,39,5.3945354072221345,14.024888929251059,23.184080808199383,-0.4230156481160763,0.592238507948349,37
b0,w3,20,J,109,6.199989871518897,15.943684139756513,36.69547511711595,0.24839633679238915,0.6504411272001018,102
b0,w3,20,H2,27,3.717607857266647,6.91829617015567,9.913178393052636,-0.8547749433728158,0.39763117993272035,26
b0,w3,21,EW,39,5.3425958055683616,14.166345823305749,23.234529658260918,-0.5563148608167978,0.6077105773545537,37
b0,w3,21,J,109,6.2393798105278675,16.10025942163718,35.86597538161192,0.22187429705429196,0.6248173423981311,102
b0,w3,21,H2,27,3.73531765840015,6.870220970762393,10.169165381557088,-0.8188830441665074,0.39793618874060627,26
b0,w3,22,EW,39,5.35632451511635,14.302491224196096,23.353931664748707,-0.546678074229412,0.6154982294607828,37
b0,w3,22,J,109,6.1666870532980145,16.107137993339077,37.094988478084346,0.1199897920331594,0.6347695652695791,102
b0,w3,22,H2,27,3.760808370531543,6.899664384914117,10.110321893130958,-0.8231173421368698,0.39905095720657946,26
b0,w3,23,EW,39,5.3588087637468025,14.410489818441343,23.25107241494626,-0.6047777925341613,0.6601414037286096,37
b0,w3,23,J,109,6.0057855539464855,16.095657187283635,35.9130617765171,0.23483782294235755,0.6583314377591004,102
b0,w3,23,H2,27,3.805718803048097,6.723688650426399,10.078716356988782,-0.911116617058283,0.40376624828469276,26
b0,w3,24,EW,39,5.415163413078272,14.357984418817253,23.334238687922372,-0.65163070159866,0.6635645713804625,37
b0,w3,24,J,109,6.176306633194506,15.974840030366304,36.87293266163954,0.2590431835775675,0.6636027858108036,102
b0,w3,24,H2,27,3.7966541411022403,6.814731969389248,10.021794945761197,-0.766229143245234,0.4009368397901596,26
b0,w3,25,EW,39,5.400059251188805,14.299867613175634,23.258454641978155,-0.6646658142140605,0.6632177015181208,37
b0,w3,25,J,109,5.885501898779322,16.048780992270082,37.14448067497427,0.2585916347578099,0.6790966676848997,102
b0,w3,25,H2,27,3.796293062116596,6.814787472426986,10.0732499981806,-0.8887208540843794,0.396784285170642,26
b0,w3,26,EW,39,5.415771272661651,14.692035042771709,23.416971992496393,-0.48926715722560354,0.6601244080854843,37
b0,w3,26,J,109,5.874323851342034,16.086494759634643,37.45227669343083,0.05946679593418214,0.6748499994837587,102
b0,w3,26,H2,27,3.8337696557310452,6.850541462500259,10.140408716004945,-0.8216536651844963,0.39903842715770477,26
b0,w3,27,EW,39,5.396242172261867,14.844728119523174,23.661347589051452,-0.5617235915562624,0.6862797387005417,37
b0,w3,27,J,109,5.8049906608303115,16.530370535233757,37.95876594217338,0.0993057516849305,0.6893216431537906,102
b0,w3,27,H2,27,3.881382958066737,6.985361025463429,10.197874794265427,-0.9356600490102562,0.3985676024679594,26
b0,w3,28,EW,39,5.566259952715402,15.008591550240743,23.58124364015639,-0.4231708600643591,0.6792375346249799,37
b0,w3,28,J,109,6.127038625486048,16.42502083149361,39.510163689170575,0.15110669853048986,0.6682826076859442,102
b0,w3,28,H2,27,3.9983641727645125,6.99304690921261,10.279588632702087,-0.9067840421484008,0.3943820258105227,26
b0,w3,29,EW,39,5.514607920023307,15.39387007050201,23.591819895806367,-0.441204147673524,0.6732416938192274,37
b0,w3,29,J,109,6.085881048917918,16.637335057648404,39.91910935058931,0.11867105241416542,0.6695875115462477,102
b0,w3,29,H2,27,4.15121430794112,7.029680630202099,10.408799852147832,-0.8200243033740895,0.3943121854277964,26
b0,w3,30,EW,39,5.458474216307518,15.5079010624042,23.72961827732949,-0.4752982221191804,0.6727180395189905,37
b0,w3,30,J,109,5.978110913376122,16.48294957432303,40.85417921154087,-0.1538062066962942,0.681568393342219,102
b0,w3,30,H2,27,4.114286858097804,6.863548326161807,10.527982675991831,-0.8727687250596694,0.391547977763809,26
b0,w3,31,EW,39,5.498243920101675,15.459318924160607,23.76483215700511,-0.5447960365320803,0.656393375133614,37
b0,w3,31,J,109,6.271085388559605,16.305163516085198,40.23494516607513,-0.11290531302190487,0.6540529214728816,102
b0,w3,31,H2,27,4.0600756836389085,6.986851824062316,10.318235381242047,-0.7915269934280489,0.39206733215916056,26
b0,w3,32,EW,39,5.533729391644782,15.560634535666733,23.857580554445047,-0.6648369014287225,0.6420383519551744,37
b0,w3,32,J,109,6.22567223903121,16.55380172551226,39.76749514768001,-0.16681662618531767,0.6433688866606121,102
b0,w3,32,H2,27,3.989213324857699,6.955127856455393,10.43177230375305,-0.8643261611691377,0.39276017923718104,26
b0,w3,33,EW,39,5.565638124502303,15.606034496708583,23.726666612409275,-0.5265222073290055,0.6457404900264277,37
b0,w3,33,J,109,6.2010175191386185,16.550926662916435,39.42723928730387,-0.07115359366732799,0.6425794473183015,102
b0,w3,33,H2,27,4.02999350358364,6.9594575767210785,10.453192382437337,-0.857763820941726,0.39012335451006697,26
b0,w3,34,EW,39,5.4709107002054225,15.82291641837164,23.806058480142678,-0.49915409253098453,0.6683111961592318,37
b0,w3,34,J,109,6.289308660614745,16.50322632725942,40.216675286281856,-0.14931267414408644,0.6194376550155307,102
b0,w3,34,H2,27,4.124820207073709,6.997892848103279,10.538498847826805,-0.8015807001275244,0.39312836181279653,26
b0,w3,35,EW,39,5.477018255326083,15.853784708868055,23.83836089548872,-0.4924277496355378,0.679751944484523,37
b0,w3,35,J,109,6.252279960093521,16.573862768979396,40.80414514229442,-0.17390610439161902,0.6248522257093176,102
b0,w3,35,H2,27,4.092802786985262,7.09440546609519,10.390182286812145,-0.8635594630938548,0.39609812519214094,26
b0,w3,36,EW,39,5.51040491617375,15.89633885185877,23.84706871996456,-0.5251539648428727,0.6759262824634494,37
b0,w3,36,J,109,6.056127847808512,16.785179201749173,40.47780197927031,-0.1729611453065938,0.6263292373466574,102
b0,w3,36,H2,27,4.042161907550823,7.006296271424587,10.586328664720035,-0.8384618314058567,0.3947507779947007,26
b0,w3,37,EW,39,5.521419201624955,16.047796578646764,23.759007041373238,-0.5014288199324812,0.6986235461823453,37
b0,w3,37,J,109,6.131163328409972,16.836586067118475,41.94110037895542,-0.128566650460038,0.6338547191005602,102
b0,w3,37,H2,27,4.114151866832549,7.186442616834625,10.547948966780574,-0.8263230772631469,0.39676539642064845,26
b0,w3,38,EW,39,5.549162569934607,16.257303381540584,23.927026655952254,-0.41025681777222545,0.7018513032861873,37
b0,w3,38,J,109,6.197445353340014,16.958413671773844,43.175923571132046,-0.16093524665512504,0.6330035880300988,102
b0,w3,38,H2,27,4.16656069514425,7.295567162224496,10.59726447580449,-0.8533795366008512,0.39927397124206776,26
b0,w3,39,EW,39,5.793766004483891,16.289706017357283,23.993935591124792,-0.525976692209984,0.676808681919629,37
b0,w3,39,J,109,6.1484043343770445,17.11012806676542,43.9079080814988,-0.17915200968916523,0.6149121521906917,102
b0,w3,39,H2,27,4.208629508085515,7.371357475588114,10.625925751564925,-0.8075645034771761,0.3995131389384481,26
b0,w3,40,EW,39,5.638569221316603,16.281217535279332,23.836590309976046,-0.3849139013784364,0.6946253830015411,37
b0,w3,40,J,109,6.2665501765776455,17.04054781719983,44.49047679450126,-0.20793237325934522,0.6385696275180525,102
b0,w3,40,H2,27,4.164019448384715,7.414695904744944,10.629755529729557,-0.7871446504770896,0.3990209621040751,26
b0,w3,41,EW,39,5.50302795310783,16.321804748981297,24.135742483212287,-0.48096042380659787,0.66580203450899,37
b0,w3,41,J,109,6.188562226897187,17.260627924305854,42.362060766377894,-0.07149350837925006,0.6348581834600988,102
b0,w3,41,H2,27,4.10171456856725,7.237037384257025,10.72008484514737,-0.8856011250547913,0.39712910503467896,26
b0,w3,42,EW,39,5.863188815637765,16.339319316062518,24.14528411603436,-0.5497523935720006,0.656992923496575,37
b0,w3,42,J,109,6.3080875780835655,17.226598106520232,42.485224526582634,-0.06464252509339463,0.6379422662449138,102
b0,w3,42,H2,27,4.145441758085977,7.146436929194239,10.715795014723072,-0.8862290659336747,0.39786057185145707,26
b0,w3,43,EW,39,5.541517734996104,16.495467574378527,24.180517984363004,-0.6298600414552102,0.701331955000933,37
b0,w3,43,J,109,6.316210370720987,17.365061095212543,43.40423210079021,0.00543308887785976,0.6217971993200535,102
b0,w3,43,H2,27,4.177291207577949,7.236729671431361,10.667752141651155,-0.8184872191453474,0.3982798030744189,26
b0,w3,44,EW,39,5.868394938294541,16.575501354288736,24.109479338873683,-0.5441031046152123,0.7026849021686061,37
b0,w3,44,J,109,6.341930821558517,17.571908210936737,42.340366948174335,0.06621537138797873,0.6361266884875739,102
b0,w3,44,H2,27,4.049292910895974,7.124352494019354,10.797473067574536,-0.8407085423463467,0.3945785797257937,26
b0,w3,45,EW,39,5.5514188707328715,16.548519045268108,24.21930567367765,-0.6096150282122736,0.6876117037886076,37
b0,w3,45,J,109,6.247364056980076,17.550153826673867,41.13453170028571,0.289590755391389,0.6214151239264183,102
b0,w3,45,H2,27,3.968303007639351,7.010425710607719,10.880583767891206,-0.8383815824318908,0.39217604333349876,26
b0,w3,46,EW,39,5.584421318294941,16.55173983974053,24.195899973031644,-0.5481996692221269,0.6833017255898771,37
b0,w3,46,J,109,6.3294247507532875,17.484924233129295,40.68446857007479,0.12131779590955905,0.6324478631158597,102
b0,w3,46,H2,27,3.93970585465937,6.848597570463259,11.11044037119041,-0.8109681150307413,0.38808785341335134,26
b0,w3,47,EW,39,5.815536310692693,16.682267224243134,24.277917606213208,-0.6412293943839797,0.6837711328431822,37
b0,w3,47,J,109,6.431884093859774,17.76960848704303,41.72300533726976,-0.1463738118904212,0.630834841096507,102
b0,w3,47,H2,27,3.92447102812723,6.956223108714059,11.05152878512775,-0.894650427816901,0.38702354612190787,26
b0,w3,48,EW,39,5.5383028286421165,16.657022643596108,24.195489702635097,-0.6587396399155288,0.6888491002764683,37
b0,w3,48,J,109,6.3305424564824575,17.65595178173134,42.343665223451474,0.014268585933385758,0.6179755118427033,102
b0,w3,48,H2,27,3.9255759230072185,7.051112631903626,11.060658401503309,-0.9262825746638392,0.39178009654448975,26
b0,w3,49,EW,39,5.4946037541760635,16.717528546453444,24.35800431441928,-0.6789948897410469,0.7075607647359548,37
b0,w3,49,J,109,6.342448467266282,17.716989838319872,42.58083066399645,-0.14456938807942965,0.6325746222879548,102
b0,w3,49,H2,27,3.8605351588144377,7.03034826992136,11.009018842544194,-0.8648071215930586,0.3902104108871315,26
b0,w3,50,EW,39,5.453637400301048,16.7015300660327,24.18616473673898,-0.5771215609490565,0.7046792178659411,37
b0,w3,50,J,109,6.452707760375276,17.791921101672315,43.283762248369186,-0.08719209462378918,0.6517004627679159,102
b0,w3,50,H2,27,3.9094056011239386,7.149557845285341,10.992825436027964,-0.8333618806330434,0.39446295315084123,26
b0,w3,51,EW,39,5.563750375645071,16.812289512536452,24.238012509137175,-0.49360835487223254,0.7105302107009397,37
b0,w3,51,J,109,6.380691349763934,17.7718295488508,43.020789567461,-0.1400334717127083,0.6426503556607244,102
b0,w3,51,H2,27,3.919167327587103,7.178814216371705,10.99165535919716,-0.794421553181901,0.39272629066896325,26
b0,w3,52,EW,39,5.521049244976462,16.88984559822562,24.236623241125987,-0.5632517904578638,0.6926469015033259,37
b0,w3,52,J,109,6.261118512341812,17.939217299886085,42.25951651396789,-0.23264433512323324,0.6192186595479565,102
b0,w3,52,H2,27,3.9617680076042827,7.060358667368793,11.018137900871071,-0.8298051467237055,0.39286077576041123,26
b0,w3,53,EW,39,5.507281541329201,16.860942894195826,24.361524126382417,-0.5309779624362077,0.6748306303868928,37
b0,w3,53,J,109,6.206935544270253,17.902776181433197,41.254680767545395,-0.06083147333957317,0.6326756501121622,102
b0,w3,53,H2,27,3.876038501585133,6.929718519540394,11.036185465642301,-0.9011319650559457,0.38890248215424805,26
b0,w3,54,EW,39,5.529097325555932,16.821892952448835,24.28459294258818,-0.5604848030113962,0.6865812250780265,37
b0,w3,54,J,109,6.3013345081160965,17.827731668038034,41.85495115239457,-0.12901550265067563,0.6114975112904566,102
b0,w3,54,H2,27,4.021682906602386,6.999984800082056,10.979189930124079,-0.865045383753571,0.3930376316145879,26
b0,w3,55,EW,39,5.679251545800168,16.871451268289547,24.150897449823926,-0.4698382589933936,0.6852138595739419,37
b0,w3,55,J,109,6.34557478963691,17.829654741330124,40.9029667260147,0.11449640209675316,0.6267564681456266,102
b0,w3,55,H2,27,3.846609047687277,6.877038419487814,10.904888079335784,-0.8918676632443168,0.390311511268855,26
b0,w3,56,EW,39,5.670452613704535,16.876147158188402,24.34581318330318,-0.611782048541043,0.6562185343611384,37
b0,w3,56,J,109,6.2754646057722185,17.913818507033163,40.49993651072719,-0.22754173827806978,0.6295760030801352,102
b0,w3,56,H2,27,3.939988280634732,6.830005668860012,10.853483762312589,-0.8580260075226276,0.3911485515880559,26
b0,w3,57,EW,39,5.547720210426233,17.041743463967467,24.430893798620666,-0.5939008300072879,0.6611868512227637,37
b0,w3,57,J,109,6.10754625440344,18.151031032944687,41.163740612862945,-0.24233955853985023,0.6025640823272851,102
b0,w3,57,H2,27,3.900289021211445,6.841949367047896,10.985070969581678,-0.8304306558184704,0.3861453944884541,26
b0,w3,58,EW,39,5.696529601530365,16.990839690526975,24.31965557814926,-0.6079479927282083,0.6633289580776713,37
b0,w3,58,J,109,6.17685963826069,18.21602797688341,41.74443795791425,-0.15295001146741205,0.6203593737674882,102
b0,w3,58,H2,27,3.909041652356615,6.879887949211648,11.105711334688417,-0.8326277117021053,0.38991498500881483,26
b0,w3,59,EW,39,5.631844612828751,17.022383905804688,24.58071114105962,-0.6379239033476924,0.68855324367476,37
b0,w3,59,J,109,6.0780409501561605,18.16012001671608,41.9502631420956,-0.2689732612399909,0.6429932270513554,102
b0,w3,59,H2,27,3.913550957837897,6.883859874909507,11.144891568844006,-0.8586518472754823,0.3923524944526999,26
b0,w3,60,EW,39,5.592670031156565,17.038683393371077,24.418617665043897,-0.5953460856746418,0.6871309783728008,37
b0,w3,60,J,109,6.246122418827449,18.174392106202898,43.52774641950834,-0.280327316982687,0.6448400505793042,102
b0,w3,60,H2,27,3.8506674210928127,7.015778758927753,11.156330356038968,-0.8953982438230534,0.39074415345460195,26
b0,w3,61,EW,39,5.598050794921317,17.103267186504965,24.615424869533896,-0.6639560829264202,0.6921020106129208,37
b0,w3,61,J,109,6.2969904167917035,18.35986124587312,42.87273108077743,-0.24740463992914963,0.6321591998787895,102
b0,w3,61,H2,27,3.76535737828394,6.99822198972386,11.125907625974751,-0.8366377735197106,0.38938744279228593,26
b0,w3,62,EW,39,5.773528145425033,17.189736553886416,24.65318381271331,-0.5952092500174033,0.6827418731147928,37
b0,w3,62,J,109,6.349379850072512,18.340734470114768,42.90019093495832,-0.12254348948943505,0.6409529817911335,102
b0,w3,62,H2,27,3.837271127805386,7.04031430332604,11.004214295968595,-0.8812977095623231,0.389904302749599,26
b0,w3,63,EW,39,5.697508093711223,17.259709333166946,24.568425406849805,-0.6030204124038097,0.6915200880041988,37
b0,w3,63,J,109,6.313658869357774,18.474730634437453,42.75521619023552,-0.2717645636961974,0.6307197184523888,102
b0,w3,63,H2,27,3.796667178565394,6.980420189475202,11.193038205311945,-0.8271294876065927,0.38651660744003447,26
b0,w3,64,EW,39,5.741395128418003,17.283380706127012,24.755523745317642,-0.6239647380951507,0.6884405566968957,37
b0,w3,64,J,109,6.29012596167926,18.53529460102885,43.262917237246846,-0.25687481184342165,0.6353403948967487,102
b0,w3,64,H2,27,3.7375829667978255,6.96214154635953,11.231551564790498,-0.8177698473988526,0.38444908936420363,26
b0,w3,65,EW,39,5.916645275430399,17.318287382233706,24.495766066815715,-0.6779900789695481,0.6745860851249161,37
b0,w3,65,J,109,6.3504559723423615,18.477483552929645,41.99854295715502,-0.3279082816476486,0.595602538370595,102
b0,w3,65,H2,27,3.7792815318549167,6.857790509871165,11.126211263639973,-0.8500392961614534,0.38617759068559054,26
b0,w3,66,EW,39,5.631142183726934,17.300018382641152,24.464141580391296,-0.7283354449021395,0.6904346430462247,37
b0,w3,66,J,109,6.383406745376785,17.74506006982936,41.25508229563033,-0.2072739440447946,0.622704261088396,102
b0,w3,66,H2,27,3.7809394077478187,6.954765851902015,11.059103384663427,-0.8599339919847182,0.38999105164106845,26
b0,w3,67,EW,39,5.881108111113075,17.32749912000837,24.54898918598638,-0.7033760944816336,0.6873434577317655,37
b0,w3,67,J,109,6.201316601630458,18.561086179268845,42.71078341727845,-0.21810195885924033,0.6272188927011434,102
b0,w3,67,H2,27,3.726283216797688,6.941452525871214,11.092045808599826,-0.806418130417752,0.38554030120042315,26
b0,w3,68,EW,39,5.676152657213596,17.289333365152793,24.669845376588206,-0.7245982982660881,0.6578331953612765,37
b0,w3,68,J,109,6.296607055638059,18.59706510861511,43.30834649032551,-0.2727389179606021,0.6120612074281415,102
b0,w3,68,H2,27,3.7137180436354056,7.032162777265573,11.22653636983495,-0.8292838050431794,0.3860852207755242,26
b0,w3,69,EW,39,5.770506983216572,17.32389169152017,24.60978351716021,-0.6427728222081264,0.6637750197166349,37
b0,w3,69,J,109,6.274686634732807,18.46852219162132,43.59414460062367,-0.2612722675035317,0.6173423572333694,102
b0,w3,69,H2,27,3.749033805789659,7.099178406420991,11.176326500599188,-0.7961398709133927,0.38779918446026695,26
b0,w3,70,EW,39,5.669330540398931,17.286158236138192,24.804940907307007,-0.7662297728888823,0.6723039356932194,37
b0,w3,70,J,109,6.315444445069351,18.46134517003287,42.445045324009854,-0.3053312173449396,0.6312868121122512,102
b0,w3,70,H2,27,3.717006826408409,6.9203612576343385,11.179074739935169,-0.8528239357373679,0.38838036372944895,26
b0,w3,71,EW,39,5.642049734633781,17.300190973500232,24.658895377402313,-0.7467769862475104,0.6723126933763475,37
b0,w3,71,J,109,6.149417637721966,18.360947488610524,42.24022959280591,-0.2626609275982017,0.6377858043746618,102
b0,w3,71,H2,27,3.8144078329662268,6.910971888571541,11.242151561486846,-0.8265664493232738,0.3905880284512704,26
b0,w3,72,EW,39,5.772523809599495,17.320501517526292,24.496245230796255,-0.7470309742640957,0.6656867093405254,37
b0,w3,72,J,109,6.257375975998469,18.482562365772612,42.51220033031802,-0.18127690288367582,0.6390623219342948,102
b0,w3,72,H2,27,3.695045045610179,6.86188944184822,11.27765708926879,-0.8390675509367895,0.3875511613832614,26
b0,w3,73,EW,39,5.933110801830077,17.360704871390784,24.523091751199466,-0.8215848205696319,0.6701994153155775,37
b0,w3,73,J,109,6.278003969441048,18.31066133562746,41.90670246598722,-0.24949849522282186,0.6350775843965175,102
b0,w3,73,H2,27,3.861653371786389,6.79563839814815,11.192483417980736,-0.850250993359114,0.38721916704672255,26
b0,w3,74,EW,39,6.017484193879241,17.37073969545553,24.593905525128346,-0.8482479839396762,0.6713946699956084,37
b0,w3,74,J,109,6.214641379160724,18.137507104064603,42.011356990614225,-0.12586279889829077,0.6408507367483625,102
b0,w3,74,H2,27,3.8561429321897878,6.877970920341459,11.123965992426289,-0.8407167175287777,0.3886675914205827,26
b0,w3,75,EW,39,5.953144977554203,17.340912195223552,24.700001984692577,-0.8772956817235333,0.6784549012442741,37
b0,w3,75,J,109,6.166126728060095,17.925393489805554,42.1795952991852,-0.05886621133126546,0.6465890097871855,102
b0,w3,75,H2,27,3.7780886439033656,6.881969751224897,11.237921314857314,-0.830179536608322,0.38762350896606634,26
b0,w3,76,EW,39,5.903509610658331,17.426650435692157,24.486875775526173,-0.8079834221453197,0.679850480953058,37
b0,w3,76,J,109,6.115690305712906,17.81215242945052,41.179485506385724,-0.1719142912265048,0.6388568390943231,102
b0,w3,76,H2,27,3.789039285449114,6.779723378565917,11.174916769469823,-0.8654476218740936,0.3882845101489568,26
b0,w3,77,EW,39,5.5824566250223695,17.460742126622623,24.528206601604772,-0.7260112488033932,0.6752566634182212,37
b0,w3,77,J,109,6.270963067816204,18.485430626203556,40.89644296609647,-0.231921276569802,0.6230038961218003,102
b0,w3,77,H2,27,3.79693731677313,6.831867474602303,11.057477869498122,-0.8409763538143822,0.3884399826173989,26
b0,w3,78,EW,39,5.729002756275814,17.485175089945198,24.469673059043128,-0.7000864099570347,0.6701757020089745,37
b0,w3,78,J,109,6.239113741565361,18.690703497276434,42.65006277534753,-0.17813047590627962,0.6359305126065069,102
b0,w3,78,H2,27,3.8365440593849387,7.0006735041033,11.107577880573382,-0.8032174204733122,0.38928458756933504,26
b0,w3,79,EW,39,5.955186935704604,17.449913870213816,24.590778709650518,-0.69076560622372,0.6711219983888881,37
b0,w3,79,J,109,6.392564644059773,18.70380756059531,43.52268079934003,-0.3636481082446741,0.6375569444753805,102
b0,w3,79,H2,27,3.788312957473816,7.033006949787321,11.191443817585577,-0.8604603410523826,0.38912861640922636,26
b0,w3,80,EW,39,5.614944349965823,17.427463118782953,24.601808737013855,-0.6891472660635167,0.6713844989455183,37
b0,w3,80,J,109,6.3036788327646365,18.601380026872295,42.449643715876185,-0.39786475861490755,0.6530091222836126,102
b0,w3,80,H2,27,3.730262398725004,6.895210808795037,11.224186315603657,-0.8833671634521423,0.3869800157176997,26
b0,w3,81,EW,39,5.600152067222974,17.439634164631755,24.671569858930976,-0.7084770124523243,0.6783204027653188,37
b0,w3,81,J,109,6.261040627159886,18.152891996549673,41.39677849546209,-0.2680746604015294,0.6430777236235834,102
b0,w3,81,H2,27,3.7059601780405904,6.766269185496304,11.305158603907351,-0.9062771744505871,0.38619004735571894,26
b0,w3,82,EW,39,5.691302705766033,17.452351295710216,24.591102435839286,-0.7858822065825555,0.6939831399285209,37
b0,w3,82,J,109,6.287935753902185,18.813949716555026,42.196104725033166,-0.4009678529101057,0.6666737870064997,102
b0,w3,82,H2,27,3.721272909170148,6.998561798407705,11.312195945122516,-0.8365381010415729,0.3857967822618073,26
b0,w3,83,EW,39,5.681992969060823,17.440949197378032,24.74046683336344,-0.7499644937412397,0.6988264432429088,37
b0,w3,83,J,109,6.291740607545382,18.12561439162082,41.27986214802355,-0.1732764143193899,0.6874182917703007,102
b0,w3,83,H2,27,3.729765996058476,6.835242032714653,11.273367557581683,-0.8846999594129934,0.3849929320123464,26
b0,w3,84,EW,39,5.756377679958202,17.441353593901166,24.852239047786995,-0.7136301130277634,0.7007144580193926,37
b0,w3,84,J,109,6.168900268529054,18.18905726209648,42.68527802328481,-0.197075246278533,0.6535403689112997,102
b0,w3,84,H2,27,3.6715036977464033,7.069139050479529,11.350886373032887,-0.8051717824245408,0.3845691180230058,26
b0,w3,85,EW,39,5.799776598329942,17.37135638264073,24.677085485975848,-0.8423389961332073,0.7011576712688077,37
b0,w3,85,J,109,6.2315531737537455,18.5206547180664,41.993750184599435,-0.12180533047667641,0.6621359534138281,102
b0,w3,85,H2,27,3.738254021591181,6.942492885906337,11.417730189200203,-0.8344019618697796,0.38711611607182617,26
b0,w3,86,EW,39,5.735415473752181,17.4326070470356,24.783090141814725,-0.8204088401423504,0.714322360561273,37
b0,w3,86,J,109,6.253840597238258,18.557603561276903,42.04313743356833,-0.22089974889460962,0.6714873725186571,102
b0,w3,86,H2,27,3.7990324058984504,6.991314101803489,11.314159262581015,-0.8892339751052525,0.3869324479255038,26
b0,w3,87,EW,39,5.989125350302582,17.46884776169194,24.72621152906069,-0.9307858294483329,0.682933012483119,37
b0,w3,87,J,109,6.458235699362058,18.892126021579315,41.96245039532247,-0.18992774178565597,0.6673874173203398,102
b0,w3,87,H2,27,3.8617994738594064,6.941614751171203,11.318732784315078,-0.8733845680184427,0.38893027811833764,26
b0,w3,88,EW,39,5.807840383616581,17.399241034070847,24.977214123151924,-0.8862662341232563,0.7019901822213617,37
b0,w3,88,J,109,6.398635915343798,18.882994697732087,42.59266128897343,-0.24952726835560934,0.6808359661773262,102
b0,w3,88,H2,27,3.720628345704391,7.052859501114434,11.46829708153052,-0.9072066743551432,0.38577169679064516,26
b0,w3,89,EW,39,5.779401049004928,17.399682338024935,25.09894750671966,-0.7640490091887275,0.7120757623502265,37
b0,w3,89,J,109,6.30686759698682,18.819311987666328,42.684803177378306,-0.3252953890349408,0.6908904257278907,102
b0,w3,89,H2,27,3.680031136332418,7.043375397081661,11.400359162213203,-0.9178599552714051,0.3860993078144645,26
b0,w3,90,EW,39,5.742201247119105,17.42138748553224,25.0952741603947,-0.7865976261036134,0.7250591330770687,37
b0,w3,90,J,109,6.455763030185713,18.756385661486995,42.90541484747281,-0.20327203940446736,0.6679700600047758,102
b0,w3,90,H2,27,3.745008381974868,6.979256348396638,11.374657128023113,-0.8824568817776934,0.3874384542022778,26
b0,w3,91,EW,39,5.8375162648867995,17.423482763078635,24.85895297546343,-0.7848944551958392,0.7175319859944789,37
b0,w3,91,J,109,6.494132719909262,18.794527461818255,42.77274803612081,-0.2780259250483308,0.6621885055132704,102
b0,w3,91,H2,27,3.7127348199516463,6.993012977157107,11.326739765496196,-0.8478720012611629,0.38794759430178005,26
b0,w3,92,EW,39,5.810057883048614,17.392391556236046,24.93260134790156,-0.7339234940290873,0.7172509489515332,37
b0,w3,92,J,109,6.493713821267222,18.425927957465195,42.74624792109287,-0.20379556733813864,0.6698032429604734,102
b0,w3,92,H2,27,3.7410642395910187,7.038701639138834,11.43231611380756,-0.9156937616767835,0.3877777741016466,26
b0,w3,93,EW,39,5.793230843921893,17.3748713262408,25.046691232008623,-0.7599833559364777,0.7066956299635985,37
b0,w3,93,J,109,6.494769491057695,17.75473923126034,42.109734371246496,-0.2815380760263331,0.6764517625848304,102
b0,w3,93,H2,27,3.703739051953825,6.874502789815379,11.41897116310313,-0.851943297243063,0.38567818443437096,26
b0,w3,94,EW,39,5.748630771229191,17.41056039305509,25.070728392552354,-0.8498837345291332,0.6974540459459989,37
b0,w3,94,J,109,6.408341749816415,18.837852236712546,43.44733527308981,-0.23067872039684856,0.662583622233667,102
b0,w3,94,H2,27,3.781164463418918,7.02496634664629,11.328155246432669,-0.8104038031635952,0.3884814870051929,26
b0,w3,95,EW,39,5.749037019761127,17.350578287164595,25.111953015489163,-0.9075787785071121,0.7177465996457366,37
b0,w3,95,J,109,6.64042711134043,18.737591551564098,42.63312431992195,-0.22827275709172978,0.6558454295207892,102
b0,w3,95,H2,27,3.7909028682608703,7.0381876625630335,11.318688713390735,-0.8023476277581931,0.38751036298549507,26
b0,w3,96,EW,39,5.7122738507623065,17.401942647146555,25.035006002821557,-0.8428802261736146,0.7094055594651251,37
b0,w3,96,J,109,6.696448841648794,18.797662625535065,43.141343067542,-0.017318041106928472,0.6465952839956162,102
b0,w3,96,H2,27,3.8141786432907887,7.041274028699653,11.276958292189764,-0.8853690806782444,0.3905469981604903,26
b0,w3,97,EW,39,5.691216002416777,17.440017453806337,24.93102221028394,-0.7962054777506777,0.7071634825993777,37
b0,w3,97,J,109,6.5828923594912325,18.748689547678655,42.32846560390813,-0.027333778001659148,0.6746236393205083,102
b0,w3,97,H2,27,3.808734627026178,6.924068649916284,11.200383621087173,-0.9050020088865129,0.388573243663637,26
b0,w3,98,EW,39,5.833639455517281,17.524665732845442,24.908672826429303,-0.8312978993010978,0.6756836431414615,37
b0,w3,98,J,109,6.467774046166408,18.767927754788428,41.83065235776131,-0.28548958835890037,0.6420040838445817,102
b0,w3,98,H2,27,3.792604512972364,6.874269861925985,11.21619302144472,-0.8519470343962721,0.38684557708658396,26
b0,w3,99,EW,39,5.76922439054951,17.519422314065572,24.940271011887695,-0.8884026609233819,0.681862753131508,37
b0,w3,99,J,109,6.529164553166211,18.868273600126756,43.47617679251978,-0.22566466692011122,0.6554892942688075,102
b0,w3,99,H2,27,3.759910901872443,7.052763707385217,11.175257753988655,-0.8344756208986004,0.3861543475869351,26
b0,w3,100,EW,39,5.743258575950783,17.457229865464654,25.00232497312107,-0.9791024893943678,0.6981660097752366,37
b0,w3,100,J,109,6.522486589993726,18.802619561644725,43.06892660394277,-0.24616828748947883,0.6713867266595843,102
b0,w3,100,H2,27,3.6541008005200215,7.089014794363175,11.281886075617697,-0.8743277901117286,0.38615314659674127,26
b0,w3,101,EW,39,5.80148081730254,17.531245452567898,25.07981253150806,-0.9402180522474879,0.6980067164725028,37
b0,w3,101,J,109,6.636621857960523,18.46568440473682,42.234436976846965,-0.15803579434431336,0.6965866430988765,102
b0,w3,101,H2,27,3.801320859763746,6.954822498982797,11.214375934185162,-0.8827167018867876,0.3852952584579915,26
b0,w3,102,EW,39,5.743743696404158,17.430286721034708,25.093432787807313,-0.9739970305312484,0.7117258269881588,37
b0,w3,102,J,109,6.689646916253444,17.749866596132797,41.936803891328964,-0.22063792270868854,0.6755797533280885,102
b0,w3,102,H2,27,3.8220405597399143,6.718996001500069,11.294971474613714,-0.854658262039365,0.39019133526518246,26
b0,w3,103,EW,39,5.704063711239849,17.403156818097003,25.103577437075675,-0.9040543460713812,0.6960665746503102,37
b0,w3,103,J,109,6.468686782306965,17.6638898097742,41.335558607383916,-0.2288645721557847,0.6711120400134994,102
b0,w3,103,H2,27,3.6649403015946325,6.76281337352279,11.328109481300007,-0.8791952867703179,0.3857360314657827,26
b0,w3,104,EW,39,5.762578220394654,17.418585880460608,24.950002882934584,-0.9047815982379692,0.710244218868009,37
b0,w3,104,J,109,6.611884526073575,18.252823732220534,41.57394502547385,-0.17419099674967908,0.6898794012340163,102
b0,w3,104,H2,27,3.7692471145670536,6.906948412594673,11.280791520934708,-0.9023687544211567,0.3878376908170839,26
b0,w3,105,EW,39,5.751925024282134,17.402871214139996,24.959216600951684,-0.9052719604746962,0.706630337434792,37
b0,w3,105,J,109,6.545756205572362,18.77308440604505,42.6183812548286,-0.2126331498301548,0.6703391282677813,102
b0,w3,105,H2,27,3.857866630460771,7.138055838143125,11.08523139247113,-0.844955934847258,0.39079847711142746,26
b0,w3,106,EW,39,5.650833844676583,17.377120802471644,25.23131319224996,-0.9507728612889399,0.7088916727522012,37
b0,w3,106,J,109,6.508799925737319,18.42277785168363,42.11671746449517,-0.21797452894806169,0.6789673511425363,102
b0,w3,106,H2,27,3.9001405968779324,7.029695537147968,11.190567831861653,-0.8500613566338577,0.39264169693724155,26
b0,w3,107,EW,39,5.7265973983279705,17.37003891358292,25.306882935283316,-0.8892226274987425,0.7008248526981253,37
b0,w3,107,J,109,6.265950340846005,18.657090241337812,42.30108167885642,-0.25276328274044246,0.6618615819398377,102
b0,w3,107,H2,27,3.9721237227945627,7.034310521722211,11.16403585927782,-0.8697937194316108,0.394150962218069,26
b0,w3,108,EW,39,5.6142230602376,17.43518095973441,25.23095103768338,-0.8516709995325722,0.6877605640112279,37
b0,w3,108,J,109,6.255211619995826,18.750614297598922,42.90755356807174,-0.2467466680345587,0.639474888211638,102
b0,w3,108,H2,27,4.024395196771002,7.1144417321094515,11.223719300290103,-0.9305628097234897,0.39251945349563594,26
b0,w3,109,EW,39,5.729064745809231,17.420434208692253,25.393106368253203,-0.8219012340751619,0.703041490201104,37
b0,w3,109,J,109,6.3430713255302695,18.80525555767139,43.489968370731624,-0.2511257839729608,0.64202435715326,102
b0,w3,109,H2,27,4.034980041047143,7.184197557077983,11.329847909483515,-0.8890811159342205,0.39370172383993707,26
b0,w3,110,EW,39,5.733590303728853,17.427310756536276,25.558497287594495,-0.7473794177059401,0.7029540153772854,37
b0,w3,110,J,109,6.402694862301628,18.768587789211026,43.49579708614397,-0.3404160683003199,0.6490500608073178,102
b0,w3,110,H2,27,3.963995126979558,7.154459864475109,11.423154228095168,-0.8441219201371974,0.3924137594246713,26
b0,w3,111,EW,39,5.747825139877561,17.4322783061852,25.482083895313323,-0.7828235594871669,0.7032251244935346,37
b0,w3,111,J,109,6.471761154382305,18.87025712367984,43.16167535900062,-0.2775749952690698,0.6583610830993953,102
b0,w3,111,H2,27,3.918967883138702,7.125490000067666,11.391470367522217,-0.8949171553041091,0.3900961909879793,26
b0,w3,112,EW,39,5.669843926518281,17.46549800655731,25.551335413317734,-0.7066110169393403,0.6789189962254285,37
b0,w3,112,J,109,6.449665542035166,18.77539239778164,43.382829214938056,-0.38361069636487777,0.6778332706307482,102
b0,w3,112,H2,27,3.9602723786966054,7.164939100130659,11.202104239196043,-0.9506891570803866,0.3926976711219448,26
b0,w3,113,EW,39,5.647843685546949,17.429624855311122,25.433775105271717,-0.6903481299751713,0.6760406928401979,37
b0,w3,113,J,109,6.524011704411614,18.813042187074878,43.409259856000595,-0.42529963830097994,0.6744935197838018,102
b0,w3,113,H2,27,3.8855563064133625,7.109935291128741,11.389491456646184,-0.9629172170505851,0.38759483892370183,26
b0,w3,114,EW,39,5.642294847682939,17.366184898982116,25.259786426991425,-0.6091509473220236,0.6833619776661353,37
b0,w3,114,J,109,6.42376356399883,18.872382330657498,42.733748891516775,-0.20213606934199602,0.6664356559826414,102
b0,w3,114,H2,27,3.8680531668745743,6.992584415075569,11.328487215018635,-0.8973044930441154,0.3819319434241599,26
b0,w3,115,EW,39,5.647505514621032,17.377922985589237,25.332835840297907,-0.6753293612044131,0.6884161982541452,37
b0,w3,115,J,109,6.556366117870094,18.747950915990227,42.74787062045966,-0.35959523696110773,0.6650112799074663,102
b0,w3,115,H2,27,3.800050115952014,7.011670486699451,11.249159409970655,-0.8661012134993262,0.38129664615214964,26
b0,w3,116,EW,39,5.742449046882836,17.320955006760897,25.247347994212422,-0.7024515022026945,0.6912090855412504,37
b0,w3,116,J,109,6.461472784718492,18.722463354825813,42.505190728353234,-0.18789348204317768,0.6642975874574819,102
b0,w3,116,H2,27,3.706071290949864,7.03091586973921,11.273955020953274,-0.8204426241236185,0.3843777128671103,26
b0,w3,117,EW,39,5.718330838287877,17.307574641979627,25.42009410731394,-0.8034234020656394,0.7015474157870972,37
b0,w3,117,J,109,6.532988479940416,18.704530022722487,43.11988629435732,-0.07097704270712102,0.6620816447147493,102
b0,w3,117,H2,27,3.715349287530967,7.081549178614386,11.25210731605495,-0.9066353840565533,0.38733572625410784,26
b0,w3,118,EW,39,5.744916535289701,17.334561941811153,25.378435709135694,-0.7244662044164407,0.7024877986727122,37
b0,w3,118,J,109,6.566872773886612,18.800310967366716,43.80741455195949,-0.27327998393870123,0.6722982358946615,102
b0,w3,118,H2,27,3.711947539838345,7.1367110455162255,11.300545076932146,-0.8392865059843491,0.38313367520793296,26
b0,w3,119,EW,39,5.654572399599744,17.32149737840889,25.686997857091608,-0.7630756007335759,0.697811442478489,37
b0,w3,119,J,109,6.489165888847759,18.805393873775657,43.20575865832967,-0.2756825997036305,0.6478247836572315,102
b0,w3,119,H2,27,3.7757955816464683,7.133302539307581,11.278071368613684,-0.8331020659015698,0.38390912098355945,26
b0,w3,120,EW,39,5.761617485667103,17.330371513477136,25.59733108943687,-0.7693419163359749,0.6905076023994674,37
b0,w3,120,J,109,6.419617914269216,18.797059471338518,44.10307295595588,-0.27944412358997806,0.6639900271134112,102
b0,w3,120,H2,27,3.661014271922114,7.239932585608541,11.266559925207032,-0.8475485670390581,0.38282941288860833,26
b0,w3,121,EW,39,6.1192157605237,17.40424152311725,25.64912117494802,-0.8569803133103959,0.6892770691106829,37
b0,w3,121,J,109,6.458135481328675,18.804815164537647,43.48155207423423,-0.2869131470248254,0.6527674886009551,102
b0,w3,121,H2,27,3.6630460696405853,7.118939187394127,11.181550829051911,-0.8595651231858459,0.38450429474064646,26
b0,w3,122,EW,39,5.635332719352304,17.37393870254128,25.417390177234168,-0.7856022579413091,0.6921441765578378,37
b0,w3,122,J,109,6.380996819084195,18.80133433944318,43.301150165035175,-0.3269925070848223,0.6503765642773969,102
b0,w3,122,H2,27,3.7538417400685864,7.188229672475697,11.251582943588845,-0.8316625759857699,0.3869415988403393,26
b0,w3,123,EW,39,5.687338568011491,17.40886432172378,25.2677847987449,-0.7782518740720334,0.6921798194309116,37
b0,w3,123,J,109,6.484733220260019,18.94559549790223,41.53005921997024,-0.19607244072246122,0.6444569126307528,102
b0,w3,123,H2,27,3.8008003443242844,6.970165413507796,11.195847606143051,-0.8416803924973459,0.3857575595401437,26
b0,w3,124,EW,39,5.697070743473565,17.44278863224485,25.3739199402218,-0.828386242889223,0.6875301483492596,37
b0,w3,124,J,109,6.343941822716603,18.931832977949224,42.49192430326503,-0.1715366067940538,0.6375949873467818,102
b0,w3,124,H2,27,3.751340562137817,7.032551971363048,11.263728735432444,-0.8423755504829655,0.38435915704295975,26
b0,w3,125,EW,39,5.829019042754013,17.428665739745465,25.75066997965676,-0.9109911954698791,0.6999307788883353,37
b0,w3,125,J,109,6.538712776605249,18.890277513261275,43.58442631542292,-0.0029930820080736886,0.6556477698056008,102
b0,w3,125,H2,27,3.708123720674328,7.214192165172857,11.216435523038115,-0.8889655479578096,0.38755576327660823,26
b0,w3,126,EW,39,5.645411900748831,17.439640858129987,25.776880489863906,-0.9700374760141739,0.6961352141541776,37
b0,w3,126,J,109,6.5953348363391395,18.747768914600865,44.56345720634805,-0.10498971530843448,0.6451629227706843,102
b0,w3,126,H2,27,3.837648166260643,7.374780630667161,11.29620613797304,-0.8957026082234476,0.3904219087286872,26
b0,w3,127,EW,39,5.662721055023379,17.492235870543272,25.80458734613067,-1.01428064615956,0.6834274535252153,37
b0,w3,127,J,109,6.657451643010304,18.74071082823452,42.841317317901506,-0.13524170334910934,0.6693194799633868,102
b0,w3,127,H2,27,3.875269255178604,7.121264528462324,11.207125575425202,-0.9726524115571511,0.3908765193783172,26
b0,w3,128,EW,39,5.689630473597173,17.4770919301061,25.879181116187166,-0.9251753001257468,0.6888335519642605,37
b0,w3,128,J,109,6.607737615635068,18.838223997115747,43.45558461160128,-0.06593730210074922,0.636146944199059,102
b0,w3,128,H2,27,3.7378662662661544,7.165732704897605,11.276104873291038,-0.8851287981697209,0.3855038448594403,26
b0,w3,129,EW,39,6.194813058895621,17.506764963160087,25.884126216663674,-0.9517567751167855,0.7128921961685619,37
b0,w3,129,J,109,6.704748566254204,18.924333162356564,43.87758021194858,-0.145808063623587,0.6618847431226347,102
b0,w3,129,H2,27,3.6964521294766683,7.286455360038978,11.227550750367488,-0.7764140753718674,0.38544542767625667,26
b0,w3,130,EW,39,5.758905551684402,17.520834867406172,25.89455514937873,-0.979350107733179,0.7037088920174017,37
b0,w3,130,J,109,6.667240522972517,18.93732820566744,43.687366522046524,-0.19047264296464528,0.6833411616774836,102
b0,w3,130,H2,27,3.7855851171698207,7.278166385923303,11.33052581356322,-0.8197403290241545,0.3867037136502408,26
b0,w3,131,EW,39,5.7445023096622805,17.47431985276194,25.93997776557373,-1.075502900112435,0.6962149045381103,37
b0,w3,131,J,109,6.68842368937963,18.994660925378994,43.73617449707625,-0.17028483339489586,0.6937590542957246,102
b0,w3,131,H2,27,3.768452286064039,7.290817810233117,11.354292994603544,-0.8372782332234596,0.3859915939177865,26
b0,w3,132,EW,39,5.730129175700527,17.46189947612354,25.926885493310635,-0.989892261161418,0.6969773958237161,37
b0,w3,132,J,109,6.7261300026277615,18.92389142379541,43.78707621715492,-0.11521953008327701,0.6788093807824149,102
b0,w3,132,H2,27,3.8235005000973654,7.270251366597908,11.260302476232587,-0.8721518275443652,0.38859390791102955,26
b0,w3,133,EW,39,5.793984814159769,17.435013742642024,25.997581057049324,-0.9625777825937543,0.6900490037374959,37
b0,w3,133,J,109,6.4584747998988945,18.891613170705426,43.58426729104208,-0.001038324066526819,0.6641139967337014,102
b0,w3,133,H2,27,3.822107590810919,7.236143633457081,11.326315381398777,-0.8548552379659902,0.38766529035468333,26
b0,w3,134,EW,39,5.742420498946899,17.368739352580846,25.778187704935785,-0.9230684843351766,0.6896710145603098,37
b0,w3,134,J,109,6.48555525903054,18.678541475620733,43.481304995450756,0.048475984767604174,0.7002956966528135,102
b0,w3,134,H2,27,3.8371819701410903,7.300475280221066,11.139191933275594,-0.8949758523536855,0.38996690282590235,26
b0,w3,135,EW,39,5.680574968401708,17.31502818167273,25.914939078266784,-0.9761475902268169,0.6874054265280178,37
b0,w3,135,J,109,6.628198937122187,18.722591481215925,44.05030649822199,-0.1480932555576131,0.6779582557113177,102
b0,w3,135,H2,27,3.7802384601403727,7.260482551702182,11.279234643800473,-0.8638907043068134,0.3843992118059922,26
b0,w3,136,EW,39,6.063607776457158,17.324318834007858,25.87435871449728,-0.9474444068236165,0.6889072556990137,37
b0,w3,136,J,109,6.49957702991717,18.69465700431999,43.257155151590965,-0.059857124191409206,0.6604143415415672,102
b0,w3,136,H2,27,3.7854270701762838,7.321508003413908,11.278336489039663,-0.8079086188103712,0.3874885027410361,26
b0,w3,137,EW,39,5.997048579971231,17.38157531624372,25.779510228870038,-0.9383181131554341,0.6847122388185084,37
b0,w3,137,J,109,6.116700771779815,18.759280580055115,43.139214638331566,0.0005311721741119158,0.6560240798603297,102
b0,w3,137,H2,27,3.804140825668756,7.217794410051817,11.204563613299644,-0.8459480123468754,0.38922012974525655,26
b0,w3,138,EW,39,5.944685083338175,17.38108095769367,25.695208105892718,-0.8797180910260383,0.6824009931759387,37
b0,w3,138,J,109,6.147982553148523,18.83617466521572,43.7065534238551,-0.12540437263401927,0.6463949353907283,102
b0,w3,138,H2,27,3.8392062912780744,7.2941288607953005,11.344446779937911,-0.835493881176208,0.38762946166385953,26
b0,w3,139,EW,39,5.904390046516683,17.382572778847305,25.88194666790715,-0.9094549213254366,0.681495286816166,37
b0,w3,139,J,109,6.302692026434498,18.822379432484155,44.15998463175996,-0.007587545790155303,0.6402855198623423,102
b0,w3,139,H2,27,3.7859209542066674,7.328534520274665,11.269657837709756,-0.7591739530993569,0.3875521202612241,26
b0,w3,140,EW,39,5.879677461725175,17.39492572016197,25.83152095706025,-0.9219836085332056,0.6731191513030337,37
b0,w3,140,J,109,6.4421608725208745,18.811176370739762,45.13736340462196,-0.18431370871027086,0.6584847287336624,102
b0,w3,140,H2,27,3.879302701886611,7.370482676368199,11.238813087904443,-0.7500156763952104,0.3901300687849931,26
b0,w3,141,EW,39,5.873436516155872,17.377318909114255,26.052692556063285,-0.8934812891015942,0.6711234518364462,37
b0,w3,141,J,109,6.634200239316312,18.723485892569162,44.63918244681226,-0.06968180722238815,0.6550989045909577,102
b0,w3,141,H2,27,3.8450632459648304,7.370100460657713,11.158639076210052,-0.8411493892387267,0.3898085604764524,26
b0,w3,142,EW,39,5.734299652395114,17.336072893272206,25.729548134857815,-0.8440037798639,0.669120194845239,37
b0,w3,142,J,109,6.362872773742456,18.79556277971314,43.81711157866546,0.020765791375265685,0.6428728161201771,102
b0,w3,142,H2,27,3.803232460241235,7.363666082573118,11.237372152882319,-0.8796803313283474,0.39109130484606724,26
b0,w3,143,EW,39,6.59926244945952,17.320961117737387,25.700522273887373,-0.986441010572825,0.6898237531084354,37
b0,w3,143,J,109,6.410670247676298,18.66969917077596,43.29167871956494,0.06728910579913983,0.6459535391735672,102
b0,w3,143,H2,27,3.809914569609152,7.342953140270278,11.109976573988778,-0.7851109919206678,0.38870900574089096,26
b0,w3,144,EW,39,5.7232243406302175,17.438878147508877,25.729752810247653,-0.9324792090848466,0.6789820868992313,37
b0,w3,144,J,109,6.4404013638928115,18.744557286151732,43.673338342568904,0.06070976905263592,0.6524943226303674,102
b0,w3,144,H2,27,3.8929006628710683,7.34856652540543,11.201737137737744,-0.802153759000146,0.3883286927543087,26
b0,w3,145,EW,39,5.776443341185766,17.43983501450094,25.81226026032264,-1.0084269527494083,0.6818973600282632,37
b0,w3,145,J,109,6.2751545889212945,18.701248116060817,42.47148807661674,0.055171670240805604,0.6569977272739381,102
b0,w3,145,H2,27,3.940482809181489,7.366465818173936,11.281813031439825,-0.8292359070862676,0.3897080912881904,26
b0,w3,146,EW,39,5.765745230619057,17.480098044057815,25.794208966779266,-1.0485870111401674,0.6873524784207927,37
b0,w3,146,J,109,6.292417329871514,18.821014155402185,41.518612512482214,0.1362438575950753,0.6491279388275208,102
b0,w3,146,H2,27,3.8445033789780814,7.2623485944447745,11.269730389216015,-0.7948169828102203,0.3868170572692446,26
b0,w3,147,EW,39,5.779137980682836,17.45480139766602,25.701099617295696,-1.063841940998389,0.6892586894549134,37
b0,w3,147,J,109,6.143114417415441,18.679081908373945,42.97790988020556,-0.010132085283087733,0.6340587668865942,102
b0,w3,147,H2,27,3.8018148587426914,7.280186120613282,11.266503931907357,-0.7440759038429778,0.3846166682258313,26
b0,w3,148,EW,39,5.620906577433193,17.4472867388251,25.776310792598856,-1.2197042241828604,0.6692694315620086,37
b0,w3,148,J,109,6.265745411881185,18.7861602697093,42.56396449644244,0.06192373224720438,0.6586070275061178,102
b0,w3,148,H2,27,3.84063282040632,7.184760529637393,11.213758375031047,-0.8136886561611156,0.3855873520979747,26
b0,w3,149,EW,39,5.775119232056037,17.483798263064525,25.60340173602771,-1.1321939840409523,0.6991643841368532,37
b0,w3,149,J,109,6.378519869622301,18.838367096633018,42.6496868933602,-0.14306795983463072,0.6618932131460519,102
b0,w3,149,H2,27,3.92362642230355,7.187296989597484,11.242927052548001,-0.772472057690321,0.3875193548074248,26
b0,w3,150,EW,39,5.8435660644864384,17.449565573231506,25.71431684196941,-1.122308236591052,0.6862501854276665,37
b0,w3,150,J,109,6.43444749704869,18.756996663549316,43.106808987555034,-0.057381048459237416,0.6497117907049308,102
b0,w3,150,H2,27,4.048828836050333,7.255593867775104,11.008123132466707,-0.7936449390647193,0.3889535314377745,26
b0,w3,151,EW,39,5.8390642015849314,17.488836742917076,25.843784702576468,-1.0351849480460307,0.6873490858538301,37
b0,w3,151,J,109,6.298098550417652,18.759124289784058,42.98342339487069,-0.05830547503040684,0.6358492619356007,102
b0,w3,151,H2,27,3.974625609480964,7.35951131372392,11.11796851619038,-0.7450418829983763,0.38907459014526047,26
b0,w3,152,EW,39,6.024053578739252,17.42380150965329,25.699467655053688,-1.0021275204159963,0.6902483251117901,37
b0,w3,152,J,109,6.246899083050872,18.726776874056075,43.53136695036337,-0.07622601528252115,0.6402966066796258,102
b0,w3,152,H2,27,3.873830736146888,7.28107552800369,11.122229748720835,-0.845771440618881,0.3850329077477396,26
b0,w3,153,EW,39,5.801015347009908,17.50841025763902,25.850856507229224,-0.9851844150350453,0.6969541684660815,37
b0,w3,153,J,109,6.348393971023469,18.794533832179006,42.80728268815186,-0.11075395860042914,0.6379298209477976,102
b0,w3,153,H2,27,3.8388727026675395,7.2030525078684375,11.157867643256624,-0.9188620085683996,0.38440286585247907,26
b0,w3,154,EW,39,5.857899537849098,17.5232752391908,25.78924982626585,-0.9744946313044567,0.6829664526724868,37
b0,w3,154,J,109,6.340663251584067,18.858816747288856,43.1756384915472,-0.058994194351680296,0.6472749002296709,102
b0,w3,154,H2,27,3.8178282434845556,7.128102212239276,11.22826975223672,-0.8136803702728179,0.38474517083159576,26
b0,w3,155,EW,39,5.748159557700827,17.46932745247741,25.665917308912324,-0.8913476385718488,0.690170246228561,37
b0,w3,155,J,109,6.27633516807824,18.847899761204204,43.16800353662802,-0.05967657894735412,0.6371978688457396,102
b0,w3,155,H2,27,3.774260176705324,7.228134000291856,11.217818920545685,-0.8024422480266247,0.3863411599054224,26
b0,w3,156,EW,39,5.770912701347253,17.46756698430599,25.533862301205644,-0.8976504128754614,0.6810543212118788,37
b0,w3,156,J,109,6.405292629494275,18.861732044301604,43.56246132742907,-0.06735209184004498,0.6469457493506543,102
b0,w3,156,H2,27,3.7275901702514602,7.230097504067502,11.282840222998535,-0.7949860961187993,0.38636700989500483,26
b0,w3,157,EW,39,5.762332057598174,17.41786463973226,25.897318242629442,-0.8654899312346531,0.6660190411593152,37
b0,w3,157,J,109,6.419664551942583,18.837322096296433,43.23219881421147,-0.11469640363483968,0.6498668027580232,102
b0,w3,157,H2,27,3.6801382794205972,7.240358150674074,11.2893929512496,-0.8189579688647641,0.38760082515229843,26
b0,w3,158,EW,39,5.570183454758126,17.328969211453927,25.9770372036948,-0.8469327583249586,0.650096884260041,37
b0,w3,158,J,109,6.400029553850373,18.890655392865746,44.08711480525833,-0.12034923913702977,0.6346243893415187,102
b0,w3,158,H2,27,3.6425997195724813,7.247417007739693,11.394573477557312,-0.8593799319524864,0.38355227049115814,26
b0,w3,159,EW,39,5.746308455956994,17.30960533072817,26.00182661728343,-0.8874962827774557,0.6540127238867828,37
b0,w3,159,J,109,6.459880242362748,18.803459216725532,43.874571434371276,-0.12381270491733654,0.6191769292454845,102
b0,w3,159,H2,27,3.7871907041335806,7.258348859913823,11.440985668313441,-0.8375747339685269,0.38427701529332225,26
b0,w3,160,EW,39,5.561056252894902,17.370861203854606,26.048797094923913,-0.9303536677843227,0.655254613366816,37
b0,w3,160,J,109,6.306113601534169,18.840177254331135,43.534118847989035,-0.0571750901008472,0.6289362083655614,102
b0,w3,160,H2,27,3.6847123629481393,7.214648850725433,11.374675636644138,-0.8375529604588539,0.38234405042797326,26
b0,w3,161,EW,39,5.597931080515295,17.44039096001272,25.775760785128377,-0.8943734483754628,0.683924738288183,37
b0,w3,161,J,109,6.201277843068098,18.90301764451813,42.825850102313524,-0.06940912409629796,0.650892990430096,102
b0,w3,161,H2,27,3.6532168854827907,7.008732119296742,11.3982221225847,-0.8378130239395931,0.3822016197811432,26
b0,w3,162,EW,39,5.561456755042915,17.427159143129657,25.809109241021112,-0.8982827604184562,0.6752031725569403,37
b0,w3,162,J,109,6.242894739028748,18.91412484502094,43.2601916749427,-0.02970988120736262,0.6295037564230815,102
b0,w3,162,H2,27,3.6089034558896227,7.064543069456677,11.39041869710008,-0.8229456555694958,0.3811644368707137,26
b0,w3,163,EW,39,5.5852170517577076,17.439975437842385,25.781096016950155,-0.9271113532978936,0.6800839968977387,37
b0,w3,163,J,109,6.318123653923946,18.961911038082825,42.83006103484328,0.005352806558267531,0.6500757437949498,102
b0,w3,163,H2,27,3.648378614806713,7.137921499090257,11.393158959563666,-0.8523909414832054,0.38289585512806845,26
b0,w3,164,EW,39,5.652024672100486,17.378927472230288,25.860324845868732,-0.9158340375238438,0.6699478949221097,37
b0,w3,164,J,109,6.435894667869846,18.964485175280807,43.13482264550543,-0.0766004008401433,0.6414558171586155,102
b0,w3,164,H2,27,3.671190481738784,7.157406616567593,11.472742955569892,-0.8487824597186999,0.3824203307919969,26
b0,w3,165,EW,39,5.715220534362442,17.390059882947373,25.897850497437112,-0.919103882909289,0.6695830246803902,37
b0,w3,165,J,109,6.315115680670913,18.97699444855595,43.47860533860215,0.048712168267384115,0.6251605711250104,102
b0,w3,165,H2,27,3.678201384930002,7.2336191381621076,11.498867550503611,-0.8395390763287103,0.3825775246282488,26
b0,w3,166,EW,39,5.77985412847295,17.381824149021803,25.903265022960742,-0.9359740365683988,0.6600328723971279,37
b0,w3,166,J,109,6.322210103995007,18.887308254252872,44.464182262099314,0.07379377025071854,0.6598596668744108,102
b0,w3,166,H2,27,3.625218940112962,7.233592587623842,11.400234670945741,-0.7750475400479906,0.38216809801644697,26
b0,w3,167,EW,39,5.6415470317874306,17.381526770084427,26.064428755298753,-0.9025984326415548,0.6822157191010659,37
b0,w3,167,J,109,6.041764640830283,18.710687496635366,43.38603259590423,-0.07076955795236595,0.6210077647259915,102
b0,w3,167,H2,27,3.733362747789104,7.197708793560336,11.310597515701627,-0.8334310785083288,0.3854684920033673,26
b0,w3,168,EW,39,6.052211519927209,17.468237813931836,25.906712995125815,-0.7907470172845987,0.7043249638221268,37
b0,w3,168,J,109,6.313550292522141,18.894745981833868,44.040444956936554,-0.0644515308644733,0.6296876392210682,102
b0,w3,168,H2,27,3.7017132343627024,7.314181828792007,11.305176505598425,-0.783592966184643,0.3864558548765189,26
b0,w3,169,EW,39,5.6777583503330735,17.468063566488695,25.883177357271503,-0.7770809134208911,0.7024800359293052,37
b0,w3,169,J,109,6.316246516925617,18.959862383002996,43.41755900688826,-0.13669478885669495,0.6235357012673941,102
b0,w3,169,H2,27,3.7381110027836506,7.201955403831047,11.435027013187026,-0.7946656425225518,0.3849061936248384,26
b0,w3,170,EW,39,5.630802759818843,17.44167093307255,25.876414766740965,-0.8275693235246684,0.7048141610098255,37
b0,w3,170,J,109,6.34608721997556,19.044199089894235,43.21592967574182,-0.13317294935301094,0.6239403411927531,102
b0,w3,170,H2,27,3.611147837915385,7.178037755549543,11.395415415672039,-0.7820412452891112,0.3818456841446233,26
b0,w3,171,EW,39,5.7289813075115825,17.410367293030724,25.78913039508164,-0.8012161305363197,0.7129389503308905,37
b0,w3,171,J,109,6.303083766225015,18.88335687392702,42.66779536758667,-0.07308508904251276,0.6345691673904374,102
b0,w3,171,H2,27,3.6313712711649515,7.151350423641264,11.311486090019486,-0.7979261970431861,0.3787215311298272,26
b0,w3,172,EW,39,5.668339654784593,17.37649564782681,25.81445122575945,-0.8080861827114316,0.6900099766129416,37
b0,w3,172,J,109,6.328951666860738,18.86777842621479,44.35658745669953,-0.16370127882925356,0.6489800685306943,102
b0,w3,172,H2,27,3.6967537944162965,7.150070319286152,11.36165852640929,-0.8490781752324761,0.37820764549101216,26
b0,w3,173,EW,39,5.969733088933249,17.363416306778177,25.849096886030985,-0.9054457582343578,0.6953652702268502,37
b0,w3,173,J,109,6.427981975173713,18.93924179951705,43.19485324907959,-0.15148974029396411,0.6556240760347697,102
b0,w3,173,H2,27,3.6366129415699167,7.230139069733207,11.298495307536772,-0.8977115901874777,0.38224758039508444,26
b0,w3,174,EW,39,5.65714240223838,17.36747249494616,25.770909410293118,-0.9511015877881945,0.6970015898474858,37
b0,w3,174,J,109,6.43872877785292,18.828067683296464,43.38083894091498,0.02039920646472737,0.6365776718782798,102
b0,w3,174,H2,27,3.8045102354703486,7.274565808625088,11.279426218387378,-0.7895889081046881,0.38480429385788545,26
b0,w3,175,EW,39,5.670035829144471,17.50409746927578,25.925735772399094,-0.903550747137527,0.6872751129122071,37
b0,w3,175,J,109,6.446026311091968,18.971730479100174,43.73367715667635,-0.3066696039629946,0.6256070983515729,102
b0,w3,175,H2,27,3.643121297970442,7.183450573632734,11.305854137463067,-0.8530240740820427,0.3800669749407979,26
b0,w3,176,EW,39,5.7689356167878625,17.497248626014333,25.938817473020848,-0.8702108873750225,0.6987153224611902,37
b0,w3,176,J,109,6.482932176710676,19.067497857759797,43.54259301127206,-0.04675448469941834,0.6566718728165284,102
b0,w3,176,H2,27,3.6775606940655736,7.18782932357413,11.2604598043618,-0.8098007209436764,0.38044410550525926,26
b0,w3,177,EW,39,5.701170514169318,17.488611418740316,25.988927070542502,-0.9186801200740113,0.6880030009559988,37
b0,w3,177,J,109,6.48871904922137,19.09988723982617,43.92767747689135,-0.10050313195173466,0.6416016325353886,102
b0,w3,177,H2,27,3.663303472562629,7.219869218101239,11.334564556144022,-0.7911493423341187,0.3819612898068885,26
b0,w3,178,EW,39,6.184675208283297,17.404518600309896,25.831235677512932,-0.913476884901887,0.6820908395763917,37
b0,w3,178,J,109,6.4659381290176565,19.078814946236925,44.88449267119125,-0.21485436765222854,0.6420079450482805,102
b0,w3,178,H2,27,3.723179119856823,7.2041026398934305,11.307933520928781,-0.8217196266938509,0.38134434026449926,26
b0,w3,179,EW,39,5.669758849271977,17.4726899637689,26.075562351484226,-0.8983980995411978,0.6866711034023614,37
b0,w3,179,J,109,6.514065676682201,19.016685356488434,44.993315187805585,-0.07607336656210162,0.6393432615740462,102
b0,w3,179,H2,27,3.6410757575473296,7.208605698727654,11.29298452111519,-0.8743283618716013,0.3812741705079581,26
b0,w3,180,EW,39,6.169332781768055,17.443361491935217,26.026213802303655,-0.8833694750297827,0.6884744840643283,37
b0,w3,180,J,109,6.456598682541381,18.95968588494223,44.32502844573256,-0.20456570221547565,0.6479273157895663,102
b0,w3,180,H2,27,3.6399768667590093,7.166983317561132,11.191536504985166,-0.810116967961072,0.3789599162329809,26
b0,w3,181,EW,39,5.94511749939608,17.440965602967136,25.892293422864164,-0.9019175991121786,0.6921887305177578,37
b0,w3,181,J,109,6.384958563953003,18.961189112999342,43.92380118562378,0.062480254758057185,0.6732416871954919,102
b0,w3,181,H2,27,3.710466957643055,7.229141557197302,11.213512137789749,-0.8285241268706778,0.3822305833632877,26
b0,w3,182,EW,39,6.678009778023197,17.42263372225368,26.00330194695828,-1.0037325784352014,0.6920348686655593,37
b0,w3,182,J,109,6.485100034503843,18.88632480593746,42.59587166396466,0.10037140334895334,0.6612328617796328,102
b0,w3,182,H2,27,3.6935656675597617,7.13446858021092,11.176368535034575,-0.9178089750966123,0.3841961072545953,26
b0,w3,183,EW,39,6.107450544932602,17.441823693873516,25.987583635109424,-0.839317406084239,0.6794581139190141,37
b0,w3,183,J,109,6.539425456262005,18.78377181315355,43.52770577730798,0.02308890261959462,0.6338674162078464,102
b0,w3,183,H2,27,3.799349700134469,7.248919879485726,11.205027611159712,-0.8318225154671288,0.386467561048225,26
b0,w3,184,EW,39,6.46250237495305,17.4197027336805,26.000307642023635,-0.7382152840460399,0.6772158634823076,37
b0,w3,184,J,109,6.437987367731224,18.870425518457946,44.11635620852088,-0.16965817273018047,0.6295351323248504,102
b0,w3,184,H2,27,3.7950310755423544,7.291870289778507,11.185430006178809,-0.830144190074289,0.38578736174144945,26
b0,w3,185,EW,39,5.822564992998713,17.414879395909672,26.06726371923509,-0.929038925988368,0.6638819224281264,37
b0,w3,185,J,109,6.356956214295129,18.95687049867526,44.43182255966356,-0.12993246263540703,0.6192369057101221,102
b0,w3,185,H2,27,3.7458779824417254,7.263105321777385,11.12680663660518,-0.8129956545900874,0.383986211786264,26
b0,w3,186,EW,39,5.851135148453235,17.447420237664012,26.025625651852557,-0.913973876377483,0.661212037825342,37
b0,w3,186,J,109,6.33238994861014,18.938791819326653,44.776777719400116,0.00760109730606473,0.643533890970101,102
b0,w3,186,H2,27,3.643546535677844,7.274342710164177,11.186257195675953,-0.8844681725511894,0.3843701726449551,26
b0,w3,187,EW,39,6.235844891086995,17.38760615198662,26.020460908960086,-0.8739563045387366,0.6429677559082891,37
b0,w3,187,J,109,6.281408719469317,18.99111203619624,46.34204452571462,-0.1216408483420639,0.6318207821626931,102
b0,w3,187,H2,27,3.5922094625363554,7.193176341761553,11.291500860051173,-0.7494051533985413,0.380125430079823,26
b0,w3,188,EW,39,5.925681088797086,17.4005341947593,26.177815013289553,-0.9540018889580226,0.6476327229239751,37
b0,w3,188,J,109,6.44033078159969,18.88377089696732,44.384876989537126,0.06802516306843032,0.6329445851475064,102
b0,w3,188,H2,27,3.7223274399003303,7.272291194932805,11.296098166010104,-0.7956992101196492,0.3847379074659948,26
b0,w3,189,EW,39,6.007949155683057,17.40180124611731,26.209147962269363,-0.8548547796740413,0.6416680601506026,37
b0,w3,189,J,109,6.361837348754573,18.89708910603239,44.309262681862215,-0.024634060857942064,0.6359802885260553,102
b0,w3,189,H2,27,3.649069918885628,7.212442803771392,11.274302669195112,-0.7596767886791866,0.38151257921335313,26
b0,w3,190,EW,39,5.9465663515665845,17.475144028137816,26.254105782703085,-0.7976992269341121,0.6599305068627843,37
b0,w3,190,J,109,6.324891678363254,18.99027271285853,43.82556312384291,0.09971758077973458,0.6356616586937138,102
b0,w3,190,H2,27,3.6284918641351416,7.189416997483281,11.355413718588325,-0.7901984230243353,0.3803983634002584,26
b0,w3,191,EW,39,5.896513701880579,17.44410801604358,26.24896289261209,-0.837614967878908,0.656736112239598,37
b0,w3,191,J,109,6.294272588001193,18.924073802134544,44.220251991419325,0.06467355790991114,0.6398793514311166,102
b0,w3,191,H2,27,3.712041909573416,7.222887748430805,11.311762191932717,-0.8451774779459242,0.382198150909418,26
b0,w3,192,EW,39,5.870912074373802,17.443219480004334,26.28682951540844,-0.9239821982776397,0.6550471000314646,37
b0,w3,192,J,109,6.350871271311154,18.85226401337672,44.21228630453269,0.1187787596673262,0.6394626918488509,102
b0,w3,192,H2,27,3.716854620604626,7.2578623783746545,11.220471700185753,-0.8114549465103593,0.38392848222803583,26
b0,w3,193,EW,39,5.739051250078364,17.335219050822666,26.25272270886296,-0.9025886830805296,0.6464909513023153,37
b0,w3,193,J,109,6.294739561406049,18.93700634239509,44.03242112453945,0.17341299532112053,0.6247565207270447,102
b0,w3,193,H2,27,3.689072371562152,7.27927943156565,11.365616202601869,-0.7605263787318739,0.3850298643647195,26
b0,w3,194,EW,39,5.802115053412682,17.39359600957871,26.392132328238826,-1.0106509840000166,0.6419700172408662,37
b0,w3,194,J,109,6.27345807181392,19.03192482035246,43.81283315026623,0.11836535498437328,0.6288995714059317,102
b0,w3,194,H2,27,3.644762293171655,7.1986709842635745,11.290506447039562,-0.7775220810649075,0.3804431075252591,26
b0,w3,195,EW,39,5.854371540830017,17.387313768486514,26.59167809307661,-0.8453614903646489,0.6411857471943934,37
b0,w3,195,J,109,6.447094388891683,18.982650671374426,43.97594547629491,0.09555090636788055,0.6353153690654483,102
b0,w3,195,H2,27,3.704168889538617,7.246600076363542,11.252994664076255,-0.8131751064667792,0.3830414721346727,26
b0,w3,196,EW,39,5.810980187281245,17.421438084260977,26.363900354403125,-1.0146830438131915,0.6485769402649896,37
b0,w3,196,J,109,6.4238131930585585,19.056313637230723,42.96694462521267,0.030325933239327973,0.6348252692805776,102
b0,w3,196,H2,27,3.693395754601725,7.199252079633046,11.496758561252884,-0.8189936207338211,0.3816675317815111,26
b0,w3,197,EW,39,5.780058125040544,17.411077153518033,26.39056743295949,-0.9871230533514352,0.6575477924552602,37
b0,w3,197,J,109,6.347487568369026,18.854385127186646,43.781569893511254,0.07076107499890405,0.6402893504643956,102
b0,w3,197,H2,27,3.792751590637433,7.258581471429587,11.31484389556202,-0.74733785746669,0.38433587541595704,26
b0,w3,198,EW,39,5.968312332989445,17.405680930974185,26.282646263739018,-1.0347546705709254,0.6488628856797715,37
b0,w3,198,J,109,6.467623215534735,18.935718655781624,42.87937503917541,0.058785122421811664,0.6414272419877634,102
b0,w3,198,H2,27,3.7694601933859984,7.248155223239791,11.308699798812816,-0.837046588474144,0.38344161608125016,26
b0,w3,199,EW,39,6.377233101235658,17.41072337843268,26.183000247429298,-0.9834690931121992,0.6347466216049522,37
b0,w3,199,J,109,6.459760098510836,18.870404849544318,44.55466181836141,0.09011661603912646,0.6591274633191209,102
b0,w3,199,H2,27,3.6937531007311675,7.259661811420516,11.23762951731666,-0.9114161702650558,0.38407251129124814,26
b0,w3,200,EW,39,6.230549795537321,17.360770722777747,26.355877906272962,-0.9751695943529315,0.6204810356805344,37
b0,w3,200,J,109,6.572724369412719,18.88907420253586,44.77016298828844,0.0982960335846439,0.6817766834692415,102
b0,w3,200,H2,27,3.6799163223746767,7.308727268945695,11.200614626044613,-0.8481790140291601,0.3865927414767368,26
b0,gibuu,1,EW,39,14.316547540876778,30.899812746693378,69.46851371477321,-2.0186155140693107,0.6205595057507846,39
b0,gibuu,1,J,109,13.332536485215197,24.337526094372077,50.51668811625796,-2.7418921506551897,0.6296104650528852,109
b0,gibuu,1,H2,27,7.622404536823968,17.407803902299932,18.595835740504405,-1.6436527954794555,0.564561422781365,24
b0,gibuu,2,EW,39,12.473192019554135,33.13068080814155,74.31689529528127,-2.298682408712416,0.4928920578201055,39
b0,gibuu,2,J,109,9.850163698390958,26.455863095197902,52.151460797025884,-1.8189045224358824,0.5510965900157101,109
b0,gibuu,2,H2,27,5.260122054552463,15.421414323438778,18.12379981966623,-0.5311121610376834,0.39175159441424123,24
b0,gibuu,3,EW,39,11.306283951811347,33.42564699792844,74.73304037305881,-2.1577320047162396,0.47840904630417985,39
b0,gibuu,3,J,109,9.599680300676905,26.893609204601443,52.12801595177772,-1.2837052433903318,0.4874461957703558,109
b0,gibuu,3,H2,27,3.653246001263355,16.083797267988494,18.5798093715842,-0.1630736983498804,0.34192867046804376,24
b0,gibuu,4,EW,39,11.016488117996225,33.21460228910408,74.34173222414402,-2.5671808566609,0.45412098283242847,39
b0,gibuu,4,J,109,9.613526302018105,26.829920150150144,51.87909833249809,-0.9757688126463049,0.46871201782798644,109
b0,gibuu,4,H2,27,3.136862168450061,16.16126888920089,18.611451151005898,0.01227469985114471,0.32698195134675967,24
b0,gibuu,5,EW,39,10.719580377065864,32.88444016457176,73.50739510860274,-2.657750262637437,0.4462846743530913,39
b0,gibuu,5,J,109,9.472613778259564,26.59052530657627,51.334650058513475,-0.9367313261875565,0.4549959730832644,109
b0,gibuu,5,H2,27,3.0056724569409,16.05582581104317,18.404361522227962,0.09574278848716311,0.31433394575788487,24
b0,gibuu,6,EW,39,10.612331197395397,32.36638634839746,72.82098477896332,-2.580326251494891,0.4950823945837429,39
b0,gibuu,6,J,109,9.678146324417302,26.208718007026867,50.86993372282964,-0.9141147004574135,0.4700498252626156,109
b0,gibuu,6,H2,27,2.9322327077162536,15.924509755634611,18.20814323955031,0.16370257545592626,0.30587108313277817,24
b0,gibuu,7,EW,39,10.813963970233775,32.08984028432637,71.90605233789536,-2.436389210578749,0.45725952427731315,39
b0,gibuu,7,J,109,9.462494033260649,26.018682808962414,50.25044819028683,-0.8577874517783135,0.4618333812349935,109
b0,gibuu,7,H2,27,2.846109009997466,15.820941421681278,18.13326609943633,0.20475037933060936,0.2986855518477953,24
b0,gibuu,8,EW,39,9.991690741254878,31.80464905820503,71.26116271714898,-2.3011875066940024,0.4752945885497013,39
b0,gibuu,8,J,109,9.195073787951259,25.776957727249165,49.771829827299264,-0.8203290765000149,0.4489490053540131,109
b0,gibuu,8,H2,27,2.7875250467999546,15.594312379957257,17.877591046068975,0.21560254106474108,0.29216916606643256,24
b0,gibuu,9,EW,39,9.859663336060676,31.498066924974147,70.37077997775923,-2.2107110702181187,0.4633724485470282,39
b0,gibuu,9,J,109,9.206562594182799,25.615665955771256,49.17476555599971,-0.8134797774352442,0.44774131209315704,109
b0,gibuu,9,H2,27,2.7739246496567227,15.414663347070377,17.76451223227279,0.2165831954264119,0.2878617578853117,24
b0,gibuu,10,EW,39,9.732715406807845,30.985151101217745,69.67101855048261,-2.0649566408706854,0.4509198900699015,39
b0,gibuu,10,J,109,9.223812989203362,25.426083157270792,48.74363637486523,-0.8335962696526145,0.4482801188557403,109
b0,gibuu,10,H2,27,2.717096469053293,15.195583780481197,17.568806366126676,0.20927304107938305,0.282973927822895,24
b0,gibuu,11,EW,39,9.640816025664822,30.46089308945489,68.85474415188074,-2.355345223587968,0.43223948624560105,39
b0,gibuu,11,J,109,9.24591914022308,25.115267384576924,48.390017007080054,-0.8816046418333223,0.4505690755904053,109
b0,gibuu,11,H2,27,2.7132428408914167,15.019715952528118,17.40622146706493,0.22209266192534383,0.278228783003136,24
b0,gibuu,12,EW,39,9.485116236517843,30.05768422248968,68.1487228934652,-2.4461813302697144,0.43002501972796725,39
b0,gibuu,12,J,109,9.207066867244883,24.866097362698923,47.98182142318688,-0.872050629208565,0.4458405742669051,109
b0,gibuu,12,H2,27,2.6622494820524367,14.814458752359812,17.224516692401327,0.1434330593086397,0.27434019263900433,24
b0,gibuu,13,EW,39,9.373146219078965,29.698654314412096,67.81125953447473,-2.3415202483693442,0.42485108262199356,39
b0,gibuu,13,J,109,9.081867476731365,24.78873147457779,47.554797713783145,-0.8665982878346745,0.4449861900803569,109
b0,gibuu,13,H2,27,2.6381103224902502,14.679878711376649,17.09334465302408,0.054790178606944906,0.2708765249287629,24
b0,gibuu,14,EW,39,9.245264714110535,29.43280887307745,67.41864979544422,-2.2659765668709086,0.4187132792154627,39
b0,gibuu,14,J,109,9.002537369099418,24.496682750414845,47.274224359781414,-0.853627163120052,0.44115376954627683,109
b0,gibuu,14,H2,27,2.5871347167916503,14.486355575500838,16.988141198618635,-0.003495046424450976,0.26749502699676453,24
b0,gibuu,15,EW,39,9.11299717067081,29.037204563056168,66.78630054339901,-2.2442380655005145,0.41894096108444495,39
b0,gibuu,15,J,109,9.046778886693874,24.33100204968305,46.623109082156944,-0.841506609668119,0.4360765755379149,109
b0,gibuu,15,H2,27,2.560723888236305,14.34293157357166,16.908821935713437,-0.04114113990838497,0.2636463662784801,24
b0,gibuu,16,EW,39,9.013439057738248,28.816079947636347,66.36708815059083,-2.201703667682353,0.4151930278493629,39
b0,gibuu,16,J,109,8.99814663725782,24.01892999423579,46.45225579286807,-0.8400438488473827,0.4281985973877582,109
b0,gibuu,16,H2,27,2.507857349079734,14.114923403959175,16.671500465145396,-0.154520076993947,0.2584179770174304,24
b0,gibuu,17,EW,39,8.920321587623125,28.760264580422376,65.85973295140445,-2.147872073403667,0.41284538535174037,39
b0,gibuu,17,J,109,8.980853588770854,23.90789089686704,45.999139727140516,-0.8235803074162273,0.4245181704030218,109
b0,gibuu,17,H2,27,2.5052378261582797,13.954263252380063,16.474421223311165,-0.29119664261664235,0.253840667656221,24
b0,gibuu,18,EW,39,8.82318742557212,28.807573919024268,65.14626527964494,-2.0658000062383497,0.41220627240091423,39
b0,gibuu,18,J,109,8.575300727232705,23.74822230383289,45.331605436381174,-0.8139130660833827,0.41399594014756363,109
b0,gibuu,18,H2,27,2.465089043136437,13.850866096950629,16.394791648178607,-0.3198898705770281,0.251561540812716,24
b0,gibuu,19,EW,39,8.727865378586841,28.834147469455576,64.79545868865159,-1.9624581895536841,0.4103934398329821,39
b0,gibuu,19,J,109,8.16057651120471,23.545576042167824,45.20469900927813,-0.8095780782869655,0.4132129804655919,109
b0,gibuu,19,H2,27,2.438475540845364,13.66580345132706,16.224182188169568,-0.4640326876215184,0.24778573558852968,24
b0,gibuu,20,EW,39,8.615476211464035,28.958018114978923,64.32136818582134,-1.8653036678698998,0.4099884384892612,39
b0,gibuu,20,J,109,7.898235172802992,23.333066009353036,44.9207881356146,-0.8018076294196042,0.40957998426952874,109
b0,gibuu,20,H2,27,2.438841166380734,13.497650776905562,16.0290994068935,-0.5529877289087937,0.2444973883574228,24
b0,gibuu,21,EW,39,8.549313660705483,28.753572101138026,63.99605088614637,-1.8163017026938233,0.40036459172254757,39
b0,gibuu,21,J,109,7.452769088029642,22.928504344624425,44.6548376657395,-0.8088054811013934,0.40847091871484253,109
b0,gibuu,21,H2,27,2.4087507554782506,13.277584970535784,15.732578106998673,-0.6063794615157159,0.24317869577758638,24
b0,gibuu,22,EW,39,8.451582594367668,28.618318920537735,63.750083904509935,-1.7322566617594903,0.39991323382777294,39
b0,gibuu,22,J,109,7.145148259633627,22.845886152748275,44.27720861087301,-0.7936110960187426,0.405947820965758,109
b0,gibuu,22,H2,27,2.3694555258008454,13.11739176525975,15.648003020345215,-0.6267714105496314,0.24462321932614584,24
b0,gibuu,23,EW,39,8.364011817102412,28.54809950372364,63.23881970607936,-1.6722908596791042,0.397005117325137,39
b0,gibuu,23,J,109,6.691140484056135,22.639030273451535,44.0070805379503,-0.7916111619712285,0.4054758986741425,109
b0,gibuu,23,H2,27,2.3399792607438297,12.993247037737351,15.45752414648669,-0.7227465687878465,0.24170761502641097,24
b0,gibuu,24,EW,39,8.283995385571352,28.679665091065914,62.859083822344665,-1.5967414541956382,0.3958169924880137,39
b0,gibuu,24,J,109,6.432554385461953,22.55124845279957,43.6291830131412,-0.784015088958212,0.4005868567881265,109
b0,gibuu,24,H2,27,2.3327141980467037,12.837282877436703,15.401752116510659,-0.7706822029435068,0.23949394564430304,24
b0,gibuu,25,EW,39,8.210256417363782,28.725966824619555,62.00205942135981,-1.5597308696168821,0.39316331628568857,39
b0,gibuu,25,J,109,6.386397111867681,22.417994100211317,43.16778020499778,-0.7762872245260732,0.39819438403786034,109
b0,gibuu,25,H2,27,2.3110659052757776,12.740011188169259,15.220833625506192,-0.8809362727288828,0.23700085144276298,24
b0,gibuu,26,EW,39,8.15093694079575,28.556946022642,61.452103103941404,-1.5430949551057616,0.3942742226597002,39
b0,gibuu,26,J,109,6.312234697560037,22.22224772174767,42.76041938634134,-0.7708216358190745,0.39875370401867516,109
b0,gibuu,26,H2,27,2.294789747041981,12.592000353349189,15.116638382100778,-0.8650926011614324,0.2346138318623405,24
b0,gibuu,27,EW,39,8.072346247112927,28.286696210562198,61.16560025978701,-1.5287929761032104,0.4337641576375778,39
b0,gibuu,27,J,109,5.943080845387416,22.156889495316165,42.41846128114348,-0.7621374727522223,0.3970137109084192,109
b0,gibuu,27,H2,27,2.2520463770391297,12.425892931719005,14.939490403165967,-0.8597902993330631,0.23199674830735328,24
b0,gibuu,28,EW,39,8.081420198626155,28.208674863867603,60.755534131903175,-1.502024433255289,0.39488515273987357,39
b0,gibuu,28,J,109,5.788536815121903,21.888443446485784,41.99273957574092,-0.7516914364731342,0.3882406874741655,109
b0,gibuu,28,H2,27,2.2395935941786127,12.290942147511759,14.82387968336274,-0.8556033615417347,0.22969835017174023,24
b0,gibuu,29,EW,39,7.937291728590412,27.966847551219146,60.26923729452771,-1.4906525657187752,0.4228398772591212,39
b0,gibuu,29,J,109,5.715307906322553,21.746114499802513,41.643981728179824,-0.742912918493599,0.38494918817074086,109
b0,gibuu,29,H2,27,2.207730025965615,12.209371871495247,14.72359000950474,-0.8449374456545811,0.22677168889581287,24
b0,gibuu,30,EW,39,7.890305601002634,28.040053430760086,59.94655137670417,-1.481220036068287,0.422130568931378,39
b0,gibuu,30,J,109,5.5941886547559605,21.656930712221538,41.36972553065088,-0.7447017827549862,0.3792322215037758,109
b0,gibuu,30,H2,27,2.2056898443005957,12.10379547222508,14.666549014515729,-0.8337604182548253,0.22504886244181127,24
b0,gibuu,31,EW,39,7.942058731416979,28.14032008468819,59.50217011893917,-1.4465997011683718,0.37430647611638174,39
b0,gibuu,31,J,109,5.521444426095923,21.574744551458682,41.14092945691712,-0.7278970912917515,0.37359197011284706,109
b0,gibuu,31,H2,27,2.1716145185981084,11.997162443132348,14.535734816032086,-0.8267871404632587,0.2228226630893619,24
b0,gibuu,32,EW,39,7.9790785921290075,28.016105041297156,59.344292609029246,-1.4061203361293129,0.3721615450363143,39
b0,gibuu,32,J,109,5.39014874341428,21.42157518828091,40.826152060316815,-0.7306903867061343,0.3741729928526653,109
b0,gibuu,32,H2,27,2.153515597943112,11.849404079338237,14.404412110428543,-0.813323858019932,0.2200711428800844,24
b0,gibuu,33,EW,39,8.096026692972668,27.934069177416827,58.82629633208827,-1.3372561875073852,0.3701807857853923,39
b0,gibuu,33,J,109,5.317502766099458,21.381657933966316,40.579494799703554,-0.7227190069042821,0.3740278841444049,109
b0,gibuu,33,H2,27,2.127568615630593,11.74747364461532,14.26957235639864,-0.8076165058277129,0.2182383190911427,24
b0,gibuu,34,EW,39,7.972956711534729,27.838729871593785,58.65735087739128,-1.318644551110204,0.3662346857962595,39
b0,gibuu,34,J,109,5.252380563129888,21.274615167889714,40.47831224476377,-0.719126604290321,0.3694020102617764,109
b0,gibuu,34,H2,27,2.112266870691948,11.63922944156504,14.176498754384303,-0.7988413904191582,0.21664992963737367,24
b0,gibuu,35,EW,39,7.827206012858667,27.83348377378844,58.517579943639106,-1.260324720205852,0.3625069682311009,39
b0,gibuu,35,J,109,5.201609542401808,21.153518736729847,40.200914102583795,-0.7736537127392529,0.3677950254156225,109
b0,gibuu,35,H2,27,2.0891218050012483,11.573500989607378,14.071642191522105,-0.792785338458768,0.21425374969959596,24
b0,gibuu,36,EW,39,7.728315245131645,27.572728497431914,58.17725561914391,-1.199140011362576,0.36082267748660396,39
b0,gibuu,36,J,109,5.168769673712292,21.09824708177506,40.03302080518112,-0.7877155230656352,0.36174591457669253,109
b0,gibuu,36,H2,27,2.0707590510459895,11.4432325675748,14.014990327206133,-0.7829255717824557,0.2126350262639713,24
b0,gibuu,37,EW,39,7.65467955653798,27.349150015246604,58.03030698703977,-1.204688206429383,0.3569360670712888,39
b0,gibuu,37,J,109,5.110753284077285,20.957077625152145,39.82315243860815,-0.8160479705758727,0.3498420837970851,109
b0,gibuu,37,H2,27,2.028336204021486,11.320899757364494,13.805177263466973,-0.7731739410223426,0.2098015708277999,24
b0,gibuu,38,EW,39,7.642428397945711,27.124938729577913,57.69954116931688,-1.1622057354766957,0.35511761053350915,39
b0,gibuu,38,J,109,4.994186309749948,20.7825639884071,39.62925171956875,-0.8537377971164495,0.3452048007670631,109
b0,gibuu,38,H2,27,2.012306960203425,11.162108219772401,13.628661614571403,-0.7681449424008613,0.2078738477954828,24
b0,gibuu,39,EW,39,7.559066650414548,26.987553252122073,57.416856074188914,-1.1259904145982658,0.3528150543691217,39
b0,gibuu,39,J,109,4.958259137862608,20.62390788938473,39.354063965761284,-0.8487478147033767,0.3386266372149122,109
b0,gibuu,39,H2,27,1.9929575228645136,11.108095561209312,13.521264593776138,-0.7642057140454961,0.20630775418227493,24
b0,gibuu,40,EW,39,7.491405941309792,26.999496844690373,57.28213535115489,-1.081666802215675,0.3488126035236654,39
b0,gibuu,40,J,109,4.904302650513603,20.472964163218005,39.11884997373674,-0.8421249863940661,0.32841712261133,109
b0,gibuu,40,H2,27,2.008295040920094,11.005343369231504,13.405797386426066,-0.7545667591720817,0.2042904345938087,24
b0,q3,1,EW,39,3.016472496610789,17.354215902549576,21.244652911645257,-0.5893215257121054,,0
b0,q3,1,J,109,5.938270003856161,18.867001942149837,29.028332607902176,-0.10690300173258338,0.4105035261041067,105
b0,q3,1,H2,27,8.39057573014439,24.521563102625766,25.22186931831232,1.3365855369898982,0.4208202210911236,26
b0,q3,2,EW,39,3.6401158986663518,22.85451637585688,28.7769946217717,-1.424156499574436,,0
b0,q3,2,J,109,4.536078643948294,19.387352479554146,27.9101557935715,-0.7067824442476001,0.31746005580025366,105
b0,q3,2,H2,27,5.933468443532586,21.40821036851699,22.554984875561157,0.3594303631017315,0.3117250675946378,26
b0,q3,3,EW,39,4.159005345290279,25.32102244342594,32.14004295683108,-1.9925015739662322,,0
b0,q3,3,J,109,4.563078588039482,18.912484369546757,28.37249984528789,-1.7306399007283035,0.3065475449773713,105
b0,q3,3,H2,27,5.5705167216034575,20.151087867654173,21.232431474793657,0.2537083719694744,0.2841197759182985,26
b0,q3,4,EW,39,4.5743775759437995,26.4193936874354,34.33258814982316,-1.8452568863325802,,0
b0,q3,4,J,109,4.499449487218388,18.373611917791777,28.419425447337577,-1.9679030704719769,0.2962088585678303,105
b0,q3,4,H2,27,5.712134240015631,19.565491446716415,21.002045676414248,0.2010580799232775,0.303548947276632,26
b0,q3,5,EW,39,4.9865767629402535,27.035013117783205,36.379723325208445,-1.7075402070817147,,0
b0,q3,5,J,109,4.324178630878583,18.499194135819405,28.51427904305377,-2.1748761891803303,0.2913843300914223,105
b0,q3,5,H2,27,5.757193053603393,19.166871828407178,20.838565683447484,0.1905974252378373,0.3114339182710819,26
b0,q3,6,EW,39,5.17245787389673,27.433729655106823,37.596625836431066,-1.6375672354825177,,0
b0,q3,6,J,109,4.327351532144008,18.601817661486972,28.63248471686173,-2.004816597846548,0.2855161167030264,105
b0,q3,6,H2,27,5.550971669710858,18.949639883419383,20.861811566797694,0.17182486301163813,0.3123014417647253,26
b0,q3,7,EW,39,5.410589375620567,27.706648048008713,38.13731976680727,-1.5811142207139195,,0
b0,q3,7,J,109,4.243796497791974,18.571393857464667,28.349296538358004,-1.9753389235576457,0.2833259121049319,105
b0,q3,7,H2,27,5.519859221605106,18.881580427979415,20.73319498209274,0.16583084339623078,0.3144984039707234,26
b0,q3,8,EW,39,5.399411371152663,27.974745169069095,38.477754755044536,-1.5903245034574964,,0
b0,q3,8,J,109,4.1676669325088955,18.629051850154614,28.433754969288305,-1.996861265517702,0.2803184893143505,105
b0,q3,8,H2,27,5.263223252611537,18.85448253047026,20.897529262497372,0.17873827914607343,0.31392221814921445,26
b0,q3,9,EW,39,5.575314459321867,28.026011804586393,38.98193220506756,-1.7248058422481005,,0
b0,q3,9,J,109,4.130494743623481,18.764097373309188,28.3103104588341,-1.6872080551879054,0.2868814584808767,105
b0,q3,9,H2,27,5.14237168351932,18.78237210795739,21.24956848753563,0.1822567068042069,0.312519578855431,26
b0,q3,10,EW,39,5.642531310205001,28.14165317794442,39.00539136115226,-1.8050296918641129,,0
b0,q3,10,J,109,4.100919198996,18.784493865600666,28.37091515501211,-1.7238389116090325,0.2861099228417026,105
b0,q3,10,H2,27,5.147571152059727,18.848294497401923,21.103267888294354,0.21118087694371734,0.31417773479752653,26
b0,q3,11,EW,39,5.731650708267377,28.29902492780454,39.14756768253576,-1.9518725853309271,,0
b0,q3,11,J,109,4.016088012333818,18.892420250050563,28.55624842900437,-1.5842552939627663,0.2811129013996101,105
b0,q3,11,H2,27,5.080319207393169,18.80699147267606,21.068966829395674,0.24381677021629855,0.3173815301512305,26
b0,q3,12,EW,39,5.787328417242188,28.28005063585427,39.258136990345974,-1.8361800406543005,,0
b0,q3,12,J,109,4.178941799719816,18.846515900798057,28.260637097356287,-1.7181950106335053,0.2831631568286527,105
b0,q3,12,H2,27,5.039227392451351,18.72969839548767,21.073651066760355,0.29054159482093667,0.3112353407876023,26
b0,q3,13,EW,39,5.882802760899053,28.240579492423194,39.3870959961357,-1.833811979758282,,0
b0,q3,13,J,109,4.148618661657455,18.906297741817145,28.088387666938686,-1.8796770069004598,0.28752758377410953,105
b0,q3,13,H2,27,5.087783541784329,18.744585146033728,20.8510510852131,0.2937455247385312,0.3138491017655014,26
b0,q3,14,EW,39,5.887377239158475,28.189341629120875,39.246641207338804,-1.9345750511459259,,0
b0,q3,14,J,109,4.263176847983541,18.796784537072618,28.235608212305884,-1.480819247451759,0.2763541785322334,105
b0,q3,14,H2,27,5.041657807251898,18.838650086633873,21.33904497871322,0.2542367529379197,0.31629042332826707,26
b0,q3,15,EW,39,5.936534696907492,28.3481745429458,39.14683224333524,-1.8580240703940376,,0
b0,q3,15,J,109,4.168310014368681,18.75369814899434,28.174907466927145,-1.4204726801800072,0.2771144357494892,105
b0,q3,15,H2,27,5.0105915198566,18.84153321578366,21.511738034876625,0.25737804488406013,0.31704600465033905,26
b0,q3,16,EW,39,5.9666732609491735,28.264055786174172,39.003823804378726,-1.712849260751137,,0
b0,q3,16,J,109,4.160082329329251,18.671121946623472,27.98361018088258,-1.6116200572139583,0.2799616536270459,105
b0,q3,16,H2,27,4.9174059710968665,18.818039398123258,21.312625407619624,0.25533887697180013,0.3139075580471458,26
b0,q3,17,EW,39,6.0041804589586185,28.260957001648265,39.017435873415906,-1.582295132679512,,0
b0,q3,17,J,109,4.198517936612212,18.622135982339415,28.14753376603274,-1.1024491072734288,0.27646275017064637,105
b0,q3,17,H2,27,4.918292241043476,18.877395192811118,21.380760253658803,0.24051246543577154,0.31728034466576294,26
b0,q3,18,EW,39,6.031378104839047,28.283342835420218,39.553215510654915,-1.4543374026584677,,0
b0,q3,18,J,109,4.189273514099301,18.795022529673155,28.083810284166887,-1.4365238607598863,0.27568995439868926,105
b0,q3,18,H2,27,4.9803739304365,18.908223732890505,21.541580223683088,0.2393696280655444,0.3154778136130586,26
b0,q3,19,EW,39,6.0714811539735125,28.2762836179145,39.70744172838523,-1.479067352516228,,0
b0,q3,19,J,109,4.243691812160888,18.690782852872587,28.109315371969767,-1.324248752831192,0.26848908196384524,105
b0,q3,19,H2,27,4.912442320576382,18.75360513858168,21.726481117006035,0.16587499025377817,0.31645220023546394,26
b0,q3,20,EW,39,6.084988551654447,28.310042193707577,39.31489040951828,-1.3167303409640008,,0
b0,q3,20,J,109,4.321764100670178,18.771665040864587,27.97725491439429,-1.0531204068108035,0.2737208703593423,105
b0,q3,20,H2,27,4.883810300451508,18.76187296182069,21.959761156093304,0.1250606636609808,0.31502569989446855,26
b0,q3,21,EW,39,6.172262350029767,28.189826952580628,39.792081864532534,-1.3501811374213801,,0
b0,q3,21,J,109,4.2707932396749415,18.77276587993452,28.034943548347545,-1.0583254900585537,0.2723709770363423,105
b0,q3,21,H2,27,4.884904712904814,18.806813756842466,21.860631595498624,0.10602196415907539,0.3109331480985048,26
b0,q3,22,EW,39,6.183022434146379,28.256364624558344,39.46498422914955,-1.432091525170276,,0
b0,q3,22,J,109,4.2866680262852785,19.03137088275622,27.847465192431265,-1.0686596204048993,0.2739290075708845,105
b0,q3,22,H2,27,4.786142052002173,18.862638392945314,21.978544913864905,0.2249366807702602,0.30384699488869915,26
b0,q3,23,EW,39,6.155952284322419,28.22428047034857,38.93593118378629,-1.2784858632466256,,0
b0,q3,23,J,109,4.206856937929793,19.2026759838946,27.915263349215547,-1.3216851635887816,0.2742810261495834,105
b0,q3,23,H2,27,4.773326090176244,18.86280121807425,22.037167447263318,0.18491807957055073,0.30800609880932917,26
b0,q3,24,EW,39,6.173574997467446,28.2879839803554,38.8449638048272,-1.3719397140599887,,0
b0,q3,24,J,109,4.26070275754864,19.10539112895112,27.904688336071693,-1.3747350215435938,0.27440977473151257,105
b0,q3,24,H2,27,4.819178321474771,18.91936407611859,21.839784146064932,0.2234999104292701,0.30608867449984656,26
b0,q3,25,EW,39,6.197399306330331,28.244042201621795,38.79194272398314,-1.2712222916249738,,0
b0,q3,25,J,109,4.281374455352238,19.1831163518245,27.84239337232428,-1.1026497946917457,0.2746167637199084,105
b0,q3,25,H2,27,4.773828271833902,18.879631601923926,21.990642590622333,0.15500732043687293,0.3083434056315698,26
b0,q3,26,EW,39,6.16234762131368,28.35717513548921,39.02215849615849,-1.2042884949746258,,0
b0,q3,26,J,109,4.244712025085451,19.01084916978989,27.728733748418044,-0.6559955942906703,0.2755450317679784,105
b0,q3,26,H2,27,4.718012169959884,18.932728819078655,22.450307841637553,0.14444912585753755,0.30325053382283274,26
b0,q3,27,EW,39,6.2097547462282465,28.325901503471457,39.07530787560276,-1.1980210282023784,,0
b0,q3,27,J,109,4.281417170722368,18.847282481462425,27.73155742117308,-0.8447785028866783,0.27503760676107053,105
b0,q3,27,H2,27,4.751396190015189,18.94196840270416,22.626274690244607,0.21467036367954773,0.3024559925821546,26
b0,q3,28,EW,39,6.2000145548402275,28.27921652890492,38.98187562858977,-1.1740256017324757,,0
b0,q3,28,J,109,4.304651303239493,19.11225236654356,27.79205593567724,-0.6159879314029171,0.2741092967417364,105
b0,q3,28,H2,27,4.715150855542561,18.93516902434996,22.66196521879951,0.14831800429797592,0.2991901105882252,26
b0,q3,29,EW,39,6.19279926481533,28.212715587705777,38.94652590617795,-1.1560217161175834,,0
b0,q3,29,J,109,4.272825589145834,19.04157053946924,27.654626931477377,-1.0322900873987573,0.27596918573712176,105
b0,q3,29,H2,27,4.728300446368006,18.90037774336387,22.43520630596494,0.21257638169089876,0.2996791425566824,26
b0,q3,30,EW,39,6.423478138406713,28.179716399854282,38.840518124783486,-1.1308896093061072,,0
b0,q3,30,J,109,4.119941546870054,19.203320825626648,27.892074744587724,-1.0709773315291216,0.27407701849446187,105
b0,q3,30,H2,27,4.687393347655034,18.805374620516364,22.82526522166888,0.25443654029435603,0.2992887654384012,26
b0,w1,1,EW,39,9.090949433023043,19.692728878978304,29.206842805852816,1.0470646096279346,0.6553549245154191,33
b0,w1,1,J,109,7.244488152102191,13.019613831281879,22.882688240647788,-2.5875077768819255,0.7115110863809577,102
b0,w1,1,H2,27,2.011099331435884,8.410252916319472,8.894740601344807,-0.9370970972297776,0.529018713726919,27
b0,w1,2,EW,39,7.137660041917759,20.39603341871315,30.797069895602537,0.8392583789610386,0.5375694801366869,33
b0,w1,2,J,109,6.782539500128825,14.23897343554908,23.615312035857983,-1.2480480682450557,0.5953975854901115,102
b0,w1,2,H2,27,1.5405567610181636,5.765533551519892,5.921519770825445,-0.2952586620337816,0.3403919347206554,27
b0,w1,3,EW,39,6.432928836825003,20.664697888622264,31.169419718565706,-0.2191974899046767,0.4990208259023766,33
b0,w1,3,J,109,5.9980215114730395,14.607314311953695,23.84814844602774,-0.7673185680566519,0.5627486343056243,102
b0,w1,3,H2,27,0.996689198872569,5.676015807568153,6.464894815605615,-0.27835120372500244,0.26465518119282394,27
b0,w1,4,EW,39,5.950954012043064,20.707536354256728,31.347104732048003,-0.528272019119902,0.4854176704130106,33
b0,w1,4,J,109,5.76521334683523,14.75759092053871,23.825103828854743,-0.605751193701376,0.5569265548149934,102
b0,w1,4,H2,27,0.8636333804185603,5.9178544223508345,6.66112794942083,-0.24490308269424776,0.23724432577115587,27
b0,w1,5,EW,39,5.942437260944322,20.537687751603503,31.227304618282826,-0.20246229112252934,0.4716963263658437,33
b0,w1,5,J,109,5.410500989089928,14.812829776641605,23.67545532001667,-0.5889742841653334,0.5384350775192578,102
b0,w1,5,H2,27,1.0345118264828312,5.89901036204608,6.601696719690375,-0.2556872622284323,0.22541477447095537,27
b0,w1,6,EW,39,5.969561345991692,20.52192368110019,30.935554388202526,-0.10766481088816393,0.45668058212807605,33
b0,w1,6,J,109,5.391206533893467,15.015016192095342,23.44028239424818,-0.6041326803104097,0.5289570355881057,102
b0,w1,6,H2,27,1.1493172440626198,5.813221284540733,6.520875433542194,-0.24983173741744968,0.21952510219606639,27
b0,w1,7,EW,39,5.984703237986544,20.445541500539537,30.766838465207314,-0.01313102052192816,0.45500226573536756,33
b0,w1,7,J,109,5.303869925961058,15.094200425115973,23.322912974142774,-0.6004356633564578,0.51906076337001,102
b0,w1,7,H2,27,1.1013330798884224,5.834387537134269,6.466562597425707,-0.22905059317192,0.21940830122297852,27
b0,w1,8,EW,39,5.884950801369193,20.579477620734195,30.50512874007463,0.03868407884113356,0.45517183862677674,33
b0,w1,8,J,109,5.258412128292966,14.95322286114589,23.17560792058686,-0.6006529846826258,0.5121503435056842,102
b0,w1,8,H2,27,1.0549516225788147,5.790610073793296,6.432885126291666,-0.2282825749087336,0.2135193387595987,27
b0,w1,9,EW,39,5.720925962320167,20.532167425113318,30.56440520654098,0.08730865114416897,0.4434585055867217,33
b0,w1,9,J,109,5.198388474577298,14.878802667173206,23.07602578128931,-0.5945168474907558,0.5068576660229697,102
b0,w1,9,H2,27,1.0647958534710011,5.659510265752639,6.427829144327024,-0.2522999420374039,0.21226251291451737,27
b0,w1,10,EW,39,5.664953389492244,20.522824018946626,30.396030837230082,0.09333536004003662,0.43407730517204557,33
b0,w1,10,J,109,5.1489035360596125,14.865634690518855,22.874040559893928,-0.5908229375876539,0.4921051389664165,102
b0,w1,10,H2,27,1.0437739543806113,5.534390721220579,6.336993324359019,-0.2551255420636056,0.2113811814391125,27
b0,w1,11,EW,39,5.589681985097705,20.25366810369426,30.128005773484468,0.1142091865653505,0.439470347337907,33
b0,w1,11,J,109,5.1285761701604144,14.66539074112607,22.734000258798105,-0.5857770574852594,0.48852692251371527,102
b0,w1,11,H2,27,1.0205801055943153,5.46841348766194,6.236063936681669,-0.2520712724864427,0.20355274220302147,27
b0,w1,12,EW,39,5.482560153331106,20.184093688297946,30.059715487347848,0.1092902263105433,0.4219527288112877,33
b0,w1,12,J,109,5.116636356491733,14.61166376377491,22.58398918195228,-0.5809451335078375,0.48189207612284973,102
b0,w1,12,H2,27,1.0803395792339021,5.362652411524055,6.170009750576444,-0.24768631217995107,0.200580837427295,27
b0,w1,13,EW,39,5.37820060533305,20.127376206985577,29.740751789855622,0.0897079943755319,0.4207173365902425,33
b0,w1,13,J,109,5.049940230140559,14.480233245065616,22.428282671216394,-0.6568764732646337,0.47855895339730414,102
b0,w1,13,H2,27,1.0673020373436093,5.26407189011185,6.123763998330423,-0.25004463689224377,0.1985203217497458,27
b0,w1,14,EW,39,5.22941376713475,19.934194568204965,29.632540875932612,0.1113308721746753,0.4236088416316462,33
b0,w1,14,J,109,5.069084574757232,14.38455624681214,22.282321036315977,-0.6638097696341827,0.4733044361707123,102
b0,w1,14,H2,27,1.062601547888109,5.231536000881685,6.095717804120559,-0.2447491610997221,0.19575789206187386,27
b0,w1,15,EW,39,5.156236160904681,19.858563804807364,29.603167722840663,0.12493805602351582,0.42009267638933623,33
b0,w1,15,J,109,5.118626206348487,14.245096716650378,22.17717770927292,-0.6093511108901217,0.46698266409856914,102
b0,w1,15,H2,27,0.9995293925629367,5.144398711553829,5.996798395813108,-0.24463280073436788,0.19345904873197337,27
b0,w1,16,EW,39,5.102502157121769,19.716505938183964,29.292487529020626,0.14433301056713255,0.4072999902613374,33
b0,w1,16,J,109,5.047816196471566,14.119491047252124,22.023903931153967,-0.6174284570846233,0.463074072377787,102
b0,w1,16,H2,27,0.9970705665559021,5.05220549131231,5.906486702251024,-0.24229909453417076,0.19203500270733925,27
b0,w1,17,EW,39,5.107007609651848,19.52288256753702,29.089474078229436,0.14384377703051676,0.40814303410166275,33
b0,w1,17,J,109,4.963031941108054,14.043052311914312,21.873711035180634,-0.5685481049167662,0.45968451463393345,102
b0,w1,17,H2,27,0.9681968238061445,4.997306933815362,5.894509402791382,-0.24375740162118076,0.19067687007209272,27
b0,w1,18,EW,39,5.083399506287389,19.349541833221668,28.825271504726647,0.1382414342090632,0.39964360827800444,33
b0,w1,18,J,109,4.847164211962518,13.904582727295956,21.68549607489847,-0.5819611756244125,0.458556276049501,102
b0,w1,18,H2,27,0.999930386353709,4.941346536825642,5.811044605202575,-0.24506548156359997,0.18832835475926102,27
b0,w1,19,EW,39,4.946008767933052,19.23126888658162,28.735447339304443,0.17072654690084565,0.39648341286751687,33
b0,w1,19,J,109,4.799048219951185,13.821596555073294,21.58654733947982,-0.5952149339514157,0.45742677508265894,102
b0,w1,19,H2,27,1.0251556951748841,4.864174118954237,5.714725349673588,-0.2410662348554471,0.18644072501460796,27
b0,w1,20,EW,39,4.885294029348852,19.105333169192424,28.506548188193758,0.18011064592997617,0.3919711074886304,33
b0,w1,20,J,109,4.765773158901454,13.639755359605434,21.461378622440485,-0.698202896952782,0.4548370332028473,102
b0,w1,20,H2,27,1.041387584485065,4.773817521883022,5.6091649255335385,-0.25284219107467587,0.18373600913449864,27
b0,w1,21,EW,39,4.783514676153744,19.025118935353458,28.310515840581974,0.17075952713403453,0.38713705166593826,33
b0,w1,21,J,109,4.701083863766775,13.497256861741311,21.326222086838186,-0.6844304800538326,0.4545624389119738,102
b0,w1,21,H2,27,1.173277870105549,4.647758579077735,5.526081511877945,-0.27998533834545647,0.18130772827850106,27
b0,w1,22,EW,39,4.661382949052129,18.83460955518075,28.269088296484224,0.182991477102723,0.3950097435635454,33
b0,w1,22,J,109,4.595999643862259,13.402073311587275,21.252314129661176,-0.6900697302526626,0.45171275620585594,102
b0,w1,22,H2,27,1.1625398976014,4.5937272751273355,5.471135876366429,-0.307047274806016,0.1779751878554786,27
b0,w1,23,EW,39,4.642302900725359,18.760100119649266,28.185527170911072,0.1934115346717835,0.3977442594254307,33
b0,w1,23,J,109,4.568700540656079,13.272411183779438,21.15303294758173,-0.6927906616226331,0.44729012692728265,102
b0,w1,23,H2,27,1.0981866775698568,4.5902959737086055,5.392943204803668,-0.31415786741438856,0.1672102883015849,27
b0,w1,24,EW,39,4.69751219854383,18.751702312178136,28.16709055920392,0.18095865968195124,0.39807136835018997,33
b0,w1,24,J,109,4.514670738393145,13.132938950664538,21.090202482123367,-0.6941604389526734,0.44493028476116736,102
b0,w1,24,H2,27,1.0940684490686525,4.550647912194988,5.324289577687846,-0.33229204986968686,0.16289882461054533,27
b0,w1,25,EW,39,4.874380098600062,18.487547582523217,27.801619983562432,0.18702118851308125,0.41384194532808066,33
b0,w1,25,J,109,4.4744944196755565,12.97300393850051,20.86943807721944,-0.6795929733959816,0.4401994712297973,102
b0,w1,25,H2,27,1.0692120804083438,4.50294095322314,5.2860524992083935,-0.3427504122456071,0.1614925768389713,27
b0,w1,26,EW,39,4.857168508548016,18.493456592207743,27.847160662158863,0.2076167819390795,0.4086933654202839,33
b0,w1,26,J,109,4.507040440531274,12.791039327937181,20.87362505968484,-0.6862149186024902,0.43547991393337426,102
b0,w1,26,H2,27,1.0960265138819203,4.423202152385224,5.192607182380449,-0.3470667159207963,0.15879472541355122,27
b0,w1,27,EW,39,4.841685821708919,18.433552932649174,27.92412035341276,0.2175391117013703,0.40113665316814984,33
b0,w1,27,J,109,4.520878179099785,12.739783539601925,20.860708144827477,-0.6666344283203562,0.4311434496241781,102
b0,w1,27,H2,27,1.04547682030931,4.38125218844883,5.160251537456784,-0.3392513357597715,0.15769411509968617,27
b0,w1,28,EW,39,4.856552431843387,18.36463698603666,27.79762119958622,0.23290658055550306,0.39117059828482714,33
b0,w1,28,J,109,4.589870404960006,12.599500979526264,20.753851540246448,-0.6662896114218886,0.42957232723535327,102
b0,w1,28,H2,27,0.9913529114043085,4.322440014270963,5.058348505359634,-0.3347529686188677,0.15919517709465864,27
b0,w1,29,EW,39,4.813996354116801,18.21980015889558,27.77644066783731,0.24750480543997977,0.3765215606120844,33
b0,w1,29,J,109,4.584585709101918,12.480468941471187,20.66042814550164,-0.6720750530436193,0.425335066858971,102
b0,w1,29,H2,27,0.9848163673819466,4.271147901544459,5.002306937113943,-0.3574985091560512,0.1591854831060529,27
b0,w1,30,EW,39,4.829805033554024,18.03512283647423,27.50705427416966,0.2514481738902674,0.38125297137081915,33
b0,w1,30,J,109,4.619719334274142,12.360022959701745,20.494060191232634,-0.6974316736308883,0.42601536678393626,102
b0,w1,30,H2,27,0.9790425159018179,4.1935497117272185,4.980645643137526,-0.364939870680403,0.1616215278945204,27
b0,w1,31,EW,39,4.697591089572484,17.958463317525375,27.365677753894136,0.25441548408147163,0.36166907340773585,33
b0,w1,31,J,109,4.494965322087485,12.208576257231076,20.439814981009373,-0.6987470386021211,0.42105752660799106,102
b0,w1,31,H2,27,0.9796286716699187,4.151222074530985,4.956409774379167,-0.3707313570360138,0.1607510759241107,27
b0,w1,32,EW,39,4.566592729734009,17.9283798392598,27.23517149342367,0.2463049339598289,0.3639599570877707,33
b0,w1,32,J,109,4.513865329390354,12.048153081077885,20.31695249899279,-0.6789364648685181,0.4213603624790858,102
b0,w1,32,H2,27,0.8881469157871136,4.062140993657735,4.8752100028465195,-0.35942884869961667,0.1586787056884966,27
b0,w1,33,EW,39,4.463059148551096,17.792778912444923,27.23309150447486,0.24913775591699494,0.35762088570167844,33
b0,w1,33,J,109,4.443651876088772,11.945982854591824,20.24067053454701,-0.6736356323790438,0.41786584501646074,102
b0,w1,33,H2,27,0.8511200699846011,4.038872410130406,4.83507708300861,-0.36965654548275495,0.15651835766215363,27
b0,w1,34,EW,39,4.323975293682492,17.605483878380944,27.12932458746,0.2584310196083406,0.35158037192423647,33
b0,w1,34,J,109,4.409689374569337,11.782076700093434,20.14987243895292,-0.6729508141033569,0.4201706874754947,102
b0,w1,34,H2,27,0.8102462040211256,4.040394350919481,4.795803732924975,-0.35202912317083834,0.15573968081727627,27
b0,w1,35,EW,39,4.154186109641067,17.55736415015918,26.967566437259862,0.2568261805366623,0.3450594607057373,33
b0,w1,35,J,109,4.370746864007868,11.671736326789285,20.072811810630608,-0.6711565658003016,0.4186022734148249,102
b0,w1,35,H2,27,0.7833109728399013,3.9710119177077967,4.728562635313683,-0.35371982912546507,0.15553617749591894,27
b0,w1,36,EW,39,4.0446089670444385,17.36185014948179,26.86722057034052,0.2465978356823939,0.3420649268769277,33
b0,w1,36,J,109,4.34031433059654,11.529358160714754,19.957059030064062,-0.6839824885332746,0.4196968253359178,102
b0,w1,36,H2,27,0.7795842051157464,3.945458918464087,4.703114278429787,-0.3276508057171279,0.15584341689187334,27
b0,w1,37,EW,39,3.9000564463521847,17.235878228611742,26.710422216426277,0.2489911747451945,0.33952498978324513,33
b0,w1,37,J,109,4.2643431180405145,11.428160806590837,19.840805424555153,-0.6713193466061584,0.4178097849679365,102
b0,w1,37,H2,27,0.7821992633338382,3.9096560757464975,4.701625422829336,-0.332260463307521,0.15358707302676064,27
b0,w1,38,EW,39,3.7873407591584973,17.085966702628784,26.658528940676305,0.25684802245067306,0.33655721720167986,33
b0,w1,38,J,109,4.195601627146184,11.320430152236142,19.800599884343107,-0.6674357943545317,0.41676199553673576,102
b0,w1,38,H2,27,0.7688441932824475,3.9149393536149635,4.643713366931146,-0.3289073237525475,0.1569050720290548,27
b0,w1,39,EW,39,3.7173872566905963,16.872684704574556,26.581165633137772,0.24022503576541787,0.33380641918537496,33
b0,w1,39,J,109,4.165988057149939,11.196011334338836,19.667573070527865,-0.6584114637118832,0.4147577210451589,102
b0,w1,39,H2,27,0.7658712674510237,3.859763191753409,4.59809319095198,-0.32400532238096025,0.15695442573829702,27
b0,w1,40,EW,39,3.7120656553209175,16.49597648913557,26.439921687814284,0.23836443910270066,0.33030536370407937,33
b0,w1,40,J,109,4.091900738503607,11.059887793954966,19.611458573043762,-0.6486003260162798,0.4112517542851222,102
b0,w1,40,H2,27,0.7631832586592613,3.8055796647509865,4.560666610907871,-0.3266539638445587,0.15582887097458334,27
cap10,gibuu,1,EW,39,14.74765267167799,32.040040857551396,70.80943618159677,-2.4418142783261265,0.5898623986468907,39
cap10,gibuu,1,J,109,12.501758700098286,25.227255161647967,51.94565437465117,-2.433988447750002,0.6628784905599872,109
cap10,gibuu,1,H2,27,7.1597909992838105,16.772490565793458,17.481303834649008,-1.3436000001154857,0.5572920719920149,24
cap10,gibuu,2,EW,39,12.205509605351939,34.526017705555184,75.53007732061829,-2.4762447670168664,0.5674897098433372,39
cap10,gibuu,2,J,109,9.825254139369699,27.536129924677503,53.3295270257008,-2.145878687500258,0.5718425203543719,109
cap10,gibuu,2,H2,27,5.281329188658123,16.834458239123105,20.282971344551914,-0.6573841420727367,0.3720242674483477,24
cap10,gibuu,3,EW,39,11.071147044155849,35.05396049278901,75.99878884545741,-2.1248136424744435,0.5567946126222919,39
cap10,gibuu,3,J,109,9.630730643394347,28.326248917768122,53.069479452801225,-1.4322124602422326,0.5159099366102956,109
cap10,gibuu,3,H2,27,3.834823006809396,17.7701837400821,21.230179877649213,-0.1042360998373848,0.28413979419560487,24
cap10,gibuu,4,EW,39,10.505801448345808,35.0714541112751,75.48980166089743,-2.0804974691246647,0.5522413534172952,39
cap10,gibuu,4,J,109,9.397847864082042,28.475312495344074,52.481873759525314,-1.1857568600321278,0.4985769421957182,109
cap10,gibuu,4,H2,27,3.3055067345965528,17.99429157261502,21.51789024572236,0.2630658896850324,0.2642542262148937,24
cap10,gibuu,5,EW,39,10.364407808808219,34.951279985453404,74.8409481301412,-1.9852283243394053,0.5610698896608817,39
cap10,gibuu,5,J,109,9.235793821239469,28.421721214749,51.86497248811077,-1.110512064119773,0.49387693307084457,109
cap10,gibuu,5,H2,27,3.1380623364880567,18.00166616488062,21.588048438934003,0.3349742200443373,0.2547717273736084,24
cap10,gibuu,6,EW,39,10.467572360877542,34.75730286826605,74.15047906847244,-1.9595084348161818,0.5634272195351345,39
cap10,gibuu,6,J,109,9.136424458288484,28.29277277852602,51.23632979621291,-1.099869505241513,0.4904157963364845,109
cap10,gibuu,6,H2,27,3.068656554719462,17.935709566721616,21.593763353312156,0.3593912281190992,0.26391242761596956,24
cap10,gibuu,7,EW,39,9.873164732854868,34.56541300108694,73.4121048568686,-1.9396547916614382,0.5623730431921461,39
cap10,gibuu,7,J,109,9.027802487066673,28.083597396361267,50.66710966560781,-1.110152474147208,0.4837895141522297,109
cap10,gibuu,7,H2,27,3.042631473341495,17.88394392356996,21.536901177967493,0.3736375833396144,0.25709140008313547,24
cap10,gibuu,8,EW,39,9.51768242715626,34.377962138877336,72.68005552875742,-1.9938055558973433,0.5591000448083692,39
cap10,gibuu,8,J,109,8.911075206115404,27.922944700169285,50.07776083752778,-1.111265507217385,0.4838938078599941,109
cap10,gibuu,8,H2,27,3.0280277512752862,17.796700655849,21.46297649952379,0.3899353773490821,0.25106346366930904,24
cap10,gibuu,9,EW,39,9.356708001168624,34.18848310718029,71.91557789084648,-1.9234382917757142,0.5549054603093861,39
cap10,gibuu,9,J,109,8.79854050258686,27.770953309517996,49.511068102425405,-1.133356263955887,0.48510347111980334,109
cap10,gibuu,9,H2,27,3.030095178322023,17.736355274954654,21.415064923873175,0.4019733514063928,0.24587387356979318,24
cap10,gibuu,10,EW,39,9.20789646412501,34.00913714579556,71.16269107331598,-1.901216322733712,0.5501681760540489,39
cap10,gibuu,10,J,109,8.669798329885769,27.65194540208313,48.95157681963664,-1.130453174532875,0.49022048797142287,109
cap10,gibuu,10,H2,27,3.0160958973580065,17.65449588711779,21.347071418502985,0.4134141224210852,0.2413999790935306,24
cap10,q3,1,EW,39,2.6565074196487126,20.22501188465655,23.238022414386617,-0.17127264616895177,,0
cap10,q3,1,J,109,5.3768382912416035,18.734014022605912,28.284058828503845,0.5191006666413145,0.3685236476974267,105
cap10,q3,1,H2,27,8.37840032200966,23.89952704980178,26.474233560280357,1.7721887180065954,0.3946862720847232,26
cap10,q3,2,EW,39,3.251731347173925,25.7168420177892,28.994517213793248,-0.8812235880255703,,0
cap10,q3,2,J,109,4.4807411895322,18.728246021521645,27.46892515480617,-0.5837679693923015,0.2948699309222473,105
cap10,q3,2,H2,27,5.573775150014992,20.51042436733222,26.212005762412915,0.669578262992232,0.317078563435373,26
cap10,q3,3,EW,39,3.346523709926208,28.02602962017,32.79103703090755,-0.6211776772094169,,0
cap10,q3,3,J,109,4.216311765218839,17.379107700856864,27.642531003596616,-1.0883677674681902,0.27875806211287796,105
cap10,q3,3,H2,27,4.900852875529504,19.501657444372032,26.587087191744807,0.8915939380223392,0.28452971278081385,26
cap10,q3,4,EW,39,3.2974644365325156,28.389533802323346,35.16346431645281,-0.43809311935469886,,0
cap10,q3,4,J,109,4.128381638073408,16.709223838959865,27.32857410948455,-1.576590863130778,0.25937772402131526,105
cap10,q3,4,H2,27,4.805045538907793,19.108555006283456,26.437280517213104,0.6469839079887185,0.2844167822343775,26
cap10,q3,5,EW,39,3.2075903990770205,28.324761879587033,36.50459771328898,-0.3784775216357117,,0
cap10,q3,5,J,109,3.912499136197023,16.16406495045354,26.856584159094176,-1.5376120835635554,0.25525890044182536,105
cap10,q3,5,H2,27,4.909114607194276,18.98034980850885,26.13227475110169,0.4718870684904619,0.28820400641534805,26
cap10,q3,6,EW,39,3.0746649080473865,28.103895693505244,37.220725077533025,-0.21199449821897032,,0
cap10,q3,6,J,109,3.921790001904235,16.050577450676418,27.418476804417203,-1.545255591897332,0.25092596311765253,105
cap10,q3,6,H2,27,4.974087551150674,19.083970594373408,26.02862904026322,0.3647359503221148,0.2916954634729124,26
cap10,q3,7,EW,39,2.9206293851255727,27.82813110659999,37.65962392851891,-0.019668804101569126,,0
cap10,q3,7,J,109,3.6884402124813698,15.909241422960744,27.797588259533114,-1.2905304393859396,0.24630426513821516,105
cap10,q3,7,H2,27,5.034733677384596,19.28295244473935,26.02994040918616,0.28452451939571244,0.2931227618447721,26
cap10,q3,8,EW,39,2.7965506544400887,27.497096387910112,37.984455459168906,-0.10991223700479447,,0
cap10,q3,8,J,109,3.5137634816826635,15.796385118649415,27.94300540703041,-1.1700609215140934,0.24100422868113572,105
cap10,q3,8,H2,27,5.0341000865686265,19.472023552222275,26.0414088587525,0.22487925474055093,0.2936955228507673,26
cap10,q3,9,EW,39,2.6152775974317866,27.162794860686443,38.03431170762745,-0.18105292841866794,,0
cap10,q3,9,J,109,3.5555559337910214,15.726611981642137,28.164666488567704,-1.0931634784683508,0.23887278999575193,105
cap10,q3,9,H2,27,5.0297247202424895,19.692766584422426,25.90525959508274,0.1804342212226251,0.28959102555661803,26
cap10,q3,10,EW,39,2.4583630249410127,26.828011714392137,38.15863195365991,0.11771241494298312,,0
cap10,q3,10,J,109,3.516413988951439,15.618944386779308,28.259055008962797,-0.9510737975424677,0.2409396542497353,105
cap10,q3,10,H2,27,5.011323877021545,19.80767208547408,26.019211608137518,0.1508085870501441,0.28776705763907073,26
cap10,w3,1,EW,39,7.494304889549408,17.13027226314602,25.04019493811953,0.052457725469889915,0.720384446118038,37
cap10,w3,1,J,109,6.917900011370048,16.279058597296952,29.97801610445063,0.7681319394994057,0.6997050470904409,102
cap10,w3,1,H2,27,2.8262444842150014,8.384809218975082,9.975400523832167,0.22102236357119942,0.41690379174985215,26
cap10,w3,2,EW,39,5.863125586854423,17.84735726161268,27.480853520135206,-0.44740721733521616,0.5178528754921232,37
cap10,w3,2,J,109,5.58990371374839,16.68269440045308,37.03553790222078,0.15006743010408385,0.6208682961569223,102
cap10,w3,2,H2,27,2.357196807270834,6.167242267017626,9.91117892358081,-0.07522355541831338,0.2924100360639156,26
cap10,w3,3,EW,39,5.078612371417801,18.012880850415307,27.762338713462675,-0.8971697940846401,0.5206464863963677,37
cap10,w3,3,J,109,5.169991631072235,16.831778976945795,40.383764697083095,0.530140376228827,0.6226552947253756,102
cap10,w3,3,H2,27,1.7850412102211055,5.166888366702762,10.725362002936889,-0.43269072252072327,0.23337706301925537,26
cap10,w3,4,EW,39,4.877716234259988,18.01221471816778,27.706791519511277,-0.6172758308975901,0.4701188882874742,37
cap10,w3,4,J,109,5.010850922084975,16.965147837156103,42.174906717440486,0.3049168899250665,0.6460545320990017,102
cap10,w3,4,H2,27,1.280580685575039,4.662024607224555,10.968377954000719,-0.36233664317140146,0.24061520538380168,26
cap10,w3,5,EW,39,4.78281590337536,17.859022317863662,27.553834581682857,-0.28451261070927547,0.4411076843137774,37
cap10,w3,5,J,109,5.014110733830901,16.888238752947338,42.57904892271751,0.19153578426902573,0.6059178024554039,102
cap10,w3,5,H2,27,1.0573088738179415,4.596312737747408,10.93223981314292,-0.4291320353056127,0.22852101163317995,26
cap10,w3,6,EW,39,4.708282242249718,17.726984371596345,27.2463921125931,-0.07032089240357475,0.4324913499773067,37
cap10,w3,6,J,109,4.78195852494423,16.761011760172863,42.451169702053825,0.07486197177142273,0.6034377748908448,102
cap10,w3,6,H2,27,1.103953650124312,4.4802349341558045,10.883129933438818,-0.5211338493870232,0.218745024596313,26
cap10,w3,7,EW,39,4.6279693379838065,17.54084220475324,27.07718452605865,-0.10027287717053746,0.4281396004121801,37
cap10,w3,7,J,109,4.717672322407385,16.675181550891924,41.8599866121107,-0.040961702276443024,0.5949776115737715,102
cap10,w3,7,H2,27,1.067803149257962,4.362922426456254,10.807571007061734,-0.5461772065895376,0.21084950021480425,26
cap10,w3,8,EW,39,4.619083029669435,17.38910150189946,26.799333102749003,-0.03698141338994709,0.4245449094137464,37
cap10,w3,8,J,109,4.615916242217466,16.53985251583085,41.47352618422375,-0.17621571355727061,0.5798387718141421,102
cap10,w3,8,H2,27,0.9586604358176709,4.2240684191258335,10.863045138426452,-0.5826251055496834,0.20552182688384038,26
cap10,w3,9,EW,39,4.564959114414336,17.25059316181036,26.50127964478617,0.044738985024483924,0.420362158249902,37
cap10,w3,9,J,109,4.48528110771671,16.46662519170162,40.97299998323714,-0.06696860589231468,0.5530379705686427,102
cap10,w3,9,H2,27,0.9751765307841276,4.15730013092333,10.862582948049692,-0.6252311993274251,0.20180791805595555,26
cap10,w3,10,EW,39,4.515753044931592,17.107842370107598,26.425743066481665,0.10208941384204362,0.41687767317113095,37
cap10,w3,10,J,109,4.4127233959385,16.27657488405305,40.822920046593666,-0.038027856011579875,0.5504381005645351,102
cap10,w3,10,H2,27,1.011517541755047,4.090368089684008,10.623049003660334,-0.5952979356003585,0.19654772507783314,26
