bytes	mtime_epoch	mime	shape	category	lane	git_blob	blob_in_canonical	cited_in_canonical_records	inspection	path
2677339273	1786035059	application/octet-stream	BINARY	unknown pending inspection	5D UQ (B)				NOT RESOLVED -- see unresolved_largest_object	nd-unfolding/uq_5d/_archive_prehm_20260711/unified_throw_cov_5d.root.prehm
2344505	1786452669	text/plain	JSONL	receipt/manifest/provenance	orchestration	4d7cb646fe8d92088f747121bc3716b7fed0ee81	False			docs/orchestration/runs/standard-p4-verifier/20260811T124107Z-send-8202f78f.jsonl
1607486	1786035048	text/plain	TEXT	reproducible generated product/log/cache	PET (C)	70ff8980901581e6fc1ae583f5a50524b6bd7359	False			nd-unfolding/p3f_pet_fullevent/work/Muon_Energy_MINOS_1_1M/p3f_pet_validation_Muon_Energy_MINOS_1_1M.json.domain.json
1599414	1786035048	text/plain	TEXT	reproducible generated product/log/cache	PET (C)	c58ee8d864b18aeafa13b8c23fa684b0658627a7	False			nd-unfolding/p3f_pet_fullevent/work/MuonResolution_0_1M/p3f_pet_validation_MuonResolution_0_1M.json.domain.json
1594117	1786035048	text/plain	TEXT	reproducible generated product/log/cache	PET (C)	8a3d872f891f6a011d075d01098a13f09ccf9a8e	False			nd-unfolding/p3f_pet_fullevent/work/BeamAngleY_0_1M/p3f_pet_validation_BeamAngleY_0_1M.json.domain.json
1593797	1786035048	text/plain	TEXT	reproducible generated product/log/cache	PET (C)	040fdfdfca3301a1ce0e0b5f13581ef89997a4dd	False			nd-unfolding/p3f_pet_fullevent/work/Muon_Energy_MINERvA_0_1M/p3f_pet_validation_Muon_Energy_MINERvA_0_1M.json.domain.json
1593745	1786035048	text/plain	TEXT	reproducible generated product/log/cache	PET (C)	0b03955a0f6b6d0b5b4652c18e40a91bccbe9d61	False			nd-unfolding/p3f_pet_fullevent/work/BeamAngleY_1_1M/p3f_pet_validation_BeamAngleY_1_1M.json.domain.json
1593668	1786035048	text/plain	TEXT	reproducible generated product/log/cache	PET (C)	1d62e8bb2ba6e75023405e10cfbfa0cfbabe85a1	False			nd-unfolding/p3f_pet_fullevent/work/Muon_Energy_MINERvA_1_1M/p3f_pet_validation_Muon_Energy_MINERvA_1_1M.json.domain.json
1592611	1786035047	text/plain	TEXT	reproducible generated product/log/cache	PET (C)	43d1cfe131b6f1183ad8de6664441cbf5a5fbab0	False			nd-unfolding/p3f_pet_fullevent/work/BeamAngleX_1_1M/p3f_pet_validation_BeamAngleX_1_1M.json.domain.json
1592507	1786035047	text/plain	TEXT	reproducible generated product/log/cache	PET (C)	116922a6a204756a660288f54db66981ae400e25	False			nd-unfolding/p3f_pet_fullevent/work/BeamAngleX_0_1M/p3f_pet_validation_BeamAngleX_0_1M.json.domain.json
1589284	1786035048	text/plain	TEXT	reproducible generated product/log/cache	PET (C)	7a1529070f8ddb5f32dc2109defb7fe84a79b9c7	False			nd-unfolding/p3f_pet_fullevent/work/MuonResolution_1_1M/p3f_pet_validation_MuonResolution_1_1M.json.domain.json
1583851	1786035048	text/plain	TEXT	reproducible generated product/log/cache	PET (C)	f65907ade3c1413f65d779539374c1c7283f87fa	False			nd-unfolding/p3f_pet_fullevent/work/Muon_Energy_MINOS_0_1M/p3f_pet_validation_Muon_Energy_MINOS_0_1M.json.domain.json
1320681	1786035048	text/plain	TEXT	reproducible generated product/log/cache	PET (C)	508557e2c035ab0f3d75c8e948a24e1bfec6a040	False			nd-unfolding/p3f_pet_fullevent/work/Muon_Energy_MINOS_1_1F/p3f_pet_validation_Muon_Energy_MINOS_1_1F.json.domain.json
1310151	1786035048	text/plain	TEXT	reproducible generated product/log/cache	PET (C)	a5f1f746cc97e4fbf3acadb1ba6579ae7ec98255	False			nd-unfolding/p3f_pet_fullevent/work/MuonResolution_0_1F/p3f_pet_validation_MuonResolution_0_1F.json.domain.json
1305762	1786035048	text/plain	TEXT	reproducible generated product/log/cache	PET (C)	37b03699b98540bfac816c5fcfd8e8419ba98e62	False			nd-unfolding/p3f_pet_fullevent/work/Muon_Energy_MINERvA_1_1F/p3f_pet_validation_Muon_Energy_MINERvA_1_1F.json.domain.json
1304945	1786035047	text/plain	TEXT	reproducible generated product/log/cache	PET (C)	2a14c21d9eeee8dd74583b5d4a6e1e8339d2b166	False			nd-unfolding/p3f_pet_fullevent/work/BeamAngleX_1_1F/p3f_pet_validation_BeamAngleX_1_1F.json.domain.json
1304932	1786035048	text/plain	TEXT	reproducible generated product/log/cache	PET (C)	53466ec95889bce80e6577ab69c24e86c3f08d0f	False			nd-unfolding/p3f_pet_fullevent/work/BeamAngleY_1_1F/p3f_pet_validation_BeamAngleY_1_1F.json.domain.json
1304563	1786035047	text/plain	TEXT	reproducible generated product/log/cache	PET (C)	ad9a8069a63d69529b64a43950361dcb08888cce	False			nd-unfolding/p3f_pet_fullevent/work/BeamAngleX_0_1F/p3f_pet_validation_BeamAngleX_0_1F.json.domain.json
1304543	1786035048	text/plain	TEXT	reproducible generated product/log/cache	PET (C)	612461eb2a248657a0188903fb6b845dbdc9cad1	False			nd-unfolding/p3f_pet_fullevent/work/BeamAngleY_0_1F/p3f_pet_validation_BeamAngleY_0_1F.json.domain.json
1303306	1786035048	text/plain	TEXT	reproducible generated product/log/cache	PET (C)	e5ca786d54a9b73953f60133236edf0e75de45be	False			nd-unfolding/p3f_pet_fullevent/work/Muon_Energy_MINERvA_0_1F/p3f_pet_validation_Muon_Energy_MINERvA_0_1F.json.domain.json
1299380	1786035048	text/plain	TEXT	reproducible generated product/log/cache	PET (C)	b9a27ca32e5c3a0e961514f20326458d1e19c488	False			nd-unfolding/p3f_pet_fullevent/work/MuonResolution_1_1F/p3f_pet_validation_MuonResolution_1_1F.json.domain.json
1293297	1786035048	text/plain	TEXT	reproducible generated product/log/cache	PET (C)	606dbb3e4747110481eafcd92bff961446872bb8	False			nd-unfolding/p3f_pet_fullevent/work/Muon_Energy_MINOS_0_1F/p3f_pet_validation_Muon_Energy_MINOS_0_1F.json.domain.json
1088955	1786035048	text/plain	TEXT	reproducible generated product/log/cache	PET (C)	109c9d23c5e6932b970c9ff8fccf359d7e5dd541	False			nd-unfolding/p3f_pet_fullevent/work/Muon_Energy_MINOS_1_1D/p3f_pet_validation_Muon_Energy_MINOS_1_1D.json.domain.json
1082872	1786035048	text/plain	TEXT	reproducible generated product/log/cache	PET (C)	bbb233bd9393eb502d89b04310a825903e7b67b4	False			nd-unfolding/p3f_pet_fullevent/work/MuonResolution_0_1D/p3f_pet_validation_MuonResolution_0_1D.json.domain.json
1081399	1786035048	text/plain	TEXT	reproducible generated product/log/cache	PET (C)	6ce8e3a64972a1f099b7e493a8c01eb69d981cb9	False			nd-unfolding/p3f_pet_fullevent/work/Muon_Energy_MINERvA_1_1D/p3f_pet_validation_Muon_Energy_MINERvA_1_1D.json.domain.json
1081252	1786035048	text/plain	TEXT	reproducible generated product/log/cache	PET (C)	c7a41f338e5c9e9f0851045b0145646f01d0a6fb	False			nd-unfolding/p3f_pet_fullevent/work/BeamAngleY_0_1D/p3f_pet_validation_BeamAngleY_0_1D.json.domain.json
1081242	1786035047	text/plain	TEXT	reproducible generated product/log/cache	PET (C)	b5af15994aacdaa1163de8e183fa561b13cba930	False			nd-unfolding/p3f_pet_fullevent/work/BeamAngleX_1_1D/p3f_pet_validation_BeamAngleX_1_1D.json.domain.json
1081173	1786035048	text/plain	TEXT	reproducible generated product/log/cache	PET (C)	e0255afd8fa8adf4160f9cf7d40fef45205b702a	False			nd-unfolding/p3f_pet_fullevent/work/BeamAngleY_1_1D/p3f_pet_validation_BeamAngleY_1_1D.json.domain.json
1081140	1786035047	text/plain	TEXT	reproducible generated product/log/cache	PET (C)	f18cb0e09138cfec7b33a5ab7911f09ca835e2d9	False			nd-unfolding/p3f_pet_fullevent/work/BeamAngleX_0_1D/p3f_pet_validation_BeamAngleX_0_1D.json.domain.json
1080970	1786035048	text/plain	TEXT	reproducible generated product/log/cache	PET (C)	68452d99a8b431265c1f3401e5be412a8d153da1	False			nd-unfolding/p3f_pet_fullevent/work/Muon_Energy_MINERvA_0_1D/p3f_pet_validation_Muon_Energy_MINERvA_0_1D.json.domain.json
1078556	1786035048	text/plain	TEXT	reproducible generated product/log/cache	PET (C)	b31517c1ca1f5bea04f7ff53ef95e281db03a54b	False			nd-unfolding/p3f_pet_fullevent/work/MuonResolution_1_1D/p3f_pet_validation_MuonResolution_1_1D.json.domain.json
1074886	1786035048	text/plain	TEXT	reproducible generated product/log/cache	PET (C)	2a0353ba486db9d6753a6f066687e8e2b64ce4a3	False			nd-unfolding/p3f_pet_fullevent/work/Muon_Energy_MINOS_0_1D/p3f_pet_validation_Muon_Energy_MINOS_0_1D.json.domain.json
1044388	1786035048	text/plain	TEXT	reproducible generated product/log/cache	PET (C)	a89d4904ac2f9771f28a511e00224b04b30c3a59	False			nd-unfolding/p3f_pet_fullevent/work/Muon_Energy_MINOS_1_1G/p3f_pet_validation_Muon_Energy_MINOS_1_1G.json.domain.json
1037425	1786035048	text/plain	TEXT	reproducible generated product/log/cache	PET (C)	9a40fc835c95a2c9a9a67245cdc3b43079f8ced6	False			nd-unfolding/p3f_pet_fullevent/work/MuonResolution_0_1G/p3f_pet_validation_MuonResolution_0_1G.json.domain.json
1035450	1786035048	text/plain	TEXT	reproducible generated product/log/cache	PET (C)	95347ad72d79130472ef373a69acf897a2e3d643	False			nd-unfolding/p3f_pet_fullevent/work/Muon_Energy_MINERvA_0_1G/p3f_pet_validation_Muon_Energy_MINERvA_0_1G.json.domain.json
1035339	1786035048	text/plain	TEXT	reproducible generated product/log/cache	PET (C)	b4cb8c32c37bca02cb208fc83d0060167ebf356a	False			nd-unfolding/p3f_pet_fullevent/work/Muon_Energy_MINERvA_1_1G/p3f_pet_validation_Muon_Energy_MINERvA_1_1G.json.domain.json
1035062	1786035048	text/plain	TEXT	reproducible generated product/log/cache	PET (C)	080fcdf9ce5a0671a1412de17ef8d8b98bd6fc04	False			nd-unfolding/p3f_pet_fullevent/work/BeamAngleY_1_1G/p3f_pet_validation_BeamAngleY_1_1G.json.domain.json
1035041	1786035047	text/plain	TEXT	reproducible generated product/log/cache	PET (C)	f0a1f50a2da642fa7b1a801959488bb357bdc570	False			nd-unfolding/p3f_pet_fullevent/work/BeamAngleX_0_1G/p3f_pet_validation_BeamAngleX_0_1G.json.domain.json
1035036	1786035048	text/plain	TEXT	reproducible generated product/log/cache	PET (C)	be9e6f4da21fa9baa767575b186e47650595f9bd	False			nd-unfolding/p3f_pet_fullevent/work/BeamAngleY_0_1G/p3f_pet_validation_BeamAngleY_0_1G.json.domain.json
1034557	1786035047	text/plain	TEXT	reproducible generated product/log/cache	PET (C)	c5e6a856bfaf207fc760185e212e023624c3bcca	False			nd-unfolding/p3f_pet_fullevent/work/BeamAngleX_1_1G/p3f_pet_validation_BeamAngleX_1_1G.json.domain.json
1034184	1786035048	text/plain	TEXT	reproducible generated product/log/cache	PET (C)	6d0cab46a4a2cde3db7b3f071af9f65ce3714628	False			nd-unfolding/p3f_pet_fullevent/work/MuonResolution_1_1G/p3f_pet_validation_MuonResolution_1_1G.json.domain.json
1029744	1786035048	text/plain	TEXT	reproducible generated product/log/cache	PET (C)	65d04e2a6868e798d416b419e4d8af1883a88948	False			nd-unfolding/p3f_pet_fullevent/work/Muon_Energy_MINOS_0_1G/p3f_pet_validation_Muon_Energy_MINOS_0_1G.json.domain.json
961892	1786035048	text/plain	TEXT	reproducible generated product/log/cache	PET (C)	560f24d4742eff13a79a0f1a0e156c1940317575	False			nd-unfolding/p3f_pet_fullevent/work/Muon_Energy_MINOS_1_1N/p3f_pet_validation_Muon_Energy_MINOS_1_1N.json.domain.json
956192	1786035048	text/plain	TEXT	reproducible generated product/log/cache	PET (C)	bd572a8a7e84b404739d7302c3e7f38696030fd0	False			nd-unfolding/p3f_pet_fullevent/work/MuonResolution_0_1N/p3f_pet_validation_MuonResolution_0_1N.json.domain.json
955410	1786035047	text/plain	TEXT	reproducible generated product/log/cache	PET (C)	29a7082a932a590d06deaab22c76b8d0a4a55e2c	False			nd-unfolding/p3f_pet_fullevent/work/BeamAngleX_0_1N/p3f_pet_validation_BeamAngleX_0_1N.json.domain.json
955153	1786035047	text/plain	TEXT	reproducible generated product/log/cache	PET (C)	6a87ca80edad3f0ed3cef89a37f5747141b9dab4	False			nd-unfolding/p3f_pet_fullevent/work/BeamAngleX_1_1N/p3f_pet_validation_BeamAngleX_1_1N.json.domain.json
954733	1786035048	text/plain	TEXT	reproducible generated product/log/cache	PET (C)	179367a387026636cba3bbdd7b192e009141b65e	False			nd-unfolding/p3f_pet_fullevent/work/BeamAngleY_1_1N/p3f_pet_validation_BeamAngleY_1_1N.json.domain.json
954696	1786035048	text/plain	TEXT	reproducible generated product/log/cache	PET (C)	f22e2735e5b28fe62233d0a745f883b26682d6d4	False			nd-unfolding/p3f_pet_fullevent/work/BeamAngleY_0_1N/p3f_pet_validation_BeamAngleY_0_1N.json.domain.json
954289	1786035048	text/plain	TEXT	reproducible generated product/log/cache	PET (C)	cdcd8959068dde89ab138f541178c6546334d577	False			nd-unfolding/p3f_pet_fullevent/work/Muon_Energy_MINERvA_1_1N/p3f_pet_validation_Muon_Energy_MINERvA_1_1N.json.domain.json
954226	1786035048	text/plain	TEXT	reproducible generated product/log/cache	PET (C)	be2d0a3b627df01cac1a910a67c90c07a0293853	False			nd-unfolding/p3f_pet_fullevent/work/Muon_Energy_MINERvA_0_1N/p3f_pet_validation_Muon_Energy_MINERvA_0_1N.json.domain.json
953045	1786035048	text/plain	TEXT	reproducible generated product/log/cache	PET (C)	7c386e8cfa764ecb58da5345ab6818b2f00fa569	False			nd-unfolding/p3f_pet_fullevent/work/MuonResolution_1_1N/p3f_pet_validation_MuonResolution_1_1N.json.domain.json
947260	1786035048	text/plain	TEXT	reproducible generated product/log/cache	PET (C)	e94ca5a2fc3c94ad17acd3c5a8a1db48d7d552b6	False			nd-unfolding/p3f_pet_fullevent/work/Muon_Energy_MINOS_0_1N/p3f_pet_validation_Muon_Energy_MINOS_0_1N.json.domain.json
892025	1786035048	text/plain	TEXT	reproducible generated product/log/cache	PET (C)	a2aedd8d1914155692f322e4c526a21d688cd707	False			nd-unfolding/p3f_pet_fullevent/work/Muon_Energy_MINOS_1_1E/p3f_pet_validation_Muon_Energy_MINOS_1_1E.json.domain.json
886798	1786035048	text/plain	TEXT	reproducible generated product/log/cache	PET (C)	f087e455f94c8096f624a89972504793976dc3dd	False			nd-unfolding/p3f_pet_fullevent/work/MuonResolution_0_1E/p3f_pet_validation_MuonResolution_0_1E.json.domain.json
883450	1786035047	text/plain	TEXT	reproducible generated product/log/cache	PET (C)	7fe93ccef358cadac5fa926866caad8e40027469	False			nd-unfolding/p3f_pet_fullevent/work/BeamAngleX_0_1E/p3f_pet_validation_BeamAngleX_0_1E.json.domain.json
883110	1786035048	text/plain	TEXT	reproducible generated product/log/cache	PET (C)	b8e48acef9110fdd9bcebf37eff49730001f131f	False			nd-unfolding/p3f_pet_fullevent/work/BeamAngleY_1_1E/p3f_pet_validation_BeamAngleY_1_1E.json.domain.json
883043	1786035047	text/plain	TEXT	reproducible generated product/log/cache	PET (C)	9a7241a175b9b7fd7d4896ff01f395514bb95e51	False			nd-unfolding/p3f_pet_fullevent/work/BeamAngleX_1_1E/p3f_pet_validation_BeamAngleX_1_1E.json.domain.json
883001	1786035048	text/plain	TEXT	reproducible generated product/log/cache	PET (C)	5b5aeb7618301b7f49bc12817947eeddc153e86c	False			nd-unfolding/p3f_pet_fullevent/work/BeamAngleY_0_1E/p3f_pet_validation_BeamAngleY_0_1E.json.domain.json
882751	1786035048	text/plain	TEXT	reproducible generated product/log/cache	PET (C)	e8fd88f0dcf5d7dbb3dfd994ab005bb813d85c81	False			nd-unfolding/p3f_pet_fullevent/work/Muon_Energy_MINERvA_1_1E/p3f_pet_validation_Muon_Energy_MINERvA_1_1E.json.domain.json
882250	1786035048	text/plain	TEXT	reproducible generated product/log/cache	PET (C)	5db83666c2311cf60b9da81027ab72541d71f8aa	False			nd-unfolding/p3f_pet_fullevent/work/Muon_Energy_MINERvA_0_1E/p3f_pet_validation_Muon_Energy_MINERvA_0_1E.json.domain.json
880192	1786035048	text/plain	TEXT	reproducible generated product/log/cache	PET (C)	8259ab9c7e483317abaa516cbdac6af735454ee0	False			nd-unfolding/p3f_pet_fullevent/work/MuonResolution_1_1E/p3f_pet_validation_MuonResolution_1_1E.json.domain.json
873688	1786035048	text/plain	TEXT	reproducible generated product/log/cache	PET (C)	ab4f3436ca7cc48b32f963c01a87d80db761ff96	False			nd-unfolding/p3f_pet_fullevent/work/Muon_Energy_MINOS_0_1E/p3f_pet_validation_Muon_Energy_MINOS_0_1E.json.domain.json
718190	1786035048	text/plain	TEXT	reproducible generated product/log/cache	PET (C)	33c8de4e1524274145decad513c2aef4875fb675	False			nd-unfolding/p3f_pet_fullevent/work/Muon_Energy_MINOS_1_1A/p3f_pet_validation_Muon_Energy_MINOS_1_1A.json.domain.json
714514	1786035048	text/plain	TEXT	reproducible generated product/log/cache	PET (C)	19c13c76e5572f8cae0ea89585953b7c6f041ded	False			nd-unfolding/p3f_pet_fullevent/work/MuonResolution_0_1A/p3f_pet_validation_MuonResolution_0_1A.json.domain.json
712506	1786035047	text/plain	TEXT	reproducible generated product/log/cache	PET (C)	94f6a6e4fb7072a27a0741c90aa59d68b89145da	False			nd-unfolding/p3f_pet_fullevent/work/BeamAngleX_0_1A/p3f_pet_validation_BeamAngleX_0_1A.json.domain.json
712025	1786035048	text/plain	TEXT	reproducible generated product/log/cache	PET (C)	63d160f654f1e227145d88cce012093c07c6ecc1	False			nd-unfolding/p3f_pet_fullevent/work/BeamAngleY_1_1A/p3f_pet_validation_BeamAngleY_1_1A.json.domain.json
711987	1786035048	text/plain	TEXT	reproducible generated product/log/cache	PET (C)	1f3bf2b9e6406724136b4f5de6895f1e5d0307a5	False			nd-unfolding/p3f_pet_fullevent/work/Muon_Energy_MINERvA_1_1A/p3f_pet_validation_Muon_Energy_MINERvA_1_1A.json.domain.json
711959	1786035047	text/plain	TEXT	reproducible generated product/log/cache	PET (C)	3a02677f13558005938a51a2c060515010dbeb63	False			nd-unfolding/p3f_pet_fullevent/work/BeamAngleY_0_1A/p3f_pet_validation_BeamAngleY_0_1A.json.domain.json
711934	1786035047	text/plain	TEXT	reproducible generated product/log/cache	PET (C)	1b25c4edbf177cadda04a494f3812ef7238e60e7	False			nd-unfolding/p3f_pet_fullevent/work/BeamAngleX_1_1A/p3f_pet_validation_BeamAngleX_1_1A.json.domain.json
711823	1786035048	text/plain	TEXT	reproducible generated product/log/cache	PET (C)	a334313afe45a7ee54e91285a9f03a4beede8fe7	False			nd-unfolding/p3f_pet_fullevent/work/Muon_Energy_MINERvA_0_1A/p3f_pet_validation_Muon_Energy_MINERvA_0_1A.json.domain.json
709235	1786035048	text/plain	TEXT	reproducible generated product/log/cache	PET (C)	1f5ad136e57c497d10e3104c7a93de3a814fe439	False			nd-unfolding/p3f_pet_fullevent/work/MuonResolution_1_1A/p3f_pet_validation_MuonResolution_1_1A.json.domain.json
703654	1786035048	text/plain	TEXT	reproducible generated product/log/cache	PET (C)	19e384925fd10570e542c133b212cb3661665d4c	False			nd-unfolding/p3f_pet_fullevent/work/Muon_Energy_MINOS_0_1A/p3f_pet_validation_Muon_Energy_MINOS_0_1A.json.domain.json
407269	1786035048	text/plain	TEXT	reproducible generated product/log/cache	PET (C)	d991d2d6d51e5da24fa2b7e7ee46ce983c69528b	False			nd-unfolding/p3f_pet_fullevent/work/Muon_Energy_MINOS_1_1P/p3f_pet_validation_Muon_Energy_MINOS_1_1P.json.domain.json
405146	1786035048	text/plain	TEXT	reproducible generated product/log/cache	PET (C)	14151e9c42d7d3e40d3cbdd97e577d0f983a5332	False			nd-unfolding/p3f_pet_fullevent/work/MuonResolution_0_1P/p3f_pet_validation_MuonResolution_0_1P.json.domain.json
404031	1786035048	text/plain	TEXT	reproducible generated product/log/cache	PET (C)	87a686e799918ae0603ba10eda6c9c477ec29508	False			nd-unfolding/p3f_pet_fullevent/work/Muon_Energy_MINERvA_1_1P/p3f_pet_validation_Muon_Energy_MINERvA_1_1P.json.domain.json
403622	1786035048	text/plain	TEXT	reproducible generated product/log/cache	PET (C)	fe7ef92d6ef1c7e38f864466c2a3d304f55a1be2	False			nd-unfolding/p3f_pet_fullevent/work/Muon_Energy_MINERvA_0_1P/p3f_pet_validation_Muon_Energy_MINERvA_0_1P.json.domain.json
403604	1786035048	text/plain	TEXT	reproducible generated product/log/cache	PET (C)	55bee64d3598f89793290b106183db6fd1e50edd	False			nd-unfolding/p3f_pet_fullevent/work/BeamAngleY_1_1P/p3f_pet_validation_BeamAngleY_1_1P.json.domain.json
403573	1786035047	text/plain	TEXT	reproducible generated product/log/cache	PET (C)	624ef7dc5a9e70ae8a32579d39cbf98051f0ee3e	False			nd-unfolding/p3f_pet_fullevent/work/BeamAngleX_1_1P/p3f_pet_validation_BeamAngleX_1_1P.json.domain.json
403267	1786035048	text/plain	TEXT	reproducible generated product/log/cache	PET (C)	015e97a0ebcdc0074de6a80ef75c8f11a341da1c	False			nd-unfolding/p3f_pet_fullevent/work/BeamAngleY_0_1P/p3f_pet_validation_BeamAngleY_0_1P.json.domain.json
403184	1786035048	text/plain	TEXT	reproducible generated product/log/cache	PET (C)	ff985da952839d9dc557b2ff220bc48863ccfaa2	False			nd-unfolding/p3f_pet_fullevent/work/MuonResolution_1_1P/p3f_pet_validation_MuonResolution_1_1P.json.domain.json
403150	1786035047	text/plain	TEXT	reproducible generated product/log/cache	PET (C)	e2d6c23b2a0e7f22ae7fbe439e65a8844251e1db	False			nd-unfolding/p3f_pet_fullevent/work/BeamAngleX_0_1P/p3f_pet_validation_BeamAngleX_0_1P.json.domain.json
400358	1786035048	text/plain	TEXT	reproducible generated product/log/cache	PET (C)	d91d9e0ade8113d3a7bd1dda7aa7786b17e3bc8f	False			nd-unfolding/p3f_pet_fullevent/work/Muon_Energy_MINOS_0_1P/p3f_pet_validation_Muon_Energy_MINOS_0_1P.json.domain.json
393325	1786454247	text/plain	JSONL	receipt/manifest/provenance	orchestration	2fc8c40ac4ffe6e85c2e6abd2625dfb405676ee9	False			docs/orchestration/runs/standard-p4-verifier/20260811T131400Z-send-ce0cbf4b.jsonl
380445	1786035048	text/plain	JSON	receipt/manifest/provenance	PET (C)	0e792b3db7051cbc74b9a28b0bb266f276663518	False			nd-unfolding/p3f_pet_fullevent/work/Muon_Energy_MINOS_1_1C/p3f_pet_validation_Muon_Energy_MINOS_1_1C.json.domain.json
377620	1786035048	text/plain	JSON	receipt/manifest/provenance	PET (C)	9a61096f4399a90662681ef942dd38ada35266aa	False			nd-unfolding/p3f_pet_fullevent/work/MuonResolution_0_1C/p3f_pet_validation_MuonResolution_0_1C.json.domain.json
376401	1786035047	text/plain	JSON	receipt/manifest/provenance	PET (C)	24c30e67cd8786a40549db48e066f30d7cc63ea6	False			nd-unfolding/p3f_pet_fullevent/work/BeamAngleX_0_1C/p3f_pet_validation_BeamAngleX_0_1C.json.domain.json
376391	1786035048	text/plain	JSON	receipt/manifest/provenance	PET (C)	207ac6fbc7557506d4b8bf4252b2fe102541fe61	False			nd-unfolding/p3f_pet_fullevent/work/BeamAngleY_1_1C/p3f_pet_validation_BeamAngleY_1_1C.json.domain.json
376387	1786035048	text/plain	JSON	receipt/manifest/provenance	PET (C)	593174a0edf7fe09858ee3b1e89a52a548de2a28	False			nd-unfolding/p3f_pet_fullevent/work/BeamAngleY_0_1C/p3f_pet_validation_BeamAngleY_0_1C.json.domain.json
376090	1786035048	text/plain	JSON	receipt/manifest/provenance	PET (C)	3ca8dccca77ca524b02b5dc8e22d12c2b5164b2b	False			nd-unfolding/p3f_pet_fullevent/work/Muon_Energy_MINERvA_1_1C/p3f_pet_validation_Muon_Energy_MINERvA_1_1C.json.domain.json
376052	1786035048	text/plain	JSON	receipt/manifest/provenance	PET (C)	436e5adbe6a4b1914425fd8384d7ceda5b2627fc	False			nd-unfolding/p3f_pet_fullevent/work/Muon_Energy_MINERvA_0_1C/p3f_pet_validation_Muon_Energy_MINERvA_0_1C.json.domain.json
376016	1786035047	text/plain	JSON	receipt/manifest/provenance	PET (C)	e529a549c75212db20a945a2a43293bf20592f05	False			nd-unfolding/p3f_pet_fullevent/work/BeamAngleX_1_1C/p3f_pet_validation_BeamAngleX_1_1C.json.domain.json
374053	1786035048	text/plain	JSON	receipt/manifest/provenance	PET (C)	2a877625a47e9719726988e6199a051e54ba0a31	False			nd-unfolding/p3f_pet_fullevent/work/MuonResolution_1_1C/p3f_pet_validation_MuonResolution_1_1C.json.domain.json
372762	1786035048	text/plain	JSON	receipt/manifest/provenance	PET (C)	519c0d9a9af87ecb510828af590cb4e1de5d3d18	False			nd-unfolding/p3f_pet_fullevent/work/Muon_Energy_MINOS_0_1C/p3f_pet_validation_Muon_Energy_MINOS_0_1C.json.domain.json
281264	1786035048	text/plain	JSON	receipt/manifest/provenance	PET (C)	3dc465c307cf9a11ecc23897a7d94bbea1e74d8e	False			nd-unfolding/p3f_pet_fullevent/work/Muon_Energy_MINOS_1_1O/p3f_pet_validation_Muon_Energy_MINOS_1_1O.json.domain.json
280085	1786035048	text/plain	JSON	receipt/manifest/provenance	PET (C)	a338d85b3d763bbe601c08adb4a9f7d3580c75ac	False			nd-unfolding/p3f_pet_fullevent/work/MuonResolution_0_1O/p3f_pet_validation_MuonResolution_0_1O.json.domain.json
279318	1786035047	text/plain	JSON	receipt/manifest/provenance	PET (C)	5163952f17819b605402d835a2d0f99c950f24e2	False			nd-unfolding/p3f_pet_fullevent/work/BeamAngleX_0_1O/p3f_pet_validation_BeamAngleX_0_1O.json.domain.json
279274	1786035048	text/plain	JSON	receipt/manifest/provenance	PET (C)	88d6429b20fbe17b7c2ed26c7cb6c7a8274148f9	False			nd-unfolding/p3f_pet_fullevent/work/Muon_Energy_MINERvA_1_1O/p3f_pet_validation_Muon_Energy_MINERvA_1_1O.json.domain.json
278954	1786035048	text/plain	JSON	receipt/manifest/provenance	PET (C)	11d02b6c5c5aa7448c6cdcdab2125a6391e9e661	False			nd-unfolding/p3f_pet_fullevent/work/BeamAngleY_0_1O/p3f_pet_validation_BeamAngleY_0_1O.json.domain.json
278940	1786035048	text/plain	JSON	receipt/manifest/provenance	PET (C)	51d5273b37323f23196ff31b0569ec1b721d29fa	False			nd-unfolding/p3f_pet_fullevent/work/Muon_Energy_MINERvA_0_1O/p3f_pet_validation_Muon_Energy_MINERvA_0_1O.json.domain.json
278893	1786035048	text/plain	JSON	receipt/manifest/provenance	PET (C)	93c413b9b785e085076750bc7572ff93ef78128e	False			nd-unfolding/p3f_pet_fullevent/work/BeamAngleY_1_1O/p3f_pet_validation_BeamAngleY_1_1O.json.domain.json
278874	1786035047	text/plain	JSON	receipt/manifest/provenance	PET (C)	583c244d09fd3ce98dc6e933735e00ccb6177ead	False			nd-unfolding/p3f_pet_fullevent/work/BeamAngleX_1_1O/p3f_pet_validation_BeamAngleX_1_1O.json.domain.json
277719	1786035048	text/plain	JSON	receipt/manifest/provenance	PET (C)	0976968cb9e5238f2c4a1e346d1fe6679273bb8d	False			nd-unfolding/p3f_pet_fullevent/work/MuonResolution_1_1O/p3f_pet_validation_MuonResolution_1_1O.json.domain.json
276474	1786035048	text/plain	JSON	receipt/manifest/provenance	PET (C)	35fc1022cad67991e8030bd5d40e6eebc1d81bf9	False			nd-unfolding/p3f_pet_fullevent/work/Muon_Energy_MINOS_0_1O/p3f_pet_validation_Muon_Energy_MINOS_0_1O.json.domain.json
203381	1786035047	text/plain	JSON	receipt/manifest/provenance	standard P4	51209c1e3a0c6e83d15f3fd70f8681866803fe89	True			nd-unfolding/active_universe_5d/fps/preflight/p3s_fps_manifest_historical.json
188000	1786035048	text/plain	JSON	receipt/manifest/provenance	PET (C)	a7e38e1c9349ec47f498652a2c00a2f5e34caf47	False			nd-unfolding/p3f_pet_fullevent/work/Muon_Energy_MINOS_1_1B/p3f_pet_validation_Muon_Energy_MINOS_1_1B.json.domain.json
186753	1786035048	text/plain	JSON	receipt/manifest/provenance	PET (C)	d5c645af642d81904649621f48d38e9eae030dec	False			nd-unfolding/p3f_pet_fullevent/work/MuonResolution_0_1B/p3f_pet_validation_MuonResolution_0_1B.json.domain.json
186393	1786035048	text/plain	JSON	receipt/manifest/provenance	PET (C)	40186ccd171262e327aff782fa07a42ce1e6fc64	False			nd-unfolding/p3f_pet_fullevent/work/Muon_Energy_MINERvA_0_1B/p3f_pet_validation_Muon_Energy_MINERvA_0_1B.json.domain.json
186379	1786035048	text/plain	JSON	receipt/manifest/provenance	PET (C)	e4c514bf5ef52290a16be08f32f3c60d86327c68	False			nd-unfolding/p3f_pet_fullevent/work/BeamAngleY_0_1B/p3f_pet_validation_BeamAngleY_0_1B.json.domain.json
186373	1786035048	text/plain	JSON	receipt/manifest/provenance	PET (C)	8ebe8fd698298858555b8609b99e6dc119c18b91	False			nd-unfolding/p3f_pet_fullevent/work/Muon_Energy_MINERvA_1_1B/p3f_pet_validation_Muon_Energy_MINERvA_1_1B.json.domain.json
186313	1786035047	text/plain	JSON	receipt/manifest/provenance	PET (C)	1a4b9755f9ef48942cb20890d3ecbd02f1798d60	False			nd-unfolding/p3f_pet_fullevent/work/BeamAngleX_0_1B/p3f_pet_validation_BeamAngleX_0_1B.json.domain.json
185978	1786035048	text/plain	JSON	receipt/manifest/provenance	PET (C)	1685228a568b397167e413a455e0859dba3bcd9a	False			nd-unfolding/p3f_pet_fullevent/work/BeamAngleY_1_1B/p3f_pet_validation_BeamAngleY_1_1B.json.domain.json
185924	1786035047	text/plain	JSON	receipt/manifest/provenance	PET (C)	be6a2b2563b74c43104760c81be995d95b3edae1	False			nd-unfolding/p3f_pet_fullevent/work/BeamAngleX_1_1B/p3f_pet_validation_BeamAngleX_1_1B.json.domain.json
185561	1786035048	text/plain	JSON	receipt/manifest/provenance	PET (C)	a6a7d54843717b75f6b5cbb05b1a954a4210de78	False			nd-unfolding/p3f_pet_fullevent/work/MuonResolution_1_1B/p3f_pet_validation_MuonResolution_1_1B.json.domain.json
183199	1786035048	text/plain	JSON	receipt/manifest/provenance	PET (C)	41b8db9d546902f2f1f1b7d516715017fda5875e	False			nd-unfolding/p3f_pet_fullevent/work/Muon_Energy_MINOS_0_1B/p3f_pet_validation_Muon_Energy_MINOS_0_1B.json.domain.json
155642	1786454989	text/plain	JSONL	receipt/manifest/provenance	orchestration	82146626e56281c916bbd70f14c5546ffdc58af4	False			docs/orchestration/runs/standard-p4-verifier/20260811T132822Z-send-aba63eb3.jsonl
141729	1786283073	text/plain	JSON	receipt/manifest/provenance	standard P4	dd43c0e8b224dbdba3120394e4835be06918b63f	False			nd-unfolding/active_universe_5d/standard/p3s_standard_manifest.json
118455	1786035048	text/plain	JSON	receipt/manifest/provenance	PET (C)	c0b01d64b2e13f0194dec9e785c96c8d7a2e9eb1	False			nd-unfolding/p3f_pet_fullevent/work/Muon_Energy_MINOS_1_1L/p3f_pet_validation_Muon_Energy_MINOS_1_1L.json.domain.json
117581	1786035048	text/plain	JSON	receipt/manifest/provenance	PET (C)	99dc57c8322a399bf92bf02291cac94f09c34f46	False			nd-unfolding/p3f_pet_fullevent/work/MuonResolution_0_1L/p3f_pet_validation_MuonResolution_0_1L.json.domain.json
117242	1786035048	text/plain	JSON	receipt/manifest/provenance	PET (C)	c0ec4e43a49e1469a1aa62f6ca1c86a540bb7427	False			nd-unfolding/p3f_pet_fullevent/work/MuonResolution_1_1L/p3f_pet_validation_MuonResolution_1_1L.json.domain.json
117227	1786035048	text/plain	JSON	receipt/manifest/provenance	PET (C)	bd2d670ee7fd7f9e0132214facf1d7523cbc4b23	False			nd-unfolding/p3f_pet_fullevent/work/Muon_Energy_MINERvA_1_1L/p3f_pet_validation_Muon_Energy_MINERvA_1_1L.json.domain.json
117222	1786035048	text/plain	JSON	receipt/manifest/provenance	PET (C)	b54f3f45f8a05fe989307abe882bd35b2aad653c	False			nd-unfolding/p3f_pet_fullevent/work/Muon_Energy_MINOS_0_1L/p3f_pet_validation_Muon_Energy_MINOS_0_1L.json.domain.json
117211	1786035047	text/plain	JSON	receipt/manifest/provenance	PET (C)	a8394a334cd15f612160073cb558786c699e21db	False			nd-unfolding/p3f_pet_fullevent/work/BeamAngleX_1_1L/p3f_pet_validation_BeamAngleX_1_1L.json.domain.json
117211	1786035048	text/plain	JSON	receipt/manifest/provenance	PET (C)	8e4921bb3d871e39d588749d0044aec52543eb2c	False			nd-unfolding/p3f_pet_fullevent/work/BeamAngleY_1_1L/p3f_pet_validation_BeamAngleY_1_1L.json.domain.json
117210	1786035048	text/plain	JSON	receipt/manifest/provenance	PET (C)	3bf67b7dde34f54890638f716e105ab601029062	False			nd-unfolding/p3f_pet_fullevent/work/BeamAngleY_0_1L/p3f_pet_validation_BeamAngleY_0_1L.json.domain.json
117174	1786035048	text/plain	JSON	receipt/manifest/provenance	PET (C)	1a5e6a44273ddc92cb486e651ae48cfdc1b6c594	False			nd-unfolding/p3f_pet_fullevent/work/Muon_Energy_MINERvA_0_1L/p3f_pet_validation_Muon_Energy_MINERvA_0_1L.json.domain.json
117162	1786035047	text/plain	JSON	receipt/manifest/provenance	PET (C)	18a5dbba64bbe845374f0e30255ac476282433bf	False			nd-unfolding/p3f_pet_fullevent/work/BeamAngleX_0_1L/p3f_pet_validation_BeamAngleX_0_1L.json.domain.json
72139	1786493146	text/plain	JSON	receipt/manifest/provenance	PET (C)	ffe79e76b4cde35e570512773149bad46e7b9740	False			nd-unfolding/p3f_pet_fullevent/HPSS_ARCHIVE_MANIFEST.slurm-56692312.json
67093	1786488456	text/plain	JSON	receipt/manifest/provenance	5D UQ (B)	b8477b706bfc53e82b585c3e9a35807b939180fc	True			nd-unfolding/uq_5d/receipt_construction_contract_5d.json
35607	1786083927	text/plain	JSON	receipt/manifest/provenance	products	7995a7c7cfff2f911a641b8d47681a1659fe1f62	False			nd-unfolding/products/pet/b1_closure/closure_b1_rate_injection_scan32_measured_N240k_niter5_seeds23plus.json
35511	1786035048	text/plain	JSON	receipt/manifest/provenance	products	45c08b5c774d7e7ec500e5144769319bf3ab16c7	False			nd-unfolding/products/pet/b1_closure/closure_b1_rate_injection_scan32_measured.json
35163	1786446782	text/plain	JSON	receipt/manifest/provenance	PET (C)	74d17c9d461140c40181be2a930c70686ff20483	False			nd-unfolding/pet/annealed_shape_validation/NONQUOTABLE-DIAGNOSTIC.POWERED_CLOSURE_ANNEALED.slurm-56626305.json
35155	1786435000	text/plain	JSON	receipt/manifest/provenance	PET (C)	c27a419f89e5447975166f8301a902de9d26bfa0	False			nd-unfolding/pet/annealed_shape_validation/NONQUOTABLE-DIAGNOSTIC.POWERED_CLOSURE_ANNEALED.slurm-56611837.json
34196	1786035048	text/plain	JSON	receipt/manifest/provenance	products	df0779f01878c78a02cb828224243cf6b94a46c0	False			nd-unfolding/products/pet/b1_closure/closure_b1_rate_injection_scan32.json
32442	1786137009	text/plain	JSON	receipt/manifest/provenance	PET (C)	beeafb4ff814bfb76cb6ef8ea0f94dcad5aea91a	False			nd-unfolding/pet/powered_closure/underfit_probe/POWERED_CLOSURE_PROBE_REPORT.probe-ep32-slurm-56431651.json
32433	1786084180	text/plain	JSON	receipt/manifest/provenance	PET (C)	6bf65076e3f3a4a4dac635f49c76ef18664e1ce4	False			nd-unfolding/pet/powered_closure/underfit_probe/POWERED_CLOSURE_PROBE_REPORT.probe-ep16-slurm-56431650.json
32269	1786076839	text/plain	JSON	receipt/manifest/provenance	PET (C)	0c9f2a482d165b5121ff2ef2457c410857f38146	False			nd-unfolding/pet/powered_closure/underfit_probe/POWERED_CLOSURE_PROBE_REPORT.probe-ctl8-slurm-56431649.json
25363	1786336403	text/plain	JSON	receipt/manifest/provenance	PET (C)	eb8c9ce3d944043773850774786672fe02058fc2	True			nd-unfolding/pet/annealed_shape_validation/NONQUOTABLE-DIAGNOSTIC.PREFLIGHT.slurm-56547490.json
25363	1786428001	text/plain	JSON	receipt/manifest/provenance	PET (C)	eb8c9ce3d944043773850774786672fe02058fc2	True			nd-unfolding/pet/annealed_shape_validation/NONQUOTABLE-DIAGNOSTIC.PREFLIGHT.slurm-56611837.json
25363	1786439813	text/plain	JSON	receipt/manifest/provenance	PET (C)	eb8c9ce3d944043773850774786672fe02058fc2	True			nd-unfolding/pet/annealed_shape_validation/NONQUOTABLE-DIAGNOSTIC.PREFLIGHT.slurm-56626305.json
25363	1786069807	text/plain	JSON	receipt/manifest/provenance	PET (C)	eb8c9ce3d944043773850774786672fe02058fc2	True			nd-unfolding/pet/powered_closure/underfit_probe/POWERED_PROBE_PREFLIGHT.probe-ctl8-slurm-56431649.json
25363	1786070822	text/plain	JSON	receipt/manifest/provenance	PET (C)	eb8c9ce3d944043773850774786672fe02058fc2	True			nd-unfolding/pet/powered_closure/underfit_probe/POWERED_PROBE_PREFLIGHT.probe-ep16-slurm-56431650.json
25363	1786110785	text/plain	JSON	receipt/manifest/provenance	PET (C)	eb8c9ce3d944043773850774786672fe02058fc2	True			nd-unfolding/pet/powered_closure/underfit_probe/POWERED_PROBE_PREFLIGHT.probe-ep32-slurm-56431651.json
22796	1786035047	text/x-diff	CODE	human-authored source/config/doc	unassigned	6b3515b0aaed814f58e3071e7348b9b5dab51624	False	2		diff.txt
21197	1786451374	text/x-python	CODE	human-authored source/config/doc	unassigned	3f0a9e951fc2859649e90dd278e25eb52f510d6b	True			2d-unfolding/receipt_model_chi2_2d.py
17803	1786064533	text/plain	JSON	receipt/manifest/provenance	products	a90444aa32f29aeca4164b3c6043b133bed7e295	False			nd-unfolding/products/pet/b1_closure/closure_b1_rate_injection_scan16_measured_N240k_niter5.json
13495	1786488378	text/x-python	CODE	human-authored source/config/doc	unassigned	fc8616847a9d05a7f185a48eac7b5ef5748032fe	True			nd-unfolding/receipt_construction_contract_5d.py
12765	1786451382	text/plain	JSON	receipt/manifest/provenance	unassigned	30565316b38cedd7d0a857f9f98ac36cbb057b49	True			2d-unfolding/receipt_model_chi2_2d.json
12706	1786035047	text/plain	JSON	receipt/manifest/provenance	PET (C)	25a4eabbf38580a0afd3471191bce96cdcd07ba1	False			nd-unfolding/p3f_pet_fullevent/final/P3F_PET_receipt_Muon_Energy_MINERvA_0_1P.json
12706	1786035047	text/plain	JSON	receipt/manifest/provenance	PET (C)	be100a137361785da395da4c8f8b847cabaef442	False			nd-unfolding/p3f_pet_fullevent/final/P3F_PET_receipt_Muon_Energy_MINERvA_1_1P.json
12659	1786035047	text/plain	JSON	receipt/manifest/provenance	PET (C)	1a708ba53d322b218060f2c820858a696cb50c41	False			nd-unfolding/p3f_pet_fullevent/final/P3F_PET_receipt_Muon_Energy_MINOS_0_1P.json
12659	1786035047	text/plain	JSON	receipt/manifest/provenance	PET (C)	df2670342d140681382d78488d25ce7e48956349	False			nd-unfolding/p3f_pet_fullevent/final/P3F_PET_receipt_Muon_Energy_MINOS_1_1P.json
12637	1786035047	text/plain	JSON	receipt/manifest/provenance	PET (C)	eb4962e054ecd0f0e65b7499009ea159aa908792	False			nd-unfolding/p3f_pet_fullevent/final/P3F_PET_receipt_Muon_Energy_MINERvA_0_1E.json
12637	1786035047	text/plain	JSON	receipt/manifest/provenance	PET (C)	aa0b124f34f2d226050bc318fa678b787a80fada	False			nd-unfolding/p3f_pet_fullevent/final/P3F_PET_receipt_Muon_Energy_MINERvA_1_1E.json
12632	1786035047	text/plain	JSON	receipt/manifest/provenance	PET (C)	2cee5f1f25b0895a4c750686f56aa6b34699d2eb	False			nd-unfolding/p3f_pet_fullevent/final/P3F_PET_receipt_Muon_Energy_MINERvA_0_1D.json
12632	1786035047	text/plain	JSON	receipt/manifest/provenance	PET (C)	6177e7344826cabdc5897f23c10bfcc38915ffab	False			nd-unfolding/p3f_pet_fullevent/final/P3F_PET_receipt_Muon_Energy_MINERvA_0_1F.json
12632	1786035047	text/plain	JSON	receipt/manifest/provenance	PET (C)	89bc499f36feb052d1b9623ca9194869ec44a646	False			nd-unfolding/p3f_pet_fullevent/final/P3F_PET_receipt_Muon_Energy_MINERvA_1_1D.json
12632	1786035047	text/plain	JSON	receipt/manifest/provenance	PET (C)	4fe47819520ddbd45712b82e17e1f32080167345	False			nd-unfolding/p3f_pet_fullevent/final/P3F_PET_receipt_Muon_Energy_MINERvA_1_1F.json
12590	1786035047	text/plain	JSON	receipt/manifest/provenance	PET (C)	0a167d3cfca2c4f8fa4d57ca01d1d46411b70b4b	False			nd-unfolding/p3f_pet_fullevent/final/P3F_PET_receipt_Muon_Energy_MINOS_0_1E.json
12590	1786035047	text/plain	JSON	receipt/manifest/provenance	PET (C)	e763a3ddecb9cdeaaac400d2950e0b287f193dd2	False			nd-unfolding/p3f_pet_fullevent/final/P3F_PET_receipt_Muon_Energy_MINOS_1_1E.json
12586	1786035047	text/plain	JSON	receipt/manifest/provenance	PET (C)	579fad3003322c3e0ba8cb5d4da206dbf0ffac40	False			nd-unfolding/p3f_pet_fullevent/final/P3F_PET_receipt_MuonResolution_0_1P.json
12586	1786035047	text/plain	JSON	receipt/manifest/provenance	PET (C)	99a754d0b6510d930dd14d6b717fd6bfb7d78ea0	False			nd-unfolding/p3f_pet_fullevent/final/P3F_PET_receipt_MuonResolution_1_1P.json
12585	1786035047	text/plain	JSON	receipt/manifest/provenance	PET (C)	3304c90ad074e4b7ef7acb389eb088a876ff3722	False			nd-unfolding/p3f_pet_fullevent/final/P3F_PET_receipt_Muon_Energy_MINOS_0_1F.json
12585	1786035047	text/plain	JSON	receipt/manifest/provenance	PET (C)	bdb485797c138d23251cad6ca814480749af1a58	False			nd-unfolding/p3f_pet_fullevent/final/P3F_PET_receipt_Muon_Energy_MINOS_1_1D.json
12585	1786035047	text/plain	JSON	receipt/manifest/provenance	PET (C)	df294152cb2f2c76b003c1c9eedc5605e5e0c0b8	False			nd-unfolding/p3f_pet_fullevent/final/P3F_PET_receipt_Muon_Energy_MINOS_1_1F.json
12584	1786035047	text/plain	JSON	receipt/manifest/provenance	PET (C)	20bb20831bd232a105aa43fc4923925043118335	False			nd-unfolding/p3f_pet_fullevent/final/P3F_PET_receipt_Muon_Energy_MINOS_0_1D.json
12541	1786035047	text/plain	JSON	receipt/manifest/provenance	PET (C)	37438e494e3ceab58da8228fda2501a31a1ff06f	False			nd-unfolding/p3f_pet_fullevent/final/P3F_PET_receipt_Muon_Energy_MINERvA_0_1M.json
12541	1786035047	text/plain	JSON	receipt/manifest/provenance	PET (C)	8d4325a4d44008b29884efb1f0cfa3e97bcba6f3	False			nd-unfolding/p3f_pet_fullevent/final/P3F_PET_receipt_Muon_Energy_MINERvA_1_1M.json
12539	1786035047	text/plain	JSON	receipt/manifest/provenance	PET (C)	f6e2babe5da3d403da5c03baf2957801e46c3e29	False			nd-unfolding/p3f_pet_fullevent/final/P3F_PET_receipt_Muon_Energy_MINERvA_0_1A.json
12539	1786035047	text/plain	JSON	receipt/manifest/provenance	PET (C)	39e110fd50d1d34f566aecf5492598f0a79aea6e	False			nd-unfolding/p3f_pet_fullevent/final/P3F_PET_receipt_Muon_Energy_MINERvA_0_1G.json
12539	1786035047	text/plain	JSON	receipt/manifest/provenance	PET (C)	03e581aeeacce37d7b164db846709406c077452a	False			nd-unfolding/p3f_pet_fullevent/final/P3F_PET_receipt_Muon_Energy_MINERvA_0_1N.json
12539	1786035047	text/plain	JSON	receipt/manifest/provenance	PET (C)	26b8faf2e69aac5fff038f99f43f867527900eeb	False			nd-unfolding/p3f_pet_fullevent/final/P3F_PET_receipt_Muon_Energy_MINERvA_1_1A.json
12539	1786035047	text/plain	JSON	receipt/manifest/provenance	PET (C)	9d8abd0e228085fab0a89aa247553c05b996c53e	False			nd-unfolding/p3f_pet_fullevent/final/P3F_PET_receipt_Muon_Energy_MINERvA_1_1G.json
12539	1786035047	text/plain	JSON	receipt/manifest/provenance	PET (C)	dd8ee32cf03811921d25057670903b98348b55a7	False			nd-unfolding/p3f_pet_fullevent/final/P3F_PET_receipt_Muon_Energy_MINERvA_1_1N.json
12531	1786035047	text/plain	JSON	receipt/manifest/provenance	PET (C)	5477afdc0cc7cb47dc04624efef12838db0edbf8	False			nd-unfolding/p3f_pet_fullevent/final/P3F_PET_receipt_Muon_Energy_MINERvA_0_1O.json
12531	1786035047	text/plain	JSON	receipt/manifest/provenance	PET (C)	ec41d7ec9c220ff572408d0cccf5a2203c5a46da	False			nd-unfolding/p3f_pet_fullevent/final/P3F_PET_receipt_Muon_Energy_MINERvA_1_1O.json
12529	1786035047	text/plain	JSON	receipt/manifest/provenance	PET (C)	fc6f26686a8f201be76d2460c9734459ac7d2d29	False			nd-unfolding/p3f_pet_fullevent/final/P3F_PET_receipt_Muon_Energy_MINERvA_0_1C.json
12529	1786035047	text/plain	JSON	receipt/manifest/provenance	PET (C)	e0f4024873f85d90e1e0a678ad5b9ad32aacf9d8	False			nd-unfolding/p3f_pet_fullevent/final/P3F_PET_receipt_Muon_Energy_MINERvA_1_1C.json
12527	1786035047	text/plain	JSON	receipt/manifest/provenance	PET (C)	97a26ed77ffb71c65e08f4bd42c436651fb5da48	False			nd-unfolding/p3f_pet_fullevent/final/P3F_PET_receipt_Muon_Energy_MINERvA_0_1B.json
12527	1786035047	text/plain	JSON	receipt/manifest/provenance	PET (C)	346bd996ec05dc078ce2c5b65475a17189d3c562	False			nd-unfolding/p3f_pet_fullevent/final/P3F_PET_receipt_Muon_Energy_MINERvA_1_1B.json
12519	1786035047	text/plain	JSON	receipt/manifest/provenance	PET (C)	f25a1a137f9441af0e8da6ccf17d09c18322fc7d	False			nd-unfolding/p3f_pet_fullevent/final/P3F_PET_receipt_Muon_Energy_MINERvA_0_1L.json
12519	1786035047	text/plain	JSON	receipt/manifest/provenance	PET (C)	13d31adde397f35eb3e06e5df1405522cadf4836	False			nd-unfolding/p3f_pet_fullevent/final/P3F_PET_receipt_Muon_Energy_MINERvA_1_1L.json
12517	1786035047	text/plain	JSON	receipt/manifest/provenance	PET (C)	f386e96efe00994dd1b522b4255088b1fc823d12	False			nd-unfolding/p3f_pet_fullevent/final/P3F_PET_receipt_MuonResolution_0_1E.json
12517	1786035047	text/plain	JSON	receipt/manifest/provenance	PET (C)	b84493b8ecb19cbd93a182c72dc550a2de8a0959	False			nd-unfolding/p3f_pet_fullevent/final/P3F_PET_receipt_MuonResolution_1_1E.json
12512	1786035047	text/plain	JSON	receipt/manifest/provenance	PET (C)	6fe3d1e02c448ad04b396239043899d5c1e98cb4	False			nd-unfolding/p3f_pet_fullevent/final/P3F_PET_receipt_MuonResolution_0_1D.json
12512	1786035047	text/plain	JSON	receipt/manifest/provenance	PET (C)	f46c8a45002b73ab91c2f835b748ba245dda07f5	False			nd-unfolding/p3f_pet_fullevent/final/P3F_PET_receipt_MuonResolution_0_1F.json
12512	1786035047	text/plain	JSON	receipt/manifest/provenance	PET (C)	c9f5acb51d17544ab643b6365dcb12e0bcc18fcf	False			nd-unfolding/p3f_pet_fullevent/final/P3F_PET_receipt_MuonResolution_1_1D.json
12512	1786035047	text/plain	JSON	receipt/manifest/provenance	PET (C)	324a7046163b10c433190662aeb5611985888290	False			nd-unfolding/p3f_pet_fullevent/final/P3F_PET_receipt_MuonResolution_1_1F.json
12499	1786035047	text/plain	JSON	receipt/manifest/provenance	PET (C)	897ea68096857a69e9c2ce2f13079d90ecf1e1b7	False			nd-unfolding/p3f_pet_fullevent/final/P3F_PET_receipt_BeamAngleX_0_1P.json
12499	1786035047	text/plain	JSON	receipt/manifest/provenance	PET (C)	ea80255ceb23567f4edc8f23902dafc3bee28b09	False			nd-unfolding/p3f_pet_fullevent/final/P3F_PET_receipt_BeamAngleX_1_1P.json
12499	1786035047	text/plain	JSON	receipt/manifest/provenance	PET (C)	2225a5c4f4083e009ad540e6753a60c778b7b1c2	False			nd-unfolding/p3f_pet_fullevent/final/P3F_PET_receipt_BeamAngleY_1_1P.json
12496	1786035047	text/plain	JSON	receipt/manifest/provenance	PET (C)	9bd96510ba54ccd9de4121aba9eee1ca4a3f13aa	False			nd-unfolding/p3f_pet_fullevent/final/P3F_PET_receipt_BeamAngleY_0_1P.json
12494	1786035047	text/plain	JSON	receipt/manifest/provenance	PET (C)	b01aa9d6792e7dcbdc7b2eddd1e3e386860eab2c	False			nd-unfolding/p3f_pet_fullevent/final/P3F_PET_receipt_Muon_Energy_MINOS_0_1M.json
12494	1786035047	text/plain	JSON	receipt/manifest/provenance	PET (C)	65836a61b88da2c7ec9dd036f22719e6c14c5568	False			nd-unfolding/p3f_pet_fullevent/final/P3F_PET_receipt_Muon_Energy_MINOS_1_1M.json
12492	1786035047	text/plain	JSON	receipt/manifest/provenance	PET (C)	16e36502df8fb3c529b4d70cc6561100572c92e3	False			nd-unfolding/p3f_pet_fullevent/final/P3F_PET_receipt_Muon_Energy_MINOS_0_1G.json
12492	1786035047	text/plain	JSON	receipt/manifest/provenance	PET (C)	c840acd28307443e512a17f1f5163e4955a51ba9	False			nd-unfolding/p3f_pet_fullevent/final/P3F_PET_receipt_Muon_Energy_MINOS_0_1N.json
12492	1786035047	text/plain	JSON	receipt/manifest/provenance	PET (C)	19c30bc996d83a7ef5122415f4a5f326295cecbc	False			nd-unfolding/p3f_pet_fullevent/final/P3F_PET_receipt_Muon_Energy_MINOS_1_1A.json
12492	1786035047	text/plain	JSON	receipt/manifest/provenance	PET (C)	3cd4c3c99b8d65701fcb5b7de68907553d67ae6c	False			nd-unfolding/p3f_pet_fullevent/final/P3F_PET_receipt_Muon_Energy_MINOS_1_1G.json
12492	1786035047	text/plain	JSON	receipt/manifest/provenance	PET (C)	9818da62a597a29cc2061cf3da5b58c4972042d0	False			nd-unfolding/p3f_pet_fullevent/final/P3F_PET_receipt_Muon_Energy_MINOS_1_1N.json
12491	1786035047	text/plain	JSON	receipt/manifest/provenance	PET (C)	137c327eb32219ed4de1a1d2393cef0d84ec843c	False			nd-unfolding/p3f_pet_fullevent/final/P3F_PET_receipt_Muon_Energy_MINOS_0_1A.json
12484	1786035047	text/plain	JSON	receipt/manifest/provenance	PET (C)	e5a19bcc7476ab5bac040f80d6d84a5c3512cc76	False			nd-unfolding/p3f_pet_fullevent/final/P3F_PET_receipt_Muon_Energy_MINOS_0_1O.json
12484	1786035047	text/plain	JSON	receipt/manifest/provenance	PET (C)	45a73d142767ca02c3c475e422cd487fc5f128ae	False			nd-unfolding/p3f_pet_fullevent/final/P3F_PET_receipt_Muon_Energy_MINOS_1_1O.json
12482	1786035047	text/plain	JSON	receipt/manifest/provenance	PET (C)	c8cafa8cff2dd1d16c5253f287e9bd88f22a1cc4	False			nd-unfolding/p3f_pet_fullevent/final/P3F_PET_receipt_Muon_Energy_MINOS_1_1C.json
12481	1786035047	text/plain	JSON	receipt/manifest/provenance	PET (C)	b81baddb241fd068b552349534242a1db50e653c	False			nd-unfolding/p3f_pet_fullevent/final/P3F_PET_receipt_Muon_Energy_MINOS_0_1C.json
12480	1786035047	text/plain	JSON	receipt/manifest/provenance	PET (C)	ca4123f6ad53e70adc7ce2d454141edb7f1379c9	False			nd-unfolding/p3f_pet_fullevent/final/P3F_PET_receipt_Muon_Energy_MINOS_1_1B.json
12479	1786035047	text/plain	JSON	receipt/manifest/provenance	PET (C)	037f6c9f51f0ca36ac5c88b969c3f2c0bc7e8474	False			nd-unfolding/p3f_pet_fullevent/final/P3F_PET_receipt_Muon_Energy_MINOS_0_1B.json
12472	1786035047	text/plain	JSON	receipt/manifest/provenance	PET (C)	6a45372042657f3d7246bd22403b6c44949bd7ef	False			nd-unfolding/p3f_pet_fullevent/final/P3F_PET_receipt_Muon_Energy_MINOS_0_1L.json
12472	1786035047	text/plain	JSON	receipt/manifest/provenance	PET (C)	fba3193939b567d98c17b1de795db9a1abcf819f	False			nd-unfolding/p3f_pet_fullevent/final/P3F_PET_receipt_Muon_Energy_MINOS_1_1L.json
12433	1786035047	text/plain	JSON	receipt/manifest/provenance	PET (C)	18a0718f33f75647f99dff03abdd95e8bd1c5c66	False			nd-unfolding/p3f_pet_fullevent/final/P3F_PET_receipt_BeamAngleX_1_1E.json
12433	1786035047	text/plain	JSON	receipt/manifest/provenance	PET (C)	fa832bc8bb70f5ad04160129a972f7e0e2a3cb1f	False			nd-unfolding/p3f_pet_fullevent/final/P3F_PET_receipt_BeamAngleY_0_1E.json
12433	1786035047	text/plain	JSON	receipt/manifest/provenance	PET (C)	83a718348754a14a26d75fb2cf83d5d5d41adee4	False			nd-unfolding/p3f_pet_fullevent/final/P3F_PET_receipt_BeamAngleY_1_1E.json
12432	1786035047	text/plain	JSON	receipt/manifest/provenance	PET (C)	e02005f41a7528c344b4b6a2c9c9f44fd5b9efdd	False			nd-unfolding/p3f_pet_fullevent/final/P3F_PET_receipt_BeamAngleX_0_1E.json
12428	1786035047	text/plain	JSON	receipt/manifest/provenance	PET (C)	fc000b9ba73cbe1d91d0f6c90094c7c6f176a5b6	False			nd-unfolding/p3f_pet_fullevent/final/P3F_PET_receipt_BeamAngleX_1_1D.json
12428	1786035047	text/plain	JSON	receipt/manifest/provenance	PET (C)	c1aae3aac4489fe7a7f2d36423d52ece2cb61a42	False			nd-unfolding/p3f_pet_fullevent/final/P3F_PET_receipt_BeamAngleX_1_1F.json
12428	1786035047	text/plain	JSON	receipt/manifest/provenance	PET (C)	f5aca4d9bef6d866842e9251fbc4a7b993d53221	False			nd-unfolding/p3f_pet_fullevent/final/P3F_PET_receipt_BeamAngleY_0_1D.json
12428	1786035047	text/plain	JSON	receipt/manifest/provenance	PET (C)	2a11c4b7694db059676deb10eef00564012d3f57	False			nd-unfolding/p3f_pet_fullevent/final/P3F_PET_receipt_BeamAngleY_0_1F.json
12428	1786035047	text/plain	JSON	receipt/manifest/provenance	PET (C)	d3bd66557f0dda67e791c2f50d48647f4f4057a5	False			nd-unfolding/p3f_pet_fullevent/final/P3F_PET_receipt_BeamAngleY_1_1D.json
12428	1786035047	text/plain	JSON	receipt/manifest/provenance	PET (C)	af6154c6f61a0ae7caf17b4644a7f5774111a785	False			nd-unfolding/p3f_pet_fullevent/final/P3F_PET_receipt_BeamAngleY_1_1F.json
12427	1786035047	text/plain	JSON	receipt/manifest/provenance	PET (C)	0aa0cb5b38928fd4c56afce4a62ea1d9adf09cd5	False			nd-unfolding/p3f_pet_fullevent/final/P3F_PET_receipt_BeamAngleX_0_1D.json
12427	1786035047	text/plain	JSON	receipt/manifest/provenance	PET (C)	d7a56ee93c2ed32a221a65bc4204bdfb22fd9e6a	False			nd-unfolding/p3f_pet_fullevent/final/P3F_PET_receipt_BeamAngleX_0_1F.json
12421	1786035047	text/plain	JSON	receipt/manifest/provenance	PET (C)	f0054a2dbd9d81e33dcf72e4af2bf41dbab26ecf	False			nd-unfolding/p3f_pet_fullevent/final/P3F_PET_receipt_MuonResolution_0_1M.json
12421	1786035047	text/plain	JSON	receipt/manifest/provenance	PET (C)	02d7721f3af73bff5b4db151f4e741cf28c0dc34	False			nd-unfolding/p3f_pet_fullevent/final/P3F_PET_receipt_MuonResolution_1_1M.json
12419	1786035047	text/plain	JSON	receipt/manifest/provenance	PET (C)	89468183aab6d4d107fce9c27f77d6d4d94f76fd	False			nd-unfolding/p3f_pet_fullevent/final/P3F_PET_receipt_MuonResolution_0_1A.json
12419	1786035047	text/plain	JSON	receipt/manifest/provenance	PET (C)	a7188faddcebfa2a027ab5450f16ab81d01704ce	False			nd-unfolding/p3f_pet_fullevent/final/P3F_PET_receipt_MuonResolution_0_1G.json
12419	1786035047	text/plain	JSON	receipt/manifest/provenance	PET (C)	3d5fd9c7f972880fa48fffe7394392ee81753a78	False			nd-unfolding/p3f_pet_fullevent/final/P3F_PET_receipt_MuonResolution_0_1N.json
12419	1786035047	text/plain	JSON	receipt/manifest/provenance	PET (C)	18a9232b17a8204034205d6882eb1948c9f14c4e	False			nd-unfolding/p3f_pet_fullevent/final/P3F_PET_receipt_MuonResolution_1_1A.json
12419	1786035047	text/plain	JSON	receipt/manifest/provenance	PET (C)	73844bc0e2a75deed65def07b89ddd870c5b76e6	False			nd-unfolding/p3f_pet_fullevent/final/P3F_PET_receipt_MuonResolution_1_1G.json
12419	1786035047	text/plain	JSON	receipt/manifest/provenance	PET (C)	b8d0238fc31abe3f1b14dc008a9ea8bf51a0b8a6	False			nd-unfolding/p3f_pet_fullevent/final/P3F_PET_receipt_MuonResolution_1_1N.json
12411	1786035047	text/plain	JSON	receipt/manifest/provenance	PET (C)	baeb8d43a13f79e84fc083d71a8d9e2b8f6c39c1	False			nd-unfolding/p3f_pet_fullevent/final/P3F_PET_receipt_MuonResolution_0_1O.json
12411	1786035047	text/plain	JSON	receipt/manifest/provenance	PET (C)	db385e30c5764083c87d4120050d3c42295b9ce1	False			nd-unfolding/p3f_pet_fullevent/final/P3F_PET_receipt_MuonResolution_1_1O.json
12409	1786035047	text/plain	JSON	receipt/manifest/provenance	PET (C)	4d4a67827ed60748db3cd2c125a9b41594840a5d	False			nd-unfolding/p3f_pet_fullevent/final/P3F_PET_receipt_MuonResolution_0_1C.json
12409	1786035047	text/plain	JSON	receipt/manifest/provenance	PET (C)	473ca0d2bd39605dd7f7271131e2824370a5fe23	False			nd-unfolding/p3f_pet_fullevent/final/P3F_PET_receipt_MuonResolution_1_1C.json
12407	1786035047	text/plain	JSON	receipt/manifest/provenance	PET (C)	ff5473c461f42c256571d38be735f251c3c6c09c	False			nd-unfolding/p3f_pet_fullevent/final/P3F_PET_receipt_MuonResolution_0_1B.json
12407	1786035047	text/plain	JSON	receipt/manifest/provenance	PET (C)	39c11ef7086ab28523dcec94df621524482c3dd7	False			nd-unfolding/p3f_pet_fullevent/final/P3F_PET_receipt_MuonResolution_1_1B.json
12399	1786035047	text/plain	JSON	receipt/manifest/provenance	PET (C)	64736353299f21974d524e5cd2ab5ba06520d3c2	False			nd-unfolding/p3f_pet_fullevent/final/P3F_PET_receipt_MuonResolution_0_1L.json
12399	1786035047	text/plain	JSON	receipt/manifest/provenance	PET (C)	5f38d518ead79152295c817d8521622200982165	False			nd-unfolding/p3f_pet_fullevent/final/P3F_PET_receipt_MuonResolution_1_1L.json
12337	1786035047	text/plain	JSON	receipt/manifest/provenance	PET (C)	978138378bd7de9de6392b6b1e3ef7d6b340fddc	False			nd-unfolding/p3f_pet_fullevent/final/P3F_PET_receipt_BeamAngleX_1_1M.json
12337	1786035047	text/plain	JSON	receipt/manifest/provenance	PET (C)	fed2962603648ce0c561705c57a056c276efa1c3	False			nd-unfolding/p3f_pet_fullevent/final/P3F_PET_receipt_BeamAngleY_0_1M.json
12337	1786035047	text/plain	JSON	receipt/manifest/provenance	PET (C)	aa8e72b2c6a4f1fee1592c08a6436f04d66a8716	False			nd-unfolding/p3f_pet_fullevent/final/P3F_PET_receipt_BeamAngleY_1_1M.json
12336	1786035047	text/plain	JSON	receipt/manifest/provenance	PET (C)	1939993556cbfc3eadce521753b81647b56b761b	False			nd-unfolding/p3f_pet_fullevent/final/P3F_PET_receipt_BeamAngleX_0_1M.json
12335	1786035047	text/plain	JSON	receipt/manifest/provenance	PET (C)	91eeedac357b2f465b34a313e0ad5c01ff78f9ff	False			nd-unfolding/p3f_pet_fullevent/final/P3F_PET_receipt_BeamAngleX_1_1A.json
12335	1786035047	text/plain	JSON	receipt/manifest/provenance	PET (C)	3fc80dad4eb98f8e499551c09012da3ea72cdc15	False			nd-unfolding/p3f_pet_fullevent/final/P3F_PET_receipt_BeamAngleX_1_1G.json
12335	1786035047	text/plain	JSON	receipt/manifest/provenance	PET (C)	bd11dcfd161e65866283359fa00bb7afe94e70e8	False			nd-unfolding/p3f_pet_fullevent/final/P3F_PET_receipt_BeamAngleX_1_1N.json
12335	1786035047	text/plain	JSON	receipt/manifest/provenance	PET (C)	d163cd57e8d6c2c4271f0b4eadf78725b49d6430	False			nd-unfolding/p3f_pet_fullevent/final/P3F_PET_receipt_BeamAngleY_0_1A.json
12335	1786035047	text/plain	JSON	receipt/manifest/provenance	PET (C)	ef9fc1e8987d8a19c9a1464515e3f08bf34adb87	False			nd-unfolding/p3f_pet_fullevent/final/P3F_PET_receipt_BeamAngleY_0_1G.json
12335	1786035047	text/plain	JSON	receipt/manifest/provenance	PET (C)	a2cb09b7f9bb4ca1d1a45b2c99129cc126cc8efc	False			nd-unfolding/p3f_pet_fullevent/final/P3F_PET_receipt_BeamAngleY_0_1N.json
12335	1786035047	text/plain	JSON	receipt/manifest/provenance	PET (C)	a8a1dd79bc6cd214beddd11799b4ad7cd21aa9a2	False			nd-unfolding/p3f_pet_fullevent/final/P3F_PET_receipt_BeamAngleY_1_1A.json
12335	1786035047	text/plain	JSON	receipt/manifest/provenance	PET (C)	de628382d8115a8708218dd31ce2f62dbe7a4dfb	False			nd-unfolding/p3f_pet_fullevent/final/P3F_PET_receipt_BeamAngleY_1_1G.json
12335	1786035047	text/plain	JSON	receipt/manifest/provenance	PET (C)	35cee771fecf3e4f81ed52f8592809f0c8d37fc9	False			nd-unfolding/p3f_pet_fullevent/final/P3F_PET_receipt_BeamAngleY_1_1N.json
12334	1786035047	text/plain	JSON	receipt/manifest/provenance	PET (C)	f134f22f4cc170fd95a97372307b24c5bc8c607e	False			nd-unfolding/p3f_pet_fullevent/final/P3F_PET_receipt_BeamAngleX_0_1A.json
12334	1786035047	text/plain	JSON	receipt/manifest/provenance	PET (C)	bab72dbcb05fac046b3c6cc30f06a3e34eaa900a	False			nd-unfolding/p3f_pet_fullevent/final/P3F_PET_receipt_BeamAngleX_0_1G.json
12334	1786035047	text/plain	JSON	receipt/manifest/provenance	PET (C)	e28a318c9a68b30c30311a5d2390e7d19f1e8572	False			nd-unfolding/p3f_pet_fullevent/final/P3F_PET_receipt_BeamAngleX_0_1N.json
12325	1786035047	text/plain	JSON	receipt/manifest/provenance	PET (C)	33e97c3c4c56830819f6db8ebdbe28181b38e532	False			nd-unfolding/p3f_pet_fullevent/final/P3F_PET_receipt_BeamAngleY_0_1C.json
12325	1786035047	text/plain	JSON	receipt/manifest/provenance	PET (C)	ee517745aa28bbf2c3f4cfa9e3dfabf929780663	False			nd-unfolding/p3f_pet_fullevent/final/P3F_PET_receipt_BeamAngleY_1_1C.json
12324	1786035047	text/plain	JSON	receipt/manifest/provenance	PET (C)	7760abc85bf3c415c63cffd915a2667fd778fed6	False			nd-unfolding/p3f_pet_fullevent/final/P3F_PET_receipt_BeamAngleX_0_1C.json
12322	1786035047	text/plain	JSON	receipt/manifest/provenance	PET (C)	e470c6911472c4f28e69fddfa61be5cb060cf82d	False			nd-unfolding/p3f_pet_fullevent/final/P3F_PET_receipt_BeamAngleX_1_1C.json
12321	1786035047	text/plain	JSON	receipt/manifest/provenance	PET (C)	519b344386b4f2b214a8a61916efbc7c63718cc1	False			nd-unfolding/p3f_pet_fullevent/final/P3F_PET_receipt_BeamAngleX_0_1O.json
12321	1786035047	text/plain	JSON	receipt/manifest/provenance	PET (C)	43adb0ccf06db37d538b39b63ae56e04b76b1a72	False			nd-unfolding/p3f_pet_fullevent/final/P3F_PET_receipt_BeamAngleX_1_1O.json
12321	1786035047	text/plain	JSON	receipt/manifest/provenance	PET (C)	650d55c19189acebf9446e055cdc0b406896a2ba	False			nd-unfolding/p3f_pet_fullevent/final/P3F_PET_receipt_BeamAngleY_0_1O.json
12321	1786035047	text/plain	JSON	receipt/manifest/provenance	PET (C)	b9c6d229abe491b748b9b99a844ab9c0b75b2b11	False			nd-unfolding/p3f_pet_fullevent/final/P3F_PET_receipt_BeamAngleY_1_1O.json
12317	1786035047	text/plain	JSON	receipt/manifest/provenance	PET (C)	14ef1699de5c1f53699fcf57d5bf904ea99ed12b	False			nd-unfolding/p3f_pet_fullevent/final/P3F_PET_receipt_BeamAngleX_1_1B.json
12317	1786035047	text/plain	JSON	receipt/manifest/provenance	PET (C)	d91c013c2c9f13e2b9014a031f72aad8b70595da	False			nd-unfolding/p3f_pet_fullevent/final/P3F_PET_receipt_BeamAngleY_0_1B.json
12317	1786035047	text/plain	JSON	receipt/manifest/provenance	PET (C)	3aade9c4bdc6b8befbe9126f55fc2f558418937b	False			nd-unfolding/p3f_pet_fullevent/final/P3F_PET_receipt_BeamAngleY_1_1B.json
12316	1786035047	text/plain	JSON	receipt/manifest/provenance	PET (C)	3ea90acbf548f1a41bdc14db283f7a5ca54cec50	False			nd-unfolding/p3f_pet_fullevent/final/P3F_PET_receipt_BeamAngleX_0_1B.json
12309	1786035047	text/plain	JSON	receipt/manifest/provenance	PET (C)	3382827e5968e8022b31973525fb071fb99b49b8	False			nd-unfolding/p3f_pet_fullevent/final/P3F_PET_receipt_BeamAngleX_1_1L.json
12309	1786035047	text/plain	JSON	receipt/manifest/provenance	PET (C)	4ef918c9f4c6a76ed45b4b8154f6a09484dee47f	False			nd-unfolding/p3f_pet_fullevent/final/P3F_PET_receipt_BeamAngleY_0_1L.json
12309	1786035047	text/plain	JSON	receipt/manifest/provenance	PET (C)	abed973ab3538fed66d4d5bcbfc65f44fb84139d	False			nd-unfolding/p3f_pet_fullevent/final/P3F_PET_receipt_BeamAngleY_1_1L.json
12308	1786035047	text/plain	JSON	receipt/manifest/provenance	PET (C)	79501bb6313de5b95e0799b968a7aaaefb3ecf23	False			nd-unfolding/p3f_pet_fullevent/final/P3F_PET_receipt_BeamAngleX_0_1L.json
11182	1786488307	text/plain	JSON	receipt/manifest/provenance	products	ff6d33e4c913e9da6cbae75f738d9a4d7187bd35	False			nd-unfolding/products/pet/bkgsub/pet_joint_vs_additive_retrain.json
11133	1786035048	text/plain	JSON	receipt/manifest/provenance	products	521f1663733a4ab4907a48c51aada39de178851f	False			nd-unfolding/products/pet/b1_closure/closure_b1_rate_injection_scan10_measured_N960k.json
9401	1786285604	text/plain	JSON	receipt/manifest/provenance	standard P4	04d18e7f004ca574bd61794a6dc82cc84eec3432	True			nd-unfolding/active_universe_5d/standard/candidate/std_component_manifest.json
8912	1786035048	text/plain	JSON	receipt/manifest/provenance	products	81436858cda324ab660c9ae3f8b33432985ea6b7	False			nd-unfolding/products/pet/b1_closure/closure_b1_rate_injection_scan8_measured_epochs32.json
8576	1786035048	text/plain	JSON	receipt/manifest/provenance	products	4b00d7ca47ce18985a905ac7cf94b00f8c9c55bb	False			nd-unfolding/products/pet/b1_closure/closure_b1_rate_injection_scan8.json
8379	1786061590	text/plain	JSON	receipt/manifest/provenance	5D UQ (B)	b6001a994f90a44d7a71ebd1fc52e8a9b04b5b11	False			nd-unfolding/uq_5d/rescaled_20260806_full160/j28_reroll_20260806_full160.json
8247	1786045430	text/plain	JSON	receipt/manifest/provenance	5D UQ (B)	9d85409bbb89d2dd83ec8c6c528531726da8bb01	True			nd-unfolding/uq_5d/rescaled_20260806/j28_reroll_20260806.json
7907	1786035059	text/x-python	CODE	human-authored source/config/doc	scratch	2483b516ba6bc0b5245f1697a70a964739d58723	False	0		scratch/verify_gate3.py
7852	1786035048	text/x-python	CODE	human-authored source/config/doc	PET (C)	1c7cecf0d778e12c62980b0235cd13a61418c45e	False	0		nd-unfolding/pet/preflight_powered_gap_floor.py
7199	1786035048	text/x-python	CODE	human-authored source/config/doc	PET (C)	b4fa2068dd50144e6de63a10d67d4631f13f285d	False	7		nd-unfolding/pet/stereo_assoc.py
6856	1786035048	text/plain	JSON	receipt/manifest/provenance	PET (C)	4e60f0940dd9a22b347bb4503541af3af2cf1fe1	False			nd-unfolding/p3f_pet_fullevent/work/Muon_Energy_MINERvA_0_1P/p3f_pet_validation_Muon_Energy_MINERvA_0_1P.json
6856	1786035048	text/plain	JSON	receipt/manifest/provenance	PET (C)	4c7875b6b3743af89714d931bddbb6754d3300fa	False			nd-unfolding/p3f_pet_fullevent/work/Muon_Energy_MINERvA_1_1P/p3f_pet_validation_Muon_Energy_MINERvA_1_1P.json
6830	1786035048	text/plain	JSON	receipt/manifest/provenance	PET (C)	b3e26c9aac967420abb687bb7a2a5c4d10c12411	False			nd-unfolding/p3f_pet_fullevent/work/Muon_Energy_MINOS_0_1P/p3f_pet_validation_Muon_Energy_MINOS_0_1P.json
6830	1786035048	text/plain	JSON	receipt/manifest/provenance	PET (C)	cd63b79270229b38aa8f368069afbc96d404b944	False			nd-unfolding/p3f_pet_fullevent/work/Muon_Energy_MINOS_1_1P/p3f_pet_validation_Muon_Energy_MINOS_1_1P.json
6814	1786035048	text/plain	JSON	receipt/manifest/provenance	PET (C)	891d4a961438ec9789ccdabc4f3202f2856d69b5	False			nd-unfolding/p3f_pet_fullevent/work/Muon_Energy_MINERvA_0_1E/p3f_pet_validation_Muon_Energy_MINERvA_0_1E.json
6814	1786035048	text/plain	JSON	receipt/manifest/provenance	PET (C)	104a9164a4a1d777ba03f03dd7c02db8d27b3b03	False			nd-unfolding/p3f_pet_fullevent/work/Muon_Energy_MINERvA_1_1E/p3f_pet_validation_Muon_Energy_MINERvA_1_1E.json
6811	1786035048	text/plain	JSON	receipt/manifest/provenance	PET (C)	42ccb3050e61c0f83b66c05f92dc5dc3da60f5be	False			nd-unfolding/p3f_pet_fullevent/work/Muon_Energy_MINERvA_0_1D/p3f_pet_validation_Muon_Energy_MINERvA_0_1D.json
6811	1786035048	text/plain	JSON	receipt/manifest/provenance	PET (C)	f4253d8050e1fb66bf52639fac6a895349fe8ec1	False			nd-unfolding/p3f_pet_fullevent/work/Muon_Energy_MINERvA_0_1F/p3f_pet_validation_Muon_Energy_MINERvA_0_1F.json
6811	1786035048	text/plain	JSON	receipt/manifest/provenance	PET (C)	685348c4c476e9291c547edbda97c3b916733feb	False			nd-unfolding/p3f_pet_fullevent/work/Muon_Energy_MINERvA_1_1D/p3f_pet_validation_Muon_Energy_MINERvA_1_1D.json
6811	1786035048	text/plain	JSON	receipt/manifest/provenance	PET (C)	d744b7f1c26aa6016beb8d0788c60d11523d0007	False			nd-unfolding/p3f_pet_fullevent/work/Muon_Energy_MINERvA_1_1F/p3f_pet_validation_Muon_Energy_MINERvA_1_1F.json
6791	1786035048	text/plain	JSON	receipt/manifest/provenance	PET (C)	6a8d894cbe4446a342a8634d2fc7fd41d3bdeaf5	False			nd-unfolding/p3f_pet_fullevent/work/MuonResolution_0_1P/p3f_pet_validation_MuonResolution_0_1P.json
6791	1786035048	text/plain	JSON	receipt/manifest/provenance	PET (C)	41557e0f0fcd82c5c9a9fd64450e84329cc5886b	False			nd-unfolding/p3f_pet_fullevent/work/MuonResolution_1_1P/p3f_pet_validation_MuonResolution_1_1P.json
6788	1786035048	text/plain	JSON	receipt/manifest/provenance	PET (C)	677a8ce70a55d79d004193f7e21e377b10169741	False			nd-unfolding/p3f_pet_fullevent/work/Muon_Energy_MINOS_0_1E/p3f_pet_validation_Muon_Energy_MINOS_0_1E.json
6788	1786035048	text/plain	JSON	receipt/manifest/provenance	PET (C)	24bcb958ba0dfad33a7298526aeea23859deb564	False			nd-unfolding/p3f_pet_fullevent/work/Muon_Energy_MINOS_1_1E/p3f_pet_validation_Muon_Energy_MINOS_1_1E.json
6785	1786035048	text/plain	JSON	receipt/manifest/provenance	PET (C)	94f571409626f8271ef12459780e9715dfd98917	False			nd-unfolding/p3f_pet_fullevent/work/Muon_Energy_MINOS_0_1D/p3f_pet_validation_Muon_Energy_MINOS_0_1D.json
6785	1786035048	text/plain	JSON	receipt/manifest/provenance	PET (C)	63d7bf4060bad0c361989dd77bbf5e7c17421c61	False			nd-unfolding/p3f_pet_fullevent/work/Muon_Energy_MINOS_0_1F/p3f_pet_validation_Muon_Energy_MINOS_0_1F.json
6785	1786035048	text/plain	JSON	receipt/manifest/provenance	PET (C)	bf3991c9e204ddf80cbea13f2f06500ef0360a70	False			nd-unfolding/p3f_pet_fullevent/work/Muon_Energy_MINOS_1_1D/p3f_pet_validation_Muon_Energy_MINOS_1_1D.json
6785	1786035048	text/plain	JSON	receipt/manifest/provenance	PET (C)	4bc4ebdef7b8709bc4293b2b3bf4709e7cf6578c	False			nd-unfolding/p3f_pet_fullevent/work/Muon_Energy_MINOS_1_1F/p3f_pet_validation_Muon_Energy_MINOS_1_1F.json
6757	1786035048	text/plain	JSON	receipt/manifest/provenance	PET (C)	56aee58eda39c394ca1547a60fc02030f1d42b76	False			nd-unfolding/p3f_pet_fullevent/work/Muon_Energy_MINERvA_0_1M/p3f_pet_validation_Muon_Energy_MINERvA_0_1M.json
6757	1786035048	text/plain	JSON	receipt/manifest/provenance	PET (C)	e252431d333bb4d183bf8c1bde5c973a96ecc19a	False			nd-unfolding/p3f_pet_fullevent/work/Muon_Energy_MINERvA_1_1M/p3f_pet_validation_Muon_Energy_MINERvA_1_1M.json
6756	1786035048	text/plain	JSON	receipt/manifest/provenance	PET (C)	a72dd01c74254a8fce8f3292b1006aa736ef949f	False			nd-unfolding/p3f_pet_fullevent/work/Muon_Energy_MINERvA_0_1A/p3f_pet_validation_Muon_Energy_MINERvA_0_1A.json
6756	1786035048	text/plain	JSON	receipt/manifest/provenance	PET (C)	2e9e5a3711955bd81e8aa920ff1b042a3ab5e2ac	False			nd-unfolding/p3f_pet_fullevent/work/Muon_Energy_MINERvA_0_1G/p3f_pet_validation_Muon_Energy_MINERvA_0_1G.json
6756	1786035048	text/plain	JSON	receipt/manifest/provenance	PET (C)	8e577e94a39cb94d9c7948cc2f094bd283ea4563	False			nd-unfolding/p3f_pet_fullevent/work/Muon_Energy_MINERvA_0_1N/p3f_pet_validation_Muon_Energy_MINERvA_0_1N.json
6756	1786035048	text/plain	JSON	receipt/manifest/provenance	PET (C)	ff021de01ad49b4bbec988e920f7a2b84a8b4e04	False			nd-unfolding/p3f_pet_fullevent/work/Muon_Energy_MINERvA_1_1A/p3f_pet_validation_Muon_Energy_MINERvA_1_1A.json
6756	1786035048	text/plain	JSON	receipt/manifest/provenance	PET (C)	63a994de0cdc48e7f5727d2f2b120ae298307cfc	False			nd-unfolding/p3f_pet_fullevent/work/Muon_Energy_MINERvA_1_1G/p3f_pet_validation_Muon_Energy_MINERvA_1_1G.json
6756	1786035048	text/plain	JSON	receipt/manifest/provenance	PET (C)	3dee66450c36d333e9926c7e9cf60eacc438aabc	False			nd-unfolding/p3f_pet_fullevent/work/Muon_Energy_MINERvA_1_1N/p3f_pet_validation_Muon_Energy_MINERvA_1_1N.json
6749	1786035048	text/plain	JSON	receipt/manifest/provenance	PET (C)	5f2f89a86231c5714d68638cbbbc5bb49a4dbb2b	False			nd-unfolding/p3f_pet_fullevent/work/MuonResolution_0_1E/p3f_pet_validation_MuonResolution_0_1E.json
6749	1786035048	text/plain	JSON	receipt/manifest/provenance	PET (C)	dea11d9dd2235333ef8afc71e1071f2586970473	False			nd-unfolding/p3f_pet_fullevent/work/MuonResolution_1_1E/p3f_pet_validation_MuonResolution_1_1E.json
6749	1786035048	text/plain	JSON	receipt/manifest/provenance	PET (C)	0249b62515c77f4dddbb1a185c9e5df2031d6b22	False			nd-unfolding/p3f_pet_fullevent/work/Muon_Energy_MINERvA_0_1O/p3f_pet_validation_Muon_Energy_MINERvA_0_1O.json
6749	1786035048	text/plain	JSON	receipt/manifest/provenance	PET (C)	ccdd220bfa369f8f03d804ff7a7d2dc38a7c513a	False			nd-unfolding/p3f_pet_fullevent/work/Muon_Energy_MINERvA_1_1O/p3f_pet_validation_Muon_Energy_MINERvA_1_1O.json
6748	1786035048	text/plain	JSON	receipt/manifest/provenance	PET (C)	b61b94e5b877acb7c3c6e92dac8e461e469a5314	False			nd-unfolding/p3f_pet_fullevent/work/Muon_Energy_MINERvA_0_1C/p3f_pet_validation_Muon_Energy_MINERvA_0_1C.json
6748	1786035048	text/plain	JSON	receipt/manifest/provenance	PET (C)	3d085a4234d841a958ad028cb762ab94406cdec4	False			nd-unfolding/p3f_pet_fullevent/work/Muon_Energy_MINERvA_1_1C/p3f_pet_validation_Muon_Energy_MINERvA_1_1C.json
6746	1786035048	text/plain	JSON	receipt/manifest/provenance	PET (C)	e0f93ec85463191a34064590ca3d4308161f0707	False			nd-unfolding/p3f_pet_fullevent/work/MuonResolution_0_1D/p3f_pet_validation_MuonResolution_0_1D.json
6746	1786035048	text/plain	JSON	receipt/manifest/provenance	PET (C)	a4e0455c29788d3f37e7c8f016a298f38313294f	False			nd-unfolding/p3f_pet_fullevent/work/MuonResolution_0_1F/p3f_pet_validation_MuonResolution_0_1F.json
6746	1786035048	text/plain	JSON	receipt/manifest/provenance	PET (C)	a6599c94419427447ca3c6de9bbf486d2c52fdff	False			nd-unfolding/p3f_pet_fullevent/work/MuonResolution_1_1D/p3f_pet_validation_MuonResolution_1_1D.json
6746	1786035048	text/plain	JSON	receipt/manifest/provenance	PET (C)	88cc8780720b4d0e08624641767866ccd4af153a	False			nd-unfolding/p3f_pet_fullevent/work/MuonResolution_1_1F/p3f_pet_validation_MuonResolution_1_1F.json
6746	1786035048	text/plain	JSON	receipt/manifest/provenance	PET (C)	1684c38b472ba20097ad5647c1fb4b57408fbda8	False			nd-unfolding/p3f_pet_fullevent/work/Muon_Energy_MINERvA_0_1B/p3f_pet_validation_Muon_Energy_MINERvA_0_1B.json
6746	1786035048	text/plain	JSON	receipt/manifest/provenance	PET (C)	9db3a2bb4510979d62a2cd902934a8291d705ab7	False			nd-unfolding/p3f_pet_fullevent/work/Muon_Energy_MINERvA_1_1B/p3f_pet_validation_Muon_Energy_MINERvA_1_1B.json
6745	1786035047	text/plain	JSON	receipt/manifest/provenance	PET (C)	2f7b72e8352326050c5369e39c7519eebfd13239	False			nd-unfolding/p3f_pet_fullevent/work/BeamAngleX_0_1P/p3f_pet_validation_BeamAngleX_0_1P.json
6745	1786035047	text/plain	JSON	receipt/manifest/provenance	PET (C)	d9ba2fa4f70ae9521d6cd8510778dfea2f118e00	False			nd-unfolding/p3f_pet_fullevent/work/BeamAngleX_1_1P/p3f_pet_validation_BeamAngleX_1_1P.json
6745	1786035048	text/plain	JSON	receipt/manifest/provenance	PET (C)	9f32e34311970496759ad1c86057a733f84d4730	False			nd-unfolding/p3f_pet_fullevent/work/BeamAngleY_1_1P/p3f_pet_validation_BeamAngleY_1_1P.json
6743	1786035048	text/plain	JSON	receipt/manifest/provenance	PET (C)	fa35b8b03aad65793be4c7580e6a8a31f06142f7	False			nd-unfolding/p3f_pet_fullevent/work/BeamAngleY_0_1P/p3f_pet_validation_BeamAngleY_0_1P.json
6742	1786035048	text/plain	JSON	receipt/manifest/provenance	PET (C)	b8e23640cdf5fb785e0db3bfe6ea100cc31658f0	False			nd-unfolding/p3f_pet_fullevent/work/Muon_Energy_MINERvA_0_1L/p3f_pet_validation_Muon_Energy_MINERvA_0_1L.json
6742	1786035048	text/plain	JSON	receipt/manifest/provenance	PET (C)	4e7884e46f63288c7a18acfa160dc015985209c1	False			nd-unfolding/p3f_pet_fullevent/work/Muon_Energy_MINERvA_1_1L/p3f_pet_validation_Muon_Energy_MINERvA_1_1L.json
6731	1786035048	text/plain	JSON	receipt/manifest/provenance	PET (C)	af547d50b43b92157455c98c0975e9bb75779fa2	False			nd-unfolding/p3f_pet_fullevent/work/Muon_Energy_MINOS_0_1M/p3f_pet_validation_Muon_Energy_MINOS_0_1M.json
6731	1786035048	text/plain	JSON	receipt/manifest/provenance	PET (C)	675e14dd6b040945a9c9fb1bc9146ec2c173f79c	False			nd-unfolding/p3f_pet_fullevent/work/Muon_Energy_MINOS_1_1M/p3f_pet_validation_Muon_Energy_MINOS_1_1M.json
6730	1786035048	text/plain	JSON	receipt/manifest/provenance	PET (C)	6fb29a1b02e6e629319831e6858ab199849322b3	False			nd-unfolding/p3f_pet_fullevent/work/Muon_Energy_MINOS_0_1A/p3f_pet_validation_Muon_Energy_MINOS_0_1A.json
6730	1786035048	text/plain	JSON	receipt/manifest/provenance	PET (C)	229795098687bd825e6e5a984f22a801757c42a9	False			nd-unfolding/p3f_pet_fullevent/work/Muon_Energy_MINOS_0_1G/p3f_pet_validation_Muon_Energy_MINOS_0_1G.json
6730	1786035048	text/plain	JSON	receipt/manifest/provenance	PET (C)	4a67a2a29dcb2eb6a43f36496a134fcd997cb73b	False			nd-unfolding/p3f_pet_fullevent/work/Muon_Energy_MINOS_0_1N/p3f_pet_validation_Muon_Energy_MINOS_0_1N.json
6730	1786035048	text/plain	JSON	receipt/manifest/provenance	PET (C)	311fc174db8a3d53a41beb3e3a88e579b5bc9965	False			nd-unfolding/p3f_pet_fullevent/work/Muon_Energy_MINOS_1_1A/p3f_pet_validation_Muon_Energy_MINOS_1_1A.json
6730	1786035048	text/plain	JSON	receipt/manifest/provenance	PET (C)	37b6f011d8c78dec84d1d2a954847ca02be22a21	False			nd-unfolding/p3f_pet_fullevent/work/Muon_Energy_MINOS_1_1G/p3f_pet_validation_Muon_Energy_MINOS_1_1G.json
6730	1786035048	text/plain	JSON	receipt/manifest/provenance	PET (C)	05d17a1463e586abbdcc3ea696b1c5a2889e75ff	False			nd-unfolding/p3f_pet_fullevent/work/Muon_Energy_MINOS_1_1N/p3f_pet_validation_Muon_Energy_MINOS_1_1N.json
6723	1786035048	text/plain	JSON	receipt/manifest/provenance	PET (C)	8a912fdb712fdde74f3c838c503a8eb02923eb71	False			nd-unfolding/p3f_pet_fullevent/work/Muon_Energy_MINOS_0_1O/p3f_pet_validation_Muon_Energy_MINOS_0_1O.json
6723	1786035048	text/plain	JSON	receipt/manifest/provenance	PET (C)	7e38e3dfbc0df6fb62dd97af8b0eeb3798445f01	False			nd-unfolding/p3f_pet_fullevent/work/Muon_Energy_MINOS_1_1O/p3f_pet_validation_Muon_Energy_MINOS_1_1O.json
6722	1786035048	text/plain	JSON	receipt/manifest/provenance	PET (C)	df779c4a78b7b2cf930ab7cadd056ecae7ec5e2b	False			nd-unfolding/p3f_pet_fullevent/work/Muon_Energy_MINOS_0_1C/p3f_pet_validation_Muon_Energy_MINOS_0_1C.json
6722	1786035048	text/plain	JSON	receipt/manifest/provenance	PET (C)	e896390de9e0c0c03ca9004f0cee04888e1157af	False			nd-unfolding/p3f_pet_fullevent/work/Muon_Energy_MINOS_1_1C/p3f_pet_validation_Muon_Energy_MINOS_1_1C.json
6720	1786035048	text/plain	JSON	receipt/manifest/provenance	PET (C)	2c51fafa507e816b86c07d7b32ee7e6679f0ea61	False			nd-unfolding/p3f_pet_fullevent/work/Muon_Energy_MINOS_0_1B/p3f_pet_validation_Muon_Energy_MINOS_0_1B.json
6720	1786035048	text/plain	JSON	receipt/manifest/provenance	PET (C)	d7b7f9b1ab763b611e6394f2c133725e26956539	False			nd-unfolding/p3f_pet_fullevent/work/Muon_Energy_MINOS_1_1B/p3f_pet_validation_Muon_Energy_MINOS_1_1B.json
6716	1786035048	text/plain	JSON	receipt/manifest/provenance	PET (C)	8642b271f6fee89e5b38af594100dda9161237d3	False			nd-unfolding/p3f_pet_fullevent/work/Muon_Energy_MINOS_0_1L/p3f_pet_validation_Muon_Energy_MINOS_0_1L.json
6716	1786035048	text/plain	JSON	receipt/manifest/provenance	PET (C)	95c5bb7fbd4d1d0f11cf2544d87fbfd2114260e7	False			nd-unfolding/p3f_pet_fullevent/work/Muon_Energy_MINOS_1_1L/p3f_pet_validation_Muon_Energy_MINOS_1_1L.json
6705	1786035047	text/plain	JSON	receipt/manifest/provenance	PET (C)	ed20f7d01060c82f0048559cfd74f2b5fef012d1	False			nd-unfolding/p3f_pet_fullevent/work/BeamAngleX_0_1E/p3f_pet_validation_BeamAngleX_0_1E.json
6705	1786035047	text/plain	JSON	receipt/manifest/provenance	PET (C)	5e41113d92170d2d44040eda4887e22a8bbdaf6e	False			nd-unfolding/p3f_pet_fullevent/work/BeamAngleX_1_1E/p3f_pet_validation_BeamAngleX_1_1E.json
6705	1786035048	text/plain	JSON	receipt/manifest/provenance	PET (C)	b1fcf042d3a94c33c6f1b004b99bdbed93bed372	False			nd-unfolding/p3f_pet_fullevent/work/BeamAngleY_0_1E/p3f_pet_validation_BeamAngleY_0_1E.json
6705	1786035048	text/plain	JSON	receipt/manifest/provenance	PET (C)	bff672d1e8f6bcb6ac0876f7d717e965c08132c6	False			nd-unfolding/p3f_pet_fullevent/work/BeamAngleY_1_1E/p3f_pet_validation_BeamAngleY_1_1E.json
6702	1786035047	text/plain	JSON	receipt/manifest/provenance	PET (C)	f9389be7b824ffcbd8fa1f1bea8b056b5281d306	False			nd-unfolding/p3f_pet_fullevent/work/BeamAngleX_0_1D/p3f_pet_validation_BeamAngleX_0_1D.json
6702	1786035047	text/plain	JSON	receipt/manifest/provenance	PET (C)	3c0de93023a7d74d6f04de570d9e00ffdc0ca0eb	False			nd-unfolding/p3f_pet_fullevent/work/BeamAngleX_0_1F/p3f_pet_validation_BeamAngleX_0_1F.json
6702	1786035047	text/plain	JSON	receipt/manifest/provenance	PET (C)	e43eb14c6eef6589b53dbba3666048e3c1e2b0b1	False			nd-unfolding/p3f_pet_fullevent/work/BeamAngleX_1_1D/p3f_pet_validation_BeamAngleX_1_1D.json
6702	1786035047	text/plain	JSON	receipt/manifest/provenance	PET (C)	250578c87239b4a1cd7d294223d45e7c498f4f86	False			nd-unfolding/p3f_pet_fullevent/work/BeamAngleX_1_1F/p3f_pet_validation_BeamAngleX_1_1F.json
6702	1786035048	text/plain	JSON	receipt/manifest/provenance	PET (C)	4bef145d923687d15465603efe7608307f498890	False			nd-unfolding/p3f_pet_fullevent/work/BeamAngleY_0_1D/p3f_pet_validation_BeamAngleY_0_1D.json
6702	1786035048	text/plain	JSON	receipt/manifest/provenance	PET (C)	f3d6a62ddabf872063f179593e8386a6efb7db9f	False			nd-unfolding/p3f_pet_fullevent/work/BeamAngleY_0_1F/p3f_pet_validation_BeamAngleY_0_1F.json
6702	1786035048	text/plain	JSON	receipt/manifest/provenance	PET (C)	1f85f3a64d00f2c24fd1e7eae2b98403a3d15822	False			nd-unfolding/p3f_pet_fullevent/work/BeamAngleY_1_1D/p3f_pet_validation_BeamAngleY_1_1D.json
6702	1786035048	text/plain	JSON	receipt/manifest/provenance	PET (C)	a07b1a1e12b58a28c17ff5879c9c06ab65bc402a	False			nd-unfolding/p3f_pet_fullevent/work/BeamAngleY_1_1F/p3f_pet_validation_BeamAngleY_1_1F.json
6692	1786035048	text/plain	JSON	receipt/manifest/provenance	PET (C)	4f8a13680fe49d7442c5feb8aab941f6490eb457	False			nd-unfolding/p3f_pet_fullevent/work/MuonResolution_0_1M/p3f_pet_validation_MuonResolution_0_1M.json
6692	1786035048	text/plain	JSON	receipt/manifest/provenance	PET (C)	26d4db7b8d79eea76243f274c36c2865635e32da	False			nd-unfolding/p3f_pet_fullevent/work/MuonResolution_1_1M/p3f_pet_validation_MuonResolution_1_1M.json
6691	1786035048	text/plain	JSON	receipt/manifest/provenance	PET (C)	904446cc3e5d7a16c503b3836e5e216994bc803a	False			nd-unfolding/p3f_pet_fullevent/work/MuonResolution_0_1A/p3f_pet_validation_MuonResolution_0_1A.json
6691	1786035048	text/plain	JSON	receipt/manifest/provenance	PET (C)	91e9af9c7955fc0305ae1c86ac2b2d02ad7190aa	False			nd-unfolding/p3f_pet_fullevent/work/MuonResolution_0_1G/p3f_pet_validation_MuonResolution_0_1G.json
6691	1786035048	text/plain	JSON	receipt/manifest/provenance	PET (C)	c8a68bdedab343c83bfde73418b65a3f519960ea	False			nd-unfolding/p3f_pet_fullevent/work/MuonResolution_0_1N/p3f_pet_validation_MuonResolution_0_1N.json
6691	1786035048	text/plain	JSON	receipt/manifest/provenance	PET (C)	6e861e6fd0475c0c77d1afa0fe686fcb49f6ada0	False			nd-unfolding/p3f_pet_fullevent/work/MuonResolution_1_1A/p3f_pet_validation_MuonResolution_1_1A.json
6691	1786035048	text/plain	JSON	receipt/manifest/provenance	PET (C)	4ab87a73b205956fa6d19a62eacab940dbdbb04b	False			nd-unfolding/p3f_pet_fullevent/work/MuonResolution_1_1G/p3f_pet_validation_MuonResolution_1_1G.json
6691	1786035048	text/plain	JSON	receipt/manifest/provenance	PET (C)	70266a5e405f4ceb7260e07ebdddc99bf3fac3da	False			nd-unfolding/p3f_pet_fullevent/work/MuonResolution_1_1N/p3f_pet_validation_MuonResolution_1_1N.json
6684	1786035048	text/plain	JSON	receipt/manifest/provenance	PET (C)	2b6994e1ab0fd02a710ce80f644cafa12c2c5392	False			nd-unfolding/p3f_pet_fullevent/work/MuonResolution_0_1O/p3f_pet_validation_MuonResolution_0_1O.json
6684	1786035048	text/plain	JSON	receipt/manifest/provenance	PET (C)	bd1ccc6e820c3b4f88edd6d70ead8ff73c4ccffc	False			nd-unfolding/p3f_pet_fullevent/work/MuonResolution_1_1O/p3f_pet_validation_MuonResolution_1_1O.json
6683	1786035048	text/plain	JSON	receipt/manifest/provenance	PET (C)	1d121ebe741f32a204642f3846fe65da97a503c7	False			nd-unfolding/p3f_pet_fullevent/work/MuonResolution_0_1C/p3f_pet_validation_MuonResolution_0_1C.json
6683	1786035048	text/plain	JSON	receipt/manifest/provenance	PET (C)	295ad55607592148876c7d5eebdc58e32f8233bb	False			nd-unfolding/p3f_pet_fullevent/work/MuonResolution_1_1C/p3f_pet_validation_MuonResolution_1_1C.json
6681	1786035048	text/plain	JSON	receipt/manifest/provenance	PET (C)	4786c97421872ee522f5f4b741d9523ac91797f6	False			nd-unfolding/p3f_pet_fullevent/work/MuonResolution_0_1B/p3f_pet_validation_MuonResolution_0_1B.json
6681	1786035048	text/plain	JSON	receipt/manifest/provenance	PET (C)	892d9b7eeede55adcdd419b1eeb55e2f8842a22d	False			nd-unfolding/p3f_pet_fullevent/work/MuonResolution_1_1B/p3f_pet_validation_MuonResolution_1_1B.json
6677	1786035048	text/plain	JSON	receipt/manifest/provenance	PET (C)	20c5095d8c33cee929662b454dd33c76c6e9ee1c	False			nd-unfolding/p3f_pet_fullevent/work/MuonResolution_0_1L/p3f_pet_validation_MuonResolution_0_1L.json
6677	1786035048	text/plain	JSON	receipt/manifest/provenance	PET (C)	ad540eae3f947bbd3d95baf6753d9e749cc93ca4	False			nd-unfolding/p3f_pet_fullevent/work/MuonResolution_1_1L/p3f_pet_validation_MuonResolution_1_1L.json
6648	1786035047	text/plain	JSON	receipt/manifest/provenance	PET (C)	c55e92dce863007b079e4298276f0444ccd48241	False			nd-unfolding/p3f_pet_fullevent/work/BeamAngleX_0_1M/p3f_pet_validation_BeamAngleX_0_1M.json
6648	1786035047	text/plain	JSON	receipt/manifest/provenance	PET (C)	e84dcd3eb41d8173dea806e2c560ebbeba139838	False			nd-unfolding/p3f_pet_fullevent/work/BeamAngleX_1_1M/p3f_pet_validation_BeamAngleX_1_1M.json
6648	1786035048	text/plain	JSON	receipt/manifest/provenance	PET (C)	879432d47ab07d8ce8a12223d3dcd4b944f7e738	False			nd-unfolding/p3f_pet_fullevent/work/BeamAngleY_0_1M/p3f_pet_validation_BeamAngleY_0_1M.json
6648	1786035048	text/plain	JSON	receipt/manifest/provenance	PET (C)	63c41731547f4431d142724754070bf2e69169b1	False			nd-unfolding/p3f_pet_fullevent/work/BeamAngleY_1_1M/p3f_pet_validation_BeamAngleY_1_1M.json
6647	1786035047	text/plain	JSON	receipt/manifest/provenance	PET (C)	2bb9f6e8854cdea27d7b7a791754af9b6516ac78	False			nd-unfolding/p3f_pet_fullevent/work/BeamAngleX_0_1A/p3f_pet_validation_BeamAngleX_0_1A.json
6647	1786035047	text/plain	JSON	receipt/manifest/provenance	PET (C)	557500c34ff772cee1432c55c04c6ee0f51a1245	False			nd-unfolding/p3f_pet_fullevent/work/BeamAngleX_0_1G/p3f_pet_validation_BeamAngleX_0_1G.json
6647	1786035047	text/plain	JSON	receipt/manifest/provenance	PET (C)	40d557ba9183be8dc99f4c9ce502dd8d96d5fcfa	False			nd-unfolding/p3f_pet_fullevent/work/BeamAngleX_0_1N/p3f_pet_validation_BeamAngleX_0_1N.json
6647	1786035047	text/plain	JSON	receipt/manifest/provenance	PET (C)	8dbd001556bacd441612bb242e2d1759bfe5419f	False			nd-unfolding/p3f_pet_fullevent/work/BeamAngleX_1_1A/p3f_pet_validation_BeamAngleX_1_1A.json
6647	1786035047	text/plain	JSON	receipt/manifest/provenance	PET (C)	2e51e4413f2aaa2635bdb176a380eaf9b62c8132	False			nd-unfolding/p3f_pet_fullevent/work/BeamAngleX_1_1G/p3f_pet_validation_BeamAngleX_1_1G.json
6647	1786035047	text/plain	JSON	receipt/manifest/provenance	PET (C)	33d946ae92766924f0572c0d6ac4d2a298439804	False			nd-unfolding/p3f_pet_fullevent/work/BeamAngleX_1_1N/p3f_pet_validation_BeamAngleX_1_1N.json
6647	1786035047	text/plain	JSON	receipt/manifest/provenance	PET (C)	059705e018327f2e02463404b5305f36bfb8b0c4	False			nd-unfolding/p3f_pet_fullevent/work/BeamAngleY_0_1A/p3f_pet_validation_BeamAngleY_0_1A.json
6647	1786035048	text/plain	JSON	receipt/manifest/provenance	PET (C)	4c8b32c88e660d5852c23740e881ba2d936ebc3c	False			nd-unfolding/p3f_pet_fullevent/work/BeamAngleY_0_1G/p3f_pet_validation_BeamAngleY_0_1G.json
6647	1786035048	text/plain	JSON	receipt/manifest/provenance	PET (C)	bd1be250f222c36d11b8001967e09b57b3b52323	False			nd-unfolding/p3f_pet_fullevent/work/BeamAngleY_0_1N/p3f_pet_validation_BeamAngleY_0_1N.json
6647	1786035048	text/plain	JSON	receipt/manifest/provenance	PET (C)	035d9d2c04da31711998d6c7ca645ce6232780dd	False			nd-unfolding/p3f_pet_fullevent/work/BeamAngleY_1_1A/p3f_pet_validation_BeamAngleY_1_1A.json
6647	1786035048	text/plain	JSON	receipt/manifest/provenance	PET (C)	bb5bad0b11a44ce192d04d59bdedd03ec6d7c64f	False			nd-unfolding/p3f_pet_fullevent/work/BeamAngleY_1_1G/p3f_pet_validation_BeamAngleY_1_1G.json
6647	1786035048	text/plain	JSON	receipt/manifest/provenance	PET (C)	9d3f5ae7904ee7c36caa40dce5d7aff5b58e12c8	False			nd-unfolding/p3f_pet_fullevent/work/BeamAngleY_1_1N/p3f_pet_validation_BeamAngleY_1_1N.json
6639	1786035047	text/plain	JSON	receipt/manifest/provenance	PET (C)	3e76a22771312f8e7052a5188560b8376e5a04c6	False			nd-unfolding/p3f_pet_fullevent/work/BeamAngleX_0_1C/p3f_pet_validation_BeamAngleX_0_1C.json
6639	1786035048	text/plain	JSON	receipt/manifest/provenance	PET (C)	c5c4b8a66f3c458f8eceb413501d7be4961e73b3	False			nd-unfolding/p3f_pet_fullevent/work/BeamAngleY_0_1C/p3f_pet_validation_BeamAngleY_0_1C.json
6639	1786035048	text/plain	JSON	receipt/manifest/provenance	PET (C)	d8c75a5958a28115fe5702dc26f3632f09c0c549	False			nd-unfolding/p3f_pet_fullevent/work/BeamAngleY_1_1C/p3f_pet_validation_BeamAngleY_1_1C.json
6637	1786035047	text/plain	JSON	receipt/manifest/provenance	PET (C)	843bad2f6c9a031c68f0daa723061913bf5b2a84	False			nd-unfolding/p3f_pet_fullevent/work/BeamAngleX_1_1C/p3f_pet_validation_BeamAngleX_1_1C.json
6636	1786035047	text/plain	JSON	receipt/manifest/provenance	PET (C)	78ea7502b23851d9d32eec27d984d12984851bc9	False			nd-unfolding/p3f_pet_fullevent/work/BeamAngleX_0_1O/p3f_pet_validation_BeamAngleX_0_1O.json
6636	1786035047	text/plain	JSON	receipt/manifest/provenance	PET (C)	08346471e894c5b2ab3fecec6f77e6873d7c3323	False			nd-unfolding/p3f_pet_fullevent/work/BeamAngleX_1_1O/p3f_pet_validation_BeamAngleX_1_1O.json
6636	1786035048	text/plain	JSON	receipt/manifest/provenance	PET (C)	51cdc2449de099aade33cfbecbb1cce7513efa5a	False			nd-unfolding/p3f_pet_fullevent/work/BeamAngleY_0_1O/p3f_pet_validation_BeamAngleY_0_1O.json
6636	1786035048	text/plain	JSON	receipt/manifest/provenance	PET (C)	b069110339c0afd4d8dd842e58c3f213e0ce82b9	False			nd-unfolding/p3f_pet_fullevent/work/BeamAngleY_1_1O/p3f_pet_validation_BeamAngleY_1_1O.json
6633	1786035047	text/plain	JSON	receipt/manifest/provenance	PET (C)	ac636ad8a1dd162daf0ae08e6299f56b443ba3de	False			nd-unfolding/p3f_pet_fullevent/work/BeamAngleX_0_1B/p3f_pet_validation_BeamAngleX_0_1B.json
6633	1786035047	text/plain	JSON	receipt/manifest/provenance	PET (C)	e9ff878bd947c5527b3b287f3a219596cf0e891e	False			nd-unfolding/p3f_pet_fullevent/work/BeamAngleX_1_1B/p3f_pet_validation_BeamAngleX_1_1B.json
6633	1786035048	text/plain	JSON	receipt/manifest/provenance	PET (C)	341f398fd42625f0c5ad543a1b696376075fcd01	False			nd-unfolding/p3f_pet_fullevent/work/BeamAngleY_0_1B/p3f_pet_validation_BeamAngleY_0_1B.json
6633	1786035048	text/plain	JSON	receipt/manifest/provenance	PET (C)	6eca12ac92472e77079618bd7b437a618c434389	False			nd-unfolding/p3f_pet_fullevent/work/BeamAngleY_1_1B/p3f_pet_validation_BeamAngleY_1_1B.json
6629	1786035047	text/plain	JSON	receipt/manifest/provenance	PET (C)	573b703c3dd5321a1a3b986962af4b994e64b310	False			nd-unfolding/p3f_pet_fullevent/work/BeamAngleX_0_1L/p3f_pet_validation_BeamAngleX_0_1L.json
6629	1786035047	text/plain	JSON	receipt/manifest/provenance	PET (C)	87f6782d2cc1917abba5f9d698efebe3d579026b	False			nd-unfolding/p3f_pet_fullevent/work/BeamAngleX_1_1L/p3f_pet_validation_BeamAngleX_1_1L.json
6629	1786035048	text/plain	JSON	receipt/manifest/provenance	PET (C)	fc91b2083cc58a05066c98957565ac054eebb8b6	False			nd-unfolding/p3f_pet_fullevent/work/BeamAngleY_0_1L/p3f_pet_validation_BeamAngleY_0_1L.json
6629	1786035048	text/plain	JSON	receipt/manifest/provenance	PET (C)	aba39d87344937053e9fa50d7dedf528f4a9b558	False			nd-unfolding/p3f_pet_fullevent/work/BeamAngleY_1_1L/p3f_pet_validation_BeamAngleY_1_1L.json
6624	1786488609	text/x-shellscript	CODE	human-authored source/config/doc	unassigned	c6e978b1ba9a762adefa4dbff9c6e7958c638a0f	True			nd-unfolding/sbatch_readopt_5d_bkgaware_footing.sh
6530	1786489733	text/plain	JSON	receipt/manifest/provenance	PET (C)	259ab04ccbb62a0370dd4a43eedc01b7c33b1d20	True			nd-unfolding/pet/fullevent_nominal_annealed/STEP1_TRAJECTORY.control-prenneal.slurm-56691812.json
6410	1786035047	text/plain	JSON	receipt/manifest/provenance	orchestration	56668941628f48668228800bbbd6ea4ae689fa27	False			docs/orchestration/state/usage-final.f4pjhd.json
6408	1786035047	text/plain	JSON	receipt/manifest/provenance	orchestration	93919e7416d83df7e03a24b80007f77df034ba5e	False			docs/orchestration/state/usage-pre_B.THO6qJ.json
6290	1786035047	text/plain	JSON	receipt/manifest/provenance	orchestration	ff6273971a8783187e9d30e9a54d053fa22362cf	False			docs/orchestration/state/usage-pre_A.5DCm4I.json
6284	1786490564	text/plain	JSON	receipt/manifest/provenance	PET (C)	d4b85b5fd041c08c948ac817a9e366802e3db008	True			nd-unfolding/pet/fullevent_nominal_annealed/STEP1_TRAJECTORY.slurm-56691812.json
6157	1786035047	text/plain	JSON	receipt/manifest/provenance	orchestration	53ea0d9027fd5ac8a3c4e935f8b06e46e0698100	False			docs/orchestration/state/usage-pre_C.ItJBW7.json
6033	1786313726	text/plain	JSON	receipt/manifest/provenance	PET (C)	9fa1391306ae432ce17199bdcf8b323849271dcd	False			nd-unfolding/pet/step1_iteration_dynamics/warm_fixed_annealed_lr/slurm-56534117/STEP1_DYNAMICS.json
5980	1786453625	text/plain	JSON	receipt/manifest/provenance	orchestration	2458eb398ff86f1d685171ecb3942927de850c63	False			docs/orchestration/runs/agent-A-standard/20260811T125432Z-send-556e63bc.json
5810	1786035047	text/plain	JSON	receipt/manifest/provenance	orchestration	a09bf4cafde3e65c84f5936212843181088ca4ee	False			docs/orchestration/runs/agent-B-p5b/20260721T192223Z-send-cd08b06f.json
5514	1786035048	text/x-python	CODE	human-authored source/config/doc	PET (C)	f1a3b9793ad3ed75e4d413d1603419b2f5f2fde2	False	13		nd-unfolding/pet/dump_display_events.py
5474	1786035047	text/plain	JSON	receipt/manifest/provenance	orchestration	8e341bf28c95e6985ed500f0d3b75c0f956d1250	False			docs/orchestration/runs/interim-root/20260720T124755Z-start-766aa41f.json
5455	1786035048	text/x-python	CODE	human-authored source/config/doc	PET (C)	b16a31c3b609840848a83d4d88ae2333220a3877	False	7		nd-unfolding/pet/plot_detector_displays.py
5322	1786035059	text/x-python	CODE	human-authored source/config/doc	unassigned	c98891bf8c2a1f16acfb017397a0db9d1ca20487	False	1		scratch_audit.py
5194	1786035048	text/plain	JSON	receipt/manifest/provenance	PET (C)	db571dc9a6f35a76f7187541bc8cc3312686608b	False			nd-unfolding/p3f_pet_fullevent/work/Muon_Energy_MINERvA_0_1E/p3f_pet_validation_Muon_Energy_MINERvA_0_1E.json.domain.json.base.json
5194	1786035048	text/plain	JSON	receipt/manifest/provenance	PET (C)	446f6ea7f95a4b65acbde708d4a67fdda2620265	False			nd-unfolding/p3f_pet_fullevent/work/Muon_Energy_MINERvA_1_1E/p3f_pet_validation_Muon_Energy_MINERvA_1_1E.json.domain.json.base.json
5192	1786035048	text/plain	JSON	receipt/manifest/provenance	PET (C)	7772f56bf1f248406018c899bd0cab263109184a	False			nd-unfolding/p3f_pet_fullevent/work/Muon_Energy_MINERvA_0_1D/p3f_pet_validation_Muon_Energy_MINERvA_0_1D.json.domain.json.base.json
5192	1786035048	text/plain	JSON	receipt/manifest/provenance	PET (C)	b588fb909178316ab668a65cb7eda2e1f0452cfc	False			nd-unfolding/p3f_pet_fullevent/work/Muon_Energy_MINERvA_0_1F/p3f_pet_validation_Muon_Energy_MINERvA_0_1F.json.domain.json.base.json
5192	1786035048	text/plain	JSON	receipt/manifest/provenance	PET (C)	43ee58f616925cbc6c629bc94f0394e76cf9927e	False			nd-unfolding/p3f_pet_fullevent/work/Muon_Energy_MINERvA_1_1D/p3f_pet_validation_Muon_Energy_MINERvA_1_1D.json.domain.json.base.json
5192	1786035048	text/plain	JSON	receipt/manifest/provenance	PET (C)	0ed0df802311e8ea86e18e817454d68e9566eb9e	False			nd-unfolding/p3f_pet_fullevent/work/Muon_Energy_MINERvA_1_1F/p3f_pet_validation_Muon_Energy_MINERvA_1_1F.json.domain.json.base.json
5192	1786035048	text/plain	JSON	receipt/manifest/provenance	PET (C)	b380214100a6748e1c41057adb9abebc69caa5cd	False			nd-unfolding/p3f_pet_fullevent/work/Muon_Energy_MINOS_0_1E/p3f_pet_validation_Muon_Energy_MINOS_0_1E.json.domain.json.base.json
5192	1786035048	text/plain	JSON	receipt/manifest/provenance	PET (C)	03c6acd7acb30a7d474032697cc1b9e909a57a9b	False			nd-unfolding/p3f_pet_fullevent/work/Muon_Energy_MINOS_1_1E/p3f_pet_validation_Muon_Energy_MINOS_1_1E.json.domain.json.base.json
5191	1786035048	text/plain	JSON	receipt/manifest/provenance	PET (C)	21959c62e5af60622a2fde1fbee75c6b46190b3d	False			nd-unfolding/p3f_pet_fullevent/work/Muon_Energy_MINERvA_0_1A/p3f_pet_validation_Muon_Energy_MINERvA_0_1A.json.domain.json.base.json
5191	1786035048	text/plain	JSON	receipt/manifest/provenance	PET (C)	12e8695558a12fc655a44e0273367669698db095	False			nd-unfolding/p3f_pet_fullevent/work/Muon_Energy_MINERvA_0_1M/p3f_pet_validation_Muon_Energy_MINERvA_0_1M.json.domain.json.base.json
5191	1786035048	text/plain	JSON	receipt/manifest/provenance	PET (C)	3d01a18a48fda0b3ae633891b46e325f45ffba72	False			nd-unfolding/p3f_pet_fullevent/work/Muon_Energy_MINERvA_0_1O/p3f_pet_validation_Muon_Energy_MINERvA_0_1O.json.domain.json.base.json
5191	1786035048	text/plain	JSON	receipt/manifest/provenance	PET (C)	bf55c2825e110d39275f8cd4b1ba35a45ac28903	False			nd-unfolding/p3f_pet_fullevent/work/Muon_Energy_MINERvA_0_1P/p3f_pet_validation_Muon_Energy_MINERvA_0_1P.json.domain.json.base.json
5191	1786035048	text/plain	JSON	receipt/manifest/provenance	PET (C)	9581e6741b8c4b92c3f17afa52feeca75746b0ba	False			nd-unfolding/p3f_pet_fullevent/work/Muon_Energy_MINERvA_1_1A/p3f_pet_validation_Muon_Energy_MINERvA_1_1A.json.domain.json.base.json
5191	1786035048	text/plain	JSON	receipt/manifest/provenance	PET (C)	3c6fde51a1fee819a2dcb39347ce785b009a5aff	False			nd-unfolding/p3f_pet_fullevent/work/Muon_Energy_MINERvA_1_1M/p3f_pet_validation_Muon_Energy_MINERvA_1_1M.json.domain.json.base.json
5191	1786035048	text/plain	JSON	receipt/manifest/provenance	PET (C)	58361bb3870527c3e514f5ae41dbf5622c74f317	False			nd-unfolding/p3f_pet_fullevent/work/Muon_Energy_MINERvA_1_1O/p3f_pet_validation_Muon_Energy_MINERvA_1_1O.json.domain.json.base.json
5191	1786035048	text/plain	JSON	receipt/manifest/provenance	PET (C)	882b521b30ced9adca0cd8924ff647e6d6e4289b	False			nd-unfolding/p3f_pet_fullevent/work/Muon_Energy_MINERvA_1_1P/p3f_pet_validation_Muon_Energy_MINERvA_1_1P.json.domain.json.base.json
5190	1786035048	text/plain	JSON	receipt/manifest/provenance	PET (C)	5a0e1e8e7e94a77b7c4bbb8ac7dbe8757dfd84b7	False			nd-unfolding/p3f_pet_fullevent/work/Muon_Energy_MINOS_0_1D/p3f_pet_validation_Muon_Energy_MINOS_0_1D.json.domain.json.base.json
5190	1786035048	text/plain	JSON	receipt/manifest/provenance	PET (C)	a996edb1c7336ad0c9b89235c2ab4a2c4605cf86	False			nd-unfolding/p3f_pet_fullevent/work/Muon_Energy_MINOS_0_1F/p3f_pet_validation_Muon_Energy_MINOS_0_1F.json.domain.json.base.json
5190	1786035048	text/plain	JSON	receipt/manifest/provenance	PET (C)	c02e5d0bfbb9638039f3e271f1f1d324a2dc22d0	False			nd-unfolding/p3f_pet_fullevent/work/Muon_Energy_MINOS_1_1D/p3f_pet_validation_Muon_Energy_MINOS_1_1D.json.domain.json.base.json
5190	1786035048	text/plain	JSON	receipt/manifest/provenance	PET (C)	a9d4d5ab8fa69cccaef5a2807228fee0cc8ea194	False			nd-unfolding/p3f_pet_fullevent/work/Muon_Energy_MINOS_1_1F/p3f_pet_validation_Muon_Energy_MINOS_1_1F.json.domain.json.base.json
5189	1786035048	text/plain	JSON	receipt/manifest/provenance	PET (C)	d8ee24719cf414a2d6c2accd5d2d2656c88d2b32	False			nd-unfolding/p3f_pet_fullevent/work/MuonResolution_0_1E/p3f_pet_validation_MuonResolution_0_1E.json.domain.json.base.json
5189	1786035048	text/plain	JSON	receipt/manifest/provenance	PET (C)	a0e1b8faadc398b32cce1ae1d58b51b73fea4d7d	False			nd-unfolding/p3f_pet_fullevent/work/MuonResolution_1_1E/p3f_pet_validation_MuonResolution_1_1E.json.domain.json.base.json
5189	1786035048	text/plain	JSON	receipt/manifest/provenance	PET (C)	084cd7550da490bd216e9ad5376528143d167e15	False			nd-unfolding/p3f_pet_fullevent/work/Muon_Energy_MINERvA_0_1B/p3f_pet_validation_Muon_Energy_MINERvA_0_1B.json.domain.json.base.json
5189	1786035048	text/plain	JSON	receipt/manifest/provenance	PET (C)	fdd40fde457ebec61c25bddec7ca119ccbfb353c	False			nd-unfolding/p3f_pet_fullevent/work/Muon_Energy_MINERvA_0_1C/p3f_pet_validation_Muon_Energy_MINERvA_0_1C.json.domain.json.base.json
5189	1786035048	text/plain	JSON	receipt/manifest/provenance	PET (C)	47719b0b3d4efb12fc6eda772fa24f4ecc778837	False			nd-unfolding/p3f_pet_fullevent/work/Muon_Energy_MINERvA_0_1G/p3f_pet_validation_Muon_Energy_MINERvA_0_1G.json.domain.json.base.json
5189	1786035048	text/plain	JSON	receipt/manifest/provenance	PET (C)	fc2033b056d80c96c89721891844bb72073c0f43	False			nd-unfolding/p3f_pet_fullevent/work/Muon_Energy_MINERvA_0_1N/p3f_pet_validation_Muon_Energy_MINERvA_0_1N.json.domain.json.base.json
5189	1786035048	text/plain	JSON	receipt/manifest/provenance	PET (C)	6a47e934b321e756a0c667c84ca214e609bbc15f	False			nd-unfolding/p3f_pet_fullevent/work/Muon_Energy_MINERvA_1_1B/p3f_pet_validation_Muon_Energy_MINERvA_1_1B.json.domain.json.base.json
5189	1786035048	text/plain	JSON	receipt/manifest/provenance	PET (C)	d77025918a23b87730bffcf4fd377c61a22c835b	False			nd-unfolding/p3f_pet_fullevent/work/Muon_Energy_MINERvA_1_1C/p3f_pet_validation_Muon_Energy_MINERvA_1_1C.json.domain.json.base.json
5189	1786035048	text/plain	JSON	receipt/manifest/provenance	PET (C)	e747be3408ff526f5bd15b29556b49796f82008d	False			nd-unfolding/p3f_pet_fullevent/work/Muon_Energy_MINERvA_1_1G/p3f_pet_validation_Muon_Energy_MINERvA_1_1G.json.domain.json.base.json
5189	1786035048	text/plain	JSON	receipt/manifest/provenance	PET (C)	c5d59533babb7fbf27d8c363825d72da0936735b	False			nd-unfolding/p3f_pet_fullevent/work/Muon_Energy_MINERvA_1_1N/p3f_pet_validation_Muon_Energy_MINERvA_1_1N.json.domain.json.base.json
5189	1786035048	text/plain	JSON	receipt/manifest/provenance	PET (C)	bd27473d484f9360d7ed742a13f1fbcf9b1b9694	False			nd-unfolding/p3f_pet_fullevent/work/Muon_Energy_MINOS_0_1A/p3f_pet_validation_Muon_Energy_MINOS_0_1A.json.domain.json.base.json
5189	1786035048	text/plain	JSON	receipt/manifest/provenance	PET (C)	173d01fd56b6b4aba5e658ef7c40670183e53423	False			nd-unfolding/p3f_pet_fullevent/work/Muon_Energy_MINOS_0_1M/p3f_pet_validation_Muon_Energy_MINOS_0_1M.json.domain.json.base.json
5189	1786035048	text/plain	JSON	receipt/manifest/provenance	PET (C)	97a30ddde76239e418d81b4b579d20699f0ef3b3	False			nd-unfolding/p3f_pet_fullevent/work/Muon_Energy_MINOS_0_1O/p3f_pet_validation_Muon_Energy_MINOS_0_1O.json.domain.json.base.json
5189	1786035048	text/plain	JSON	receipt/manifest/provenance	PET (C)	5cbcdb50d1e2ed7b730f817b831f2662b133e5e9	False			nd-unfolding/p3f_pet_fullevent/work/Muon_Energy_MINOS_0_1P/p3f_pet_validation_Muon_Energy_MINOS_0_1P.json.domain.json.base.json
5189	1786035048	text/plain	JSON	receipt/manifest/provenance	PET (C)	a60b2e03d5b71876ffa702ae1281aefb5b5847e8	False			nd-unfolding/p3f_pet_fullevent/work/Muon_Energy_MINOS_1_1A/p3f_pet_validation_Muon_Energy_MINOS_1_1A.json.domain.json.base.json
5189	1786035048	text/plain	JSON	receipt/manifest/provenance	PET (C)	2dbf837b7df0588a4e9163a9e15901c278eb01cb	False			nd-unfolding/p3f_pet_fullevent/work/Muon_Energy_MINOS_1_1M/p3f_pet_validation_Muon_Energy_MINOS_1_1M.json.domain.json.base.json
5189	1786035048	text/plain	JSON	receipt/manifest/provenance	PET (C)	7bb34a7fc9bf6f61025ebdd31574f4e6e6c85ee1	False			nd-unfolding/p3f_pet_fullevent/work/Muon_Energy_MINOS_1_1O/p3f_pet_validation_Muon_Energy_MINOS_1_1O.json.domain.json.base.json
5189	1786035048	text/plain	JSON	receipt/manifest/provenance	PET (C)	75cea5b2835a23fe7e23cb15aff296c837b4176f	False			nd-unfolding/p3f_pet_fullevent/work/Muon_Energy_MINOS_1_1P/p3f_pet_validation_Muon_Energy_MINOS_1_1P.json.domain.json.base.json
5187	1786035048	text/plain	JSON	receipt/manifest/provenance	PET (C)	0af2d7eecec353e95192bab27d68b0345b7db283	False			nd-unfolding/p3f_pet_fullevent/work/MuonResolution_0_1D/p3f_pet_validation_MuonResolution_0_1D.json.domain.json.base.json
5187	1786035048	text/plain	JSON	receipt/manifest/provenance	PET (C)	24e6c199f70b7d6c36073658c8ebfe1c67e5736f	False			nd-unfolding/p3f_pet_fullevent/work/MuonResolution_0_1F/p3f_pet_validation_MuonResolution_0_1F.json.domain.json.base.json
5187	1786035048	text/plain	JSON	receipt/manifest/provenance	PET (C)	d9e85e897ceb11280195be4fc4fb7f869def8911	False			nd-unfolding/p3f_pet_fullevent/work/MuonResolution_1_1D/p3f_pet_validation_MuonResolution_1_1D.json.domain.json.base.json
5187	1786035048	text/plain	JSON	receipt/manifest/provenance	PET (C)	2d85b22418fbd6714a64be9d369cc101f2bd3e33	False			nd-unfolding/p3f_pet_fullevent/work/MuonResolution_1_1F/p3f_pet_validation_MuonResolution_1_1F.json.domain.json.base.json
5187	1786035048	text/plain	JSON	receipt/manifest/provenance	PET (C)	791849465bea60a2e58c43dcdbdc67871c5aee38	False			nd-unfolding/p3f_pet_fullevent/work/Muon_Energy_MINOS_0_1B/p3f_pet_validation_Muon_Energy_MINOS_0_1B.json.domain.json.base.json
5187	1786035048	text/plain	JSON	receipt/manifest/provenance	PET (C)	d1b488dcedc2312607b20c6720661c33249f6d33	False			nd-unfolding/p3f_pet_fullevent/work/Muon_Energy_MINOS_0_1C/p3f_pet_validation_Muon_Energy_MINOS_0_1C.json.domain.json.base.json
5187	1786035048	text/plain	JSON	receipt/manifest/provenance	PET (C)	f8d0ee0dfb8d0f8f9000a02b8689e352b7890703	False			nd-unfolding/p3f_pet_fullevent/work/Muon_Energy_MINOS_0_1G/p3f_pet_validation_Muon_Energy_MINOS_0_1G.json.domain.json.base.json
5187	1786035048	text/plain	JSON	receipt/manifest/provenance	PET (C)	287dc4d5f9160f2ac35aa8ffd79e72b6da0c558a	False			nd-unfolding/p3f_pet_fullevent/work/Muon_Energy_MINOS_0_1N/p3f_pet_validation_Muon_Energy_MINOS_0_1N.json.domain.json.base.json
5187	1786035048	text/plain	JSON	receipt/manifest/provenance	PET (C)	98208ec937754fc95a3bf93bcf26d5639cd36c59	False			nd-unfolding/p3f_pet_fullevent/work/Muon_Energy_MINOS_1_1B/p3f_pet_validation_Muon_Energy_MINOS_1_1B.json.domain.json.base.json
5187	1786035048	text/plain	JSON	receipt/manifest/provenance	PET (C)	7beb8947680a880548fbd418ec73af608177a1bf	False			nd-unfolding/p3f_pet_fullevent/work/Muon_Energy_MINOS_1_1C/p3f_pet_validation_Muon_Energy_MINOS_1_1C.json.domain.json.base.json
5187	1786035048	text/plain	JSON	receipt/manifest/provenance	PET (C)	5a9f507e14c9002133a449a662974be962596a51	False			nd-unfolding/p3f_pet_fullevent/work/Muon_Energy_MINOS_1_1G/p3f_pet_validation_Muon_Energy_MINOS_1_1G.json.domain.json.base.json
5187	1786035048	text/plain	JSON	receipt/manifest/provenance	PET (C)	cbc3ef6ff8e357c0204170a2752fbf56044ec34b	False			nd-unfolding/p3f_pet_fullevent/work/Muon_Energy_MINOS_1_1N/p3f_pet_validation_Muon_Energy_MINOS_1_1N.json.domain.json.base.json
5186	1786035048	text/plain	JSON	receipt/manifest/provenance	PET (C)	4958366f49dcc01b4ae8c63b652cb67aae7a270e	False			nd-unfolding/p3f_pet_fullevent/work/MuonResolution_0_1A/p3f_pet_validation_MuonResolution_0_1A.json.domain.json.base.json
5186	1786035048	text/plain	JSON	receipt/manifest/provenance	PET (C)	9a9a3949f80429fbd63f25c40e30e75426c275f7	False			nd-unfolding/p3f_pet_fullevent/work/MuonResolution_0_1M/p3f_pet_validation_MuonResolution_0_1M.json.domain.json.base.json
5186	1786035048	text/plain	JSON	receipt/manifest/provenance	PET (C)	d965649987a683d83c775b6533ceafc0ba3a1d36	False			nd-unfolding/p3f_pet_fullevent/work/MuonResolution_0_1O/p3f_pet_validation_MuonResolution_0_1O.json.domain.json.base.json
5186	1786035048	text/plain	JSON	receipt/manifest/provenance	PET (C)	5bdc29e69f2f28f67f8d2e6d93907258707480eb	False			nd-unfolding/p3f_pet_fullevent/work/MuonResolution_0_1P/p3f_pet_validation_MuonResolution_0_1P.json.domain.json.base.json
5186	1786035048	text/plain	JSON	receipt/manifest/provenance	PET (C)	baac90e4f538457cc6bba18beb65244063cb1665	False			nd-unfolding/p3f_pet_fullevent/work/MuonResolution_1_1A/p3f_pet_validation_MuonResolution_1_1A.json.domain.json.base.json
5186	1786035048	text/plain	JSON	receipt/manifest/provenance	PET (C)	a2b59dfdb3aec5c9fba041916c6a8fb43dc27e1b	False			nd-unfolding/p3f_pet_fullevent/work/MuonResolution_1_1M/p3f_pet_validation_MuonResolution_1_1M.json.domain.json.base.json
5186	1786035048	text/plain	JSON	receipt/manifest/provenance	PET (C)	953ef94a6b1c22f43a50638d810e10354fa46b7a	False			nd-unfolding/p3f_pet_fullevent/work/MuonResolution_1_1O/p3f_pet_validation_MuonResolution_1_1O.json.domain.json.base.json
5186	1786035048	text/plain	JSON	receipt/manifest/provenance	PET (C)	06e357cc800d05b3180563481e297c91c457a1bc	False			nd-unfolding/p3f_pet_fullevent/work/MuonResolution_1_1P/p3f_pet_validation_MuonResolution_1_1P.json.domain.json.base.json
5186	1786312915	text/plain	JSON	receipt/manifest/provenance	PET (C)	e5bccf5120fa13b53a8018622586b9802adf6d6c	False			nd-unfolding/pet/step1_iteration_dynamics/cold_fixed_split/slurm-56534116_1/STEP1_DYNAMICS.json
5185	1786035047	text/plain	JSON	receipt/manifest/provenance	PET (C)	353b43f6b6c214637670e0f7252743aacfb61783	False			nd-unfolding/p3f_pet_fullevent/work/BeamAngleX_0_1E/p3f_pet_validation_BeamAngleX_0_1E.json.domain.json.base.json
5185	1786035047	text/plain	JSON	receipt/manifest/provenance	PET (C)	7bcaf1e1a3df1177b41a4f29787d8308818a88d1	False			nd-unfolding/p3f_pet_fullevent/work/BeamAngleX_1_1E/p3f_pet_validation_BeamAngleX_1_1E.json.domain.json.base.json
5185	1786035048	text/plain	JSON	receipt/manifest/provenance	PET (C)	de20ee562de27b126127660ea53df8a678824293	False			nd-unfolding/p3f_pet_fullevent/work/BeamAngleY_0_1E/p3f_pet_validation_BeamAngleY_0_1E.json.domain.json.base.json
5185	1786035048	text/plain	JSON	receipt/manifest/provenance	PET (C)	2ecf8ab4fa6330f3b0f9f8d00c5b752631b0a685	False			nd-unfolding/p3f_pet_fullevent/work/BeamAngleY_1_1E/p3f_pet_validation_BeamAngleY_1_1E.json.domain.json.base.json
5184	1786035048	text/plain	JSON	receipt/manifest/provenance	PET (C)	4679c83113aa46a91fd2f3b94027158b4d1c0641	False			nd-unfolding/p3f_pet_fullevent/work/MuonResolution_0_1B/p3f_pet_validation_MuonResolution_0_1B.json.domain.json.base.json
5184	1786035048	text/plain	JSON	receipt/manifest/provenance	PET (C)	ae2a8eb4a2ffcb16736b7db01913d478efb9e2d7	False			nd-unfolding/p3f_pet_fullevent/work/MuonResolution_0_1C/p3f_pet_validation_MuonResolution_0_1C.json.domain.json.base.json
5184	1786035048	text/plain	JSON	receipt/manifest/provenance	PET (C)	f6c452213f788c32e5e94d3197d7a9a3701a3cbb	False			nd-unfolding/p3f_pet_fullevent/work/MuonResolution_0_1G/p3f_pet_validation_MuonResolution_0_1G.json.domain.json.base.json
5184	1786035048	text/plain	JSON	receipt/manifest/provenance	PET (C)	f6d5d59dc520b4c639e901b91e80108a0b9fb1bb	False			nd-unfolding/p3f_pet_fullevent/work/MuonResolution_0_1N/p3f_pet_validation_MuonResolution_0_1N.json.domain.json.base.json
5184	1786035048	text/plain	JSON	receipt/manifest/provenance	PET (C)	59927af6010ced95130216dadb7f690c31fa7759	False			nd-unfolding/p3f_pet_fullevent/work/MuonResolution_1_1B/p3f_pet_validation_MuonResolution_1_1B.json.domain.json.base.json
5184	1786035048	text/plain	JSON	receipt/manifest/provenance	PET (C)	1c93bb7593160b3025891f830f9863852b0f5f15	False			nd-unfolding/p3f_pet_fullevent/work/MuonResolution_1_1C/p3f_pet_validation_MuonResolution_1_1C.json.domain.json.base.json
5184	1786035048	text/plain	JSON	receipt/manifest/provenance	PET (C)	ace47dd32a39f837b8ac6f637113f6ba5d4b4f33	False			nd-unfolding/p3f_pet_fullevent/work/MuonResolution_1_1G/p3f_pet_validation_MuonResolution_1_1G.json.domain.json.base.json
5184	1786035048	text/plain	JSON	receipt/manifest/provenance	PET (C)	914c5e26e1c961bb69d8743c7843da6f4053c1ed	False			nd-unfolding/p3f_pet_fullevent/work/MuonResolution_1_1N/p3f_pet_validation_MuonResolution_1_1N.json.domain.json.base.json
5183	1786035047	text/plain	JSON	receipt/manifest/provenance	PET (C)	f3d8505b80167869c7c4b5bfc5a55dcadd04a8ce	False			nd-unfolding/p3f_pet_fullevent/work/BeamAngleX_0_1D/p3f_pet_validation_BeamAngleX_0_1D.json.domain.json.base.json
5183	1786035047	text/plain	JSON	receipt/manifest/provenance	PET (C)	4051f854da2575735039ab877500c55d45ae71f5	False			nd-unfolding/p3f_pet_fullevent/work/BeamAngleX_0_1F/p3f_pet_validation_BeamAngleX_0_1F.json.domain.json.base.json
5183	1786035047	text/plain	JSON	receipt/manifest/provenance	PET (C)	2d52ed898f8429f6b66416ca8152579ff7f8a292	False			nd-unfolding/p3f_pet_fullevent/work/BeamAngleX_1_1D/p3f_pet_validation_BeamAngleX_1_1D.json.domain.json.base.json
5183	1786035047	text/plain	JSON	receipt/manifest/provenance	PET (C)	5046c1540eb5471726e27f941ca7c8c6d7602568	False			nd-unfolding/p3f_pet_fullevent/work/BeamAngleX_1_1F/p3f_pet_validation_BeamAngleX_1_1F.json.domain.json.base.json
5183	1786035048	text/plain	JSON	receipt/manifest/provenance	PET (C)	c5a3de739cef02303e34a89986a13f02ebcc4e1b	False			nd-unfolding/p3f_pet_fullevent/work/BeamAngleY_0_1D/p3f_pet_validation_BeamAngleY_0_1D.json.domain.json.base.json
5183	1786035048	text/plain	JSON	receipt/manifest/provenance	PET (C)	51a2e76b1a06e4f919313bebf9138a483dcb6252	False			nd-unfolding/p3f_pet_fullevent/work/BeamAngleY_0_1F/p3f_pet_validation_BeamAngleY_0_1F.json.domain.json.base.json
5183	1786035048	text/plain	JSON	receipt/manifest/provenance	PET (C)	cea5b8f37f078d6704a954bdf5349b2866c549f9	False			nd-unfolding/p3f_pet_fullevent/work/BeamAngleY_1_1D/p3f_pet_validation_BeamAngleY_1_1D.json.domain.json.base.json
5183	1786035048	text/plain	JSON	receipt/manifest/provenance	PET (C)	8451cba7a313c0f5b17bb3f696e05d801994812d	False			nd-unfolding/p3f_pet_fullevent/work/BeamAngleY_1_1F/p3f_pet_validation_BeamAngleY_1_1F.json.domain.json.base.json
5182	1786035047	text/plain	JSON	receipt/manifest/provenance	PET (C)	4e37ea4365ba7ffe787f01a3aa5f62fea559297a	False			nd-unfolding/p3f_pet_fullevent/work/BeamAngleX_0_1A/p3f_pet_validation_BeamAngleX_0_1A.json.domain.json.base.json
5182	1786035047	text/plain	JSON	receipt/manifest/provenance	PET (C)	0a7d6e5d2fb38087642d649706fc8e326e620e6d	False			nd-unfolding/p3f_pet_fullevent/work/BeamAngleX_0_1M/p3f_pet_validation_BeamAngleX_0_1M.json.domain.json.base.json
5182	1786035047	text/plain	JSON	receipt/manifest/provenance	PET (C)	ac499852e2f43cf88faae9ec99d442c97d246fe6	False			nd-unfolding/p3f_pet_fullevent/work/BeamAngleX_0_1O/p3f_pet_validation_BeamAngleX_0_1O.json.domain.json.base.json
5182	1786035047	text/plain	JSON	receipt/manifest/provenance	PET (C)	f0027e5d30a87b623304d963067454700fd2d7d8	False			nd-unfolding/p3f_pet_fullevent/work/BeamAngleX_0_1P/p3f_pet_validation_BeamAngleX_0_1P.json.domain.json.base.json
5182	1786035047	text/plain	JSON	receipt/manifest/provenance	PET (C)	537636552674d6fee584b9696934aca24efb0b99	False			nd-unfolding/p3f_pet_fullevent/work/BeamAngleX_1_1A/p3f_pet_validation_BeamAngleX_1_1A.json.domain.json.base.json
5182	1786035047	text/plain	JSON	receipt/manifest/provenance	PET (C)	9dbd4c07c7bfa034c04c5c0fa6788919d91da471	False			nd-unfolding/p3f_pet_fullevent/work/BeamAngleX_1_1M/p3f_pet_validation_BeamAngleX_1_1M.json.domain.json.base.json
5182	1786035047	text/plain	JSON	receipt/manifest/provenance	PET (C)	2e264d2f7d427fb36c534fed5d0b0da54a18f303	False			nd-unfolding/p3f_pet_fullevent/work/BeamAngleX_1_1O/p3f_pet_validation_BeamAngleX_1_1O.json.domain.json.base.json
5182	1786035047	text/plain	JSON	receipt/manifest/provenance	PET (C)	d232b275df4645cb99757ae70a29e2c7e7f2c749	False			nd-unfolding/p3f_pet_fullevent/work/BeamAngleX_1_1P/p3f_pet_validation_BeamAngleX_1_1P.json.domain.json.base.json
5182	1786035047	text/plain	JSON	receipt/manifest/provenance	PET (C)	9bcc681343bc8d3b048ac73940109ad5afec5986	False			nd-unfolding/p3f_pet_fullevent/work/BeamAngleY_0_1A/p3f_pet_validation_BeamAngleY_0_1A.json.domain.json.base.json
5182	1786035048	text/plain	JSON	receipt/manifest/provenance	PET (C)	0910f3a39e1bcb7b9c5a4fba4d4689fbb6e93a43	False			nd-unfolding/p3f_pet_fullevent/work/BeamAngleY_0_1M/p3f_pet_validation_BeamAngleY_0_1M.json.domain.json.base.json
5182	1786035048	text/plain	JSON	receipt/manifest/provenance	PET (C)	7c0c984e1847652aec56b1c75998a05461b8504c	False			nd-unfolding/p3f_pet_fullevent/work/BeamAngleY_0_1O/p3f_pet_validation_BeamAngleY_0_1O.json.domain.json.base.json
5182	1786035048	text/plain	JSON	receipt/manifest/provenance	PET (C)	c0d85003b91fd0bb5795f9fa77608426fd32b442	False			nd-unfolding/p3f_pet_fullevent/work/BeamAngleY_0_1P/p3f_pet_validation_BeamAngleY_0_1P.json.domain.json.base.json
5182	1786035048	text/plain	JSON	receipt/manifest/provenance	PET (C)	f8d68930fecce9029e4497b99a672eeeeb9638b7	False			nd-unfolding/p3f_pet_fullevent/work/BeamAngleY_1_1A/p3f_pet_validation_BeamAngleY_1_1A.json.domain.json.base.json
5182	1786035048	text/plain	JSON	receipt/manifest/provenance	PET (C)	d5a1f89ef4d465ab531aa041b83495b52e5b4012	False			nd-unfolding/p3f_pet_fullevent/work/BeamAngleY_1_1M/p3f_pet_validation_BeamAngleY_1_1M.json.domain.json.base.json
5182	1786035048	text/plain	JSON	receipt/manifest/provenance	PET (C)	a67dc8c81ae41cb6e6ecdd3713df2924e5d6e7a9	False			nd-unfolding/p3f_pet_fullevent/work/BeamAngleY_1_1O/p3f_pet_validation_BeamAngleY_1_1O.json.domain.json.base.json
5182	1786035048	text/plain	JSON	receipt/manifest/provenance	PET (C)	7dc364d5d4d99ec381c165f6a17956c6c26d82a1	False			nd-unfolding/p3f_pet_fullevent/work/BeamAngleY_1_1P/p3f_pet_validation_BeamAngleY_1_1P.json.domain.json.base.json
5180	1786035047	text/plain	JSON	receipt/manifest/provenance	PET (C)	27d7f87f917633741889aa783a08d374b4bc2fb8	False			nd-unfolding/p3f_pet_fullevent/work/BeamAngleX_0_1B/p3f_pet_validation_BeamAngleX_0_1B.json.domain.json.base.json
5180	1786035047	text/plain	JSON	receipt/manifest/provenance	PET (C)	1c3b862c68deeddbb5dad93187740521e0897434	False			nd-unfolding/p3f_pet_fullevent/work/BeamAngleX_0_1C/p3f_pet_validation_BeamAngleX_0_1C.json.domain.json.base.json
5180	1786035047	text/plain	JSON	receipt/manifest/provenance	PET (C)	22e46954ffbded979edd7b89c951f8c4242820aa	False			nd-unfolding/p3f_pet_fullevent/work/BeamAngleX_0_1G/p3f_pet_validation_BeamAngleX_0_1G.json.domain.json.base.json
5180	1786035047	text/plain	JSON	receipt/manifest/provenance	PET (C)	26456a941f38bf9c99968049207c15f7f2f94c05	False			nd-unfolding/p3f_pet_fullevent/work/BeamAngleX_0_1N/p3f_pet_validation_BeamAngleX_0_1N.json.domain.json.base.json
5180	1786035047	text/plain	JSON	receipt/manifest/provenance	PET (C)	24bac1c2f89dce9d801c3d06cf58b7683825d1f3	False			nd-unfolding/p3f_pet_fullevent/work/BeamAngleX_1_1B/p3f_pet_validation_BeamAngleX_1_1B.json.domain.json.base.json
5180	1786035047	text/plain	JSON	receipt/manifest/provenance	PET (C)	45b33d967f251310a56d05344348635709b3888c	False			nd-unfolding/p3f_pet_fullevent/work/BeamAngleX_1_1C/p3f_pet_validation_BeamAngleX_1_1C.json.domain.json.base.json
5180	1786035047	text/plain	JSON	receipt/manifest/provenance	PET (C)	c6325509c2439bc21fabab6a6f85d3e70d3de7fc	False			nd-unfolding/p3f_pet_fullevent/work/BeamAngleX_1_1G/p3f_pet_validation_BeamAngleX_1_1G.json.domain.json.base.json
5180	1786035047	text/plain	JSON	receipt/manifest/provenance	PET (C)	305a5976234e8e31229a214bd863b98ea82bb06d	False			nd-unfolding/p3f_pet_fullevent/work/BeamAngleX_1_1N/p3f_pet_validation_BeamAngleX_1_1N.json.domain.json.base.json
5180	1786035048	text/plain	JSON	receipt/manifest/provenance	PET (C)	3bbde6fa1d967e3c65b8da3a68213532b6793091	False			nd-unfolding/p3f_pet_fullevent/work/BeamAngleY_0_1B/p3f_pet_validation_BeamAngleY_0_1B.json.domain.json.base.json
5180	1786035048	text/plain	JSON	receipt/manifest/provenance	PET (C)	41a1426d15fd21b1c11642a2a574c5ccff204c5a	False			nd-unfolding/p3f_pet_fullevent/work/BeamAngleY_0_1C/p3f_pet_validation_BeamAngleY_0_1C.json.domain.json.base.json
5180	1786035048	text/plain	JSON	receipt/manifest/provenance	PET (C)	b66feb2f6550f2021faba10420c256481c449a7a	False			nd-unfolding/p3f_pet_fullevent/work/BeamAngleY_0_1G/p3f_pet_validation_BeamAngleY_0_1G.json.domain.json.base.json
5180	1786035048	text/plain	JSON	receipt/manifest/provenance	PET (C)	3b4a65077358c398b3125bb94550243672aac287	False			nd-unfolding/p3f_pet_fullevent/work/BeamAngleY_0_1N/p3f_pet_validation_BeamAngleY_0_1N.json.domain.json.base.json
5180	1786035048	text/plain	JSON	receipt/manifest/provenance	PET (C)	73118bb96a4bc28f711577c311c17ed16c03a6d1	False			nd-unfolding/p3f_pet_fullevent/work/BeamAngleY_1_1B/p3f_pet_validation_BeamAngleY_1_1B.json.domain.json.base.json
5180	1786035048	text/plain	JSON	receipt/manifest/provenance	PET (C)	732448763356d9785f9fddf81c2a1106383e9c1b	False			nd-unfolding/p3f_pet_fullevent/work/BeamAngleY_1_1C/p3f_pet_validation_BeamAngleY_1_1C.json.domain.json.base.json
5180	1786035048	text/plain	JSON	receipt/manifest/provenance	PET (C)	93ea1fba21872a04e32731acb05f046bf9a00777	False			nd-unfolding/p3f_pet_fullevent/work/BeamAngleY_1_1G/p3f_pet_validation_BeamAngleY_1_1G.json.domain.json.base.json
5180	1786035048	text/plain	JSON	receipt/manifest/provenance	PET (C)	d13a7af1818aaa4baf0ef746a2dd53ddcdced7a6	False			nd-unfolding/p3f_pet_fullevent/work/BeamAngleY_1_1N/p3f_pet_validation_BeamAngleY_1_1N.json.domain.json.base.json
5178	1786313600	text/plain	JSON	receipt/manifest/provenance	PET (C)	acd4018a17c9161d9ef7d405dca376cd124311f2	False			nd-unfolding/pet/step1_iteration_dynamics/cold_fresh_split/slurm-56534116_2/STEP1_DYNAMICS.json
5176	1786035048	text/plain	JSON	receipt/manifest/provenance	PET (C)	aa2d5545c6f72fdc1034bd11511d7cb1134cb85a	False			nd-unfolding/p3f_pet_fullevent/work/Muon_Energy_MINERvA_0_1L/p3f_pet_validation_Muon_Energy_MINERvA_0_1L.json.domain.json.base.json
5176	1786035048	text/plain	JSON	receipt/manifest/provenance	PET (C)	987af30d23df913b5d41e61ae2d098bc4e20d4f4	False			nd-unfolding/p3f_pet_fullevent/work/Muon_Energy_MINERvA_1_1L/p3f_pet_validation_Muon_Energy_MINERvA_1_1L.json.domain.json.base.json
5174	1786035048	text/plain	JSON	receipt/manifest/provenance	PET (C)	f50d02f4790c1be8f2a4d6f9937cc517c0847f53	False			nd-unfolding/p3f_pet_fullevent/work/Muon_Energy_MINOS_0_1L/p3f_pet_validation_Muon_Energy_MINOS_0_1L.json.domain.json.base.json
5174	1786035048	text/plain	JSON	receipt/manifest/provenance	PET (C)	19d41e72756105fbe0dd999a089ba165a7185421	False			nd-unfolding/p3f_pet_fullevent/work/Muon_Energy_MINOS_1_1L/p3f_pet_validation_Muon_Energy_MINOS_1_1L.json.domain.json.base.json
5171	1786035048	text/plain	JSON	receipt/manifest/provenance	PET (C)	bbbcecae2ea86fb0b787450cb0a85008e45bee7b	False			nd-unfolding/p3f_pet_fullevent/work/MuonResolution_0_1L/p3f_pet_validation_MuonResolution_0_1L.json.domain.json.base.json
5171	1786035048	text/plain	JSON	receipt/manifest/provenance	PET (C)	e4eba14a54a7343c12448d94c64d6fad63e7acac	False			nd-unfolding/p3f_pet_fullevent/work/MuonResolution_1_1L/p3f_pet_validation_MuonResolution_1_1L.json.domain.json.base.json
5167	1786035047	text/plain	JSON	receipt/manifest/provenance	PET (C)	6f29ed76e8c77fcc77bd6ab94cf0cd85bff9da2b	False			nd-unfolding/p3f_pet_fullevent/work/BeamAngleX_0_1L/p3f_pet_validation_BeamAngleX_0_1L.json.domain.json.base.json
5167	1786035047	text/plain	JSON	receipt/manifest/provenance	PET (C)	86e75f330104ffcf670745c8df767b1b1f93f308	False			nd-unfolding/p3f_pet_fullevent/work/BeamAngleX_1_1L/p3f_pet_validation_BeamAngleX_1_1L.json.domain.json.base.json
5167	1786035048	text/plain	JSON	receipt/manifest/provenance	PET (C)	fee9063f812d5128d824aba511268556a50ad2e9	False			nd-unfolding/p3f_pet_fullevent/work/BeamAngleY_0_1L/p3f_pet_validation_BeamAngleY_0_1L.json.domain.json.base.json
5167	1786035048	text/plain	JSON	receipt/manifest/provenance	PET (C)	c7e6ee6faeed501d863cf359e0873adb0e101d18	False			nd-unfolding/p3f_pet_fullevent/work/BeamAngleY_1_1L/p3f_pet_validation_BeamAngleY_1_1L.json.domain.json.base.json
5147	1786454707	text/plain	JSON	receipt/manifest/provenance	orchestration	e110fa49dd5c869df6dedc47d317831ad6a9c84e	False			docs/orchestration/runs/agent-A-standard/20260811T131800Z-send-bed3d712.json
5132	1786035048	text/plain	JSON	receipt/manifest/provenance	PET (C)	653305d62ddbbdd19fb5f36a7e9e08a3cff7412f	False			nd-unfolding/pet/g2_smoke/attempt2/g2_validation.json
5124	1786035048	text/plain	JSON	receipt/manifest/provenance	PET (C)	3b73756c0b23da1028ac8f464e2804fac6fdf062	False			nd-unfolding/pet/g2_smoke/attempt2/g2_validation_v2.json
4940	1786452053	text/plain	TEXT	reproducible generated product/log/cache	orchestration	1a84da23ec3576f6ad0dea25dc9846cbf7d73776	False			docs/orchestration/followup-standard-p4-verifier-packetb-realstate.md
4919	1786312912	text/plain	JSON	receipt/manifest/provenance	PET (C)	058a129d69e05f095059bf844e3974b565beeb42	False			nd-unfolding/pet/step1_iteration_dynamics/warm_fresh_split/slurm-56534116_0/STEP1_DYNAMICS.json
4684	1786513204	text/x-shellscript	CODE	human-authored source/config/doc	unassigned	fefb8ab20e38447d60a5b5c419312db7f91ef9a5	True			nd-unfolding/sbatch_adopt_stamped_footing.sh
4165	1786491557	text/x-shellscript	CODE	human-authored source/config/doc	5D UQ (B)	0ac09c91dbeac91bed61a75c14b9aa1379f70f97	True			nd-unfolding/uq_5d/sbatch_verify_readopt_footing_hashes.sh
4127	1786451174	text/plain	JSON	receipt/manifest/provenance	standard P4	dec8d8e78126c87a1ffbc298a5a688d55ef74355	False			nd-unfolding/active_universe_5d/standard/candidate/std_proj4d_candidate_projmanifest.json
3537	1786452851	text/plain	TEXT	reproducible generated product/log/cache	orchestration	7490cebaababcb31e9eeaa79f1dd5e4934173f2a	False			docs/orchestration/followup-agent-A-standard-packetb-pb2-repair.md
3139	1786035047	text/plain	TEXT	reproducible generated product/log/cache	2D UQ	719fa6e3ca97b8f6b3c965641a1f34e959ab6f0c	False			2d-unfolding/uq/purity_newomni/rollup/uq_universe_summary.txt
3138	1786035047	text/plain	TEXT	reproducible generated product/log/cache	2D UQ	150b30825831a25ce3f47a1fe9112cbc11c52787	False			2d-unfolding/uq/negweight_uni/rollup/uq_universe_summary.txt
3126	1786035048	text/x-python	CODE	human-authored source/config/doc	unassigned	e7850c3d26ebfb2c792dd774a4ce405bbcec68bf	False	9		nd-unfolding/plot_nn_vs_gbdt_full.py
3076	1786491888	text/plain	JSON	receipt/manifest/provenance	5D UQ (B)	e3cf6ab06b306239f594e0370ed0875d78ea8f39	True			nd-unfolding/uq_5d/readopt_20260811_footing/HASH_RECEIPT.slurm-56695130.json
2993	1786035059	text/x-python	CODE	human-authored source/config/doc	unassigned	9da6cc8c8bd3f6741c1600dde7ac4771c8b40e21	False	8		nd-unfolding/validate_adopted_4d.py
2861	1786494069	text/plain	TEXT	reproducible generated product/log/cache	PET (C)	07ba64adc67bca448bc0255f40da91a844a1710c	True			nd-unfolding/pet/fullevent_nominal/superseded-20260806/NOTE.md
2816	1786035048	text/x-python	CODE	human-authored source/config/doc	tests	5ce3dbdf84f3cf1a0b779bb7924c2eade424baf2	False	15		nd-unfolding/tests/test_cstat_100rep.py
2571	1786035059	text/x-python	CODE	human-authored source/config/doc	scratch	e2a8938313890668413b4ece1cd36ac4000b3bb6	False	0		scratch/verify_gate4.py
2556	1786035048	text/plain	JSON	receipt/manifest/provenance	products	fd5e84cd79d11ab7ea399517743af83fba76c646	False			nd-unfolding/products/pet/bkgsub/pet_ctotal_bkgsub_5d_lateralpending.summary.json
2459	1786454028	text/plain	TEXT	reproducible generated product/log/cache	orchestration	6a01459ae235cec5b5ee71fcc52b1897f10dc836	False			docs/orchestration/followup-standard-p4-verifier-packetb-pb2-repair.md
2359	1786035048	text/x-python	CODE	human-authored source/config/doc	tests	bc73c1ad2c95d926139a62b17eeb2fd4f4275e8b	False	9		nd-unfolding/tests/run_inpipeline_nn_smoke.py
2316	1786035048	text/x-shellscript	CODE	human-authored source/config/doc	PET (C)	cd48070a1099d8dea518c4762298d6892c58d042	False	8		nd-unfolding/pet/sbatch_pet_bootstrap_array.sh
2268	1786035047	text/plain	TEXT	reproducible generated product/log/cache	orchestration	296afb138abafee0b7b20c34a07b8ba1545945a7	False			docs/orchestration/runs/agy-publication-redteam/20260721T193131Z-send-fc5cee97.txt
2173	1786489890	text/plain	JSON	receipt/manifest/provenance	PET (C)	447a84ab167484660378f6b41d489ab6e3594da1	True			nd-unfolding/pet/fullevent_nominal_annealed/GATE_AB_PUSH_PROVENANCE.slurm-56691812.json
2136	1786035048	text/x-shellscript	CODE	human-authored source/config/doc	unassigned	3522ea2b58540575cd07bf82444a5ec3a70e57ed	False	8		nd-unfolding/sbatch_fps_negweight_central.sh
2118	1786035047	text/plain	JSON	receipt/manifest/provenance	orchestration	3bf2fc25f13d2e7e50a9e7ff406ba81a4311dd5f	False			docs/orchestration/state/g2-array-56106974-r2-wakeup.json
2108	1786451051	text/plain	JSON	receipt/manifest/provenance	standard P4	da20eafea992ea62e7aa03301bec9d3e26c4b949	False			nd-unfolding/active_universe_5d/standard/candidate/p4_standard_validation.json
2032	1786327641	text/x-shellscript	CODE	human-authored source/config/doc	unassigned	50979343301e234ac19401c468fa5a80adb65afe	False	0		nd-unfolding/run_56_nonadoptable.sh
2030	1786283900	text/x-shellscript	CODE	human-authored source/config/doc	unassigned	940fefc3091f32a1efbea180ee31ffd3069eff32	False	0		nd-unfolding/run_cand_nonadoptable.sh
1953	1786035047	text/plain	JSON	receipt/manifest/provenance	orchestration	8a1f78b57c20d506025737461177054bdaa50d61	False			docs/orchestration/state/g2-array-56106974-r3-wakeup.json
1837	1786035047	text/plain	JSON	receipt/manifest/provenance	orchestration	0f4a9842c236ee8e1274aba2e9cc49ec81cabb11	False			docs/orchestration/state/g2-array-56106974-r4-wakeup.json
1816	1786513579	text/plain	JSON	receipt/manifest/provenance	5D UQ (B)	5cb35124172697eb776ea17627106a22fa3db962	True			nd-unfolding/uq_5d/readopt_20260811_footing/STAMPED_HASH_RECEIPT.slurm-56720356.json
1801	1786035048	text/x-shellscript	CODE	human-authored source/config/doc	unassigned	46d6bc89bd810f41060cd9e377d7e1f2685608b7	False	7		nd-unfolding/sbatch_uthrow_block_5d_fast.sh
1773	1786035047	text/plain	TEXT	reproducible generated product/log/cache	orchestration	fc21e762fe32f39c3537062123723393d6783bd8	False			docs/orchestration/runs/agy-publication-redteam/20260720T235712Z-send-7a2b0bfb.txt
1752	1786035048	text/x-shellscript	CODE	human-authored source/config/doc	unassigned	908be097a2679bf6a9c167f6d4eae2a85fb4bafe	False	16		nd-unfolding/sbatch_evloop_array_pointcloud_fps_bkgcloud.sh
1735	1786454890	text/plain	TEXT	reproducible generated product/log/cache	orchestration	34e8d9a6bc80c218319778742731fb4d371988f4	False			docs/orchestration/followup-standard-p4-verifier-packetb-pb2-null-repair.md
1700	1786035048	text/x-shellscript	CODE	human-authored source/config/doc	PET (C)	8ee81674f9b784c309c30f14e7e004f5d5a13da4	False	1		nd-unfolding/pet/g2_smoke/attempt2/driver.sh
1566	1786454265	text/plain	TEXT	reproducible generated product/log/cache	orchestration	41181ecb14081404164536c06eae9a7772cda2c6	False			docs/orchestration/followup-agent-A-standard-packetb-pb2-null-repair.md
1535	1786035047	text/plain	JSON	receipt/manifest/provenance	orchestration	4cbc7b1dea405b94d484751a33f790f4bca45243	False			docs/orchestration/state/g2-array-56106974-r5-wakeup.json
1488	1786035048	text/plain	JSON	receipt/manifest/provenance	products	e6a8784c7962e19838c82dc7527b5d7aa0eb6829	False			nd-unfolding/products/pet/bkgsub/pet_cstat_bkgsub_5d_interim_42rep.summary.json
1439	1786035047	text/plain	JSON	receipt/manifest/provenance	orchestration	19f50f11997b9987f253aa75b66b8243b8caae67	False			docs/orchestration/state/claude-school-heartbeat-pre_A.SIkY8L.json
1439	1786035047	text/plain	JSON	receipt/manifest/provenance	orchestration	eeb23a467ea111fd18b3b1363140ef687c20df81	False			docs/orchestration/state/claude-school-heartbeat-pre_C.lF63WV.json
1426	1786035047	text/plain	JSON	receipt/manifest/provenance	orchestration	fdd06fac07ef85765c25d95dc7a66e6d63643f22	False			docs/orchestration/state/claude-school-heartbeat-final.UMwFUh.json
1396	1786035048	text/x-shellscript	CODE	human-authored source/config/doc	unassigned	91196da5190a1fccffd11eae3b63a0d26aed6d25	False	7		nd-unfolding/sbatch_uthrow_block_5d_bkgaware.sh
1385	1786035048	text/plain	JSON	receipt/manifest/provenance	PET (C)	075f6c438fb743fccdc2f00825b7ab630113cbd4	False			nd-unfolding/pet/powered_closure/PREFLIGHT_GAP_FLOOR.json
1342	1786452819	text/plain	JSON	receipt/manifest/provenance	orchestration	5e914ad245399bc5eeaf435516ca2341ce7fb45d	False			docs/orchestration/runs/agent-A-standard/20260811T125334Z-send-c530703c.json
1336	1786035047	text/plain	TEXT	reproducible generated product/log/cache	unassigned	3cfa940020f35ec4c4fe3d3cd9bef3d9dc1ccf14	False			nd-unfolding/log_minerva_pet_p7_LowQ2_1.txt
1335	1786035047	text/plain	TEXT	reproducible generated product/log/cache	unassigned	a4e7d55c32a5cbce34ee628aee3ed3a9928f1ec5	False			nd-unfolding/log_minerva_pet_p7_flux_55.txt
1334	1786035047	text/plain	TEXT	reproducible generated product/log/cache	unassigned	ccd1140693be3304c12fabdc0f5d2f8d723e8e1b	False			nd-unfolding/log_minerva_pet_p7_2p2h_1.txt
1334	1786035047	text/plain	TEXT	reproducible generated product/log/cache	unassigned	340dd10cdb0bdda436e025345dc787a1a289f62f	False			nd-unfolding/log_minerva_pet_p7_MaRES_1.txt
1334	1786035047	text/plain	TEXT	reproducible generated product/log/cache	unassigned	708b6825dac5106716e25513710c896c51f18598	False			nd-unfolding/log_minerva_pet_p7_null.txt
1333	1786035047	text/plain	TEXT	reproducible generated product/log/cache	unassigned	266b2169c37173672fa13ac11212cf698206067e	False			nd-unfolding/log_minerva_pet_p7_MaCCQE_1.txt
1332	1786035047	text/plain	TEXT	reproducible generated product/log/cache	unassigned	522497153e0201faa8b486609d601e02d56da717	False			nd-unfolding/log_minerva_pet_p7_CCQEPauliSupViaKF_1.txt
1276	1786035048	text/x-shellscript	CODE	human-authored source/config/doc	unassigned	a88b39bb783228a272811006049a27bcb47cf4f9	False	7		nd-unfolding/sbatch_uthrow_block_5d_tail.sh
1256	1786490116	text/plain	JSON	receipt/manifest/provenance	PET (C)	7fbcf8cccc39691d156f865cc5f4c9e2e7774b3a	True			nd-unfolding/pet/fullevent_nominal_annealed/STEP1_DECOMPOSITION.slurm-56691812.json
1238	1786035048	text/plain	JSON	receipt/manifest/provenance	products	74096d1800d7ee1ddde17f8692fe40ac85e36380	False			nd-unfolding/products/pet/fps_envelope_5d_xps2/fps_gbdt_envelope_5d_summary.json
1223	1786035048	text/x-shellscript	CODE	human-authored source/config/doc	unassigned	0b7cd2bd37a4b46ed4892d24660494863ed17d72	False	8		nd-unfolding/sbatch_hadd_pc_fps_bkgcloud.sh
1217	1786035047	text/plain	JSON	receipt/manifest/provenance	orchestration	95193bb459aa3e3b97342fc1870debcb6b365003	False			docs/orchestration/state/claude-school-heartbeat-pre_B.UrN9Ws.json
1181	1786035048	text/x-shellscript	CODE	human-authored source/config/doc	unassigned	3aed3a25114c7e6ae908fa09620265f5337ccd78	False	7		nd-unfolding/sbatch_uthrow_combine_5d_floor.sh
1126	1786489670	text/plain	JSON	receipt/manifest/provenance	orchestration	6554be0558fdd948a96467214ea45409ce5f07fe	True			docs/orchestration/state/branchc-traj-annealed-batch-active-56691812.json
1049	1786035048	text/x-shellscript	CODE	human-authored source/config/doc	unassigned	7db3bf368cbdc487bea90b8f9670411bd0ec2ea8	False	7		nd-unfolding/sbatch_uthrow_run_5d_bkgaware.sh
983	1786076844	text/plain	TEXT	reproducible generated product/log/cache	PET (C)	8619c8836a6d2445657bac0c4599e7fb8ea06743	False			nd-unfolding/pet/powered_closure/underfit_probe/DONE.probe-ctl8-slurm-56431649.txt
969	1786084185	text/plain	TEXT	reproducible generated product/log/cache	PET (C)	4fbb33b9dd7ffdc4dcde8a889bd5b384bd8de012	False			nd-unfolding/pet/powered_closure/underfit_probe/DONE.probe-ep16-slurm-56431650.txt
969	1786137015	text/plain	TEXT	reproducible generated product/log/cache	PET (C)	66a56029b719c6a4b5cdbb64c6feb4431b720d08	False			nd-unfolding/pet/powered_closure/underfit_probe/DONE.probe-ep32-slurm-56431651.txt
937	1786492081	text/x-shellscript	CODE	human-authored source/config/doc	unassigned	a59e064468efd4a672df64e7abd8188bd94f7aa4	True			nd-unfolding/sbatch_stamp_verify.sh
893	1786035048	text/plain	JSON	receipt/manifest/provenance	products	2fcfe32bacbe04883e9a133509f2744bf0cb9f28	False			nd-unfolding/products/pet/bkgsub/cml/pet_s1_e42_bkgsub_5d_xsec.summary.json
893	1786035048	text/plain	JSON	receipt/manifest/provenance	products	b338f2a75c4739fb7a90bd6a6d7825c3ebbad688	False			nd-unfolding/products/pet/bkgsub/cml/pet_s2_e43_bkgsub_5d_xsec.summary.json
892	1786035048	text/plain	JSON	receipt/manifest/provenance	products	9beea30099093dbd05b870f74b7d7166f54890ca	False			nd-unfolding/products/pet/bkgsub/cml/pet_s0_e42_bkgsub_5d_xsec.summary.json
892	1786035048	text/plain	JSON	receipt/manifest/provenance	products	d44e2609aa0c0e7199e1496cd206c909d0d6f3bb	False			nd-unfolding/products/pet/bkgsub/cml/pet_s3_e43_bkgsub_5d_xsec.summary.json
892	1786035048	text/plain	JSON	receipt/manifest/provenance	products	21a3f91e741f2696cc55cb4cbc750b78ddc11cdc	False			nd-unfolding/products/pet/bkgsub/cml/pet_s3_e44_bkgsub_5d_xsec.summary.json
891	1786035048	text/plain	JSON	receipt/manifest/provenance	products	76e2f5740efa076d022a46f956b834a6af93d5de	False			nd-unfolding/products/pet/bkgsub/cml/pet_s0_e43_bkgsub_5d_xsec.summary.json
891	1786035048	text/plain	JSON	receipt/manifest/provenance	products	eb60a4b8d67a34246fd39256483768227edfa079	False			nd-unfolding/products/pet/bkgsub/cml/pet_s0_e44_bkgsub_5d_xsec.summary.json
891	1786035048	text/plain	JSON	receipt/manifest/provenance	products	4cb67c7e90e1e6cd0582a04138e422e1dce9ec00	False			nd-unfolding/products/pet/bkgsub/cml/pet_s1_e43_bkgsub_5d_xsec.summary.json
891	1786035048	text/plain	JSON	receipt/manifest/provenance	products	4b2bbbc94384474c60e5ab098a7617a4c9513159	False			nd-unfolding/products/pet/bkgsub/cml/pet_s1_e44_bkgsub_5d_xsec.summary.json
891	1786035048	text/plain	JSON	receipt/manifest/provenance	products	e008900ebbf93aa285faf4875c5372adbfbadefd	False			nd-unfolding/products/pet/bkgsub/cml/pet_s2_e42_bkgsub_5d_xsec.summary.json
891	1786035048	text/plain	JSON	receipt/manifest/provenance	products	83d2b91331ce056c817b535b423beb76fe1e5bd5	False			nd-unfolding/products/pet/bkgsub/cml/pet_s2_e44_bkgsub_5d_xsec.summary.json
891	1786035048	text/plain	JSON	receipt/manifest/provenance	products	f896022984fa457c0747aa519bee0d883010dbca	False			nd-unfolding/products/pet/bkgsub/cml/pet_s3_e42_bkgsub_5d_xsec.summary.json
882	1786035048	text/plain	JSON	receipt/manifest/provenance	products	4e021d05cb76d4ce2fe3292ebc616d6bc43ff0c0	False			nd-unfolding/products/pet/bkgsub/pet_floor_bkgsub_5d_xsec.summary.json
836	1786452708	text/plain	JSON	receipt/manifest/provenance	orchestration	74858ec384251fff78eb2d28de9ca34574946c28	False			docs/orchestration/runs/agent-A-standard/20260811T125144Z-send-8fb6c30a.json
706	1786035047	text/plain	JSON	receipt/manifest/provenance	unassigned	9ec3aa7ac89c69b35998c6343f4e95d1a6eb1a4e	False			.mcp.json
671	1786384790	text/plain	TEXT	reproducible generated product/log/cache	unassigned	cdbd52f5760933479aa6996bbef37538c071d61f	False			log_fe_nominal_nominal.txt
670	1786395564	text/plain	TEXT	reproducible generated product/log/cache	unassigned	4a299a9b6131755fa49024a9a0d878d2cdc9cedd	False			log_fe_nominal_floor.txt
669	1786136951	text/plain	TEXT	reproducible generated product/log/cache	unassigned	f825bbbc64ccca34d35e5acb12e4205348655ff6	False			log_fe_powered.txt
669	1786446724	text/plain	TEXT	reproducible generated product/log/cache	PET (C)	19268132120055215294be6dd0331f007ab0e734	False			nd-unfolding/pet/log_fe_powered.txt
654	1786035059	text/x-python	CODE	human-authored source/config/doc	scratch	817100e01fd51eec029b1ea46fc224ddedca1507	False	0		scratch/verify_gate4_tests.py
637	1786035048	text/plain	JSON	receipt/manifest/provenance	products	3acd79c90bb8b007cf15726e5fb5fda575ac0427	False			nd-unfolding/products/pet/fps_envelope_5d/fps_gbdt_envelope_5d_summary.json
635	1786035048	text/plain	JSON	receipt/manifest/provenance	products	4e78ae752924d6b4e7955ea596e8ebd33a7af0c4	False			nd-unfolding/products/pet/fps_envelope_5d_xps/fps_gbdt_envelope_5d_summary.json
607	1786200026	text/plain	JSON	receipt/manifest/provenance	standard P4	f4bb8b0e4c3758aff12e1e6c77252a34434d8a4b	False			nd-unfolding/active_universe_5d/standard/unfolds/5d_xsec_MEFHC_5iter_lgbm_uni_full_Muon_Energy_MINERvA_0.root.done
607	1786200700	text/plain	JSON	receipt/manifest/provenance	standard P4	4f4d28157c99335f5a6becb13e339c9ccf5e1e4e	False			nd-unfolding/active_universe_5d/standard/unfolds/5d_xsec_MEFHC_5iter_lgbm_uni_full_Muon_Energy_MINERvA_1.root.done
605	1786201118	text/plain	JSON	receipt/manifest/provenance	standard P4	eec1b03a02a237bb01c03222d4e4528adf086375	False			nd-unfolding/active_universe_5d/standard/unfolds/5d_xsec_MEFHC_5iter_lgbm_uni_full_Muon_Energy_MINOS_0.root.done
605	1786201143	text/plain	JSON	receipt/manifest/provenance	standard P4	9caed3fc0fd60c7dc2fcfb6f186b5d537a2ee4c2	False			nd-unfolding/active_universe_5d/standard/unfolds/5d_xsec_MEFHC_5iter_lgbm_uni_full_Muon_Energy_MINOS_1.root.done
602	1786196794	text/plain	JSON	receipt/manifest/provenance	standard P4	5030581a76846fd0b41cdd1f6cf2fc883b1beaf5	False			nd-unfolding/active_universe_5d/standard/unfolds/5d_xsec_MEFHC_5iter_lgbm_uni_full_MuonResolution_0.root.done
602	1786197536	text/plain	JSON	receipt/manifest/provenance	standard P4	d2be63c4b48f21a8f5bc507dbf945e5fa7eaf9df	False			nd-unfolding/active_universe_5d/standard/unfolds/5d_xsec_MEFHC_5iter_lgbm_uni_full_MuonResolution_1.root.done
598	1786197733	text/plain	JSON	receipt/manifest/provenance	standard P4	1a23972113fd7a1ae00274387821178cc7948b91	False			nd-unfolding/active_universe_5d/standard/unfolds/5d_xsec_MEFHC_5iter_lgbm_uni_full_BeamAngleX_0.root.done
598	1786197677	text/plain	JSON	receipt/manifest/provenance	standard P4	234bb5fc4754b33bfb1a7505cb5f338c078a1095	False			nd-unfolding/active_universe_5d/standard/unfolds/5d_xsec_MEFHC_5iter_lgbm_uni_full_BeamAngleX_1.root.done
598	1786196505	text/plain	JSON	receipt/manifest/provenance	standard P4	f54f8b69682c5403d7fc6f564ec9433be6f84228	False			nd-unfolding/active_universe_5d/standard/unfolds/5d_xsec_MEFHC_5iter_lgbm_uni_full_BeamAngleY_0.root.done
598	1786197748	text/plain	JSON	receipt/manifest/provenance	standard P4	7edf3076fe25b538ced888798ab93b8d6065c036	False			nd-unfolding/active_universe_5d/standard/unfolds/5d_xsec_MEFHC_5iter_lgbm_uni_full_BeamAngleY_1.root.done
581	1786035047	text/plain	TEXT	reproducible generated product/log/cache	unassigned	05cde1ad6d703ef9b880857ae3624796ad68194d	False			nd-unfolding/log_stress_full.txt
578	1786035047	text/plain	TEXT	reproducible generated product/log/cache	unassigned	815bbba4abe5ee3b96ee3eafd287988fd89d237a	False			nd-unfolding/log_stress_recoil.txt
523	1786490060	text/plain	JSON	receipt/manifest/provenance	PET (C)	a8bfe8e3e2ac551395fe43f4f104b2147105aa2a	False			nd-unfolding/p3f_pet_fullevent/hpss_markers/runEventLoopOmniFold_P3F_PET_FE_Muon_Energy_MINERvA_0_1D.root.hpss.json
523	1786490110	text/plain	JSON	receipt/manifest/provenance	PET (C)	5dd4b8edf538afc4b295d47abc1d9f7fc159848e	False			nd-unfolding/p3f_pet_fullevent/hpss_markers/runEventLoopOmniFold_P3F_PET_FE_Muon_Energy_MINERvA_0_1E.root.hpss.json
523	1786490181	text/plain	JSON	receipt/manifest/provenance	PET (C)	17bf293c7c67f1dbed1cdcefee7b190320de6e82	False			nd-unfolding/p3f_pet_fullevent/hpss_markers/runEventLoopOmniFold_P3F_PET_FE_Muon_Energy_MINERvA_0_1F.root.hpss.json
523	1786490240	text/plain	JSON	receipt/manifest/provenance	PET (C)	902aebf81683d629ffc936c70616d6f79beeb8fc	False			nd-unfolding/p3f_pet_fullevent/hpss_markers/runEventLoopOmniFold_P3F_PET_FE_Muon_Energy_MINERvA_0_1G.root.hpss.json
523	1786490332	text/plain	JSON	receipt/manifest/provenance	PET (C)	1bafdcb04ba98274eef26a7d940861dc08fe8e67	False			nd-unfolding/p3f_pet_fullevent/hpss_markers/runEventLoopOmniFold_P3F_PET_FE_Muon_Energy_MINERvA_0_1M.root.hpss.json
523	1786490381	text/plain	JSON	receipt/manifest/provenance	PET (C)	a531b1d3060cf32040e4e9a6d577263a2a056efb	False			nd-unfolding/p3f_pet_fullevent/hpss_markers/runEventLoopOmniFold_P3F_PET_FE_Muon_Energy_MINERvA_0_1N.root.hpss.json
523	1786490558	text/plain	JSON	receipt/manifest/provenance	PET (C)	9e65e93ef6efffd3944cb1280e65e288052c2db7	False			nd-unfolding/p3f_pet_fullevent/hpss_markers/runEventLoopOmniFold_P3F_PET_FE_Muon_Energy_MINERvA_1_1D.root.hpss.json
523	1786490612	text/plain	JSON	receipt/manifest/provenance	PET (C)	4c836f4f8b96eec33ba2f51e5c5f9a72058eb2e5	False			nd-unfolding/p3f_pet_fullevent/hpss_markers/runEventLoopOmniFold_P3F_PET_FE_Muon_Energy_MINERvA_1_1E.root.hpss.json
523	1786490686	text/plain	JSON	receipt/manifest/provenance	PET (C)	427b62d67a3642775dbc649545ab121a1da037fe	False			nd-unfolding/p3f_pet_fullevent/hpss_markers/runEventLoopOmniFold_P3F_PET_FE_Muon_Energy_MINERvA_1_1F.root.hpss.json
523	1786490750	text/plain	JSON	receipt/manifest/provenance	PET (C)	0127a6c824aeabc1b680009a35893107e6e12694	False			nd-unfolding/p3f_pet_fullevent/hpss_markers/runEventLoopOmniFold_P3F_PET_FE_Muon_Energy_MINERvA_1_1G.root.hpss.json
523	1786490842	text/plain	JSON	receipt/manifest/provenance	PET (C)	1e1fc859d6004449cda8a324f87f20745d0e56bb	False			nd-unfolding/p3f_pet_fullevent/hpss_markers/runEventLoopOmniFold_P3F_PET_FE_Muon_Energy_MINERvA_1_1M.root.hpss.json
523	1786490896	text/plain	JSON	receipt/manifest/provenance	PET (C)	9b0284a6ca0cbee29dce952d24c3adc4d203a416	False			nd-unfolding/p3f_pet_fullevent/hpss_markers/runEventLoopOmniFold_P3F_PET_FE_Muon_Energy_MINERvA_1_1N.root.hpss.json
521	1786489967	text/plain	JSON	receipt/manifest/provenance	PET (C)	6a394e9979b35c83e48d6069e23d094c33130920	False			nd-unfolding/p3f_pet_fullevent/hpss_markers/runEventLoopOmniFold_P3F_PET_FE_Muon_Energy_MINERvA_0_1A.root.hpss.json
521	1786489979	text/plain	JSON	receipt/manifest/provenance	PET (C)	83b6da6324c979f6bdcf39f7a46f1ce81fa01ea1	False			nd-unfolding/p3f_pet_fullevent/hpss_markers/runEventLoopOmniFold_P3F_PET_FE_Muon_Energy_MINERvA_0_1B.root.hpss.json
521	1786490000	text/plain	JSON	receipt/manifest/provenance	PET (C)	ec950d11396fd24582f15d734032ef5ff4441a79	False			nd-unfolding/p3f_pet_fullevent/hpss_markers/runEventLoopOmniFold_P3F_PET_FE_Muon_Energy_MINERvA_0_1C.root.hpss.json
521	1786490247	text/plain	JSON	receipt/manifest/provenance	PET (C)	50dd8bfed02aba26a041818e68e9c6976fb2a6c1	False			nd-unfolding/p3f_pet_fullevent/hpss_markers/runEventLoopOmniFold_P3F_PET_FE_Muon_Energy_MINERvA_0_1L.root.hpss.json
521	1786490396	text/plain	JSON	receipt/manifest/provenance	PET (C)	4a1902d6471fb96a41fad4e521c9506cb41a66e1	False			nd-unfolding/p3f_pet_fullevent/hpss_markers/runEventLoopOmniFold_P3F_PET_FE_Muon_Energy_MINERvA_0_1O.root.hpss.json
521	1786490418	text/plain	JSON	receipt/manifest/provenance	PET (C)	f092df8591a39de244e5a92cc83c59bbc8c51876	False			nd-unfolding/p3f_pet_fullevent/hpss_markers/runEventLoopOmniFold_P3F_PET_FE_Muon_Energy_MINERvA_0_1P.root.hpss.json
521	1786490459	text/plain	JSON	receipt/manifest/provenance	PET (C)	2dab8e68eb9b4e0ddec14d92c0fc234cd92f6a48	False			nd-unfolding/p3f_pet_fullevent/hpss_markers/runEventLoopOmniFold_P3F_PET_FE_Muon_Energy_MINERvA_1_1A.root.hpss.json
521	1786490470	text/plain	JSON	receipt/manifest/provenance	PET (C)	7789c5d2a2b5f0cb47b07399a3dc363defc60eb7	False			nd-unfolding/p3f_pet_fullevent/hpss_markers/runEventLoopOmniFold_P3F_PET_FE_Muon_Energy_MINERvA_1_1B.root.hpss.json
521	1786490492	text/plain	JSON	receipt/manifest/provenance	PET (C)	a544a08a1d7edbb2248dca05b4c411648d0e431c	False			nd-unfolding/p3f_pet_fullevent/hpss_markers/runEventLoopOmniFold_P3F_PET_FE_Muon_Energy_MINERvA_1_1C.root.hpss.json
521	1786490757	text/plain	JSON	receipt/manifest/provenance	PET (C)	6934387cd9b895cefd62e150e05e8e1e00b886ed	False			nd-unfolding/p3f_pet_fullevent/hpss_markers/runEventLoopOmniFold_P3F_PET_FE_Muon_Energy_MINERvA_1_1L.root.hpss.json
521	1786490914	text/plain	JSON	receipt/manifest/provenance	PET (C)	e0f6d6ec503f2bd76f9811728a084e542bb8ac51	False			nd-unfolding/p3f_pet_fullevent/hpss_markers/runEventLoopOmniFold_P3F_PET_FE_Muon_Energy_MINERvA_1_1O.root.hpss.json
521	1786490935	text/plain	JSON	receipt/manifest/provenance	PET (C)	2dc2f235c9fd7a817d4046cf1972d772b84c4336	False			nd-unfolding/p3f_pet_fullevent/hpss_markers/runEventLoopOmniFold_P3F_PET_FE_Muon_Energy_MINERvA_1_1P.root.hpss.json
519	1786491078	text/plain	JSON	receipt/manifest/provenance	PET (C)	ec9f827f1b6cebd35e9c039228af1992f5a2c9ab	False			nd-unfolding/p3f_pet_fullevent/hpss_markers/runEventLoopOmniFold_P3F_PET_FE_Muon_Energy_MINOS_0_1D.root.hpss.json
519	1786491132	text/plain	JSON	receipt/manifest/provenance	PET (C)	88bc849fddd2a5cd3370b46b9d9dfd1172522fb9	False			nd-unfolding/p3f_pet_fullevent/hpss_markers/runEventLoopOmniFold_P3F_PET_FE_Muon_Energy_MINOS_0_1E.root.hpss.json
519	1786491203	text/plain	JSON	receipt/manifest/provenance	PET (C)	b0628fabc034cde66b7ae5daf3112a1d60eac589	False			nd-unfolding/p3f_pet_fullevent/hpss_markers/runEventLoopOmniFold_P3F_PET_FE_Muon_Energy_MINOS_0_1F.root.hpss.json
519	1786491266	text/plain	JSON	receipt/manifest/provenance	PET (C)	cc42a46d9bc65ff3f1a3c05aebece71cb5a520b1	False			nd-unfolding/p3f_pet_fullevent/hpss_markers/runEventLoopOmniFold_P3F_PET_FE_Muon_Energy_MINOS_0_1G.root.hpss.json
519	1786491359	text/plain	JSON	receipt/manifest/provenance	PET (C)	75e83f9e232a93cf5439991985d0e03d6ff91e42	False			nd-unfolding/p3f_pet_fullevent/hpss_markers/runEventLoopOmniFold_P3F_PET_FE_Muon_Energy_MINOS_0_1M.root.hpss.json
519	1786491410	text/plain	JSON	receipt/manifest/provenance	PET (C)	854f77f577c85ce87c71a04205b8fd722a4db5a7	False			nd-unfolding/p3f_pet_fullevent/hpss_markers/runEventLoopOmniFold_P3F_PET_FE_Muon_Energy_MINOS_0_1N.root.hpss.json
519	1786491593	text/plain	JSON	receipt/manifest/provenance	PET (C)	04fffa2e1975b542f6996c2412768e5604f23400	False			nd-unfolding/p3f_pet_fullevent/hpss_markers/runEventLoopOmniFold_P3F_PET_FE_Muon_Energy_MINOS_1_1D.root.hpss.json
519	1786491646	text/plain	JSON	receipt/manifest/provenance	PET (C)	fcfad6c8106e9b9d857651a110c5985c2b4d77cc	False			nd-unfolding/p3f_pet_fullevent/hpss_markers/runEventLoopOmniFold_P3F_PET_FE_Muon_Energy_MINOS_1_1E.root.hpss.json
519	1786491719	text/plain	JSON	receipt/manifest/provenance	PET (C)	b68e56c19f3c44d81de3c6b37c1f440c873e289c	False			nd-unfolding/p3f_pet_fullevent/hpss_markers/runEventLoopOmniFold_P3F_PET_FE_Muon_Energy_MINOS_1_1F.root.hpss.json
519	1786491780	text/plain	JSON	receipt/manifest/provenance	PET (C)	d952255358deae5e86fd39a0e79865723d0ccb31	False			nd-unfolding/p3f_pet_fullevent/hpss_markers/runEventLoopOmniFold_P3F_PET_FE_Muon_Energy_MINOS_1_1G.root.hpss.json
519	1786491878	text/plain	JSON	receipt/manifest/provenance	PET (C)	5372314bcad3f11239090660878529d3320bfc4b	False			nd-unfolding/p3f_pet_fullevent/hpss_markers/runEventLoopOmniFold_P3F_PET_FE_Muon_Energy_MINOS_1_1M.root.hpss.json
519	1786491929	text/plain	JSON	receipt/manifest/provenance	PET (C)	bcb188245c86fa6b3c7294822940e8470eadda0d	False			nd-unfolding/p3f_pet_fullevent/hpss_markers/runEventLoopOmniFold_P3F_PET_FE_Muon_Energy_MINOS_1_1N.root.hpss.json
517	1786490978	text/plain	JSON	receipt/manifest/provenance	PET (C)	6dcaf93c190cea01356957711d054788eb2f4867	False			nd-unfolding/p3f_pet_fullevent/hpss_markers/runEventLoopOmniFold_P3F_PET_FE_Muon_Energy_MINOS_0_1A.root.hpss.json
517	1786490990	text/plain	JSON	receipt/manifest/provenance	PET (C)	547af5ec22c9c0750f7bc0cf32b2bbeb6fad1b0e	False			nd-unfolding/p3f_pet_fullevent/hpss_markers/runEventLoopOmniFold_P3F_PET_FE_Muon_Energy_MINOS_0_1B.root.hpss.json
517	1786491013	text/plain	JSON	receipt/manifest/provenance	PET (C)	4f30efa1b28b70b97d5d9607a8cb434e57a2f5a4	False			nd-unfolding/p3f_pet_fullevent/hpss_markers/runEventLoopOmniFold_P3F_PET_FE_Muon_Energy_MINOS_0_1C.root.hpss.json
517	1786491273	text/plain	JSON	receipt/manifest/provenance	PET (C)	54eb5ac84c5ea2af8ed3389ddc3b48dee9b217e6	False			nd-unfolding/p3f_pet_fullevent/hpss_markers/runEventLoopOmniFold_P3F_PET_FE_Muon_Energy_MINOS_0_1L.root.hpss.json
517	1786491427	text/plain	JSON	receipt/manifest/provenance	PET (C)	fcb943c2f4c24241c98c3ec48bd8d9ad836bd272	False			nd-unfolding/p3f_pet_fullevent/hpss_markers/runEventLoopOmniFold_P3F_PET_FE_Muon_Energy_MINOS_0_1O.root.hpss.json
517	1786491449	text/plain	JSON	receipt/manifest/provenance	PET (C)	0ab918839178b67f809d2fa515e369adb4dd224f	False			nd-unfolding/p3f_pet_fullevent/hpss_markers/runEventLoopOmniFold_P3F_PET_FE_Muon_Energy_MINOS_0_1P.root.hpss.json
517	1786491494	text/plain	JSON	receipt/manifest/provenance	PET (C)	93533b59b944eee5a15c81cb44b455e40b26320f	False			nd-unfolding/p3f_pet_fullevent/hpss_markers/runEventLoopOmniFold_P3F_PET_FE_Muon_Energy_MINOS_1_1A.root.hpss.json
517	1786491506	text/plain	JSON	receipt/manifest/provenance	PET (C)	0af5b91023a15f8e3ef515c3f87ae334954ebdea	False			nd-unfolding/p3f_pet_fullevent/hpss_markers/runEventLoopOmniFold_P3F_PET_FE_Muon_Energy_MINOS_1_1B.root.hpss.json
517	1786491528	text/plain	JSON	receipt/manifest/provenance	PET (C)	29314f7894eb4829653f56216ec6d1f0914240d2	False			nd-unfolding/p3f_pet_fullevent/hpss_markers/runEventLoopOmniFold_P3F_PET_FE_Muon_Energy_MINOS_1_1C.root.hpss.json
517	1786491787	text/plain	JSON	receipt/manifest/provenance	PET (C)	657606f0996eba92b01f33bf30f739e836450969	False			nd-unfolding/p3f_pet_fullevent/hpss_markers/runEventLoopOmniFold_P3F_PET_FE_Muon_Energy_MINOS_1_1L.root.hpss.json
517	1786491945	text/plain	JSON	receipt/manifest/provenance	PET (C)	3487481fde688a75ebc88f2ba558e689e8fdd873	False			nd-unfolding/p3f_pet_fullevent/hpss_markers/runEventLoopOmniFold_P3F_PET_FE_Muon_Energy_MINOS_1_1O.root.hpss.json
517	1786491967	text/plain	JSON	receipt/manifest/provenance	PET (C)	d5380993369401c11c0bcd7589eb61e8b7d91b52	False			nd-unfolding/p3f_pet_fullevent/hpss_markers/runEventLoopOmniFold_P3F_PET_FE_Muon_Energy_MINOS_1_1P.root.hpss.json
513	1786492111	text/plain	JSON	receipt/manifest/provenance	PET (C)	f4310934bdf13657d15cd49fd1185cbfe928864c	False			nd-unfolding/p3f_pet_fullevent/hpss_markers/runEventLoopOmniFold_P3F_PET_FE_MuonResolution_0_1D.root.hpss.json
513	1786492163	text/plain	JSON	receipt/manifest/provenance	PET (C)	0e0065a963a3baba2452e382023c413d40e9a282	False			nd-unfolding/p3f_pet_fullevent/hpss_markers/runEventLoopOmniFold_P3F_PET_FE_MuonResolution_0_1E.root.hpss.json
513	1786492238	text/plain	JSON	receipt/manifest/provenance	PET (C)	df90ae787b911d6a796a1f5f6608ad5b2c57dd73	False			nd-unfolding/p3f_pet_fullevent/hpss_markers/runEventLoopOmniFold_P3F_PET_FE_MuonResolution_0_1F.root.hpss.json
513	1786492297	text/plain	JSON	receipt/manifest/provenance	PET (C)	4b235cfd61d6170028e91a9122177e4542850d5f	False			nd-unfolding/p3f_pet_fullevent/hpss_markers/runEventLoopOmniFold_P3F_PET_FE_MuonResolution_0_1G.root.hpss.json
513	1786492390	text/plain	JSON	receipt/manifest/provenance	PET (C)	c0f3b7f50b462abb823e7ea7388cbfda29c921e7	False			nd-unfolding/p3f_pet_fullevent/hpss_markers/runEventLoopOmniFold_P3F_PET_FE_MuonResolution_0_1M.root.hpss.json
513	1786492441	text/plain	JSON	receipt/manifest/provenance	PET (C)	9b4a83549c35094592c90b417860aed5bc6bdee7	False			nd-unfolding/p3f_pet_fullevent/hpss_markers/runEventLoopOmniFold_P3F_PET_FE_MuonResolution_0_1N.root.hpss.json
513	1786492614	text/plain	JSON	receipt/manifest/provenance	PET (C)	307b698bfe626b4987604958e6bc9bc2a6fc441d	False			nd-unfolding/p3f_pet_fullevent/hpss_markers/runEventLoopOmniFold_P3F_PET_FE_MuonResolution_1_1D.root.hpss.json
513	1786492665	text/plain	JSON	receipt/manifest/provenance	PET (C)	2ccfe01970335730abca49c3cc58c38c018b2974	False			nd-unfolding/p3f_pet_fullevent/hpss_markers/runEventLoopOmniFold_P3F_PET_FE_MuonResolution_1_1E.root.hpss.json
513	1786492733	text/plain	JSON	receipt/manifest/provenance	PET (C)	84ca6b9573ee4e2044b1e9dfa48bd3c5a3f03e89	False			nd-unfolding/p3f_pet_fullevent/hpss_markers/runEventLoopOmniFold_P3F_PET_FE_MuonResolution_1_1F.root.hpss.json
513	1786492791	text/plain	JSON	receipt/manifest/provenance	PET (C)	cfe62c7ea56115e134f803aa1b78fb0d5fb9c4b4	False			nd-unfolding/p3f_pet_fullevent/hpss_markers/runEventLoopOmniFold_P3F_PET_FE_MuonResolution_1_1G.root.hpss.json
513	1786492884	text/plain	JSON	receipt/manifest/provenance	PET (C)	143084fd33d8caab5c5e57226039d1a769928425	False			nd-unfolding/p3f_pet_fullevent/hpss_markers/runEventLoopOmniFold_P3F_PET_FE_MuonResolution_1_1M.root.hpss.json
513	1786492935	text/plain	JSON	receipt/manifest/provenance	PET (C)	a96e3175948eb2108d77fd40f38cb654238fc2d8	False			nd-unfolding/p3f_pet_fullevent/hpss_markers/runEventLoopOmniFold_P3F_PET_FE_MuonResolution_1_1N.root.hpss.json
511	1786492010	text/plain	JSON	receipt/manifest/provenance	PET (C)	a4d7861c9480d0869f4caa6e6c5e33d15aede5a9	False			nd-unfolding/p3f_pet_fullevent/hpss_markers/runEventLoopOmniFold_P3F_PET_FE_MuonResolution_0_1A.root.hpss.json
511	1786492023	text/plain	JSON	receipt/manifest/provenance	PET (C)	311f7b2aa0f7a856d5fe41c11e0dab41d4e092ec	False			nd-unfolding/p3f_pet_fullevent/hpss_markers/runEventLoopOmniFold_P3F_PET_FE_MuonResolution_0_1B.root.hpss.json
511	1786492046	text/plain	JSON	receipt/manifest/provenance	PET (C)	915c5d91a5ec29ff8c8e8cc9ad38ea7316af1b7b	False			nd-unfolding/p3f_pet_fullevent/hpss_markers/runEventLoopOmniFold_P3F_PET_FE_MuonResolution_0_1C.root.hpss.json
511	1786492304	text/plain	JSON	receipt/manifest/provenance	PET (C)	2370f1f2d47a9856cc4f7039b63b35cefda693cf	False			nd-unfolding/p3f_pet_fullevent/hpss_markers/runEventLoopOmniFold_P3F_PET_FE_MuonResolution_0_1L.root.hpss.json
511	1786492457	text/plain	JSON	receipt/manifest/provenance	PET (C)	5dc3e4aead2a951b57f38f4a7cb5482a719d1398	False			nd-unfolding/p3f_pet_fullevent/hpss_markers/runEventLoopOmniFold_P3F_PET_FE_MuonResolution_0_1O.root.hpss.json
511	1786492477	text/plain	JSON	receipt/manifest/provenance	PET (C)	de614b66d26eb4525dde2bb5852cfa618e5fa671	False			nd-unfolding/p3f_pet_fullevent/hpss_markers/runEventLoopOmniFold_P3F_PET_FE_MuonResolution_0_1P.root.hpss.json
511	1786492518	text/plain	JSON	receipt/manifest/provenance	PET (C)	c248302280b3fb94299eba2e047c79c8a8cc1dc6	False			nd-unfolding/p3f_pet_fullevent/hpss_markers/runEventLoopOmniFold_P3F_PET_FE_MuonResolution_1_1A.root.hpss.json
511	1786492531	text/plain	JSON	receipt/manifest/provenance	PET (C)	129daf3bd5c75595c01c9ce89f8162a4c8c4d52a	False			nd-unfolding/p3f_pet_fullevent/hpss_markers/runEventLoopOmniFold_P3F_PET_FE_MuonResolution_1_1B.root.hpss.json
511	1786492553	text/plain	JSON	receipt/manifest/provenance	PET (C)	caef074dc9856d5eea9f7b8163a8f7eb7c1ee898	False			nd-unfolding/p3f_pet_fullevent/hpss_markers/runEventLoopOmniFold_P3F_PET_FE_MuonResolution_1_1C.root.hpss.json
511	1786492798	text/plain	JSON	receipt/manifest/provenance	PET (C)	33c7a481376df004c7ddd5c3752f0225da3c6efd	False			nd-unfolding/p3f_pet_fullevent/hpss_markers/runEventLoopOmniFold_P3F_PET_FE_MuonResolution_1_1L.root.hpss.json
511	1786492952	text/plain	JSON	receipt/manifest/provenance	PET (C)	ab2c0e6162bdf4ea42b7dc79453bbc8d70cacc93	False			nd-unfolding/p3f_pet_fullevent/hpss_markers/runEventLoopOmniFold_P3F_PET_FE_MuonResolution_1_1O.root.hpss.json
511	1786492973	text/plain	JSON	receipt/manifest/provenance	PET (C)	2f2d241927c74a4675036c5df5493e27f2211882	False			nd-unfolding/p3f_pet_fullevent/hpss_markers/runEventLoopOmniFold_P3F_PET_FE_MuonResolution_1_1P.root.hpss.json
505	1786488094	text/plain	JSON	receipt/manifest/provenance	PET (C)	baa3866b708d599b15b73f9bd0189e7cac569d7b	False			nd-unfolding/p3f_pet_fullevent/hpss_markers/runEventLoopOmniFold_P3F_PET_FE_BeamAngleX_0_1D.root.hpss.json
505	1786488142	text/plain	JSON	receipt/manifest/provenance	PET (C)	6d6f0e1b38cbdae7d1b38360d52cfee4e37f4c08	False			nd-unfolding/p3f_pet_fullevent/hpss_markers/runEventLoopOmniFold_P3F_PET_FE_BeamAngleX_0_1E.root.hpss.json
505	1786488211	text/plain	JSON	receipt/manifest/provenance	PET (C)	8a360f7f7d7acc272584fe99ca1cd8f45b6049ba	False			nd-unfolding/p3f_pet_fullevent/hpss_markers/runEventLoopOmniFold_P3F_PET_FE_BeamAngleX_0_1F.root.hpss.json
505	1786488267	text/plain	JSON	receipt/manifest/provenance	PET (C)	464966fc1b4c71dc87f5fd3258741c0986f72522	False			nd-unfolding/p3f_pet_fullevent/hpss_markers/runEventLoopOmniFold_P3F_PET_FE_BeamAngleX_0_1G.root.hpss.json
505	1786488359	text/plain	JSON	receipt/manifest/provenance	PET (C)	db2c139c492c206c059506ebc6b3a887e2f34f56	False			nd-unfolding/p3f_pet_fullevent/hpss_markers/runEventLoopOmniFold_P3F_PET_FE_BeamAngleX_0_1M.root.hpss.json
505	1786488408	text/plain	JSON	receipt/manifest/provenance	PET (C)	91e27ea42eb26f32f5d6b4efb90acab678ddff1c	False			nd-unfolding/p3f_pet_fullevent/hpss_markers/runEventLoopOmniFold_P3F_PET_FE_BeamAngleX_0_1N.root.hpss.json
505	1786488580	text/plain	JSON	receipt/manifest/provenance	PET (C)	131d43a8bf0f61b63364d0f9209517d59b7c80f5	False			nd-unfolding/p3f_pet_fullevent/hpss_markers/runEventLoopOmniFold_P3F_PET_FE_BeamAngleX_1_1D.root.hpss.json
505	1786488631	text/plain	JSON	receipt/manifest/provenance	PET (C)	654211eca9aa60fc44c50a2a056f16bb09e8e172	False			nd-unfolding/p3f_pet_fullevent/hpss_markers/runEventLoopOmniFold_P3F_PET_FE_BeamAngleX_1_1E.root.hpss.json
505	1786488700	text/plain	JSON	receipt/manifest/provenance	PET (C)	2ab7abe1734303f0aeef6ac7d76c6d5e38318207	False			nd-unfolding/p3f_pet_fullevent/hpss_markers/runEventLoopOmniFold_P3F_PET_FE_BeamAngleX_1_1F.root.hpss.json
505	1786488760	text/plain	JSON	receipt/manifest/provenance	PET (C)	94a6c1aeab7781f23da0264a75fbae6349125181	False			nd-unfolding/p3f_pet_fullevent/hpss_markers/runEventLoopOmniFold_P3F_PET_FE_BeamAngleX_1_1G.root.hpss.json
505	1786488851	text/plain	JSON	receipt/manifest/provenance	PET (C)	0620f7a616c9ce9243c674e2dc390a01827dbe2e	False			nd-unfolding/p3f_pet_fullevent/hpss_markers/runEventLoopOmniFold_P3F_PET_FE_BeamAngleX_1_1M.root.hpss.json
505	1786488903	text/plain	JSON	receipt/manifest/provenance	PET (C)	2e368d9f10a6a9e8db5476a695c67c0346e8e240	False			nd-unfolding/p3f_pet_fullevent/hpss_markers/runEventLoopOmniFold_P3F_PET_FE_BeamAngleX_1_1N.root.hpss.json
505	1786489078	text/plain	JSON	receipt/manifest/provenance	PET (C)	75319f9e58e4689a1767280bd97b4840f3d932f3	False			nd-unfolding/p3f_pet_fullevent/hpss_markers/runEventLoopOmniFold_P3F_PET_FE_BeamAngleY_0_1D.root.hpss.json
505	1786489127	text/plain	JSON	receipt/manifest/provenance	PET (C)	ec4a7ecda93ee5d3b1d2c532daa50e70fdefd81b	False			nd-unfolding/p3f_pet_fullevent/hpss_markers/runEventLoopOmniFold_P3F_PET_FE_BeamAngleY_0_1E.root.hpss.json
505	1786489194	text/plain	JSON	receipt/manifest/provenance	PET (C)	d965fdb695b0d28cd993574059851c3e1ecb1f98	False			nd-unfolding/p3f_pet_fullevent/hpss_markers/runEventLoopOmniFold_P3F_PET_FE_BeamAngleY_0_1F.root.hpss.json
505	1786489253	text/plain	JSON	receipt/manifest/provenance	PET (C)	66c1d02c7fe9e4fb0c88507ee01578910517b109	False			nd-unfolding/p3f_pet_fullevent/hpss_markers/runEventLoopOmniFold_P3F_PET_FE_BeamAngleY_0_1G.root.hpss.json
505	1786489345	text/plain	JSON	receipt/manifest/provenance	PET (C)	9130923457c44fbe883088856a633fec38268746	False			nd-unfolding/p3f_pet_fullevent/hpss_markers/runEventLoopOmniFold_P3F_PET_FE_BeamAngleY_0_1M.root.hpss.json
505	1786489395	text/plain	JSON	receipt/manifest/provenance	PET (C)	e86bc6d80627aab6a61b8be04c5c975fcc5ba834	False			nd-unfolding/p3f_pet_fullevent/hpss_markers/runEventLoopOmniFold_P3F_PET_FE_BeamAngleY_0_1N.root.hpss.json
505	1786489569	text/plain	JSON	receipt/manifest/provenance	PET (C)	ee443ac7d710bcf4ce8a7bd5781293560c3e5ae9	False			nd-unfolding/p3f_pet_fullevent/hpss_markers/runEventLoopOmniFold_P3F_PET_FE_BeamAngleY_1_1D.root.hpss.json
505	1786489619	text/plain	JSON	receipt/manifest/provenance	PET (C)	9b5e644ee63fc189f09a59aa8342a258754c46e5	False			nd-unfolding/p3f_pet_fullevent/hpss_markers/runEventLoopOmniFold_P3F_PET_FE_BeamAngleY_1_1E.root.hpss.json
505	1786489688	text/plain	JSON	receipt/manifest/provenance	PET (C)	febd56fc4f0389e947e39121df95f7b53cc68458	False			nd-unfolding/p3f_pet_fullevent/hpss_markers/runEventLoopOmniFold_P3F_PET_FE_BeamAngleY_1_1F.root.hpss.json
505	1786489747	text/plain	JSON	receipt/manifest/provenance	PET (C)	f7ebac9f18cdb0e7be48a45c5445d15decec4ccf	False			nd-unfolding/p3f_pet_fullevent/hpss_markers/runEventLoopOmniFold_P3F_PET_FE_BeamAngleY_1_1G.root.hpss.json
505	1786489837	text/plain	JSON	receipt/manifest/provenance	PET (C)	9a288e5743caec9ba9e22620fc213a6dbcb9cf03	False			nd-unfolding/p3f_pet_fullevent/hpss_markers/runEventLoopOmniFold_P3F_PET_FE_BeamAngleY_1_1M.root.hpss.json
505	1786489887	text/plain	JSON	receipt/manifest/provenance	PET (C)	7ba035fe705da97a8a8092efbf9c75e9e08fcca6	False			nd-unfolding/p3f_pet_fullevent/hpss_markers/runEventLoopOmniFold_P3F_PET_FE_BeamAngleY_1_1N.root.hpss.json
503	1786488001	text/plain	JSON	receipt/manifest/provenance	PET (C)	85eca57f8b2bed5946354c7918d1509ef6c8e91e	False			nd-unfolding/p3f_pet_fullevent/hpss_markers/runEventLoopOmniFold_P3F_PET_FE_BeamAngleX_0_1A.root.hpss.json
503	1786488012	text/plain	JSON	receipt/manifest/provenance	PET (C)	818480d077e7cecbe9ae3e06f416994840a2c677	False			nd-unfolding/p3f_pet_fullevent/hpss_markers/runEventLoopOmniFold_P3F_PET_FE_BeamAngleX_0_1B.root.hpss.json
503	1786488034	text/plain	JSON	receipt/manifest/provenance	PET (C)	c892eb9626f0e72e7edc945a63182e03da0d90f9	False			nd-unfolding/p3f_pet_fullevent/hpss_markers/runEventLoopOmniFold_P3F_PET_FE_BeamAngleX_0_1C.root.hpss.json
503	1786488274	text/plain	JSON	receipt/manifest/provenance	PET (C)	007830842b6524bea00f0fd43c1b2fe92610ce4e	False			nd-unfolding/p3f_pet_fullevent/hpss_markers/runEventLoopOmniFold_P3F_PET_FE_BeamAngleX_0_1L.root.hpss.json
503	1786488423	text/plain	JSON	receipt/manifest/provenance	PET (C)	aed8d63a8e495c0d3d6601c706a97cfb9d638478	False			nd-unfolding/p3f_pet_fullevent/hpss_markers/runEventLoopOmniFold_P3F_PET_FE_BeamAngleX_0_1O.root.hpss.json
503	1786488445	text/plain	JSON	receipt/manifest/provenance	PET (C)	8bc3d701cbd2d71c782ac9ba7eed0dc471d51bb3	False			nd-unfolding/p3f_pet_fullevent/hpss_markers/runEventLoopOmniFold_P3F_PET_FE_BeamAngleX_0_1P.root.hpss.json
503	1786488486	text/plain	JSON	receipt/manifest/provenance	PET (C)	313ef54b191c0c9246c815a3246d1c81636aca01	False			nd-unfolding/p3f_pet_fullevent/hpss_markers/runEventLoopOmniFold_P3F_PET_FE_BeamAngleX_1_1A.root.hpss.json
503	1786488499	text/plain	JSON	receipt/manifest/provenance	PET (C)	6de758f00cca5c6325b72cf66e7000009cb48f96	False			nd-unfolding/p3f_pet_fullevent/hpss_markers/runEventLoopOmniFold_P3F_PET_FE_BeamAngleX_1_1B.root.hpss.json
503	1786488520	text/plain	JSON	receipt/manifest/provenance	PET (C)	a93e7eb2db6fb1b9330f546637c838675e363e5f	False			nd-unfolding/p3f_pet_fullevent/hpss_markers/runEventLoopOmniFold_P3F_PET_FE_BeamAngleX_1_1C.root.hpss.json
503	1786488768	text/plain	JSON	receipt/manifest/provenance	PET (C)	b7a5e46fecaf3c1435a545b52fe58237cf3ba61c	False			nd-unfolding/p3f_pet_fullevent/hpss_markers/runEventLoopOmniFold_P3F_PET_FE_BeamAngleX_1_1L.root.hpss.json
503	1786488920	text/plain	JSON	receipt/manifest/provenance	PET (C)	ca9fb4edba06e482e7ce4a32987f6b7d31570954	False			nd-unfolding/p3f_pet_fullevent/hpss_markers/runEventLoopOmniFold_P3F_PET_FE_BeamAngleX_1_1O.root.hpss.json
503	1786488941	text/plain	JSON	receipt/manifest/provenance	PET (C)	0902e09b08f378569331ac6d13918bfcf4449850	False			nd-unfolding/p3f_pet_fullevent/hpss_markers/runEventLoopOmniFold_P3F_PET_FE_BeamAngleX_1_1P.root.hpss.json
503	1786488982	text/plain	JSON	receipt/manifest/provenance	PET (C)	8aa36e99f5854ed7358a19551ad7392291d2d9ec	False			nd-unfolding/p3f_pet_fullevent/hpss_markers/runEventLoopOmniFold_P3F_PET_FE_BeamAngleY_0_1A.root.hpss.json
503	1786488995	text/plain	JSON	receipt/manifest/provenance	PET (C)	c73cd08f36cbd1af17ecac5ee2ab5db72e1eda45	False			nd-unfolding/p3f_pet_fullevent/hpss_markers/runEventLoopOmniFold_P3F_PET_FE_BeamAngleY_0_1B.root.hpss.json
503	1786489017	text/plain	JSON	receipt/manifest/provenance	PET (C)	289280b3fc97389b7d1b95041f5fb56902563230	False			nd-unfolding/p3f_pet_fullevent/hpss_markers/runEventLoopOmniFold_P3F_PET_FE_BeamAngleY_0_1C.root.hpss.json
503	1786489260	text/plain	JSON	receipt/manifest/provenance	PET (C)	eba45eb939845fdf463f0714e4e3ba6b2a97f011	False			nd-unfolding/p3f_pet_fullevent/hpss_markers/runEventLoopOmniFold_P3F_PET_FE_BeamAngleY_0_1L.root.hpss.json
503	1786489411	text/plain	JSON	receipt/manifest/provenance	PET (C)	2e555410b9582636a79e2f2921c28959e8f059d2	False			nd-unfolding/p3f_pet_fullevent/hpss_markers/runEventLoopOmniFold_P3F_PET_FE_BeamAngleY_0_1O.root.hpss.json
503	1786489433	text/plain	JSON	receipt/manifest/provenance	PET (C)	d1b52e85dfb8351d6654f16012e8256f159bbc16	False			nd-unfolding/p3f_pet_fullevent/hpss_markers/runEventLoopOmniFold_P3F_PET_FE_BeamAngleY_0_1P.root.hpss.json
503	1786489474	text/plain	JSON	receipt/manifest/provenance	PET (C)	3b067e79b18d053d336e50382c0ec34152a5f55c	False			nd-unfolding/p3f_pet_fullevent/hpss_markers/runEventLoopOmniFold_P3F_PET_FE_BeamAngleY_1_1A.root.hpss.json
503	1786489486	text/plain	JSON	receipt/manifest/provenance	PET (C)	85c9c182115e04c5b6e55174950289de88319466	False			nd-unfolding/p3f_pet_fullevent/hpss_markers/runEventLoopOmniFold_P3F_PET_FE_BeamAngleY_1_1B.root.hpss.json
503	1786489508	text/plain	JSON	receipt/manifest/provenance	PET (C)	436b76a54d82941cc0466a6c6aea0b0241b7ea8d	False			nd-unfolding/p3f_pet_fullevent/hpss_markers/runEventLoopOmniFold_P3F_PET_FE_BeamAngleY_1_1C.root.hpss.json
503	1786489755	text/plain	JSON	receipt/manifest/provenance	PET (C)	fa3a39885901bfa56dd90c9107c58990a8044c49	False			nd-unfolding/p3f_pet_fullevent/hpss_markers/runEventLoopOmniFold_P3F_PET_FE_BeamAngleY_1_1L.root.hpss.json
503	1786489904	text/plain	JSON	receipt/manifest/provenance	PET (C)	5c95a49feb92f4cdaa89a48cc4126ef49af745be	False			nd-unfolding/p3f_pet_fullevent/hpss_markers/runEventLoopOmniFold_P3F_PET_FE_BeamAngleY_1_1O.root.hpss.json
503	1786489925	text/plain	JSON	receipt/manifest/provenance	PET (C)	0355fb6a1470f353c890a8de9d7b6adc832655dc	False			nd-unfolding/p3f_pet_fullevent/hpss_markers/runEventLoopOmniFold_P3F_PET_FE_BeamAngleY_1_1P.root.hpss.json
481	1786035047	text/plain	TEXT	reproducible generated product/log/cache	unassigned	a04a812c6dba69b97279091a81e4be4e14849086	False			log_fe_closure.txt
479	1786493043	text/plain	JSON	receipt/manifest/provenance	PET (C)	71156a98a566d8cd3f60043df4223afffe75974d	False			nd-unfolding/p3f_pet_fullevent/hpss_markers/P3F_PET_receipt_Muon_Energy_MINERvA_0_1A.json.hpss.json
479	1786493044	text/plain	JSON	receipt/manifest/provenance	PET (C)	81c0c3d041aefbc47eec18cb537c311e7eedf9fd	False			nd-unfolding/p3f_pet_fullevent/hpss_markers/P3F_PET_receipt_Muon_Energy_MINERvA_0_1B.json.hpss.json
479	1786493046	text/plain	JSON	receipt/manifest/provenance	PET (C)	05144ace9c93ab29d150c26ba8234b303186be45	False			nd-unfolding/p3f_pet_fullevent/hpss_markers/P3F_PET_receipt_Muon_Energy_MINERvA_0_1C.json.hpss.json
479	1786493047	text/plain	JSON	receipt/manifest/provenance	PET (C)	f0eddde827432aba3aac6decb5f468f8f42f3f63	False			nd-unfolding/p3f_pet_fullevent/hpss_markers/P3F_PET_receipt_Muon_Energy_MINERvA_0_1D.json.hpss.json
479	1786493049	text/plain	JSON	receipt/manifest/provenance	PET (C)	234eea97adf36056124ffccb23f32682c9892f5a	False			nd-unfolding/p3f_pet_fullevent/hpss_markers/P3F_PET_receipt_Muon_Energy_MINERvA_0_1E.json.hpss.json
479	1786493050	text/plain	JSON	receipt/manifest/provenance	PET (C)	6f8511a67f6bb57e361b996ce7e3697aa1d8c7e4	False			nd-unfolding/p3f_pet_fullevent/hpss_markers/P3F_PET_receipt_Muon_Energy_MINERvA_0_1F.json.hpss.json
479	1786493051	text/plain	JSON	receipt/manifest/provenance	PET (C)	50067940e29972fe0646f3c25fdd9aa8490fe6a7	False			nd-unfolding/p3f_pet_fullevent/hpss_markers/P3F_PET_receipt_Muon_Energy_MINERvA_0_1G.json.hpss.json
479	1786493053	text/plain	JSON	receipt/manifest/provenance	PET (C)	39c70bb3ec2ffbda4b4f1b5d2dae6190ae8b6224	False			nd-unfolding/p3f_pet_fullevent/hpss_markers/P3F_PET_receipt_Muon_Energy_MINERvA_0_1L.json.hpss.json
479	1786493054	text/plain	JSON	receipt/manifest/provenance	PET (C)	77fc851fe4045c1e1c2afbe581ab26b83376133e	False			nd-unfolding/p3f_pet_fullevent/hpss_markers/P3F_PET_receipt_Muon_Energy_MINERvA_0_1M.json.hpss.json
479	1786493056	text/plain	JSON	receipt/manifest/provenance	PET (C)	a7046fea9502e307038c13ffad10dd1e6c46802a	False			nd-unfolding/p3f_pet_fullevent/hpss_markers/P3F_PET_receipt_Muon_Energy_MINERvA_0_1N.json.hpss.json
479	1786493057	text/plain	JSON	receipt/manifest/provenance	PET (C)	4e5f0312c28edb3945f635ff7ee5a1abf962e5c8	False			nd-unfolding/p3f_pet_fullevent/hpss_markers/P3F_PET_receipt_Muon_Energy_MINERvA_0_1O.json.hpss.json
479	1786493059	text/plain	JSON	receipt/manifest/provenance	PET (C)	01614ea3688e0612453b6b1395fb56771a5a7544	False			nd-unfolding/p3f_pet_fullevent/hpss_markers/P3F_PET_receipt_Muon_Energy_MINERvA_0_1P.json.hpss.json
479	1786493060	text/plain	JSON	receipt/manifest/provenance	PET (C)	993a1d245d1b99f0942b0a2a3a20f2a4fa0d8e03	False			nd-unfolding/p3f_pet_fullevent/hpss_markers/P3F_PET_receipt_Muon_Energy_MINERvA_1_1A.json.hpss.json
479	1786493061	text/plain	JSON	receipt/manifest/provenance	PET (C)	fa798c3676b56d7aaaae76888fcb35e557f76f58	False			nd-unfolding/p3f_pet_fullevent/hpss_markers/P3F_PET_receipt_Muon_Energy_MINERvA_1_1B.json.hpss.json
479	1786493063	text/plain	JSON	receipt/manifest/provenance	PET (C)	e8e826a64e3d65904f22aea80f3fa470daf91585	False			nd-unfolding/p3f_pet_fullevent/hpss_markers/P3F_PET_receipt_Muon_Energy_MINERvA_1_1C.json.hpss.json
479	1786493064	text/plain	JSON	receipt/manifest/provenance	PET (C)	3a75dbe8991c5b486da332b7bb06c3469b964eb2	False			nd-unfolding/p3f_pet_fullevent/hpss_markers/P3F_PET_receipt_Muon_Energy_MINERvA_1_1D.json.hpss.json
479	1786493066	text/plain	JSON	receipt/manifest/provenance	PET (C)	924b7fbf38beaa3436d19c6e0fe89e28dd702a23	False			nd-unfolding/p3f_pet_fullevent/hpss_markers/P3F_PET_receipt_Muon_Energy_MINERvA_1_1E.json.hpss.json
479	1786493067	text/plain	JSON	receipt/manifest/provenance	PET (C)	41f3c1e68ce8863207c804b53353a02cc94894a8	False			nd-unfolding/p3f_pet_fullevent/hpss_markers/P3F_PET_receipt_Muon_Energy_MINERvA_1_1F.json.hpss.json
479	1786493069	text/plain	JSON	receipt/manifest/provenance	PET (C)	d44ed6d4fd95b7ecfffe1dd46411e5b6642118d3	False			nd-unfolding/p3f_pet_fullevent/hpss_markers/P3F_PET_receipt_Muon_Energy_MINERvA_1_1G.json.hpss.json
479	1786493070	text/plain	JSON	receipt/manifest/provenance	PET (C)	71f97afd39998405656e17b6c893ea10042e3706	False			nd-unfolding/p3f_pet_fullevent/hpss_markers/P3F_PET_receipt_Muon_Energy_MINERvA_1_1L.json.hpss.json
479	1786493072	text/plain	JSON	receipt/manifest/provenance	PET (C)	1081f0a560cd5892558bdc3ecc702ddeedb0e123	False			nd-unfolding/p3f_pet_fullevent/hpss_markers/P3F_PET_receipt_Muon_Energy_MINERvA_1_1M.json.hpss.json
479	1786493073	text/plain	JSON	receipt/manifest/provenance	PET (C)	679ca1dfa98270ba20355c6e9ff75716d32fd62c	False			nd-unfolding/p3f_pet_fullevent/hpss_markers/P3F_PET_receipt_Muon_Energy_MINERvA_1_1N.json.hpss.json
479	1786493075	text/plain	JSON	receipt/manifest/provenance	PET (C)	5813d03548152441f2c5725d8ebda7e5b4eadd23	False			nd-unfolding/p3f_pet_fullevent/hpss_markers/P3F_PET_receipt_Muon_Energy_MINERvA_1_1O.json.hpss.json
479	1786493076	text/plain	JSON	receipt/manifest/provenance	PET (C)	4b9142f7b60bbdeb9f2b0e9ad834bbe18c9d2d7f	False			nd-unfolding/p3f_pet_fullevent/hpss_markers/P3F_PET_receipt_Muon_Energy_MINERvA_1_1P.json.hpss.json
475	1786493077	text/plain	JSON	receipt/manifest/provenance	PET (C)	a99fe0e9825e5fcb3a0857ee53caf33236dc2dd5	False			nd-unfolding/p3f_pet_fullevent/hpss_markers/P3F_PET_receipt_Muon_Energy_MINOS_0_1A.json.hpss.json
475	1786493079	text/plain	JSON	receipt/manifest/provenance	PET (C)	99c9e4ee6e7e47b93cd2b37bbe345abb4698de55	False			nd-unfolding/p3f_pet_fullevent/hpss_markers/P3F_PET_receipt_Muon_Energy_MINOS_0_1B.json.hpss.json
475	1786493080	text/plain	JSON	receipt/manifest/provenance	PET (C)	f5c101b773c261db97d5b78a0b0aeb6f5985dad2	False			nd-unfolding/p3f_pet_fullevent/hpss_markers/P3F_PET_receipt_Muon_Energy_MINOS_0_1C.json.hpss.json
475	1786493082	text/plain	JSON	receipt/manifest/provenance	PET (C)	e97eeed8a8480c55f847df135b664bfccf7746bb	False			nd-unfolding/p3f_pet_fullevent/hpss_markers/P3F_PET_receipt_Muon_Energy_MINOS_0_1D.json.hpss.json
475	1786493083	text/plain	JSON	receipt/manifest/provenance	PET (C)	199c4496e199d61410750ec44f0ce2d8816c9a73	False			nd-unfolding/p3f_pet_fullevent/hpss_markers/P3F_PET_receipt_Muon_Energy_MINOS_0_1E.json.hpss.json
475	1786493085	text/plain	JSON	receipt/manifest/provenance	PET (C)	fff1674b25c6458ed666373c08c4d7c2cb23bae3	False			nd-unfolding/p3f_pet_fullevent/hpss_markers/P3F_PET_receipt_Muon_Energy_MINOS_0_1F.json.hpss.json
475	1786493086	text/plain	JSON	receipt/manifest/provenance	PET (C)	67056fd4a849e3c6ca4de1a4542935653b72304e	False			nd-unfolding/p3f_pet_fullevent/hpss_markers/P3F_PET_receipt_Muon_Energy_MINOS_0_1G.json.hpss.json
475	1786493088	text/plain	JSON	receipt/manifest/provenance	PET (C)	d9170bd897faab21a021f5953637fd7186dc1e86	False			nd-unfolding/p3f_pet_fullevent/hpss_markers/P3F_PET_receipt_Muon_Energy_MINOS_0_1L.json.hpss.json
475	1786493089	text/plain	JSON	receipt/manifest/provenance	PET (C)	0ad7db5f191f84797b35661792719a9a5c378021	False			nd-unfolding/p3f_pet_fullevent/hpss_markers/P3F_PET_receipt_Muon_Energy_MINOS_0_1M.json.hpss.json
475	1786493090	text/plain	JSON	receipt/manifest/provenance	PET (C)	e2ff8bb505b191f151fc0abffe147a5646624ddf	False			nd-unfolding/p3f_pet_fullevent/hpss_markers/P3F_PET_receipt_Muon_Energy_MINOS_0_1N.json.hpss.json
475	1786493092	text/plain	JSON	receipt/manifest/provenance	PET (C)	65eccefce8936e39b65970e7280b5a214de998a8	False			nd-unfolding/p3f_pet_fullevent/hpss_markers/P3F_PET_receipt_Muon_Energy_MINOS_0_1O.json.hpss.json
475	1786493093	text/plain	JSON	receipt/manifest/provenance	PET (C)	a2024cb3651b6d7bb4f283cece38cd133d69350f	False			nd-unfolding/p3f_pet_fullevent/hpss_markers/P3F_PET_receipt_Muon_Energy_MINOS_0_1P.json.hpss.json
475	1786493095	text/plain	JSON	receipt/manifest/provenance	PET (C)	ab988f8472db03950a6de6b5d14d2451d3b81824	False			nd-unfolding/p3f_pet_fullevent/hpss_markers/P3F_PET_receipt_Muon_Energy_MINOS_1_1A.json.hpss.json
475	1786493096	text/plain	JSON	receipt/manifest/provenance	PET (C)	d950d2b42cf44aebceab2e90eda864a08db331be	False			nd-unfolding/p3f_pet_fullevent/hpss_markers/P3F_PET_receipt_Muon_Energy_MINOS_1_1B.json.hpss.json
475	1786493098	text/plain	JSON	receipt/manifest/provenance	PET (C)	cac8fdd50eb253dc3a1bbf9cdbaa97695090b77d	False			nd-unfolding/p3f_pet_fullevent/hpss_markers/P3F_PET_receipt_Muon_Energy_MINOS_1_1C.json.hpss.json
475	1786493099	text/plain	JSON	receipt/manifest/provenance	PET (C)	0842a2ddf0a5b9a202d851be8a91c0e7d8d0843c	False			nd-unfolding/p3f_pet_fullevent/hpss_markers/P3F_PET_receipt_Muon_Energy_MINOS_1_1D.json.hpss.json
475	1786493100	text/plain	JSON	receipt/manifest/provenance	PET (C)	bf5de0b886a0c7f57b9cfe7e499025fd6635c5b0	False			nd-unfolding/p3f_pet_fullevent/hpss_markers/P3F_PET_receipt_Muon_Energy_MINOS_1_1E.json.hpss.json
475	1786493102	text/plain	JSON	receipt/manifest/provenance	PET (C)	f1e5e6974de1d50b61c4249334556740f6bfc931	False			nd-unfolding/p3f_pet_fullevent/hpss_markers/P3F_PET_receipt_Muon_Energy_MINOS_1_1F.json.hpss.json
475	1786493103	text/plain	JSON	receipt/manifest/provenance	PET (C)	97b8ab38ffb7cd1c2e0ffdf0cf359621c142c1dd	False			nd-unfolding/p3f_pet_fullevent/hpss_markers/P3F_PET_receipt_Muon_Energy_MINOS_1_1G.json.hpss.json
475	1786493105	text/plain	JSON	receipt/manifest/provenance	PET (C)	57c73dea9deaace3bafe1f89b627951672276458	False			nd-unfolding/p3f_pet_fullevent/hpss_markers/P3F_PET_receipt_Muon_Energy_MINOS_1_1L.json.hpss.json
475	1786493106	text/plain	JSON	receipt/manifest/provenance	PET (C)	008f2bc2ee82dd1cbbdc42df1361b3678da5a5b4	False			nd-unfolding/p3f_pet_fullevent/hpss_markers/P3F_PET_receipt_Muon_Energy_MINOS_1_1M.json.hpss.json
475	1786493108	text/plain	JSON	receipt/manifest/provenance	PET (C)	445dd87ceb0c2312d1fbbf36353a9806ab571485	False			nd-unfolding/p3f_pet_fullevent/hpss_markers/P3F_PET_receipt_Muon_Energy_MINOS_1_1N.json.hpss.json
475	1786493109	text/plain	JSON	receipt/manifest/provenance	PET (C)	00696e6598a98937aa6a2b71cd51375f86a11e42	False			nd-unfolding/p3f_pet_fullevent/hpss_markers/P3F_PET_receipt_Muon_Energy_MINOS_1_1O.json.hpss.json
475	1786493110	text/plain	JSON	receipt/manifest/provenance	PET (C)	510ee1da1bb2d4def71e77f1fa0b308072acce81	False			nd-unfolding/p3f_pet_fullevent/hpss_markers/P3F_PET_receipt_Muon_Energy_MINOS_1_1P.json.hpss.json
469	1786493112	text/plain	JSON	receipt/manifest/provenance	PET (C)	89c756b651bb34a2bae3a68db29855c7aa9c82ad	False			nd-unfolding/p3f_pet_fullevent/hpss_markers/P3F_PET_receipt_MuonResolution_0_1A.json.hpss.json
469	1786493113	text/plain	JSON	receipt/manifest/provenance	PET (C)	adc093d7d0df08c6627f990596c3ae262cdaf7b9	False			nd-unfolding/p3f_pet_fullevent/hpss_markers/P3F_PET_receipt_MuonResolution_0_1B.json.hpss.json
469	1786493115	text/plain	JSON	receipt/manifest/provenance	PET (C)	9ba5fc0a702aadc1804ede2c133c997c0a8287f7	False			nd-unfolding/p3f_pet_fullevent/hpss_markers/P3F_PET_receipt_MuonResolution_0_1C.json.hpss.json
469	1786493116	text/plain	JSON	receipt/manifest/provenance	PET (C)	f0a19eb1cf9653ee1e4501451819f5260439eb7d	False			nd-unfolding/p3f_pet_fullevent/hpss_markers/P3F_PET_receipt_MuonResolution_0_1D.json.hpss.json
469	1786493118	text/plain	JSON	receipt/manifest/provenance	PET (C)	3820062ea14c3f5b54dbe376b98406209beb682a	False			nd-unfolding/p3f_pet_fullevent/hpss_markers/P3F_PET_receipt_MuonResolution_0_1E.json.hpss.json
469	1786493119	text/plain	JSON	receipt/manifest/provenance	PET (C)	be6e2582d768435e1d7482225987e8673099f12d	False			nd-unfolding/p3f_pet_fullevent/hpss_markers/P3F_PET_receipt_MuonResolution_0_1F.json.hpss.json
469	1786493121	text/plain	JSON	receipt/manifest/provenance	PET (C)	e5df3aa229b858bc74bae5c8937b90fd2e6affb2	False			nd-unfolding/p3f_pet_fullevent/hpss_markers/P3F_PET_receipt_MuonResolution_0_1G.json.hpss.json
469	1786493122	text/plain	JSON	receipt/manifest/provenance	PET (C)	fa08c97b3ac6c2947306ce36670ddaf2e0786915	False			nd-unfolding/p3f_pet_fullevent/hpss_markers/P3F_PET_receipt_MuonResolution_0_1L.json.hpss.json
469	1786493123	text/plain	JSON	receipt/manifest/provenance	PET (C)	b43d72ab8f9058072c0d9773f69443e78972ab72	False			nd-unfolding/p3f_pet_fullevent/hpss_markers/P3F_PET_receipt_MuonResolution_0_1M.json.hpss.json
469	1786493125	text/plain	JSON	receipt/manifest/provenance	PET (C)	8f6b1f60051e8d20e3d069873e07086ecdc9591a	False			nd-unfolding/p3f_pet_fullevent/hpss_markers/P3F_PET_receipt_MuonResolution_0_1N.json.hpss.json
469	1786493126	text/plain	JSON	receipt/manifest/provenance	PET (C)	c91f977f25d680fe3ee4024e413e071279d5f10a	False			nd-unfolding/p3f_pet_fullevent/hpss_markers/P3F_PET_receipt_MuonResolution_0_1O.json.hpss.json
469	1786493128	text/plain	JSON	receipt/manifest/provenance	PET (C)	c2378bf240a4f91c4916691d9f7c17ce43799c3f	False			nd-unfolding/p3f_pet_fullevent/hpss_markers/P3F_PET_receipt_MuonResolution_0_1P.json.hpss.json
469	1786493129	text/plain	JSON	receipt/manifest/provenance	PET (C)	61da1ebbbce5732dbc3ebdb8ee645cb47290468c	False			nd-unfolding/p3f_pet_fullevent/hpss_markers/P3F_PET_receipt_MuonResolution_1_1A.json.hpss.json
469	1786493131	text/plain	JSON	receipt/manifest/provenance	PET (C)	53a621558700c38b7b8a6fac95d9bce168e44f06	False			nd-unfolding/p3f_pet_fullevent/hpss_markers/P3F_PET_receipt_MuonResolution_1_1B.json.hpss.json
469	1786493132	text/plain	JSON	receipt/manifest/provenance	PET (C)	941f558fd1d321d13c93bfc6849ede55dbf202b3	False			nd-unfolding/p3f_pet_fullevent/hpss_markers/P3F_PET_receipt_MuonResolution_1_1C.json.hpss.json
469	1786493134	text/plain	JSON	receipt/manifest/provenance	PET (C)	59ea598d676a9a4da7f4b7376f3b61f3d6d8c6c2	False			nd-unfolding/p3f_pet_fullevent/hpss_markers/P3F_PET_receipt_MuonResolution_1_1D.json.hpss.json
469	1786493135	text/plain	JSON	receipt/manifest/provenance	PET (C)	a851972a7cfeda488e8153bbdcd94a7d5195a98a	False			nd-unfolding/p3f_pet_fullevent/hpss_markers/P3F_PET_receipt_MuonResolution_1_1E.json.hpss.json
469	1786493137	text/plain	JSON	receipt/manifest/provenance	PET (C)	2c86d9acc8c803ade2941d44f74a14087b9c2577	False			nd-unfolding/p3f_pet_fullevent/hpss_markers/P3F_PET_receipt_MuonResolution_1_1F.json.hpss.json
469	1786493138	text/plain	JSON	receipt/manifest/provenance	PET (C)	7fd6576966613c955d174e32ee7354677f7d1588	False			nd-unfolding/p3f_pet_fullevent/hpss_markers/P3F_PET_receipt_MuonResolution_1_1G.json.hpss.json
469	1786493139	text/plain	JSON	receipt/manifest/provenance	PET (C)	fbc76547cf7873b5ef0000d887466e3b1419c77b	False			nd-unfolding/p3f_pet_fullevent/hpss_markers/P3F_PET_receipt_MuonResolution_1_1L.json.hpss.json
469	1786493141	text/plain	JSON	receipt/manifest/provenance	PET (C)	2f5f1b32d1deb3df77adaf02da689ee210126a25	False			nd-unfolding/p3f_pet_fullevent/hpss_markers/P3F_PET_receipt_MuonResolution_1_1M.json.hpss.json
469	1786493142	text/plain	JSON	receipt/manifest/provenance	PET (C)	f1ef07da043864e008a491bca240c8e005bf6341	False			nd-unfolding/p3f_pet_fullevent/hpss_markers/P3F_PET_receipt_MuonResolution_1_1N.json.hpss.json
469	1786493144	text/plain	JSON	receipt/manifest/provenance	PET (C)	74c1bb47dbed37e10a183c06418f884f4ca8cc2f	False			nd-unfolding/p3f_pet_fullevent/hpss_markers/P3F_PET_receipt_MuonResolution_1_1O.json.hpss.json
469	1786493145	text/plain	JSON	receipt/manifest/provenance	PET (C)	b7a21184ec0814cd443a96c5fcabf1a36749865e	False			nd-unfolding/p3f_pet_fullevent/hpss_markers/P3F_PET_receipt_MuonResolution_1_1P.json.hpss.json
461	1786492974	text/plain	JSON	receipt/manifest/provenance	PET (C)	380b337892cf756b2d07cbc82e9ccb717985a52d	False			nd-unfolding/p3f_pet_fullevent/hpss_markers/P3F_PET_receipt_BeamAngleX_0_1A.json.hpss.json
461	1786492975	text/plain	JSON	receipt/manifest/provenance	PET (C)	83c23b4945d41dc08ff936bf8f1b3d9884acc0a9	False			nd-unfolding/p3f_pet_fullevent/hpss_markers/P3F_PET_receipt_BeamAngleX_0_1B.json.hpss.json
461	1786492977	text/plain	JSON	receipt/manifest/provenance	PET (C)	bed472db0c76ba966419a294f853e74ad082c334	False			nd-unfolding/p3f_pet_fullevent/hpss_markers/P3F_PET_receipt_BeamAngleX_0_1C.json.hpss.json
461	1786492978	text/plain	JSON	receipt/manifest/provenance	PET (C)	e904df78da4bb5290df54fe5691398a49abad6e9	False			nd-unfolding/p3f_pet_fullevent/hpss_markers/P3F_PET_receipt_BeamAngleX_0_1D.json.hpss.json
461	1786492980	text/plain	JSON	receipt/manifest/provenance	PET (C)	1f55ad999905ba193a53016a950ba3ffee00aa27	False			nd-unfolding/p3f_pet_fullevent/hpss_markers/P3F_PET_receipt_BeamAngleX_0_1E.json.hpss.json
461	1786492981	text/plain	JSON	receipt/manifest/provenance	PET (C)	5e891945db8ed27f1772b6c75c39aff562bcd5e5	False			nd-unfolding/p3f_pet_fullevent/hpss_markers/P3F_PET_receipt_BeamAngleX_0_1F.json.hpss.json
461	1786492983	text/plain	JSON	receipt/manifest/provenance	PET (C)	362785ddfe92d80c77d42f907204ee9b43ce89be	False			nd-unfolding/p3f_pet_fullevent/hpss_markers/P3F_PET_receipt_BeamAngleX_0_1G.json.hpss.json
461	1786492984	text/plain	JSON	receipt/manifest/provenance	PET (C)	f31737de4e9f7a14aeb5fe77f0711d5fc74fd752	False			nd-unfolding/p3f_pet_fullevent/hpss_markers/P3F_PET_receipt_BeamAngleX_0_1L.json.hpss.json
461	1786492985	text/plain	JSON	receipt/manifest/provenance	PET (C)	9410f2e873cf1558ec7bf747880bc7929bdb30cc	False			nd-unfolding/p3f_pet_fullevent/hpss_markers/P3F_PET_receipt_BeamAngleX_0_1M.json.hpss.json
461	1786492987	text/plain	JSON	receipt/manifest/provenance	PET (C)	5042ff5b82090fa92d7c60091c35956d853d9bc8	False			nd-unfolding/p3f_pet_fullevent/hpss_markers/P3F_PET_receipt_BeamAngleX_0_1N.json.hpss.json
461	1786492988	text/plain	JSON	receipt/manifest/provenance	PET (C)	ad3bbb60b7c2b4c37db221e7db6afd79a3437046	False			nd-unfolding/p3f_pet_fullevent/hpss_markers/P3F_PET_receipt_BeamAngleX_0_1O.json.hpss.json
461	1786492990	text/plain	JSON	receipt/manifest/provenance	PET (C)	0b49535185ff9eba32f40f3ba2b8ea2a40a35e88	False			nd-unfolding/p3f_pet_fullevent/hpss_markers/P3F_PET_receipt_BeamAngleX_0_1P.json.hpss.json
461	1786492991	text/plain	JSON	receipt/manifest/provenance	PET (C)	a4021692cf7b3fe3bd815129e75e613df5a20b84	False			nd-unfolding/p3f_pet_fullevent/hpss_markers/P3F_PET_receipt_BeamAngleX_1_1A.json.hpss.json
461	1786492993	text/plain	JSON	receipt/manifest/provenance	PET (C)	f5a967e2874a90837d509a417738d0ae0318d341	False			nd-unfolding/p3f_pet_fullevent/hpss_markers/P3F_PET_receipt_BeamAngleX_1_1B.json.hpss.json
461	1786492994	text/plain	JSON	receipt/manifest/provenance	PET (C)	35f180a18d7af4da817c97668d08b50a3d09c691	False			nd-unfolding/p3f_pet_fullevent/hpss_markers/P3F_PET_receipt_BeamAngleX_1_1C.json.hpss.json
461	1786492995	text/plain	JSON	receipt/manifest/provenance	PET (C)	42bef7ab8116d0fb0ef5a95b1a9a004a79ca7de7	False			nd-unfolding/p3f_pet_fullevent/hpss_markers/P3F_PET_receipt_BeamAngleX_1_1D.json.hpss.json
461	1786492997	text/plain	JSON	receipt/manifest/provenance	PET (C)	16366af626166990b1f62e0ac96e291ddc3bd0aa	False			nd-unfolding/p3f_pet_fullevent/hpss_markers/P3F_PET_receipt_BeamAngleX_1_1E.json.hpss.json
461	1786492998	text/plain	JSON	receipt/manifest/provenance	PET (C)	a40fe55ca27079a779eb0092c950debc896e81ea	False			nd-unfolding/p3f_pet_fullevent/hpss_markers/P3F_PET_receipt_BeamAngleX_1_1F.json.hpss.json
461	1786493000	text/plain	JSON	receipt/manifest/provenance	PET (C)	b057c2f53cb8885e8ebfc5e7bb244016ec8cca14	False			nd-unfolding/p3f_pet_fullevent/hpss_markers/P3F_PET_receipt_BeamAngleX_1_1G.json.hpss.json
461	1786493001	text/plain	JSON	receipt/manifest/provenance	PET (C)	0f10522e256ac38aa20d2dfea0ad99da765a11c9	False			nd-unfolding/p3f_pet_fullevent/hpss_markers/P3F_PET_receipt_BeamAngleX_1_1L.json.hpss.json
461	1786493003	text/plain	JSON	receipt/manifest/provenance	PET (C)	42993d638116e6aeb65853e381997d91724be1ae	False			nd-unfolding/p3f_pet_fullevent/hpss_markers/P3F_PET_receipt_BeamAngleX_1_1M.json.hpss.json
461	1786493004	text/plain	JSON	receipt/manifest/provenance	PET (C)	727e472de58faa4832f6dc13bd8bccb810415309	False			nd-unfolding/p3f_pet_fullevent/hpss_markers/P3F_PET_receipt_BeamAngleX_1_1N.json.hpss.json
461	1786493006	text/plain	JSON	receipt/manifest/provenance	PET (C)	83d4d4ed3be2e96c4d58b983bf5733988b17d315	False			nd-unfolding/p3f_pet_fullevent/hpss_markers/P3F_PET_receipt_BeamAngleX_1_1O.json.hpss.json
461	1786493007	text/plain	JSON	receipt/manifest/provenance	PET (C)	5709b2f895226a4ceb6fd7d19f4e0b87c089f301	False			nd-unfolding/p3f_pet_fullevent/hpss_markers/P3F_PET_receipt_BeamAngleX_1_1P.json.hpss.json
461	1786493008	text/plain	JSON	receipt/manifest/provenance	PET (C)	55528cf8b05ed30ec3decb33ace0cf999610c3c3	False			nd-unfolding/p3f_pet_fullevent/hpss_markers/P3F_PET_receipt_BeamAngleY_0_1A.json.hpss.json
461	1786493010	text/plain	JSON	receipt/manifest/provenance	PET (C)	657a730a46c82b1859790b22f8569077649b62b8	False			nd-unfolding/p3f_pet_fullevent/hpss_markers/P3F_PET_receipt_BeamAngleY_0_1B.json.hpss.json
461	1786493011	text/plain	JSON	receipt/manifest/provenance	PET (C)	5f725e218c8fc94462816c9100c5b0b84dc4fa4d	False			nd-unfolding/p3f_pet_fullevent/hpss_markers/P3F_PET_receipt_BeamAngleY_0_1C.json.hpss.json
461	1786493013	text/plain	JSON	receipt/manifest/provenance	PET (C)	7e5b4f318be4b2ae048c1035391d937b2546d218	False			nd-unfolding/p3f_pet_fullevent/hpss_markers/P3F_PET_receipt_BeamAngleY_0_1D.json.hpss.json
461	1786493014	text/plain	JSON	receipt/manifest/provenance	PET (C)	3da596f02020ff6baa79451966a3884a539eb083	False			nd-unfolding/p3f_pet_fullevent/hpss_markers/P3F_PET_receipt_BeamAngleY_0_1E.json.hpss.json
461	1786493016	text/plain	JSON	receipt/manifest/provenance	PET (C)	6a7138bd7effcbfc9a1af4fb2238a61f764f7069	False			nd-unfolding/p3f_pet_fullevent/hpss_markers/P3F_PET_receipt_BeamAngleY_0_1F.json.hpss.json
461	1786493017	text/plain	JSON	receipt/manifest/provenance	PET (C)	2ab4eaaa2b33a383b7a8717780fb64f51b51cd3d	False			nd-unfolding/p3f_pet_fullevent/hpss_markers/P3F_PET_receipt_BeamAngleY_0_1G.json.hpss.json
461	1786493018	text/plain	JSON	receipt/manifest/provenance	PET (C)	061c9918dbd08243428ce161c12e421ebf679bfa	False			nd-unfolding/p3f_pet_fullevent/hpss_markers/P3F_PET_receipt_BeamAngleY_0_1L.json.hpss.json
461	1786493020	text/plain	JSON	receipt/manifest/provenance	PET (C)	a24c6ca23774d0eb3310a078f1c85dbb52616e86	False			nd-unfolding/p3f_pet_fullevent/hpss_markers/P3F_PET_receipt_BeamAngleY_0_1M.json.hpss.json
461	1786493021	text/plain	JSON	receipt/manifest/provenance	PET (C)	a500f542b91e33d146b4bc6e32ebc3031e7616dc	False			nd-unfolding/p3f_pet_fullevent/hpss_markers/P3F_PET_receipt_BeamAngleY_0_1N.json.hpss.json
461	1786493023	text/plain	JSON	receipt/manifest/provenance	PET (C)	74b00288ad9f74908b326de8127c0cff46ff8b80	False			nd-unfolding/p3f_pet_fullevent/hpss_markers/P3F_PET_receipt_BeamAngleY_0_1O.json.hpss.json
461	1786493024	text/plain	JSON	receipt/manifest/provenance	PET (C)	893fd73b7695e8ac10af5bc2bfcdc1254ec677e3	False			nd-unfolding/p3f_pet_fullevent/hpss_markers/P3F_PET_receipt_BeamAngleY_0_1P.json.hpss.json
461	1786493026	text/plain	JSON	receipt/manifest/provenance	PET (C)	c7ea423d0b7f8063964829429f908dbf9cbd4e14	False			nd-unfolding/p3f_pet_fullevent/hpss_markers/P3F_PET_receipt_BeamAngleY_1_1A.json.hpss.json
461	1786493027	text/plain	JSON	receipt/manifest/provenance	PET (C)	ac70d4f27f403f26053651b7b853701baf9df45a	False			nd-unfolding/p3f_pet_fullevent/hpss_markers/P3F_PET_receipt_BeamAngleY_1_1B.json.hpss.json
461	1786493028	text/plain	JSON	receipt/manifest/provenance	PET (C)	810d92a7125cee851d3c2ad9d4c6b73a7dd1108c	False			nd-unfolding/p3f_pet_fullevent/hpss_markers/P3F_PET_receipt_BeamAngleY_1_1C.json.hpss.json
461	1786493030	text/plain	JSON	receipt/manifest/provenance	PET (C)	c33b0812c6483e3c67abad4db1054b7052d5869c	False			nd-unfolding/p3f_pet_fullevent/hpss_markers/P3F_PET_receipt_BeamAngleY_1_1D.json.hpss.json
461	1786493031	text/plain	JSON	receipt/manifest/provenance	PET (C)	48ff32e2245c469d8305ef51da6eb2c34bbaeac5	False			nd-unfolding/p3f_pet_fullevent/hpss_markers/P3F_PET_receipt_BeamAngleY_1_1E.json.hpss.json
461	1786493033	text/plain	JSON	receipt/manifest/provenance	PET (C)	282a8875852040b7da2b28f0cb6f7abbb70d4ecd	False			nd-unfolding/p3f_pet_fullevent/hpss_markers/P3F_PET_receipt_BeamAngleY_1_1F.json.hpss.json
461	1786493034	text/plain	JSON	receipt/manifest/provenance	PET (C)	e68c0dfd1597303cd412497856a538e13f921753	False			nd-unfolding/p3f_pet_fullevent/hpss_markers/P3F_PET_receipt_BeamAngleY_1_1G.json.hpss.json
461	1786493036	text/plain	JSON	receipt/manifest/provenance	PET (C)	c2e53eab85dd0a4bb0455969f6feb0d8c19285a6	False			nd-unfolding/p3f_pet_fullevent/hpss_markers/P3F_PET_receipt_BeamAngleY_1_1L.json.hpss.json
461	1786493037	text/plain	JSON	receipt/manifest/provenance	PET (C)	4cb629aaba5c8510cd10663f5010c3ade691e311	False			nd-unfolding/p3f_pet_fullevent/hpss_markers/P3F_PET_receipt_BeamAngleY_1_1M.json.hpss.json
461	1786493038	text/plain	JSON	receipt/manifest/provenance	PET (C)	9d97f22b7342ef3f25b3f1d13936d498cfcf26df	False			nd-unfolding/p3f_pet_fullevent/hpss_markers/P3F_PET_receipt_BeamAngleY_1_1N.json.hpss.json
461	1786493040	text/plain	JSON	receipt/manifest/provenance	PET (C)	68497283a870d6e4a3fd94a2c351de7995def3cd	False			nd-unfolding/p3f_pet_fullevent/hpss_markers/P3F_PET_receipt_BeamAngleY_1_1O.json.hpss.json
461	1786493041	text/plain	JSON	receipt/manifest/provenance	PET (C)	2997163ff6e935b1bfd9a164df1e37789d136adb	False			nd-unfolding/p3f_pet_fullevent/hpss_markers/P3F_PET_receipt_BeamAngleY_1_1P.json.hpss.json
406	1786035047	text/plain	JSON	receipt/manifest/provenance	orchestration	8516cf35c1150f47b465c2b5b739ac4b22da22bb	False			docs/orchestration/state/g2-array-56106974-wakeup.json
402	1786035047	text/plain	TEXT	reproducible generated product/log/cache	unassigned	35315cc6a9a6729b3140c6d35f25199722274a24	False			nd-unfolding/log_fe_closure.txt
341	1786083945	text/plain	TEXT	reproducible generated product/log/cache	products	c4652d8ff7292637dcb04c99d3aea04d799077d8	False			nd-unfolding/products/pet/b1_closure/DONE.b1niter5.slurm-56427557.txt
329	1786064543	text/plain	TEXT	reproducible generated product/log/cache	products	8523ed5cbe350a9e089dc6bb50e4965b7930906b	False			nd-unfolding/products/pet/b1_closure/DONE.b1niter5.slurm-56427556.txt
310	1786313726	text/plain	JSON	receipt/manifest/provenance	PET (C)	ca06908e1ea01e698df1a81acf12e1d198a8ca32	False			nd-unfolding/pet/step1_iteration_dynamics/warm_fixed_annealed_lr/slurm-56534117/weights.npz.done
306	1786312915	text/plain	JSON	receipt/manifest/provenance	PET (C)	a93ac854c67284c19b73c403488c83899c579fa9	False			nd-unfolding/pet/step1_iteration_dynamics/cold_fixed_split/slurm-56534116_1/weights.npz.done
306	1786313600	text/plain	JSON	receipt/manifest/provenance	PET (C)	2d731686fd59c4c981755d263b643262cfe80728	False			nd-unfolding/pet/step1_iteration_dynamics/cold_fresh_split/slurm-56534116_2/weights.npz.done
305	1786312912	text/plain	JSON	receipt/manifest/provenance	PET (C)	b85dc91bae93deded53d8d31c8ae4ea465e95693	False			nd-unfolding/pet/step1_iteration_dynamics/warm_fresh_split/slurm-56534116_0/weights.npz.done
296	1786384843	text/plain	JSON	receipt/manifest/provenance	PET (C)	0d1c4e18ae61fdf5fd8c7da7ed62ea9633860d45	False			nd-unfolding/pet/fullevent_nominal_annealed/pet_fullevent_nominal_weights.npz.done
291	1786395617	text/plain	JSON	receipt/manifest/provenance	PET (C)	82c29a7ba1f043efd6400c900f02b9ab8aac8010	False			nd-unfolding/pet/fullevent_nominal_annealed/pet_fullevent_floor_weights.npz.done
287	1786201130	text/plain	JSON	receipt/manifest/provenance	PET (C)	c2cfac0aa3c10a2cfc2b520f3eea1ae10f9b2235	False			nd-unfolding/pet/fullevent_nominal/pet_fullevent_nominal_weights.npz.done
287	1786073205	text/plain	JSON	receipt/manifest/provenance	PET (C)	75b676d57dc3bef74a2e4fd312e492a92240b9bf	False			nd-unfolding/pet/fullevent_nominal/superseded-20260806/pet_fullevent_nominal_weights.npz.done
283	1786211870	text/plain	JSON	receipt/manifest/provenance	PET (C)	e71b293c2eada901a319b56fbea2595ac4e7948e	False			nd-unfolding/pet/fullevent_nominal/pet_fullevent_floor_weights.npz.done
283	1786083877	text/plain	JSON	receipt/manifest/provenance	PET (C)	82f779bfc0e3b10a1a94f3523b6e313fbf5da9c7	False			nd-unfolding/pet/fullevent_nominal/superseded-20260806/pet_fullevent_floor_weights.npz.done
272	1786035047	text/plain	TEXT	reproducible generated product/log/cache	orchestration	a1e01da77af98945504c392b63f016b10ca06fd4	False			docs/orchestration/state/g2-array-56106974-resume.invoked
271	1786035047	text/plain	JSON	receipt/manifest/provenance	2D UQ	a7a657bef687e9a4c05e9166a2be579824a952fd	False			2d-unfolding/uq/coverage/2d_xsec_MEFHC_5iter_lgbm_coverage_toy100.root.done
271	1786035047	text/plain	JSON	receipt/manifest/provenance	2D UQ	66005de43c3f5aeb98ebb39ccbcd6e057fcce2a7	False			2d-unfolding/uq/coverage/2d_xsec_MEFHC_5iter_lgbm_coverage_toy101.root.done
271	1786035047	text/plain	JSON	receipt/manifest/provenance	2D UQ	068b32273e04584d04d29b49b83817f1f0acc4be	False			2d-unfolding/uq/coverage/2d_xsec_MEFHC_5iter_lgbm_coverage_toy102.root.done
271	1786035047	text/plain	JSON	receipt/manifest/provenance	2D UQ	1776227e21c01b0360b238c867a0b2d49248063e	False			2d-unfolding/uq/coverage/2d_xsec_MEFHC_5iter_lgbm_coverage_toy103.root.done
271	1786035047	text/plain	JSON	receipt/manifest/provenance	2D UQ	4d16087e141bd7b5219601392b97897a43143753	False			2d-unfolding/uq/coverage/2d_xsec_MEFHC_5iter_lgbm_coverage_toy104.root.done
271	1786035047	text/plain	JSON	receipt/manifest/provenance	2D UQ	4191f6c31c20bf0a98d7ca7e1c948acc945998b7	False			2d-unfolding/uq/coverage/2d_xsec_MEFHC_5iter_lgbm_coverage_toy105.root.done
271	1786035047	text/plain	JSON	receipt/manifest/provenance	2D UQ	90eba0ded2bc2d8a8005245c006b93d396dff25d	False			2d-unfolding/uq/coverage/2d_xsec_MEFHC_5iter_lgbm_coverage_toy106.root.done
271	1786035047	text/plain	JSON	receipt/manifest/provenance	2D UQ	6f704fd68fb298074714b8bd27397cd73011466b	False			2d-unfolding/uq/coverage/2d_xsec_MEFHC_5iter_lgbm_coverage_toy107.root.done
271	1786035047	text/plain	JSON	receipt/manifest/provenance	2D UQ	69247bf04df52e29fbb155496caaff68a5128daa	False			2d-unfolding/uq/coverage/2d_xsec_MEFHC_5iter_lgbm_coverage_toy108.root.done
271	1786035047	text/plain	JSON	receipt/manifest/provenance	2D UQ	c0ace74a6f47edb16775a551fa21779b59f4cd20	False			2d-unfolding/uq/coverage/2d_xsec_MEFHC_5iter_lgbm_coverage_toy109.root.done
271	1786035047	text/plain	JSON	receipt/manifest/provenance	2D UQ	299e6ac8e2835979f7b9f5bbca6d3e3459b16289	False			2d-unfolding/uq/coverage/2d_xsec_MEFHC_5iter_lgbm_coverage_toy110.root.done
271	1786035047	text/plain	JSON	receipt/manifest/provenance	2D UQ	fdd4c2e3bacaf8280a2d5698911d548551e2a463	False			2d-unfolding/uq/coverage/2d_xsec_MEFHC_5iter_lgbm_coverage_toy111.root.done
271	1786035047	text/plain	JSON	receipt/manifest/provenance	2D UQ	909d59b7a96b4c8d3e6f500fc8f1e02c59e118c0	False			2d-unfolding/uq/coverage/2d_xsec_MEFHC_5iter_lgbm_coverage_toy112.root.done
271	1786035047	text/plain	JSON	receipt/manifest/provenance	2D UQ	ed3763b4d8378caf4124ff1431e56ea4168701cc	False			2d-unfolding/uq/coverage/2d_xsec_MEFHC_5iter_lgbm_coverage_toy113.root.done
271	1786035047	text/plain	JSON	receipt/manifest/provenance	2D UQ	496fd52c087f6804f5d0d09bf12261b3c7431310	False			2d-unfolding/uq/coverage/2d_xsec_MEFHC_5iter_lgbm_coverage_toy114.root.done
271	1786035047	text/plain	JSON	receipt/manifest/provenance	2D UQ	f2a21963c0b0ba0863493560746ff4eb2238dd0f	False			2d-unfolding/uq/coverage/2d_xsec_MEFHC_5iter_lgbm_coverage_toy115.root.done
271	1786035047	text/plain	JSON	receipt/manifest/provenance	2D UQ	e811be7facb627844166d1edb5627164c8095a43	False			2d-unfolding/uq/coverage/2d_xsec_MEFHC_5iter_lgbm_coverage_toy116.root.done
271	1786035047	text/plain	JSON	receipt/manifest/provenance	2D UQ	b618f4a6516fba6c156cf4b3008c2e1773987725	False			2d-unfolding/uq/coverage/2d_xsec_MEFHC_5iter_lgbm_coverage_toy117.root.done
271	1786035047	text/plain	JSON	receipt/manifest/provenance	2D UQ	cf7e02c30c041ed60d9d73bad9a6de148d5b28c0	False			2d-unfolding/uq/coverage/2d_xsec_MEFHC_5iter_lgbm_coverage_toy118.root.done
271	1786035047	text/plain	JSON	receipt/manifest/provenance	2D UQ	ecb4a5bdc4849abf0d1500f3c03528b9c73b8edb	False			2d-unfolding/uq/coverage/2d_xsec_MEFHC_5iter_lgbm_coverage_toy119.root.done
271	1786035047	text/plain	JSON	receipt/manifest/provenance	2D UQ	32587243c10d7fef03699ee62190e688ef51d1be	False			2d-unfolding/uq/coverage/2d_xsec_MEFHC_5iter_lgbm_coverage_toy120.root.done
271	1786035047	text/plain	JSON	receipt/manifest/provenance	2D UQ	5d36caeaaefb52eebe9017533c744e571df39ab1	False			2d-unfolding/uq/coverage/2d_xsec_MEFHC_5iter_lgbm_coverage_toy121.root.done
271	1786035047	text/plain	JSON	receipt/manifest/provenance	2D UQ	79c4a261a6ce74c310e3e423b1e4442c26193113	False			2d-unfolding/uq/coverage/2d_xsec_MEFHC_5iter_lgbm_coverage_toy122.root.done
271	1786035047	text/plain	JSON	receipt/manifest/provenance	2D UQ	2be4e112de5c9e7273d9767b7a958cb065915d7e	False			2d-unfolding/uq/coverage/2d_xsec_MEFHC_5iter_lgbm_coverage_toy123.root.done
271	1786035047	text/plain	JSON	receipt/manifest/provenance	2D UQ	5ef33dacb15218b7c6217ad06b1dc865ce05f3ad	False			2d-unfolding/uq/coverage/2d_xsec_MEFHC_5iter_lgbm_coverage_toy124.root.done
271	1786035047	text/plain	JSON	receipt/manifest/provenance	2D UQ	f9bb3373315afb9611dd753531c52fd473c56f6b	False			2d-unfolding/uq/coverage/2d_xsec_MEFHC_5iter_lgbm_coverage_toy125.root.done
271	1786035047	text/plain	JSON	receipt/manifest/provenance	2D UQ	ea3548091f900f9f7e141c5c345e056adc1218f7	False			2d-unfolding/uq/coverage/2d_xsec_MEFHC_5iter_lgbm_coverage_toy126.root.done
271	1786035047	text/plain	JSON	receipt/manifest/provenance	2D UQ	0deee5d5733741b6029312b9f44cbf688693c60b	False			2d-unfolding/uq/coverage/2d_xsec_MEFHC_5iter_lgbm_coverage_toy127.root.done
271	1786035047	text/plain	JSON	receipt/manifest/provenance	2D UQ	ff8fc99b427321a4bbfc5d5f34f7d53858854532	False			2d-unfolding/uq/coverage/2d_xsec_MEFHC_5iter_lgbm_coverage_toy128.root.done
271	1786035047	text/plain	JSON	receipt/manifest/provenance	2D UQ	f125ca12a60feaca60fee6fc8cab64d7d3bd3d64	False			2d-unfolding/uq/coverage/2d_xsec_MEFHC_5iter_lgbm_coverage_toy129.root.done
271	1786035047	text/plain	JSON	receipt/manifest/provenance	2D UQ	5c63432b501d4a0942be4638fa80e43f0aa84ba3	False			2d-unfolding/uq/coverage/2d_xsec_MEFHC_5iter_lgbm_coverage_toy130.root.done
271	1786035047	text/plain	JSON	receipt/manifest/provenance	2D UQ	a316d52794f03a7e8c0c782773eb42faa19aa945	False			2d-unfolding/uq/coverage/2d_xsec_MEFHC_5iter_lgbm_coverage_toy131.root.done
271	1786035047	text/plain	JSON	receipt/manifest/provenance	2D UQ	920798688d4b025c5cf7ca830e1d562c3f20740b	False			2d-unfolding/uq/coverage/2d_xsec_MEFHC_5iter_lgbm_coverage_toy132.root.done
271	1786035047	text/plain	JSON	receipt/manifest/provenance	2D UQ	14e083e13c9688456c7ce0001446e08522f42df8	False			2d-unfolding/uq/coverage/2d_xsec_MEFHC_5iter_lgbm_coverage_toy133.root.done
271	1786035047	text/plain	JSON	receipt/manifest/provenance	2D UQ	9cd8187dce1b4c895b589d47831d99504be13305	False			2d-unfolding/uq/coverage/2d_xsec_MEFHC_5iter_lgbm_coverage_toy134.root.done
271	1786035047	text/plain	JSON	receipt/manifest/provenance	2D UQ	722451e4d56d2e6ed5e6beca68877333600db3ff	False			2d-unfolding/uq/coverage/2d_xsec_MEFHC_5iter_lgbm_coverage_toy135.root.done
271	1786035047	text/plain	JSON	receipt/manifest/provenance	2D UQ	a68a5bf030f6100cd2ff456deca7fb45dca66ee8	False			2d-unfolding/uq/coverage/2d_xsec_MEFHC_5iter_lgbm_coverage_toy136.root.done
271	1786035047	text/plain	JSON	receipt/manifest/provenance	2D UQ	3a5a631f45cee34b26a07aa581f7d53d4dcb4a86	False			2d-unfolding/uq/coverage/2d_xsec_MEFHC_5iter_lgbm_coverage_toy137.root.done
271	1786035047	text/plain	JSON	receipt/manifest/provenance	2D UQ	d1da6ef6fff382aef9e69dcb31b7d295a7f6bb44	False			2d-unfolding/uq/coverage/2d_xsec_MEFHC_5iter_lgbm_coverage_toy138.root.done
271	1786035047	text/plain	JSON	receipt/manifest/provenance	2D UQ	8fe1aea85b3e7ab0d42bd20c4a69f42ef02c691d	False			2d-unfolding/uq/coverage/2d_xsec_MEFHC_5iter_lgbm_coverage_toy139.root.done
271	1786035047	text/plain	JSON	receipt/manifest/provenance	2D UQ	0d650137869a2b031045f10b990a1c9b7f491529	False			2d-unfolding/uq/coverage/2d_xsec_MEFHC_5iter_lgbm_coverage_toy140.root.done
271	1786035047	text/plain	JSON	receipt/manifest/provenance	2D UQ	0443e43962801d942c3b65d2f75e808c66ad8010	False			2d-unfolding/uq/coverage/2d_xsec_MEFHC_5iter_lgbm_coverage_toy141.root.done
271	1786035047	text/plain	JSON	receipt/manifest/provenance	2D UQ	2279e7aa0154395e23fdd643c1120f7ab7e757f0	False			2d-unfolding/uq/coverage/2d_xsec_MEFHC_5iter_lgbm_coverage_toy142.root.done
271	1786035047	text/plain	JSON	receipt/manifest/provenance	2D UQ	75cbbf9765b11e863dff0a9c54dac7944290a1b9	False			2d-unfolding/uq/coverage/2d_xsec_MEFHC_5iter_lgbm_coverage_toy143.root.done
271	1786035047	text/plain	JSON	receipt/manifest/provenance	2D UQ	fa0ee0b1a36b88b1409562fa5e6f572a9263d4d4	False			2d-unfolding/uq/coverage/2d_xsec_MEFHC_5iter_lgbm_coverage_toy144.root.done
271	1786035047	text/plain	JSON	receipt/manifest/provenance	2D UQ	6bfd15d42df1e9bc127541519daa09ee257c1fa1	False			2d-unfolding/uq/coverage/2d_xsec_MEFHC_5iter_lgbm_coverage_toy145.root.done
271	1786035047	text/plain	JSON	receipt/manifest/provenance	2D UQ	c5fb5eb2390c6cedb5ea56ee4b50a4f545034481	False			2d-unfolding/uq/coverage/2d_xsec_MEFHC_5iter_lgbm_coverage_toy146.root.done
271	1786035047	text/plain	JSON	receipt/manifest/provenance	2D UQ	d142eca6841602f23a611477ae12f2e07802ffb1	False			2d-unfolding/uq/coverage/2d_xsec_MEFHC_5iter_lgbm_coverage_toy147.root.done
271	1786035047	text/plain	JSON	receipt/manifest/provenance	2D UQ	9e624a2a5acffbe6f19e0a8640225095be15a516	False			2d-unfolding/uq/coverage/2d_xsec_MEFHC_5iter_lgbm_coverage_toy148.root.done
271	1786035047	text/plain	JSON	receipt/manifest/provenance	2D UQ	a2723e886a92692e5f6a04423e9acde21f8ab1e1	False			2d-unfolding/uq/coverage/2d_xsec_MEFHC_5iter_lgbm_coverage_toy149.root.done
271	1786035047	text/plain	JSON	receipt/manifest/provenance	2D UQ	b101dc3f0637768f9284219e39a320ebdb173014	False			2d-unfolding/uq/coverage/2d_xsec_MEFHC_5iter_lgbm_coverage_toy150.root.done
271	1786035047	text/plain	JSON	receipt/manifest/provenance	2D UQ	872fa66744f67dde7e22963265c54d59b88da855	False			2d-unfolding/uq/coverage/2d_xsec_MEFHC_5iter_lgbm_coverage_toy151.root.done
271	1786035047	text/plain	JSON	receipt/manifest/provenance	2D UQ	1d51238b7fa0645f998b2945e72be24d5ce13de5	False			2d-unfolding/uq/coverage/2d_xsec_MEFHC_5iter_lgbm_coverage_toy152.root.done
271	1786035047	text/plain	JSON	receipt/manifest/provenance	2D UQ	84688a023d167dfdc7f5647d3f10ed354145e0c8	False			2d-unfolding/uq/coverage/2d_xsec_MEFHC_5iter_lgbm_coverage_toy153.root.done
271	1786035047	text/plain	JSON	receipt/manifest/provenance	2D UQ	5f8f0c347a687cef7ad7ccc5140013efc69088f2	False			2d-unfolding/uq/coverage/2d_xsec_MEFHC_5iter_lgbm_coverage_toy154.root.done
271	1786035047	text/plain	JSON	receipt/manifest/provenance	2D UQ	f7aff71a1050e90604932b963fac3207053b501a	False			2d-unfolding/uq/coverage/2d_xsec_MEFHC_5iter_lgbm_coverage_toy155.root.done
271	1786035047	text/plain	JSON	receipt/manifest/provenance	2D UQ	2c51e00522c40f95993574f04aa1ddef49f47973	False			2d-unfolding/uq/coverage/2d_xsec_MEFHC_5iter_lgbm_coverage_toy156.root.done
271	1786035047	text/plain	JSON	receipt/manifest/provenance	2D UQ	a8a93829e439d9dd95cdd28e769ce2da3dee03cd	False			2d-unfolding/uq/coverage/2d_xsec_MEFHC_5iter_lgbm_coverage_toy157.root.done
271	1786035047	text/plain	JSON	receipt/manifest/provenance	2D UQ	c54ecdb89a72842a59035d4f1576e52a9b1cd9c8	False			2d-unfolding/uq/coverage/2d_xsec_MEFHC_5iter_lgbm_coverage_toy158.root.done
271	1786035047	text/plain	JSON	receipt/manifest/provenance	2D UQ	fd9db8d612aef9ca1ba25f803f4e856e4f10a4da	False			2d-unfolding/uq/coverage/2d_xsec_MEFHC_5iter_lgbm_coverage_toy159.root.done
271	1786035047	text/plain	JSON	receipt/manifest/provenance	2D UQ	bbe575fafcfbab20b418b71e680404ba092b9df8	False			2d-unfolding/uq/coverage/2d_xsec_MEFHC_5iter_lgbm_coverage_toy160.root.done
271	1786035047	text/plain	JSON	receipt/manifest/provenance	2D UQ	20f71e631f5411cf35244a6f6811643c17265a06	False			2d-unfolding/uq/coverage/2d_xsec_MEFHC_5iter_lgbm_coverage_toy161.root.done
271	1786035047	text/plain	JSON	receipt/manifest/provenance	2D UQ	b2250061cd2040e5a58741266ce70cf20f506730	False			2d-unfolding/uq/coverage/2d_xsec_MEFHC_5iter_lgbm_coverage_toy162.root.done
271	1786035047	text/plain	JSON	receipt/manifest/provenance	2D UQ	4c0b337c6a28c947807a4d6e8b5c60ba6b5040b5	False			2d-unfolding/uq/coverage/2d_xsec_MEFHC_5iter_lgbm_coverage_toy163.root.done
271	1786035047	text/plain	JSON	receipt/manifest/provenance	2D UQ	69a5325d6ca86109f331550089ba8daf83752330	False			2d-unfolding/uq/coverage/2d_xsec_MEFHC_5iter_lgbm_coverage_toy164.root.done
271	1786035047	text/plain	JSON	receipt/manifest/provenance	2D UQ	dbc63aa1a4ec9f63a9f11a253a419cb865a86139	False			2d-unfolding/uq/coverage/2d_xsec_MEFHC_5iter_lgbm_coverage_toy165.root.done
271	1786035047	text/plain	JSON	receipt/manifest/provenance	2D UQ	ab1bde8306fdb4e4e129b0bb268fe15572b756f3	False			2d-unfolding/uq/coverage/2d_xsec_MEFHC_5iter_lgbm_coverage_toy166.root.done
271	1786035047	text/plain	JSON	receipt/manifest/provenance	2D UQ	1f7d2896dcadbb0e92e97e14640c8f438413e8c8	False			2d-unfolding/uq/coverage/2d_xsec_MEFHC_5iter_lgbm_coverage_toy167.root.done
271	1786035047	text/plain	JSON	receipt/manifest/provenance	2D UQ	d2ae4aa59dd67ea86416f6cf422ec51ed7f98802	False			2d-unfolding/uq/coverage/2d_xsec_MEFHC_5iter_lgbm_coverage_toy168.root.done
271	1786035047	text/plain	JSON	receipt/manifest/provenance	2D UQ	e0ef020b26729591785aa6559f35b89736bfc4e4	False			2d-unfolding/uq/coverage/2d_xsec_MEFHC_5iter_lgbm_coverage_toy169.root.done
271	1786035047	text/plain	JSON	receipt/manifest/provenance	2D UQ	4c90e3ee8513e6da5587208aebaf202be332349d	False			2d-unfolding/uq/coverage/2d_xsec_MEFHC_5iter_lgbm_coverage_toy170.root.done
271	1786035047	text/plain	JSON	receipt/manifest/provenance	2D UQ	b46b323e4a976208ee940757ff2f0d52b2ead262	False			2d-unfolding/uq/coverage/2d_xsec_MEFHC_5iter_lgbm_coverage_toy171.root.done
271	1786035047	text/plain	JSON	receipt/manifest/provenance	2D UQ	e8d7e5906cd364c00d9537ede947d85cd3be7ed5	False			2d-unfolding/uq/coverage/2d_xsec_MEFHC_5iter_lgbm_coverage_toy172.root.done
271	1786035047	text/plain	JSON	receipt/manifest/provenance	2D UQ	4de122d70683187f9de2d5632de2149eb8e2bd99	False			2d-unfolding/uq/coverage/2d_xsec_MEFHC_5iter_lgbm_coverage_toy173.root.done
271	1786035047	text/plain	JSON	receipt/manifest/provenance	2D UQ	9e52799e3ed6c61759268211575d5db85753d947	False			2d-unfolding/uq/coverage/2d_xsec_MEFHC_5iter_lgbm_coverage_toy174.root.done
271	1786035047	text/plain	JSON	receipt/manifest/provenance	2D UQ	e89d64d3b81dbb13a8fe931de830149067a30344	False			2d-unfolding/uq/coverage/2d_xsec_MEFHC_5iter_lgbm_coverage_toy175.root.done
271	1786035047	text/plain	JSON	receipt/manifest/provenance	2D UQ	e75f97aa4919c4c3c304218b46248418e1d4acb0	False			2d-unfolding/uq/coverage/2d_xsec_MEFHC_5iter_lgbm_coverage_toy176.root.done
271	1786035047	text/plain	JSON	receipt/manifest/provenance	2D UQ	b57e777a100dd5e2800b0fdf8a715355ee15b74d	False			2d-unfolding/uq/coverage/2d_xsec_MEFHC_5iter_lgbm_coverage_toy177.root.done
271	1786035047	text/plain	JSON	receipt/manifest/provenance	2D UQ	4f306f2b9de6e4e79f3470df065ba78386ed2fa9	False			2d-unfolding/uq/coverage/2d_xsec_MEFHC_5iter_lgbm_coverage_toy178.root.done
271	1786035047	text/plain	JSON	receipt/manifest/provenance	2D UQ	09ea72970d70b28af7c9cef6f9db79f7586c37e0	False			2d-unfolding/uq/coverage/2d_xsec_MEFHC_5iter_lgbm_coverage_toy179.root.done
271	1786035047	text/plain	JSON	receipt/manifest/provenance	2D UQ	22c4e634f2be71f84be4e7d603bd291eec4ca479	False			2d-unfolding/uq/coverage/2d_xsec_MEFHC_5iter_lgbm_coverage_toy180.root.done
271	1786035047	text/plain	JSON	receipt/manifest/provenance	2D UQ	74cb63ee9df5124cd4a1e9bac357a0243ec9ac11	False			2d-unfolding/uq/coverage/2d_xsec_MEFHC_5iter_lgbm_coverage_toy181.root.done
271	1786035047	text/plain	JSON	receipt/manifest/provenance	2D UQ	a873ebfbdc50f22dd4bcf566c8212f55ff7c2ddc	False			2d-unfolding/uq/coverage/2d_xsec_MEFHC_5iter_lgbm_coverage_toy182.root.done
271	1786035047	text/plain	JSON	receipt/manifest/provenance	2D UQ	97e5016e4a02ac5f37e63d0da3c0ba5629f5d0a6	False			2d-unfolding/uq/coverage/2d_xsec_MEFHC_5iter_lgbm_coverage_toy183.root.done
271	1786035047	text/plain	JSON	receipt/manifest/provenance	2D UQ	746e9756e57c38be9945fdc44cdbb70e0d33d112	False			2d-unfolding/uq/coverage/2d_xsec_MEFHC_5iter_lgbm_coverage_toy184.root.done
271	1786035047	text/plain	JSON	receipt/manifest/provenance	2D UQ	bec975c341e0c7401030962045aec63fa8e99ee0	False			2d-unfolding/uq/coverage/2d_xsec_MEFHC_5iter_lgbm_coverage_toy185.root.done
271	1786035047	text/plain	JSON	receipt/manifest/provenance	2D UQ	eeee1b6257244ddb8ebcd35d4f3253e038e6ec53	False			2d-unfolding/uq/coverage/2d_xsec_MEFHC_5iter_lgbm_coverage_toy186.root.done
271	1786035047	text/plain	JSON	receipt/manifest/provenance	2D UQ	fcb492f3d37fb31cfbfc8722419d521d9b4686b5	False			2d-unfolding/uq/coverage/2d_xsec_MEFHC_5iter_lgbm_coverage_toy187.root.done
271	1786035047	text/plain	JSON	receipt/manifest/provenance	2D UQ	e71267d6e3dc089121746257a82bc13d6fbcbe6c	False			2d-unfolding/uq/coverage/2d_xsec_MEFHC_5iter_lgbm_coverage_toy188.root.done
271	1786035047	text/plain	JSON	receipt/manifest/provenance	2D UQ	9c1930111438cf147151b9acf1f1d235ce68f4bb	False			2d-unfolding/uq/coverage/2d_xsec_MEFHC_5iter_lgbm_coverage_toy189.root.done
271	1786035047	text/plain	JSON	receipt/manifest/provenance	2D UQ	21de551b49d1da75563800e62d21513c7003aed5	False			2d-unfolding/uq/coverage/2d_xsec_MEFHC_5iter_lgbm_coverage_toy190.root.done
271	1786035047	text/plain	JSON	receipt/manifest/provenance	2D UQ	4a174c026e8d41f5787f5f95768a603dd8492cba	False			2d-unfolding/uq/coverage/2d_xsec_MEFHC_5iter_lgbm_coverage_toy191.root.done
271	1786035047	text/plain	JSON	receipt/manifest/provenance	2D UQ	c812e9111cdd6bc9383b99d57d0c241402b6777b	False			2d-unfolding/uq/coverage/2d_xsec_MEFHC_5iter_lgbm_coverage_toy192.root.done
271	1786035047	text/plain	JSON	receipt/manifest/provenance	2D UQ	80d65590dd01b6a1a032ada16028b4dc67fca664	False			2d-unfolding/uq/coverage/2d_xsec_MEFHC_5iter_lgbm_coverage_toy193.root.done
271	1786035047	text/plain	JSON	receipt/manifest/provenance	2D UQ	ec112330e6f91a70492466220a9b58295e159dc7	False			2d-unfolding/uq/coverage/2d_xsec_MEFHC_5iter_lgbm_coverage_toy194.root.done
271	1786035047	text/plain	JSON	receipt/manifest/provenance	2D UQ	c5aa9fec2adf0a694a5f9c5a75e47b6585f61b5a	False			2d-unfolding/uq/coverage/2d_xsec_MEFHC_5iter_lgbm_coverage_toy195.root.done
271	1786035047	text/plain	JSON	receipt/manifest/provenance	2D UQ	b72db28d665509a429a6d84b702de74de4cc4b74	False			2d-unfolding/uq/coverage/2d_xsec_MEFHC_5iter_lgbm_coverage_toy196.root.done
271	1786035047	text/plain	JSON	receipt/manifest/provenance	2D UQ	bc804b6ec6a1a390ef5eb0787d35709b9236087b	False			2d-unfolding/uq/coverage/2d_xsec_MEFHC_5iter_lgbm_coverage_toy197.root.done
271	1786035047	text/plain	JSON	receipt/manifest/provenance	2D UQ	f9a28686ab6e891d605ac2a2131910eb5caa01f6	False			2d-unfolding/uq/coverage/2d_xsec_MEFHC_5iter_lgbm_coverage_toy198.root.done
271	1786035047	text/plain	JSON	receipt/manifest/provenance	2D UQ	ace0d0b50f0a505dc1ca8395ea543c3d4a7b4a08	False			2d-unfolding/uq/coverage/2d_xsec_MEFHC_5iter_lgbm_coverage_toy199.root.done
271	1786035047	text/plain	JSON	receipt/manifest/provenance	2D UQ	29f29a7e4cf470608b2295f4880bcd12fdfc514f	False			2d-unfolding/uq/coverage/2d_xsec_MEFHC_5iter_lgbm_coverage_toy200.root.done
271	1786035047	text/plain	JSON	receipt/manifest/provenance	2D UQ	476263666fd9afed5818792f2c2d9110bcc8cab1	False			2d-unfolding/uq/purity_newomni/2d_xsec_MEFHC_5iter_lgbm_pn_uni_CV.root.done
270	1786035047	text/plain	JSON	receipt/manifest/provenance	2D UQ	988be4745f1d460b3e85158b129cd360b72915f7	False			2d-unfolding/uq/coverage/2d_xsec_MEFHC_5iter_lgbm_coverage_toy10.root.done
270	1786035047	text/plain	JSON	receipt/manifest/provenance	2D UQ	8cf6ed8cca94059baed876dc4d9ec462b5b1f948	False			2d-unfolding/uq/coverage/2d_xsec_MEFHC_5iter_lgbm_coverage_toy11.root.done
270	1786035047	text/plain	JSON	receipt/manifest/provenance	2D UQ	64ba4c757c81f68df468b05dd8be98ea3ea4b378	False			2d-unfolding/uq/coverage/2d_xsec_MEFHC_5iter_lgbm_coverage_toy12.root.done
270	1786035047	text/plain	JSON	receipt/manifest/provenance	2D UQ	c49a95c109b1a3b73e527fe54ec5f79ef72000ea	False			2d-unfolding/uq/coverage/2d_xsec_MEFHC_5iter_lgbm_coverage_toy13.root.done
270	1786035047	text/plain	JSON	receipt/manifest/provenance	2D UQ	9108ce3a2cd1778069f29de274fdde85d4531d4a	False			2d-unfolding/uq/coverage/2d_xsec_MEFHC_5iter_lgbm_coverage_toy14.root.done
270	1786035047	text/plain	JSON	receipt/manifest/provenance	2D UQ	da3d2d9215e3e5ba8728d95d7785574e4b84b868	False			2d-unfolding/uq/coverage/2d_xsec_MEFHC_5iter_lgbm_coverage_toy15.root.done
270	1786035047	text/plain	JSON	receipt/manifest/provenance	2D UQ	93388788bc2698c6da0ac5aa18334403099c2279	False			2d-unfolding/uq/coverage/2d_xsec_MEFHC_5iter_lgbm_coverage_toy16.root.done
270	1786035047	text/plain	JSON	receipt/manifest/provenance	2D UQ	0aa0daf1ffabca9c848efbf63f20b8900e52b06e	False			2d-unfolding/uq/coverage/2d_xsec_MEFHC_5iter_lgbm_coverage_toy17.root.done
270	1786035047	text/plain	JSON	receipt/manifest/provenance	2D UQ	e9f65876feb87daaa5959764ba20d7ab28786130	False			2d-unfolding/uq/coverage/2d_xsec_MEFHC_5iter_lgbm_coverage_toy18.root.done
270	1786035047	text/plain	JSON	receipt/manifest/provenance	2D UQ	f75fa5e78f2cd5283c32abd00fac6959086c97e2	False			2d-unfolding/uq/coverage/2d_xsec_MEFHC_5iter_lgbm_coverage_toy19.root.done
270	1786035047	text/plain	JSON	receipt/manifest/provenance	2D UQ	0985fa35446156fcc5cc34cc0b6d9d773d556e6f	False			2d-unfolding/uq/coverage/2d_xsec_MEFHC_5iter_lgbm_coverage_toy20.root.done
270	1786035047	text/plain	JSON	receipt/manifest/provenance	2D UQ	f1fe71564afe3d833a4cca95f6f8efe8e05f184e	False			2d-unfolding/uq/coverage/2d_xsec_MEFHC_5iter_lgbm_coverage_toy21.root.done
270	1786035047	text/plain	JSON	receipt/manifest/provenance	2D UQ	12a1547957cf6d5a5a9d89fff563b1fa5391f8ed	False			2d-unfolding/uq/coverage/2d_xsec_MEFHC_5iter_lgbm_coverage_toy22.root.done
270	1786035047	text/plain	JSON	receipt/manifest/provenance	2D UQ	f06c4287ee5b872c637924f315dd61e47d501623	False			2d-unfolding/uq/coverage/2d_xsec_MEFHC_5iter_lgbm_coverage_toy23.root.done
270	1786035047	text/plain	JSON	receipt/manifest/provenance	2D UQ	5e7ad8b248292076922e9d06d7a79b039f96ab48	False			2d-unfolding/uq/coverage/2d_xsec_MEFHC_5iter_lgbm_coverage_toy24.root.done
270	1786035047	text/plain	JSON	receipt/manifest/provenance	2D UQ	7bfaf41531c04402f4d03999fe63523f0214fbf6	False			2d-unfolding/uq/coverage/2d_xsec_MEFHC_5iter_lgbm_coverage_toy25.root.done
270	1786035047	text/plain	JSON	receipt/manifest/provenance	2D UQ	02bf2e581b88ad5c8f35422694890e37abe92ca7	False			2d-unfolding/uq/coverage/2d_xsec_MEFHC_5iter_lgbm_coverage_toy26.root.done
270	1786035047	text/plain	JSON	receipt/manifest/provenance	2D UQ	522d5f9c7d3186ae467ce05c50978c00d32ce7f4	False			2d-unfolding/uq/coverage/2d_xsec_MEFHC_5iter_lgbm_coverage_toy27.root.done
270	1786035047	text/plain	JSON	receipt/manifest/provenance	2D UQ	687f24f06acc32b1bd30ff536e874c51f057090c	False			2d-unfolding/uq/coverage/2d_xsec_MEFHC_5iter_lgbm_coverage_toy28.root.done
270	1786035047	text/plain	JSON	receipt/manifest/provenance	2D UQ	60dd7b5d9b0733b7d1af3cc1f1243227580cc2b2	False			2d-unfolding/uq/coverage/2d_xsec_MEFHC_5iter_lgbm_coverage_toy29.root.done
270	1786035047	text/plain	JSON	receipt/manifest/provenance	2D UQ	0510c1de7c12c38ede31c739f78841d1b8f611d5	False			2d-unfolding/uq/coverage/2d_xsec_MEFHC_5iter_lgbm_coverage_toy30.root.done
270	1786035047	text/plain	JSON	receipt/manifest/provenance	2D UQ	b79085c19d8c18b226bf6acef6e6775a15665054	False			2d-unfolding/uq/coverage/2d_xsec_MEFHC_5iter_lgbm_coverage_toy31.root.done
270	1786035047	text/plain	JSON	receipt/manifest/provenance	2D UQ	f04c1f90af4b4bc882864c1b0e2018e8054fbf03	False			2d-unfolding/uq/coverage/2d_xsec_MEFHC_5iter_lgbm_coverage_toy32.root.done
270	1786035047	text/plain	JSON	receipt/manifest/provenance	2D UQ	42d826a8bb9180475717aa8bcd51c185d59ed1f0	False			2d-unfolding/uq/coverage/2d_xsec_MEFHC_5iter_lgbm_coverage_toy33.root.done
270	1786035047	text/plain	JSON	receipt/manifest/provenance	2D UQ	4aaac7c1bc220255b3de217cc3b4f7ab6745503b	False			2d-unfolding/uq/coverage/2d_xsec_MEFHC_5iter_lgbm_coverage_toy34.root.done
270	1786035047	text/plain	JSON	receipt/manifest/provenance	2D UQ	1a1fa56c6743a7193ce759fa700b6b84c3b4b5b2	False			2d-unfolding/uq/coverage/2d_xsec_MEFHC_5iter_lgbm_coverage_toy35.root.done
270	1786035047	text/plain	JSON	receipt/manifest/provenance	2D UQ	c3cf8c6c6b326b3ed68ff72752e0f9356de42b27	False			2d-unfolding/uq/coverage/2d_xsec_MEFHC_5iter_lgbm_coverage_toy36.root.done
270	1786035047	text/plain	JSON	receipt/manifest/provenance	2D UQ	144cae7dd2f42c98f93247a0ce51e7b60757432c	False			2d-unfolding/uq/coverage/2d_xsec_MEFHC_5iter_lgbm_coverage_toy37.root.done
270	1786035047	text/plain	JSON	receipt/manifest/provenance	2D UQ	dde9633dfb404831702a0154fd704fcbf4e6ad85	False			2d-unfolding/uq/coverage/2d_xsec_MEFHC_5iter_lgbm_coverage_toy38.root.done
270	1786035047	text/plain	JSON	receipt/manifest/provenance	2D UQ	0a8d2530da8a41c3b01fe2c8bd45aee4f45a5334	False			2d-unfolding/uq/coverage/2d_xsec_MEFHC_5iter_lgbm_coverage_toy39.root.done
270	1786035047	text/plain	JSON	receipt/manifest/provenance	2D UQ	5e2a33eed8862dc174253539f5bfdc82a599907e	False			2d-unfolding/uq/coverage/2d_xsec_MEFHC_5iter_lgbm_coverage_toy40.root.done
270	1786035047	text/plain	JSON	receipt/manifest/provenance	2D UQ	21f4120bebc0066a0a56ad716c2a9c66b7045dae	False			2d-unfolding/uq/coverage/2d_xsec_MEFHC_5iter_lgbm_coverage_toy41.root.done
270	1786035047	text/plain	JSON	receipt/manifest/provenance	2D UQ	a9b79a1ad4fcb45dc89f1e6d0786bd1855e1a3e8	False			2d-unfolding/uq/coverage/2d_xsec_MEFHC_5iter_lgbm_coverage_toy42.root.done
270	1786035047	text/plain	JSON	receipt/manifest/provenance	2D UQ	eadab2064bf1f749eb2a6cdc6b1ea16536d445d9	False			2d-unfolding/uq/coverage/2d_xsec_MEFHC_5iter_lgbm_coverage_toy43.root.done
270	1786035047	text/plain	JSON	receipt/manifest/provenance	2D UQ	786dc66ea1220dbc9de5b08e40a9b3dbb36f3709	False			2d-unfolding/uq/coverage/2d_xsec_MEFHC_5iter_lgbm_coverage_toy44.root.done
270	1786035047	text/plain	JSON	receipt/manifest/provenance	2D UQ	8bf094deca5b8e4066422b554ba35925ac85d200	False			2d-unfolding/uq/coverage/2d_xsec_MEFHC_5iter_lgbm_coverage_toy45.root.done
270	1786035047	text/plain	JSON	receipt/manifest/provenance	2D UQ	f6430abd1f79a7c0c3583609283fb4c7f69f9238	False			2d-unfolding/uq/coverage/2d_xsec_MEFHC_5iter_lgbm_coverage_toy46.root.done
270	1786035047	text/plain	JSON	receipt/manifest/provenance	2D UQ	7ef73f22ca92718eb9d68eda86b31e8d2e6fc3dd	False			2d-unfolding/uq/coverage/2d_xsec_MEFHC_5iter_lgbm_coverage_toy47.root.done
270	1786035047	text/plain	JSON	receipt/manifest/provenance	2D UQ	79d7fa136246c8cd3a2dff15805966a511e2be2c	False			2d-unfolding/uq/coverage/2d_xsec_MEFHC_5iter_lgbm_coverage_toy48.root.done
270	1786035047	text/plain	JSON	receipt/manifest/provenance	2D UQ	6bfa8e5dd0048777fdc969775b01ef05e19e4e8b	False			2d-unfolding/uq/coverage/2d_xsec_MEFHC_5iter_lgbm_coverage_toy49.root.done
270	1786035047	text/plain	JSON	receipt/manifest/provenance	2D UQ	1158354350d9e99033b3852a6e713bd9d4068ad6	False			2d-unfolding/uq/coverage/2d_xsec_MEFHC_5iter_lgbm_coverage_toy50.root.done
270	1786035047	text/plain	JSON	receipt/manifest/provenance	2D UQ	c764ab77ca8b58be8ded43e7094f734f6e39716c	False			2d-unfolding/uq/coverage/2d_xsec_MEFHC_5iter_lgbm_coverage_toy51.root.done
270	1786035047	text/plain	JSON	receipt/manifest/provenance	2D UQ	41e0f0efeaab78d357ffb5f005dc8a50e00fd834	False			2d-unfolding/uq/coverage/2d_xsec_MEFHC_5iter_lgbm_coverage_toy52.root.done
270	1786035047	text/plain	JSON	receipt/manifest/provenance	2D UQ	9f039dddbd90960d88a7255de9186263680084c8	False			2d-unfolding/uq/coverage/2d_xsec_MEFHC_5iter_lgbm_coverage_toy53.root.done
270	1786035047	text/plain	JSON	receipt/manifest/provenance	2D UQ	3dd2ecfd85d024568622e3e3c9a77e2e99aa7245	False			2d-unfolding/uq/coverage/2d_xsec_MEFHC_5iter_lgbm_coverage_toy54.root.done
270	1786035047	text/plain	JSON	receipt/manifest/provenance	2D UQ	0b41b15c8e7a17635d5002c0ef8bfa62e4933b29	False			2d-unfolding/uq/coverage/2d_xsec_MEFHC_5iter_lgbm_coverage_toy55.root.done
270	1786035047	text/plain	JSON	receipt/manifest/provenance	2D UQ	97a753581e9764d5dcfaf9fea0ff956d4ac322e1	False			2d-unfolding/uq/coverage/2d_xsec_MEFHC_5iter_lgbm_coverage_toy56.root.done
270	1786035047	text/plain	JSON	receipt/manifest/provenance	2D UQ	c762ec051a582423d6f690d28d628598bd82f37c	False			2d-unfolding/uq/coverage/2d_xsec_MEFHC_5iter_lgbm_coverage_toy57.root.done
270	1786035047	text/plain	JSON	receipt/manifest/provenance	2D UQ	7391239dbc5f50da9dbf43addc22ede5d30e4e24	False			2d-unfolding/uq/coverage/2d_xsec_MEFHC_5iter_lgbm_coverage_toy58.root.done
270	1786035047	text/plain	JSON	receipt/manifest/provenance	2D UQ	0788063392c94935d6d59331a82b453c1955ddfa	False			2d-unfolding/uq/coverage/2d_xsec_MEFHC_5iter_lgbm_coverage_toy59.root.done
270	1786035047	text/plain	JSON	receipt/manifest/provenance	2D UQ	c75ff0109f262031536c790103a44411ec7eb1c8	False			2d-unfolding/uq/coverage/2d_xsec_MEFHC_5iter_lgbm_coverage_toy60.root.done
270	1786035047	text/plain	JSON	receipt/manifest/provenance	2D UQ	c26cd08e86e8189f9065076b274d088eee457442	False			2d-unfolding/uq/coverage/2d_xsec_MEFHC_5iter_lgbm_coverage_toy61.root.done
270	1786035047	text/plain	JSON	receipt/manifest/provenance	2D UQ	3cb32349534bc01950dada5814c847b806f47003	False			2d-unfolding/uq/coverage/2d_xsec_MEFHC_5iter_lgbm_coverage_toy62.root.done
270	1786035047	text/plain	JSON	receipt/manifest/provenance	2D UQ	2b3b9ee3accc983dca9d1851c8fcb8dbae7e8a00	False			2d-unfolding/uq/coverage/2d_xsec_MEFHC_5iter_lgbm_coverage_toy63.root.done
270	1786035047	text/plain	JSON	receipt/manifest/provenance	2D UQ	693af21a3fe4c6827aa3b179e1e50cc3c4d81a2a	False			2d-unfolding/uq/coverage/2d_xsec_MEFHC_5iter_lgbm_coverage_toy64.root.done
270	1786035047	text/plain	JSON	receipt/manifest/provenance	2D UQ	c1d268deb492e97695ac6629d0079b4841a77806	False			2d-unfolding/uq/coverage/2d_xsec_MEFHC_5iter_lgbm_coverage_toy65.root.done
270	1786035047	text/plain	JSON	receipt/manifest/provenance	2D UQ	975bbb891004920195733ca58f3f4c8630908342	False			2d-unfolding/uq/coverage/2d_xsec_MEFHC_5iter_lgbm_coverage_toy66.root.done
270	1786035047	text/plain	JSON	receipt/manifest/provenance	2D UQ	b8fefc5d1131f2e0f77701292686ba30e6f178d1	False			2d-unfolding/uq/coverage/2d_xsec_MEFHC_5iter_lgbm_coverage_toy67.root.done
270	1786035047	text/plain	JSON	receipt/manifest/provenance	2D UQ	48a2fa04ff9fcf198189a91623ef2d432d458652	False			2d-unfolding/uq/coverage/2d_xsec_MEFHC_5iter_lgbm_coverage_toy68.root.done
270	1786035047	text/plain	JSON	receipt/manifest/provenance	2D UQ	1aeafd5a5153daa1a18be3ea3a871cef692a5a25	False			2d-unfolding/uq/coverage/2d_xsec_MEFHC_5iter_lgbm_coverage_toy69.root.done
270	1786035047	text/plain	JSON	receipt/manifest/provenance	2D UQ	8e9202ae45fbbe885dc1ea9c45dec20c141c1842	False			2d-unfolding/uq/coverage/2d_xsec_MEFHC_5iter_lgbm_coverage_toy70.root.done
270	1786035047	text/plain	JSON	receipt/manifest/provenance	2D UQ	000eea634706c923e3f3ebb87dc110b5ddd55638	False			2d-unfolding/uq/coverage/2d_xsec_MEFHC_5iter_lgbm_coverage_toy71.root.done
270	1786035047	text/plain	JSON	receipt/manifest/provenance	2D UQ	2b18d5a4e885fd6a3bf980b59abb159d8e3849a2	False			2d-unfolding/uq/coverage/2d_xsec_MEFHC_5iter_lgbm_coverage_toy72.root.done
270	1786035047	text/plain	JSON	receipt/manifest/provenance	2D UQ	44ca39f883a045ce56825dfd2089740c521f0ae4	False			2d-unfolding/uq/coverage/2d_xsec_MEFHC_5iter_lgbm_coverage_toy73.root.done
270	1786035047	text/plain	JSON	receipt/manifest/provenance	2D UQ	864b442e6fc9cb1be595b266aa713d71073cda9b	False			2d-unfolding/uq/coverage/2d_xsec_MEFHC_5iter_lgbm_coverage_toy74.root.done
270	1786035047	text/plain	JSON	receipt/manifest/provenance	2D UQ	e67eb862279cec4d85b558da69fd69689ad3ee62	False			2d-unfolding/uq/coverage/2d_xsec_MEFHC_5iter_lgbm_coverage_toy75.root.done
270	1786035047	text/plain	JSON	receipt/manifest/provenance	2D UQ	04cbb27e162ec5756b4a3f8dd33f5560fa65f8fe	False			2d-unfolding/uq/coverage/2d_xsec_MEFHC_5iter_lgbm_coverage_toy76.root.done
270	1786035047	text/plain	JSON	receipt/manifest/provenance	2D UQ	a35504b30ca9202886acba1727fa2e4316fb7c2a	False			2d-unfolding/uq/coverage/2d_xsec_MEFHC_5iter_lgbm_coverage_toy77.root.done
270	1786035047	text/plain	JSON	receipt/manifest/provenance	2D UQ	83f4c655fdd9ca9f36f737218bd3e68142796fb7	False			2d-unfolding/uq/coverage/2d_xsec_MEFHC_5iter_lgbm_coverage_toy78.root.done
270	1786035047	text/plain	JSON	receipt/manifest/provenance	2D UQ	168ff71ec0278c863f13fc528115b3a6952786c8	False			2d-unfolding/uq/coverage/2d_xsec_MEFHC_5iter_lgbm_coverage_toy79.root.done
270	1786035047	text/plain	JSON	receipt/manifest/provenance	2D UQ	2a1d50dc96eea7bde305b9d12e81fc31ca931f99	False			2d-unfolding/uq/coverage/2d_xsec_MEFHC_5iter_lgbm_coverage_toy80.root.done
270	1786035047	text/plain	JSON	receipt/manifest/provenance	2D UQ	045fdef267b362af3fdf50bf9c09a90532f7e6fd	False			2d-unfolding/uq/coverage/2d_xsec_MEFHC_5iter_lgbm_coverage_toy81.root.done
270	1786035047	text/plain	JSON	receipt/manifest/provenance	2D UQ	2312693c650982eeef76bdc048e83a1f876fcf64	False			2d-unfolding/uq/coverage/2d_xsec_MEFHC_5iter_lgbm_coverage_toy82.root.done
270	1786035047	text/plain	JSON	receipt/manifest/provenance	2D UQ	fb56cb05cf337d52a882dfd9ce23b58cee128280	False			2d-unfolding/uq/coverage/2d_xsec_MEFHC_5iter_lgbm_coverage_toy83.root.done
270	1786035047	text/plain	JSON	receipt/manifest/provenance	2D UQ	33234b5123981bcc2cb71c8f8d8f30afc3a96cb9	False			2d-unfolding/uq/coverage/2d_xsec_MEFHC_5iter_lgbm_coverage_toy84.root.done
270	1786035047	text/plain	JSON	receipt/manifest/provenance	2D UQ	f9d08ddaa23b28b87217fe14854b55ff5895a823	False			2d-unfolding/uq/coverage/2d_xsec_MEFHC_5iter_lgbm_coverage_toy85.root.done
270	1786035047	text/plain	JSON	receipt/manifest/provenance	2D UQ	d009c8a29320c6084090dab8d3372a3e8d0beeda	False			2d-unfolding/uq/coverage/2d_xsec_MEFHC_5iter_lgbm_coverage_toy86.root.done
270	1786035047	text/plain	JSON	receipt/manifest/provenance	2D UQ	cbac9aad6366be232bd67717c4d33c1cdf492a6c	False			2d-unfolding/uq/coverage/2d_xsec_MEFHC_5iter_lgbm_coverage_toy87.root.done
270	1786035047	text/plain	JSON	receipt/manifest/provenance	2D UQ	7d505dc2b63468de0902238babc63b9f4523a2b0	False			2d-unfolding/uq/coverage/2d_xsec_MEFHC_5iter_lgbm_coverage_toy88.root.done
270	1786035047	text/plain	JSON	receipt/manifest/provenance	2D UQ	b3dc80dcb78dd85b8aee0f38b6e1ef7ee62ec13f	False			2d-unfolding/uq/coverage/2d_xsec_MEFHC_5iter_lgbm_coverage_toy89.root.done
270	1786035047	text/plain	JSON	receipt/manifest/provenance	2D UQ	3b4da37253a9252e938c699a425ec5142b92663e	False			2d-unfolding/uq/coverage/2d_xsec_MEFHC_5iter_lgbm_coverage_toy90.root.done
270	1786035047	text/plain	JSON	receipt/manifest/provenance	2D UQ	cd1e9075d54a2d49b4dcb520091ec16f7763a2aa	False			2d-unfolding/uq/coverage/2d_xsec_MEFHC_5iter_lgbm_coverage_toy91.root.done
270	1786035047	text/plain	JSON	receipt/manifest/provenance	2D UQ	2a144ad95aba74f8f2e55a1b10b5f6447b2547bc	False			2d-unfolding/uq/coverage/2d_xsec_MEFHC_5iter_lgbm_coverage_toy92.root.done
270	1786035047	text/plain	JSON	receipt/manifest/provenance	2D UQ	ae92eb40e6e2a0ae5305605a41f80bb07f94ab63	False			2d-unfolding/uq/coverage/2d_xsec_MEFHC_5iter_lgbm_coverage_toy93.root.done
270	1786035047	text/plain	JSON	receipt/manifest/provenance	2D UQ	92cbeafcdb33de0254dd7d8dbb9c43572144b3a2	False			2d-unfolding/uq/coverage/2d_xsec_MEFHC_5iter_lgbm_coverage_toy94.root.done
270	1786035047	text/plain	JSON	receipt/manifest/provenance	2D UQ	dcbfacedf485168d615049e8ff4d379d674dde6b	False			2d-unfolding/uq/coverage/2d_xsec_MEFHC_5iter_lgbm_coverage_toy95.root.done
270	1786035047	text/plain	JSON	receipt/manifest/provenance	2D UQ	b8d402689e1276bf76bb97163ee18867f08fcc63	False			2d-unfolding/uq/coverage/2d_xsec_MEFHC_5iter_lgbm_coverage_toy96.root.done
270	1786035047	text/plain	JSON	receipt/manifest/provenance	2D UQ	7105e7d907025706fa518142eb1611a94ea297c3	False			2d-unfolding/uq/coverage/2d_xsec_MEFHC_5iter_lgbm_coverage_toy97.root.done
270	1786035047	text/plain	JSON	receipt/manifest/provenance	2D UQ	2a07af34274566d30b402f3348a3ab2f45534f34	False			2d-unfolding/uq/coverage/2d_xsec_MEFHC_5iter_lgbm_coverage_toy98.root.done
270	1786035047	text/plain	JSON	receipt/manifest/provenance	2D UQ	9275bbb6117753af943452b8dbc53cc66fe4225c	False			2d-unfolding/uq/coverage/2d_xsec_MEFHC_5iter_lgbm_coverage_toy99.root.done
270	1786035047	text/plain	JSON	receipt/manifest/provenance	2D UQ	7a32ce7db426a7489fc2e61bb9cbc933be255bb6	False			2d-unfolding/uq/negweight_uni/2d_xsec_MEFHC_5iter_lgbm_nw_uni_CV.root.done
269	1786035047	text/plain	JSON	receipt/manifest/provenance	2D UQ	2b65bd72bb39d1d0494bfcf421bea8f4c157ef6e	False			2d-unfolding/uq/coverage/2d_xsec_MEFHC_5iter_lgbm_coverage_toy1.root.done
269	1786035047	text/plain	JSON	receipt/manifest/provenance	2D UQ	e7bb1123a74780af269f0a7fbd6244a265c83aa3	False			2d-unfolding/uq/coverage/2d_xsec_MEFHC_5iter_lgbm_coverage_toy2.root.done
269	1786035047	text/plain	JSON	receipt/manifest/provenance	2D UQ	edaa08fd1ddd7cee271037529aaef0dd7cb66bd1	False			2d-unfolding/uq/coverage/2d_xsec_MEFHC_5iter_lgbm_coverage_toy3.root.done
269	1786035047	text/plain	JSON	receipt/manifest/provenance	2D UQ	b00be667db9f12132fff7af276ac57c028e805a6	False			2d-unfolding/uq/coverage/2d_xsec_MEFHC_5iter_lgbm_coverage_toy4.root.done
269	1786035047	text/plain	JSON	receipt/manifest/provenance	2D UQ	34c8aa8f667c9f16fafe5dd07e22b998178e26cc	False			2d-unfolding/uq/coverage/2d_xsec_MEFHC_5iter_lgbm_coverage_toy5.root.done
269	1786035047	text/plain	JSON	receipt/manifest/provenance	2D UQ	027c4655a689ea05b15724e0a7ad3f96acdd88e1	False			2d-unfolding/uq/coverage/2d_xsec_MEFHC_5iter_lgbm_coverage_toy6.root.done
269	1786035047	text/plain	JSON	receipt/manifest/provenance	2D UQ	53bcc793528beef92a1009d3a35773894382547f	False			2d-unfolding/uq/coverage/2d_xsec_MEFHC_5iter_lgbm_coverage_toy7.root.done
269	1786035047	text/plain	JSON	receipt/manifest/provenance	2D UQ	45c0109a853b67e0db2ce182b2f1969279f4c946	False			2d-unfolding/uq/coverage/2d_xsec_MEFHC_5iter_lgbm_coverage_toy8.root.done
269	1786035047	text/plain	JSON	receipt/manifest/provenance	2D UQ	1c6151464d7471ae44ae42eed6ced19ad4211b6c	False			2d-unfolding/uq/coverage/2d_xsec_MEFHC_5iter_lgbm_coverage_toy9.root.done
267	1786035047	text/plain	JSON	receipt/manifest/provenance	2D UQ	d65bf1265318f57cbd316274452ba13f62047828	False			2d-unfolding/uq/closure/2d_xsec_1A_5iter_lgbm_closure_shape10.root.done
267	1786035047	text/plain	JSON	receipt/manifest/provenance	2D UQ	752e5839fcb14bd3c6fe7427c1c819f95e50b495	False			2d-unfolding/uq/closure/2d_xsec_1A_5iter_lgbm_closure_shape11.root.done
267	1786035047	text/plain	JSON	receipt/manifest/provenance	2D UQ	0ad544953c814c464a6ea5d3e4cddcb971b41a8e	False			2d-unfolding/uq/closure/2d_xsec_1A_5iter_lgbm_closure_shape12.root.done
267	1786035047	text/plain	JSON	receipt/manifest/provenance	2D UQ	b7ca564c37ea9e51a0da3c5e13cd9abc7c95cc7b	False			2d-unfolding/uq/closure/2d_xsec_1A_5iter_lgbm_closure_shape13.root.done
267	1786035047	text/plain	JSON	receipt/manifest/provenance	2D UQ	1d074ce7956ef35fc5f5fd24e07548513b273724	False			2d-unfolding/uq/closure/2d_xsec_1A_5iter_lgbm_closure_shape14.root.done
267	1786035047	text/plain	JSON	receipt/manifest/provenance	2D UQ	303acf3b517f50657320b5c4a350034bb8aa1325	False			2d-unfolding/uq/closure/2d_xsec_1A_5iter_lgbm_closure_shape15.root.done
267	1786035047	text/plain	JSON	receipt/manifest/provenance	2D UQ	b83b82597c9e03859f798ac1467a9e8b18c40a2e	False			2d-unfolding/uq/closure/2d_xsec_1A_5iter_lgbm_closure_shape16.root.done
267	1786035047	text/plain	JSON	receipt/manifest/provenance	2D UQ	c077377d8083a80fa8f3f4af93456854afa665ce	False			2d-unfolding/uq/closure/2d_xsec_1A_5iter_lgbm_closure_shape17.root.done
267	1786035047	text/plain	JSON	receipt/manifest/provenance	2D UQ	b60e2effd33e7989628a0305c613e670b025a171	False			2d-unfolding/uq/closure/2d_xsec_1A_5iter_lgbm_closure_shape18.root.done
267	1786035047	text/plain	JSON	receipt/manifest/provenance	2D UQ	96447b7f1517ecef6ad07ab4a54ef6f6a8701603	False			2d-unfolding/uq/closure/2d_xsec_1A_5iter_lgbm_closure_shape19.root.done
267	1786035047	text/plain	JSON	receipt/manifest/provenance	2D UQ	2a30396f1063cef2f4e383e9ee829a9381bc70bb	False			2d-unfolding/uq/closure/2d_xsec_1A_5iter_lgbm_closure_shape20.root.done
267	1786035047	text/plain	TEXT	reproducible generated product/log/cache	orchestration	9d67aa1e2b3419d051d09d759b3776ed209b3ffd	False			docs/orchestration/state/g2-array-56106974-r5-resume.invoked
266	1786035047	text/plain	JSON	receipt/manifest/provenance	2D UQ	59831cb349b2e34ffe3d52f42692e8f22b1ec323	False			2d-unfolding/uq/closure/2d_xsec_1A_5iter_lgbm_closure_shape1.root.done
266	1786035047	text/plain	JSON	receipt/manifest/provenance	2D UQ	c75f13d9b968c4981a5dc9dc9e2f112fdb577116	False			2d-unfolding/uq/closure/2d_xsec_1A_5iter_lgbm_closure_shape2.root.done
266	1786035047	text/plain	JSON	receipt/manifest/provenance	2D UQ	2e7b3388d61a935686c48551cdcae9652a281d22	False			2d-unfolding/uq/closure/2d_xsec_1A_5iter_lgbm_closure_shape3.root.done
266	1786035047	text/plain	JSON	receipt/manifest/provenance	2D UQ	7a8d4ed91446e5c1c341f1de37db20e33d74680b	False			2d-unfolding/uq/closure/2d_xsec_1A_5iter_lgbm_closure_shape4.root.done
266	1786035047	text/plain	JSON	receipt/manifest/provenance	2D UQ	d4ffa4d17e88bccdc1509e2c93d044e491fffdc3	False			2d-unfolding/uq/closure/2d_xsec_1A_5iter_lgbm_closure_shape5.root.done
266	1786035047	text/plain	JSON	receipt/manifest/provenance	2D UQ	9c1e182703e5090c50750b55406d29dc8afd12d3	False			2d-unfolding/uq/closure/2d_xsec_1A_5iter_lgbm_closure_shape6.root.done
266	1786035047	text/plain	JSON	receipt/manifest/provenance	2D UQ	40e2799fd0d6895104ab7422a00aa5359778ad8a	False			2d-unfolding/uq/closure/2d_xsec_1A_5iter_lgbm_closure_shape7.root.done
266	1786035047	text/plain	JSON	receipt/manifest/provenance	2D UQ	7a7661fb56b3555fdeae4464295678c1b7a77ebb	False			2d-unfolding/uq/closure/2d_xsec_1A_5iter_lgbm_closure_shape8.root.done
266	1786035047	text/plain	JSON	receipt/manifest/provenance	2D UQ	d5d9febbafed747c1ecc70e4c43e6f0b42a5806a	False			2d-unfolding/uq/closure/2d_xsec_1A_5iter_lgbm_closure_shape9.root.done
264	1786035047	text/plain	TEXT	reproducible generated product/log/cache	orchestration	401fd7264ace07d5cfa852f8f3059150012e4386	False			docs/orchestration/state/g2-array-56106974-r2-resume.invoked
264	1786035047	text/plain	TEXT	reproducible generated product/log/cache	orchestration	6bd7cee35b3589ed92d5d53c20b6acd0092cc536	False			docs/orchestration/state/g2-array-56106974-r3-resume.invoked
264	1786035047	text/plain	TEXT	reproducible generated product/log/cache	orchestration	bf3e8e9933ba1200b655b814532e4a9ee670a166	False			docs/orchestration/state/g2-array-56106974-r4-resume.invoked
262	1786035047	text/plain	JSON	receipt/manifest/provenance	3D	360dd51b3951d7b67a055e0910020a722914a314	False			3d-unfolding/seedscan_3d/3d_xsec_MEFHC_5iter_lgbm_seed10.root.done
261	1786035047	text/plain	JSON	receipt/manifest/provenance	3D	d0959b72de69e7b65df01fd22e88fb8f8461486b	False			3d-unfolding/seedscan_3d/3d_xsec_MEFHC_5iter_lgbm_seed1.root.done
261	1786035047	text/plain	JSON	receipt/manifest/provenance	3D	15f2ca001f80769e9f78f2b222b1eb691ac6989d	False			3d-unfolding/seedscan_3d/3d_xsec_MEFHC_5iter_lgbm_seed2.root.done
261	1786035047	text/plain	JSON	receipt/manifest/provenance	3D	4f5390c7a44dd9d10b2ed7c18db11a59deff206e	False			3d-unfolding/seedscan_3d/3d_xsec_MEFHC_5iter_lgbm_seed3.root.done
261	1786035047	text/plain	JSON	receipt/manifest/provenance	3D	3741fdddd59cdedd51f03815943c937a52003371	False			3d-unfolding/seedscan_3d/3d_xsec_MEFHC_5iter_lgbm_seed4.root.done
261	1786035047	text/plain	JSON	receipt/manifest/provenance	3D	5e0958fb22030c5476e19cd228b73b3a6425a72e	False			3d-unfolding/seedscan_3d/3d_xsec_MEFHC_5iter_lgbm_seed5.root.done
261	1786035047	text/plain	JSON	receipt/manifest/provenance	3D	6acb37e4c1abe5bd4181581267dbaa6b82a25354	False			3d-unfolding/seedscan_3d/3d_xsec_MEFHC_5iter_lgbm_seed6.root.done
261	1786035047	text/plain	JSON	receipt/manifest/provenance	3D	ad70b8a4291633413ed17b0a65f86c7d7743dcaf	False			3d-unfolding/seedscan_3d/3d_xsec_MEFHC_5iter_lgbm_seed7.root.done
261	1786035047	text/plain	JSON	receipt/manifest/provenance	3D	a406ee875f21de99dea27b22ace22a312e7011d2	False			3d-unfolding/seedscan_3d/3d_xsec_MEFHC_5iter_lgbm_seed8.root.done
261	1786035047	text/plain	JSON	receipt/manifest/provenance	3D	b0bfbe974b1166a9233c6cd1606dbd1397e08b3c	False			3d-unfolding/seedscan_3d/3d_xsec_MEFHC_5iter_lgbm_seed9.root.done
258	1786035047	text/plain	JSON	receipt/manifest/provenance	2D UQ	d9ddc828e64a466b9a8ed0acb0b15f2d7270de65	False			2d-unfolding/uq/2d_xsec_MEFHC_5iter_lgbm_uni_full_CV.root.done
254	1786035047	text/plain	JSON	receipt/manifest/provenance	2D UQ	9f93b6872491b5d2631f0629bdf8e7a9a291e952	False			2d-unfolding/uq/2d_xsec_MEFHC_5iter_lgbm_boot100.root.done
254	1786035047	text/plain	JSON	receipt/manifest/provenance	2D UQ	023d08b70159b1bf30e67c8d03cd88e0dadab109	False			2d-unfolding/uq/2d_xsec_MEFHC_5iter_lgbm_boot101.root.done
254	1786035047	text/plain	JSON	receipt/manifest/provenance	2D UQ	cb04c137b95cbe906aeba8f39babf60d7bd015ce	False			2d-unfolding/uq/2d_xsec_MEFHC_5iter_lgbm_boot102.root.done
254	1786035047	text/plain	JSON	receipt/manifest/provenance	2D UQ	8b2962c2c865a5ef657df7239e31a6829f807d12	False			2d-unfolding/uq/2d_xsec_MEFHC_5iter_lgbm_boot103.root.done
254	1786035047	text/plain	JSON	receipt/manifest/provenance	2D UQ	cbeb44bb97513e970467c3b6f830ae5707da429f	False			2d-unfolding/uq/2d_xsec_MEFHC_5iter_lgbm_boot104.root.done
254	1786035047	text/plain	JSON	receipt/manifest/provenance	2D UQ	6d445dfa0df803b68ca1e2ff8d4df53f6ad28176	False			2d-unfolding/uq/2d_xsec_MEFHC_5iter_lgbm_boot105.root.done
254	1786035047	text/plain	JSON	receipt/manifest/provenance	2D UQ	6ee7ad3df6cc07777725628dc18427d4c1c752f7	False			2d-unfolding/uq/2d_xsec_MEFHC_5iter_lgbm_boot106.root.done
254	1786035047	text/plain	JSON	receipt/manifest/provenance	2D UQ	e64e843ac5d2d26322a330be49bb736f51ce4e05	False			2d-unfolding/uq/2d_xsec_MEFHC_5iter_lgbm_boot107.root.done
254	1786035047	text/plain	JSON	receipt/manifest/provenance	2D UQ	ce02412c4d8218341ce92a711b23e46e04225eb8	False			2d-unfolding/uq/2d_xsec_MEFHC_5iter_lgbm_boot108.root.done
254	1786035047	text/plain	JSON	receipt/manifest/provenance	2D UQ	ad3dfd83fe1a1c1f6d41555982589a92b806b8b9	False			2d-unfolding/uq/2d_xsec_MEFHC_5iter_lgbm_boot109.root.done
254	1786035047	text/plain	JSON	receipt/manifest/provenance	2D UQ	556a48f89718155811e7796b152188c6412bc6dd	False			2d-unfolding/uq/2d_xsec_MEFHC_5iter_lgbm_boot110.root.done
254	1786035047	text/plain	JSON	receipt/manifest/provenance	2D UQ	4743e0d04795d67565e136cd6822fa9ec38c209f	False			2d-unfolding/uq/2d_xsec_MEFHC_5iter_lgbm_boot111.root.done
254	1786035047	text/plain	JSON	receipt/manifest/provenance	2D UQ	fc856ef21128f20cd4ced183e23ffc57309d41e7	False			2d-unfolding/uq/2d_xsec_MEFHC_5iter_lgbm_boot112.root.done
254	1786035047	text/plain	JSON	receipt/manifest/provenance	2D UQ	964f4776e3374a2f6d5352080d32acde9c876d27	False			2d-unfolding/uq/2d_xsec_MEFHC_5iter_lgbm_boot113.root.done
254	1786035047	text/plain	JSON	receipt/manifest/provenance	2D UQ	57bac271c256a88c26d643c3e25054cd5400f5ce	False			2d-unfolding/uq/2d_xsec_MEFHC_5iter_lgbm_boot114.root.done
254	1786035047	text/plain	JSON	receipt/manifest/provenance	2D UQ	c0cc7f469524c5fb606a1619bb54db03a3465627	False			2d-unfolding/uq/2d_xsec_MEFHC_5iter_lgbm_boot115.root.done
254	1786035047	text/plain	JSON	receipt/manifest/provenance	2D UQ	8b15642edaa2b1ba0a5e8dcb5425b10cf8d96669	False			2d-unfolding/uq/2d_xsec_MEFHC_5iter_lgbm_boot116.root.done
254	1786035047	text/plain	JSON	receipt/manifest/provenance	2D UQ	46b613debb9d4584f7873573211bb75f6abb3437	False			2d-unfolding/uq/2d_xsec_MEFHC_5iter_lgbm_boot117.root.done
254	1786035047	text/plain	JSON	receipt/manifest/provenance	2D UQ	db3c0607147a38e19623f66b2aa8f6943fb36cbd	False			2d-unfolding/uq/2d_xsec_MEFHC_5iter_lgbm_boot118.root.done
254	1786035047	text/plain	JSON	receipt/manifest/provenance	2D UQ	7d94fc08b381f9a71cd000d29d065becfaa00af6	False			2d-unfolding/uq/2d_xsec_MEFHC_5iter_lgbm_boot119.root.done
254	1786035047	text/plain	JSON	receipt/manifest/provenance	2D UQ	1bc106157c879679965c72e7fba8388492aa6080	False			2d-unfolding/uq/2d_xsec_MEFHC_5iter_lgbm_boot120.root.done
254	1786035047	text/plain	JSON	receipt/manifest/provenance	2D UQ	a5c9073fe6f4da34a831c569623441546e90253c	False			2d-unfolding/uq/2d_xsec_MEFHC_5iter_lgbm_boot121.root.done
254	1786035047	text/plain	JSON	receipt/manifest/provenance	2D UQ	a6a17a2994de835d4b9c2cd116d0af9d8dc7a560	False			2d-unfolding/uq/2d_xsec_MEFHC_5iter_lgbm_boot122.root.done
254	1786035047	text/plain	JSON	receipt/manifest/provenance	2D UQ	b9849f9276f641070cec2b0fe705a70fae742a2a	False			2d-unfolding/uq/2d_xsec_MEFHC_5iter_lgbm_boot123.root.done
254	1786035047	text/plain	JSON	receipt/manifest/provenance	2D UQ	929c5a40c5b440f90c1a8a728e489ab7fe4339af	False			2d-unfolding/uq/2d_xsec_MEFHC_5iter_lgbm_boot124.root.done
254	1786035047	text/plain	JSON	receipt/manifest/provenance	2D UQ	60cd41b1236c1222ff1ebe925695a693ec3f5d15	False			2d-unfolding/uq/2d_xsec_MEFHC_5iter_lgbm_boot125.root.done
254	1786035047	text/plain	JSON	receipt/manifest/provenance	2D UQ	8ab055d9328b38a5917747c5886626180cee4ca3	False			2d-unfolding/uq/2d_xsec_MEFHC_5iter_lgbm_boot126.root.done
254	1786035047	text/plain	JSON	receipt/manifest/provenance	2D UQ	d9e30763297b2e3cbac239adbe77bd77b2c82cc2	False			2d-unfolding/uq/2d_xsec_MEFHC_5iter_lgbm_boot127.root.done
254	1786035047	text/plain	JSON	receipt/manifest/provenance	2D UQ	4148905b2afaae6713b39e06d8452ab66634af1f	False			2d-unfolding/uq/2d_xsec_MEFHC_5iter_lgbm_boot128.root.done
254	1786035047	text/plain	JSON	receipt/manifest/provenance	2D UQ	2fc5dc4f48a90e828a658bf6fe650424ece80785	False			2d-unfolding/uq/2d_xsec_MEFHC_5iter_lgbm_boot129.root.done
254	1786035047	text/plain	JSON	receipt/manifest/provenance	2D UQ	e5e953d4849e94d7bef43cb2b32c5492477153aa	False			2d-unfolding/uq/2d_xsec_MEFHC_5iter_lgbm_boot130.root.done
254	1786035047	text/plain	JSON	receipt/manifest/provenance	2D UQ	90c5718b08f2e68936d29dc010ad1ecc7ff5a7c6	False			2d-unfolding/uq/2d_xsec_MEFHC_5iter_lgbm_boot131.root.done
254	1786035047	text/plain	JSON	receipt/manifest/provenance	2D UQ	07b4e0a6f479bcbe1aaa2fa1240d2d43f8e0148e	False			2d-unfolding/uq/2d_xsec_MEFHC_5iter_lgbm_boot132.root.done
254	1786035047	text/plain	JSON	receipt/manifest/provenance	2D UQ	6fbb19734ad340c79cce3713bd08b24e93d84a88	False			2d-unfolding/uq/2d_xsec_MEFHC_5iter_lgbm_boot133.root.done
254	1786035047	text/plain	JSON	receipt/manifest/provenance	2D UQ	c51ca14be0825f554750a3cba17142e8c37a9f3e	False			2d-unfolding/uq/2d_xsec_MEFHC_5iter_lgbm_boot134.root.done
254	1786035047	text/plain	JSON	receipt/manifest/provenance	2D UQ	aba5b44b9b35155d0bb32b063f24ad7c7b0e4a76	False			2d-unfolding/uq/2d_xsec_MEFHC_5iter_lgbm_boot135.root.done
254	1786035047	text/plain	JSON	receipt/manifest/provenance	2D UQ	f93fc4602630fc41ea30da1d8ad9245c8132bc22	False			2d-unfolding/uq/2d_xsec_MEFHC_5iter_lgbm_boot136.root.done
254	1786035047	text/plain	JSON	receipt/manifest/provenance	2D UQ	e3502cba6a5089c05ad3a92085539a5b3d5ba397	False			2d-unfolding/uq/2d_xsec_MEFHC_5iter_lgbm_boot137.root.done
254	1786035047	text/plain	JSON	receipt/manifest/provenance	2D UQ	de7bb267dad5330a5ee4565dba43ad64bd9c219c	False			2d-unfolding/uq/2d_xsec_MEFHC_5iter_lgbm_boot138.root.done
254	1786035047	text/plain	JSON	receipt/manifest/provenance	2D UQ	f4fc0f1c85ca5d172d0b9a5fd0ebf5db3e3932a0	False			2d-unfolding/uq/2d_xsec_MEFHC_5iter_lgbm_boot139.root.done
254	1786035047	text/plain	JSON	receipt/manifest/provenance	2D UQ	f9c82f3ce5e55473af1c71c521adc45d709f42bf	False			2d-unfolding/uq/2d_xsec_MEFHC_5iter_lgbm_boot140.root.done
254	1786035047	text/plain	JSON	receipt/manifest/provenance	2D UQ	f2e047710af629b536467734603ff98b562fd232	False			2d-unfolding/uq/2d_xsec_MEFHC_5iter_lgbm_boot141.root.done
254	1786035047	text/plain	JSON	receipt/manifest/provenance	2D UQ	66e357340029cc52e99ef2340e3c3d2c767b9db1	False			2d-unfolding/uq/2d_xsec_MEFHC_5iter_lgbm_boot142.root.done
254	1786035047	text/plain	JSON	receipt/manifest/provenance	2D UQ	d82a3b02f33bd5d0ade674c461fd53b72d90d314	False			2d-unfolding/uq/2d_xsec_MEFHC_5iter_lgbm_boot143.root.done
254	1786035047	text/plain	JSON	receipt/manifest/provenance	2D UQ	04d09191d52fed3a0771824f3f5f9cce7bf35ccb	False			2d-unfolding/uq/2d_xsec_MEFHC_5iter_lgbm_boot144.root.done
254	1786035047	text/plain	JSON	receipt/manifest/provenance	2D UQ	f8d58934a0f9353e68f999d0d8c3e837019e0383	False			2d-unfolding/uq/2d_xsec_MEFHC_5iter_lgbm_boot145.root.done
254	1786035047	text/plain	JSON	receipt/manifest/provenance	2D UQ	6e3b37fd9fc7dc9264905141208f66d5e1f92570	False			2d-unfolding/uq/2d_xsec_MEFHC_5iter_lgbm_boot146.root.done
254	1786035047	text/plain	JSON	receipt/manifest/provenance	2D UQ	6239a57431d3587ef76ead7b3fee3e536149d2d7	False			2d-unfolding/uq/2d_xsec_MEFHC_5iter_lgbm_boot147.root.done
254	1786035047	text/plain	JSON	receipt/manifest/provenance	2D UQ	2a21211374c93922cd90a754bfa0697ce3aec1fa	False			2d-unfolding/uq/2d_xsec_MEFHC_5iter_lgbm_boot148.root.done
254	1786035047	text/plain	JSON	receipt/manifest/provenance	2D UQ	09bcb9a764c2fe46a7eb914c46b4238219e0487d	False			2d-unfolding/uq/2d_xsec_MEFHC_5iter_lgbm_boot149.root.done
254	1786035047	text/plain	JSON	receipt/manifest/provenance	2D UQ	c506a31dcc1b5149ccd7961e6ed1eca53f7cba88	False			2d-unfolding/uq/2d_xsec_MEFHC_5iter_lgbm_boot150.root.done
254	1786035047	text/plain	JSON	receipt/manifest/provenance	2D UQ	c7dff3df82486879dc1ce93c3597cbaa39c5a714	False			2d-unfolding/uq/2d_xsec_MEFHC_5iter_lgbm_boot151.root.done
254	1786035047	text/plain	JSON	receipt/manifest/provenance	2D UQ	b23b35688e0349606d7eeb1ad02134c138ba299d	False			2d-unfolding/uq/2d_xsec_MEFHC_5iter_lgbm_boot152.root.done
254	1786035047	text/plain	JSON	receipt/manifest/provenance	2D UQ	5619bb9b72622a87ad197cdea073d82cfe36d232	False			2d-unfolding/uq/2d_xsec_MEFHC_5iter_lgbm_boot153.root.done
254	1786035047	text/plain	JSON	receipt/manifest/provenance	2D UQ	1f371726313b06bd849424aa3def0db744819fef	False			2d-unfolding/uq/2d_xsec_MEFHC_5iter_lgbm_boot154.root.done
254	1786035047	text/plain	JSON	receipt/manifest/provenance	2D UQ	d58ee1dc120a79a8ad5b6248eb990a7e72bf7967	False			2d-unfolding/uq/2d_xsec_MEFHC_5iter_lgbm_boot155.root.done
254	1786035047	text/plain	JSON	receipt/manifest/provenance	2D UQ	544f204feebc2b2b68120824f983fc8a8ba722a0	False			2d-unfolding/uq/2d_xsec_MEFHC_5iter_lgbm_boot156.root.done
254	1786035047	text/plain	JSON	receipt/manifest/provenance	2D UQ	ce5df1ee35f7c73cfd4a0addf8e71a56e592e1ab	False			2d-unfolding/uq/2d_xsec_MEFHC_5iter_lgbm_boot157.root.done
254	1786035047	text/plain	JSON	receipt/manifest/provenance	2D UQ	e872f4f2771376199ee206ba2dc16db36acfaa33	False			2d-unfolding/uq/2d_xsec_MEFHC_5iter_lgbm_boot158.root.done
254	1786035047	text/plain	JSON	receipt/manifest/provenance	2D UQ	eaba2fcb2aea668c036e011ccd2874b7ec12d1a7	False			2d-unfolding/uq/2d_xsec_MEFHC_5iter_lgbm_boot159.root.done
254	1786035047	text/plain	JSON	receipt/manifest/provenance	2D UQ	4b3b8d9d4bb6b0635c0dfcc434457c4dc84db2ef	False			2d-unfolding/uq/2d_xsec_MEFHC_5iter_lgbm_boot160.root.done
254	1786035047	text/plain	JSON	receipt/manifest/provenance	2D UQ	921b7b5cae8c5bb40faea8c44903c5de317078b0	False			2d-unfolding/uq/2d_xsec_MEFHC_5iter_lgbm_boot161.root.done
254	1786035047	text/plain	JSON	receipt/manifest/provenance	2D UQ	fea532e0b82a3a7e85701a90825e42d741cf2b12	False			2d-unfolding/uq/2d_xsec_MEFHC_5iter_lgbm_boot162.root.done
254	1786035047	text/plain	JSON	receipt/manifest/provenance	2D UQ	527ad42fe19c25111a8633a4bdea9ef66b3604ca	False			2d-unfolding/uq/2d_xsec_MEFHC_5iter_lgbm_boot163.root.done
254	1786035047	text/plain	JSON	receipt/manifest/provenance	2D UQ	6d45aa4687c215099d5f2d1affc8b9eaf88c97cf	False			2d-unfolding/uq/2d_xsec_MEFHC_5iter_lgbm_boot164.root.done
254	1786035047	text/plain	JSON	receipt/manifest/provenance	2D UQ	d68123a6ca67ecad6aece77f0f5fed890998ba3a	False			2d-unfolding/uq/2d_xsec_MEFHC_5iter_lgbm_boot165.root.done
254	1786035047	text/plain	JSON	receipt/manifest/provenance	2D UQ	2bf32af7cb449b83bcb59410d89b94cf106cf34a	False			2d-unfolding/uq/2d_xsec_MEFHC_5iter_lgbm_boot166.root.done
254	1786035047	text/plain	JSON	receipt/manifest/provenance	2D UQ	fac0180f768a6b12b9f2403f93ecf56e7908bb67	False			2d-unfolding/uq/2d_xsec_MEFHC_5iter_lgbm_boot167.root.done
254	1786035047	text/plain	JSON	receipt/manifest/provenance	2D UQ	a72026cc0bf24477baef00f34470eba08b5f18e0	False			2d-unfolding/uq/2d_xsec_MEFHC_5iter_lgbm_boot168.root.done
254	1786035047	text/plain	JSON	receipt/manifest/provenance	2D UQ	813e0bbb641731facadd9dd59ccb1b3e20a06fd9	False			2d-unfolding/uq/2d_xsec_MEFHC_5iter_lgbm_boot169.root.done
254	1786035047	text/plain	JSON	receipt/manifest/provenance	2D UQ	89e889b6e534cefa650109bc2b4658ba9f4a290a	False			2d-unfolding/uq/2d_xsec_MEFHC_5iter_lgbm_boot170.root.done
254	1786035047	text/plain	JSON	receipt/manifest/provenance	2D UQ	be54bf25b623898486d60470149e0bf6a8c23432	False			2d-unfolding/uq/2d_xsec_MEFHC_5iter_lgbm_boot171.root.done
254	1786035047	text/plain	JSON	receipt/manifest/provenance	2D UQ	ba8df7f5030a9a53b0be8e32663d97f836c7fc62	False			2d-unfolding/uq/2d_xsec_MEFHC_5iter_lgbm_boot172.root.done
254	1786035047	text/plain	JSON	receipt/manifest/provenance	2D UQ	142d438b5c1cb6d14bafb75d063f00bacb88db8a	False			2d-unfolding/uq/2d_xsec_MEFHC_5iter_lgbm_boot173.root.done
254	1786035047	text/plain	JSON	receipt/manifest/provenance	2D UQ	aeb8e22b86a05e741501ba3b900a8de74b742b78	False			2d-unfolding/uq/2d_xsec_MEFHC_5iter_lgbm_boot174.root.done
254	1786035047	text/plain	JSON	receipt/manifest/provenance	2D UQ	d190ef4d284cbd35ed46035675931e2f75f5ba4a	False			2d-unfolding/uq/2d_xsec_MEFHC_5iter_lgbm_boot175.root.done
254	1786035047	text/plain	JSON	receipt/manifest/provenance	2D UQ	1025d14a36d8099c2a7660363e6e27fd19fa10ec	False			2d-unfolding/uq/2d_xsec_MEFHC_5iter_lgbm_boot176.root.done
254	1786035047	text/plain	JSON	receipt/manifest/provenance	2D UQ	52fbaf22a83c0188a1b7108d7eb8d3345e005806	False			2d-unfolding/uq/2d_xsec_MEFHC_5iter_lgbm_boot177.root.done
254	1786035047	text/plain	JSON	receipt/manifest/provenance	2D UQ	7d07091538b58479476dbcfddd0cfdbd00efdc32	False			2d-unfolding/uq/2d_xsec_MEFHC_5iter_lgbm_boot178.root.done
254	1786035047	text/plain	JSON	receipt/manifest/provenance	2D UQ	afe876e2f0df211c1d6cb92d711adbccea9e89b9	False			2d-unfolding/uq/2d_xsec_MEFHC_5iter_lgbm_boot179.root.done
254	1786035047	text/plain	JSON	receipt/manifest/provenance	2D UQ	685d1cd99ec847c241d0921497bcd92e7c53b792	False			2d-unfolding/uq/2d_xsec_MEFHC_5iter_lgbm_boot180.root.done
254	1786035047	text/plain	JSON	receipt/manifest/provenance	2D UQ	69ba765252a49a68a68e8099b311ce475cee5a3c	False			2d-unfolding/uq/2d_xsec_MEFHC_5iter_lgbm_boot181.root.done
254	1786035047	text/plain	JSON	receipt/manifest/provenance	2D UQ	9056e332460832862c50b80b755f88b3fb6e14ef	False			2d-unfolding/uq/2d_xsec_MEFHC_5iter_lgbm_boot182.root.done
254	1786035047	text/plain	JSON	receipt/manifest/provenance	2D UQ	db63b57c073f82d5a0a6e857bb5fe3eda23fe2b5	False			2d-unfolding/uq/2d_xsec_MEFHC_5iter_lgbm_boot183.root.done
254	1786035047	text/plain	JSON	receipt/manifest/provenance	2D UQ	3f6c2035b67e85d6a2961ea337a9a04b0c2374ea	False			2d-unfolding/uq/2d_xsec_MEFHC_5iter_lgbm_boot184.root.done
254	1786035047	text/plain	JSON	receipt/manifest/provenance	2D UQ	79a742318c0c2caa35cff7bd9df3a97b1cb1b267	False			2d-unfolding/uq/2d_xsec_MEFHC_5iter_lgbm_boot185.root.done
254	1786035047	text/plain	JSON	receipt/manifest/provenance	2D UQ	a172faf577184dc74ce437642af4453b78188213	False			2d-unfolding/uq/2d_xsec_MEFHC_5iter_lgbm_boot186.root.done
254	1786035047	text/plain	JSON	receipt/manifest/provenance	2D UQ	c27f6be5888b0a6af7eb4ba0c86154c179b7dc22	False			2d-unfolding/uq/2d_xsec_MEFHC_5iter_lgbm_boot187.root.done
254	1786035047	text/plain	JSON	receipt/manifest/provenance	2D UQ	75e4308ddcc13409a45a68bab000438aedfcacc1	False			2d-unfolding/uq/2d_xsec_MEFHC_5iter_lgbm_boot188.root.done
254	1786035047	text/plain	JSON	receipt/manifest/provenance	2D UQ	6b755b61492f8352f2991e52c2b8b4c8714139e0	False			2d-unfolding/uq/2d_xsec_MEFHC_5iter_lgbm_boot189.root.done
254	1786035047	text/plain	JSON	receipt/manifest/provenance	2D UQ	6596dce673d72547ec5df55f68333471f55ddd0d	False			2d-unfolding/uq/2d_xsec_MEFHC_5iter_lgbm_boot190.root.done
254	1786035047	text/plain	JSON	receipt/manifest/provenance	2D UQ	1f02ce0e487dbd2235cf001d8718116f0178d9ed	False			2d-unfolding/uq/2d_xsec_MEFHC_5iter_lgbm_boot191.root.done
254	1786035047	text/plain	JSON	receipt/manifest/provenance	2D UQ	0c192dfbe887144c44533cccdeba2a4a4d041698	False			2d-unfolding/uq/2d_xsec_MEFHC_5iter_lgbm_boot192.root.done
254	1786035047	text/plain	JSON	receipt/manifest/provenance	2D UQ	76214acf2c751fcb564411cd285a35fc26267e93	False			2d-unfolding/uq/2d_xsec_MEFHC_5iter_lgbm_boot193.root.done
254	1786035047	text/plain	JSON	receipt/manifest/provenance	2D UQ	820e011009ac7dc95e8f2bd77c223f7b6b9fcc97	False			2d-unfolding/uq/2d_xsec_MEFHC_5iter_lgbm_boot194.root.done
254	1786035047	text/plain	JSON	receipt/manifest/provenance	2D UQ	9c1b85a517c73089c62c2707c76476f0f43695d4	False			2d-unfolding/uq/2d_xsec_MEFHC_5iter_lgbm_boot195.root.done
254	1786035047	text/plain	JSON	receipt/manifest/provenance	2D UQ	80717f526ec009ed1e012ba0c771b56382931e2f	False			2d-unfolding/uq/2d_xsec_MEFHC_5iter_lgbm_boot196.root.done
254	1786035047	text/plain	JSON	receipt/manifest/provenance	2D UQ	64668f778f723e3e42a8230f71b23813def65360	False			2d-unfolding/uq/2d_xsec_MEFHC_5iter_lgbm_boot197.root.done
254	1786035047	text/plain	JSON	receipt/manifest/provenance	2D UQ	7198465f4b930c1de960f3cc41804d4d4943b455	False			2d-unfolding/uq/2d_xsec_MEFHC_5iter_lgbm_boot198.root.done
254	1786035047	text/plain	JSON	receipt/manifest/provenance	2D UQ	8eb2080e03caeb5792e038bd05bc5127aa6967ac	False			2d-unfolding/uq/2d_xsec_MEFHC_5iter_lgbm_boot199.root.done
254	1786035047	text/plain	JSON	receipt/manifest/provenance	2D UQ	64caaf3698638f5f5e2312ff78f5a3e5155dec80	False			2d-unfolding/uq/2d_xsec_MEFHC_5iter_lgbm_boot200.root.done
254	1786035047	text/plain	JSON	receipt/manifest/provenance	2D UQ	82735fd0e92c489f6e3cb227c7a7dc07a71992a0	False			2d-unfolding/uq/2d_xsec_MEFHC_5iter_lgbm_boot201.root.done
254	1786035047	text/plain	JSON	receipt/manifest/provenance	2D UQ	946b3aa262a9646fdad2c721dd2345d60b42cd7f	False			2d-unfolding/uq/2d_xsec_MEFHC_5iter_lgbm_boot202.root.done
254	1786035047	text/plain	JSON	receipt/manifest/provenance	2D UQ	90e6464d202ee1bdd2d223eb9de4fb034c95a743	False			2d-unfolding/uq/2d_xsec_MEFHC_5iter_lgbm_boot203.root.done
254	1786035047	text/plain	JSON	receipt/manifest/provenance	2D UQ	164065477e12232826f7d3c0be383571784b3c89	False			2d-unfolding/uq/2d_xsec_MEFHC_5iter_lgbm_boot204.root.done
254	1786035047	text/plain	JSON	receipt/manifest/provenance	2D UQ	bb9cc76936a970bbbfc03493c6f1fd5c0b16cd18	False			2d-unfolding/uq/2d_xsec_MEFHC_5iter_lgbm_boot205.root.done
254	1786035047	text/plain	JSON	receipt/manifest/provenance	2D UQ	a6487aa5658861d5ecedcb632d0cd83e62af6f96	False			2d-unfolding/uq/2d_xsec_MEFHC_5iter_lgbm_boot206.root.done
254	1786035047	text/plain	JSON	receipt/manifest/provenance	2D UQ	c081809ac127320804d204d45e699f709c2e8a48	False			2d-unfolding/uq/2d_xsec_MEFHC_5iter_lgbm_boot207.root.done
254	1786035047	text/plain	JSON	receipt/manifest/provenance	2D UQ	b5ecf31bec2660dd9f75a82c92a82e3d505ff69b	False			2d-unfolding/uq/2d_xsec_MEFHC_5iter_lgbm_boot208.root.done
254	1786035047	text/plain	JSON	receipt/manifest/provenance	2D UQ	5106076480288dee91e6c9d1c60ca53410ab54dc	False			2d-unfolding/uq/2d_xsec_MEFHC_5iter_lgbm_boot209.root.done
254	1786035047	text/plain	JSON	receipt/manifest/provenance	2D UQ	4811d6e1373f42e6828d9dfc0497331b8794692e	False			2d-unfolding/uq/2d_xsec_MEFHC_5iter_lgbm_boot210.root.done
254	1786035047	text/plain	JSON	receipt/manifest/provenance	2D UQ	65a3b413e8f9439138891a15b0e16fa528a53a0c	False			2d-unfolding/uq/2d_xsec_MEFHC_5iter_lgbm_boot211.root.done
254	1786035047	text/plain	JSON	receipt/manifest/provenance	2D UQ	44f51f3a390fdda2ee361e0744a1589d05e248bc	False			2d-unfolding/uq/2d_xsec_MEFHC_5iter_lgbm_boot212.root.done
254	1786035047	text/plain	JSON	receipt/manifest/provenance	2D UQ	9dba3ac51e6359a4148b3df0319c9815041138c2	False			2d-unfolding/uq/2d_xsec_MEFHC_5iter_lgbm_boot213.root.done
254	1786035047	text/plain	JSON	receipt/manifest/provenance	2D UQ	21c4339a60801d9d16d911364bb0fdfdc6507617	False			2d-unfolding/uq/2d_xsec_MEFHC_5iter_lgbm_boot214.root.done
254	1786035047	text/plain	JSON	receipt/manifest/provenance	2D UQ	2712f2ac05ab6ff85e1c93c7ae47a71544eb0521	False			2d-unfolding/uq/2d_xsec_MEFHC_5iter_lgbm_boot215.root.done
254	1786035047	text/plain	JSON	receipt/manifest/provenance	2D UQ	c62a0ff9ac225f2763472d0da4660d8e27c866dc	False			2d-unfolding/uq/2d_xsec_MEFHC_5iter_lgbm_boot216.root.done
254	1786035047	text/plain	JSON	receipt/manifest/provenance	2D UQ	990b9321518b4278874d4d2993abc9f466f7b328	False			2d-unfolding/uq/2d_xsec_MEFHC_5iter_lgbm_boot217.root.done
254	1786035047	text/plain	JSON	receipt/manifest/provenance	2D UQ	91a34bfa39e37034a4079eed46b5a17f97fcab62	False			2d-unfolding/uq/2d_xsec_MEFHC_5iter_lgbm_boot218.root.done
254	1786035047	text/plain	JSON	receipt/manifest/provenance	2D UQ	fa85b1a05d622470060f61c88c6f4de32b40399d	False			2d-unfolding/uq/2d_xsec_MEFHC_5iter_lgbm_boot219.root.done
254	1786035047	text/plain	JSON	receipt/manifest/provenance	2D UQ	26b53c03179c3e6e7dc743c9286e70690ff18612	False			2d-unfolding/uq/2d_xsec_MEFHC_5iter_lgbm_boot220.root.done
254	1786035047	text/plain	JSON	receipt/manifest/provenance	2D UQ	2e5846ddf3350dc6cdbe58eb436ad7ef7184fdb8	False			2d-unfolding/uq/2d_xsec_MEFHC_5iter_lgbm_boot221.root.done
254	1786035047	text/plain	JSON	receipt/manifest/provenance	2D UQ	00d856f1cd78068e81138c3ab3b2f525b671f2e8	False			2d-unfolding/uq/2d_xsec_MEFHC_5iter_lgbm_boot222.root.done
254	1786035047	text/plain	JSON	receipt/manifest/provenance	2D UQ	bd405d0cf319526faea8733f22e096c1a0b3557f	False			2d-unfolding/uq/2d_xsec_MEFHC_5iter_lgbm_boot223.root.done
254	1786035047	text/plain	JSON	receipt/manifest/provenance	2D UQ	af7e27b22919d84dfe176a7f4d97ce7cc366d2c1	False			2d-unfolding/uq/2d_xsec_MEFHC_5iter_lgbm_boot224.root.done
254	1786035047	text/plain	JSON	receipt/manifest/provenance	2D UQ	5c5b067d9e63a458befe7e99d5214d2397e8e9a6	False			2d-unfolding/uq/2d_xsec_MEFHC_5iter_lgbm_boot225.root.done
254	1786035047	text/plain	JSON	receipt/manifest/provenance	2D UQ	e52ec539f962dfd6a1312b795a3a4ab3a3a55cad	False			2d-unfolding/uq/2d_xsec_MEFHC_5iter_lgbm_boot226.root.done
254	1786035047	text/plain	JSON	receipt/manifest/provenance	2D UQ	3a297f4d65b1a411ebc17794278861036b6d1cdf	False			2d-unfolding/uq/2d_xsec_MEFHC_5iter_lgbm_boot227.root.done
254	1786035047	text/plain	JSON	receipt/manifest/provenance	2D UQ	6eb49fd1f41545d10ed0efad3965f5ff7ed59d03	False			2d-unfolding/uq/2d_xsec_MEFHC_5iter_lgbm_boot228.root.done
254	1786035047	text/plain	JSON	receipt/manifest/provenance	2D UQ	e8265a65b5b9f87d4c0c84449d9f1664fb7eb058	False			2d-unfolding/uq/2d_xsec_MEFHC_5iter_lgbm_boot229.root.done
254	1786035047	text/plain	JSON	receipt/manifest/provenance	2D UQ	85c0eb7ef3fd98641c33c910b089e16b06013a67	False			2d-unfolding/uq/2d_xsec_MEFHC_5iter_lgbm_boot230.root.done
254	1786035047	text/plain	JSON	receipt/manifest/provenance	2D UQ	b27e3a1363cf247ad1076b428a2b04340f475763	False			2d-unfolding/uq/2d_xsec_MEFHC_5iter_lgbm_boot231.root.done
254	1786035047	text/plain	JSON	receipt/manifest/provenance	2D UQ	28bbea7504e46e40acc6bbe56469e994b7c1ef16	False			2d-unfolding/uq/2d_xsec_MEFHC_5iter_lgbm_boot232.root.done
254	1786035047	text/plain	JSON	receipt/manifest/provenance	2D UQ	80684feadda4b0baba3cd550071c9b0fa30af286	False			2d-unfolding/uq/2d_xsec_MEFHC_5iter_lgbm_boot233.root.done
254	1786035047	text/plain	JSON	receipt/manifest/provenance	2D UQ	c3ec0996c514ff22848b667c4a5270f847158271	False			2d-unfolding/uq/2d_xsec_MEFHC_5iter_lgbm_boot234.root.done
254	1786035047	text/plain	JSON	receipt/manifest/provenance	2D UQ	8e90d5270154c188daa963c3b5e620db9271231a	False			2d-unfolding/uq/2d_xsec_MEFHC_5iter_lgbm_boot235.root.done
254	1786035047	text/plain	JSON	receipt/manifest/provenance	2D UQ	bb04c1de015f06ddfdae43879cc3b39cd1fc71f2	False			2d-unfolding/uq/2d_xsec_MEFHC_5iter_lgbm_boot236.root.done
254	1786035047	text/plain	JSON	receipt/manifest/provenance	2D UQ	9945e44e7f509ef444e6519f5e1a9de22d85d772	False			2d-unfolding/uq/2d_xsec_MEFHC_5iter_lgbm_boot237.root.done
254	1786035047	text/plain	JSON	receipt/manifest/provenance	2D UQ	ee2a4f3dd1099b33bbe5ce80c880691a0c12584b	False			2d-unfolding/uq/2d_xsec_MEFHC_5iter_lgbm_boot238.root.done
254	1786035047	text/plain	JSON	receipt/manifest/provenance	2D UQ	99921a8e6137f1377b47173d32d6148ddc162aa5	False			2d-unfolding/uq/2d_xsec_MEFHC_5iter_lgbm_boot239.root.done
254	1786035047	text/plain	JSON	receipt/manifest/provenance	2D UQ	34845c8aaec4965f82347ba1a4f1da2cd7a08cfa	False			2d-unfolding/uq/2d_xsec_MEFHC_5iter_lgbm_boot240.root.done
254	1786035047	text/plain	JSON	receipt/manifest/provenance	2D UQ	3448a426ac32d4cbab9999d46db8087fc4cc6129	False			2d-unfolding/uq/2d_xsec_MEFHC_5iter_lgbm_boot241.root.done
254	1786035047	text/plain	JSON	receipt/manifest/provenance	2D UQ	a65a069230885e3a3eac1f007e518bc49dc33235	False			2d-unfolding/uq/2d_xsec_MEFHC_5iter_lgbm_boot242.root.done
254	1786035047	text/plain	JSON	receipt/manifest/provenance	2D UQ	b46790df1825e9f040a03ed46e49b62bf1a5f1f3	False			2d-unfolding/uq/2d_xsec_MEFHC_5iter_lgbm_boot243.root.done
254	1786035047	text/plain	JSON	receipt/manifest/provenance	2D UQ	c55ec8990adf3b55a782e2a117765b65580e8f93	False			2d-unfolding/uq/2d_xsec_MEFHC_5iter_lgbm_boot244.root.done
254	1786035047	text/plain	JSON	receipt/manifest/provenance	2D UQ	afaf202f7d24745f996f0a9c003cc77862433448	False			2d-unfolding/uq/2d_xsec_MEFHC_5iter_lgbm_boot245.root.done
254	1786035047	text/plain	JSON	receipt/manifest/provenance	2D UQ	3b880bd308f8351d18438667fad8be319bba48a9	False			2d-unfolding/uq/2d_xsec_MEFHC_5iter_lgbm_boot246.root.done
254	1786035047	text/plain	JSON	receipt/manifest/provenance	2D UQ	824fa426a1aa4df1b4655036b82e638884609fad	False			2d-unfolding/uq/2d_xsec_MEFHC_5iter_lgbm_boot247.root.done
254	1786035047	text/plain	JSON	receipt/manifest/provenance	2D UQ	78f073fec5453e2d268d2c2a0c02cbd7f2cb3ddb	False			2d-unfolding/uq/2d_xsec_MEFHC_5iter_lgbm_boot248.root.done
254	1786035047	text/plain	JSON	receipt/manifest/provenance	2D UQ	b3381c187f73427090479516148e9bc854d48125	False			2d-unfolding/uq/2d_xsec_MEFHC_5iter_lgbm_boot249.root.done
254	1786035047	text/plain	JSON	receipt/manifest/provenance	2D UQ	e9ace68afef1959e0110d99069adcdb2b3c518de	False			2d-unfolding/uq/2d_xsec_MEFHC_5iter_lgbm_boot250.root.done
254	1786035047	text/plain	JSON	receipt/manifest/provenance	2D UQ	f33bf499dde4022fdca8cf7b70fd6add7e3e72e4	False			2d-unfolding/uq/2d_xsec_MEFHC_5iter_lgbm_boot251.root.done
254	1786035047	text/plain	JSON	receipt/manifest/provenance	2D UQ	953cd824eb1539e42f6c84a7e349a96a62fde0e2	False			2d-unfolding/uq/2d_xsec_MEFHC_5iter_lgbm_boot252.root.done
254	1786035047	text/plain	JSON	receipt/manifest/provenance	2D UQ	24accba9e7eeda471cf8d108914a7757dad575d0	False			2d-unfolding/uq/2d_xsec_MEFHC_5iter_lgbm_boot253.root.done
254	1786035047	text/plain	JSON	receipt/manifest/provenance	2D UQ	0c8e3e939a2bc075f8d5b3672e63c6ef5ff0123a	False			2d-unfolding/uq/2d_xsec_MEFHC_5iter_lgbm_boot254.root.done
254	1786035047	text/plain	JSON	receipt/manifest/provenance	2D UQ	e801903abca005219a23b86709a801ac505b8398	False			2d-unfolding/uq/2d_xsec_MEFHC_5iter_lgbm_boot255.root.done
254	1786035047	text/plain	JSON	receipt/manifest/provenance	2D UQ	9df2a4c41753ab20983b913a563121b102050574	False			2d-unfolding/uq/2d_xsec_MEFHC_5iter_lgbm_boot256.root.done
254	1786035047	text/plain	JSON	receipt/manifest/provenance	2D UQ	d72b442d45130bc543f90174bb2aa8b9c85de9c3	False			2d-unfolding/uq/2d_xsec_MEFHC_5iter_lgbm_boot257.root.done
254	1786035047	text/plain	JSON	receipt/manifest/provenance	2D UQ	31415f28dc1100a8f385aa3ee1a834e4a7f285a2	False			2d-unfolding/uq/2d_xsec_MEFHC_5iter_lgbm_boot258.root.done
254	1786035047	text/plain	JSON	receipt/manifest/provenance	2D UQ	1910e54727b8084c7e52ed409e7a3d5e6dd9ddcf	False			2d-unfolding/uq/2d_xsec_MEFHC_5iter_lgbm_boot259.root.done
254	1786035047	text/plain	JSON	receipt/manifest/provenance	2D UQ	a6a1382133cc4909653041f7009b443d76ef8ebf	False			2d-unfolding/uq/2d_xsec_MEFHC_5iter_lgbm_boot260.root.done
254	1786035047	text/plain	JSON	receipt/manifest/provenance	2D UQ	9af57ffc71484898af53b802aa40eed0460f9f4e	False			2d-unfolding/uq/2d_xsec_MEFHC_5iter_lgbm_boot261.root.done
254	1786035047	text/plain	JSON	receipt/manifest/provenance	2D UQ	d4b922bc8826143a670710f5c8999bc06975016e	False			2d-unfolding/uq/2d_xsec_MEFHC_5iter_lgbm_boot262.root.done
254	1786035047	text/plain	JSON	receipt/manifest/provenance	2D UQ	9f4f8f3c569e5d28f93fe5de7ab1769c5f391769	False			2d-unfolding/uq/2d_xsec_MEFHC_5iter_lgbm_boot263.root.done
254	1786035047	text/plain	JSON	receipt/manifest/provenance	2D UQ	dd8c583ac41b2ae86e2ae1477b60fdc085b62ca8	False			2d-unfolding/uq/2d_xsec_MEFHC_5iter_lgbm_boot264.root.done
254	1786035047	text/plain	JSON	receipt/manifest/provenance	2D UQ	e9678712124b84801a7b129c83d07d3d79399a6f	False			2d-unfolding/uq/2d_xsec_MEFHC_5iter_lgbm_boot265.root.done
254	1786035047	text/plain	JSON	receipt/manifest/provenance	2D UQ	33226a2a9aeb035d6fb9705336988f4a0f299a55	False			2d-unfolding/uq/2d_xsec_MEFHC_5iter_lgbm_boot266.root.done
254	1786035047	text/plain	JSON	receipt/manifest/provenance	2D UQ	7a896c07106cab524a7a73677f4bdd89d2925f4d	False			2d-unfolding/uq/2d_xsec_MEFHC_5iter_lgbm_boot267.root.done
254	1786035047	text/plain	JSON	receipt/manifest/provenance	2D UQ	f4cfa9a73ef3554af6ba11af249065b8269212b7	False			2d-unfolding/uq/2d_xsec_MEFHC_5iter_lgbm_boot268.root.done
254	1786035047	text/plain	JSON	receipt/manifest/provenance	2D UQ	da88bb04fd066ba36d8480075e1959ed53f259e0	False			2d-unfolding/uq/2d_xsec_MEFHC_5iter_lgbm_boot269.root.done
254	1786035047	text/plain	JSON	receipt/manifest/provenance	2D UQ	a477f05136de4032c2ebbfdcca58c0367017a4f9	False			2d-unfolding/uq/2d_xsec_MEFHC_5iter_lgbm_boot270.root.done
254	1786035047	text/plain	JSON	receipt/manifest/provenance	2D UQ	950009d8db6ccfb3bd6e21983341b72f370e8299	False			2d-unfolding/uq/2d_xsec_MEFHC_5iter_lgbm_boot271.root.done
254	1786035047	text/plain	JSON	receipt/manifest/provenance	2D UQ	6e91e22b8f19fb7618b768c84282ed8463699594	False			2d-unfolding/uq/2d_xsec_MEFHC_5iter_lgbm_boot272.root.done
254	1786035047	text/plain	JSON	receipt/manifest/provenance	2D UQ	971acd4f4e932ac762037e93503ed9380dda541f	False			2d-unfolding/uq/2d_xsec_MEFHC_5iter_lgbm_boot273.root.done
254	1786035047	text/plain	JSON	receipt/manifest/provenance	2D UQ	00f06bc66dfd0dcd73296ee5ff4f7b6d025213bf	False			2d-unfolding/uq/2d_xsec_MEFHC_5iter_lgbm_boot274.root.done
254	1786035047	text/plain	JSON	receipt/manifest/provenance	2D UQ	1e7a1f6d523acf39f2189a07706e6f84c197ca19	False			2d-unfolding/uq/2d_xsec_MEFHC_5iter_lgbm_boot275.root.done
254	1786035047	text/plain	JSON	receipt/manifest/provenance	2D UQ	3cf8b4b02fe8f5322e5e9e14d3b2b879a45d4632	False			2d-unfolding/uq/2d_xsec_MEFHC_5iter_lgbm_boot276.root.done
254	1786035047	text/plain	JSON	receipt/manifest/provenance	2D UQ	bcb332c99aa08f5018a40debf02295cbc03a7662	False			2d-unfolding/uq/2d_xsec_MEFHC_5iter_lgbm_boot277.root.done
254	1786035047	text/plain	JSON	receipt/manifest/provenance	2D UQ	dbed90672b0582bdcc4e8146798afa4ada617920	False			2d-unfolding/uq/2d_xsec_MEFHC_5iter_lgbm_boot278.root.done
254	1786035047	text/plain	JSON	receipt/manifest/provenance	2D UQ	6c7490e36ed75e116b8b1798208c3a4eac9315cb	False			2d-unfolding/uq/2d_xsec_MEFHC_5iter_lgbm_boot279.root.done
254	1786035047	text/plain	JSON	receipt/manifest/provenance	2D UQ	7c2770cfa1cce671e6f0805e94623d7dcce8ff22	False			2d-unfolding/uq/2d_xsec_MEFHC_5iter_lgbm_boot280.root.done
254	1786035047	text/plain	JSON	receipt/manifest/provenance	2D UQ	0849ccc98761a761bcee7ec39f06f03afafd6da8	False			2d-unfolding/uq/2d_xsec_MEFHC_5iter_lgbm_boot281.root.done
254	1786035047	text/plain	JSON	receipt/manifest/provenance	2D UQ	f3908336079251e05c72493ccd2bd596f27e7086	False			2d-unfolding/uq/2d_xsec_MEFHC_5iter_lgbm_boot282.root.done
254	1786035047	text/plain	JSON	receipt/manifest/provenance	2D UQ	ccd67c0952e1693a99226724ef964c35c2a42f74	False			2d-unfolding/uq/2d_xsec_MEFHC_5iter_lgbm_boot283.root.done
254	1786035047	text/plain	JSON	receipt/manifest/provenance	2D UQ	634f52160e12ac278088d28a2d497ec882246ce0	False			2d-unfolding/uq/2d_xsec_MEFHC_5iter_lgbm_boot284.root.done
254	1786035047	text/plain	JSON	receipt/manifest/provenance	2D UQ	9891e8bbe1eb6d01c3ba696c589067b4b7a83733	False			2d-unfolding/uq/2d_xsec_MEFHC_5iter_lgbm_boot285.root.done
254	1786035047	text/plain	JSON	receipt/manifest/provenance	2D UQ	17991a82ef76dbfa173994729a4c9cd5148f9bb4	False			2d-unfolding/uq/2d_xsec_MEFHC_5iter_lgbm_boot286.root.done
254	1786035047	text/plain	JSON	receipt/manifest/provenance	2D UQ	e149004ed5865ee6d3830922d03c97557cacddcf	False			2d-unfolding/uq/2d_xsec_MEFHC_5iter_lgbm_boot287.root.done
254	1786035047	text/plain	JSON	receipt/manifest/provenance	2D UQ	69ed059016f37c708394527c7ebf5441dc347b8a	False			2d-unfolding/uq/2d_xsec_MEFHC_5iter_lgbm_boot288.root.done
254	1786035047	text/plain	JSON	receipt/manifest/provenance	2D UQ	064d1f610d4a1e8dd4e46faa13e7cd0d770ff782	False			2d-unfolding/uq/2d_xsec_MEFHC_5iter_lgbm_boot289.root.done
254	1786035047	text/plain	JSON	receipt/manifest/provenance	2D UQ	45e5e2cd98c5e62ab97ff67e60cb49f97e16edd2	False			2d-unfolding/uq/2d_xsec_MEFHC_5iter_lgbm_boot290.root.done
254	1786035047	text/plain	JSON	receipt/manifest/provenance	2D UQ	c9a3fe49ec3241e167e3c399587f04553eabde52	False			2d-unfolding/uq/2d_xsec_MEFHC_5iter_lgbm_boot291.root.done
254	1786035047	text/plain	JSON	receipt/manifest/provenance	2D UQ	17094c9890e86f4c853b8e4b92609aee257d7432	False			2d-unfolding/uq/2d_xsec_MEFHC_5iter_lgbm_boot292.root.done
254	1786035047	text/plain	JSON	receipt/manifest/provenance	2D UQ	b405cf25a1d1e5768b7ac6c3a981f691809f07d8	False			2d-unfolding/uq/2d_xsec_MEFHC_5iter_lgbm_boot293.root.done
254	1786035047	text/plain	JSON	receipt/manifest/provenance	2D UQ	f3ce635c3de4a7886f3ffe620c74325ef82eb34f	False			2d-unfolding/uq/2d_xsec_MEFHC_5iter_lgbm_boot294.root.done
254	1786035047	text/plain	JSON	receipt/manifest/provenance	2D UQ	73f90037e661ce0e6b879b907f5c0b58894c0681	False			2d-unfolding/uq/2d_xsec_MEFHC_5iter_lgbm_boot295.root.done
254	1786035047	text/plain	JSON	receipt/manifest/provenance	2D UQ	d0da39149e3840017d5c33aed739b7300007aa0a	False			2d-unfolding/uq/2d_xsec_MEFHC_5iter_lgbm_boot296.root.done
254	1786035047	text/plain	JSON	receipt/manifest/provenance	2D UQ	7a3a56de9327ba42be885f8f8eff678cff8bad27	False			2d-unfolding/uq/2d_xsec_MEFHC_5iter_lgbm_boot297.root.done
254	1786035047	text/plain	JSON	receipt/manifest/provenance	2D UQ	a36fbb06809dae683a9fc748ae3b10f8a88faeea	False			2d-unfolding/uq/2d_xsec_MEFHC_5iter_lgbm_boot298.root.done
254	1786035047	text/plain	JSON	receipt/manifest/provenance	2D UQ	5b35c69899ca8fbd0bc3f92637f70a26b2f41526	False			2d-unfolding/uq/2d_xsec_MEFHC_5iter_lgbm_boot299.root.done
254	1786035047	text/plain	JSON	receipt/manifest/provenance	2D UQ	1a9c969d38160e793fba09dc7789816d46c64980	False			2d-unfolding/uq/2d_xsec_MEFHC_5iter_lgbm_boot300.root.done
253	1786035047	text/plain	JSON	receipt/manifest/provenance	2D UQ	86074348e44d9792cab301e703b34b98c95d0245	False			2d-unfolding/uq/2d_xsec_MEFHC_5iter_lgbm_boot10.root.done
253	1786035047	text/plain	JSON	receipt/manifest/provenance	2D UQ	2edc79fde68637813df2c078e42c2a6c270d4b18	False			2d-unfolding/uq/2d_xsec_MEFHC_5iter_lgbm_boot11.root.done
253	1786035047	text/plain	JSON	receipt/manifest/provenance	2D UQ	1149ea15b81f39aa6106f68f2c12ffc9d3cd0046	False			2d-unfolding/uq/2d_xsec_MEFHC_5iter_lgbm_boot12.root.done
253	1786035047	text/plain	JSON	receipt/manifest/provenance	2D UQ	5ea12d09332c354739de8bffcf0a6aafe3df4904	False			2d-unfolding/uq/2d_xsec_MEFHC_5iter_lgbm_boot13.root.done
253	1786035047	text/plain	JSON	receipt/manifest/provenance	2D UQ	04cc73283e666e97798d4318ff675a96479f7fe3	False			2d-unfolding/uq/2d_xsec_MEFHC_5iter_lgbm_boot14.root.done
253	1786035047	text/plain	JSON	receipt/manifest/provenance	2D UQ	080b9a97353078e204b6a3bb56b457ddc8159cac	False			2d-unfolding/uq/2d_xsec_MEFHC_5iter_lgbm_boot15.root.done
253	1786035047	text/plain	JSON	receipt/manifest/provenance	2D UQ	626b50c48237d3e4d09e7bf6281955da1cb02e35	False			2d-unfolding/uq/2d_xsec_MEFHC_5iter_lgbm_boot16.root.done
253	1786035047	text/plain	JSON	receipt/manifest/provenance	2D UQ	251746cc188adb314e5009e0ab030c4d743d58f1	False			2d-unfolding/uq/2d_xsec_MEFHC_5iter_lgbm_boot17.root.done
253	1786035047	text/plain	JSON	receipt/manifest/provenance	2D UQ	0e6cdfd2811d18af2fbefce13d7f5c5cb6fba0d5	False			2d-unfolding/uq/2d_xsec_MEFHC_5iter_lgbm_boot18.root.done
253	1786035047	text/plain	JSON	receipt/manifest/provenance	2D UQ	2c1f10ca6d07e87b7eca37accc457e94dd820a02	False			2d-unfolding/uq/2d_xsec_MEFHC_5iter_lgbm_boot19.root.done
253	1786035047	text/plain	JSON	receipt/manifest/provenance	2D UQ	80afd45ceb213e404ae7af3c9e63dc6a89096ee1	False			2d-unfolding/uq/2d_xsec_MEFHC_5iter_lgbm_boot20.root.done
253	1786035047	text/plain	JSON	receipt/manifest/provenance	2D UQ	f6f6ea7a1fe8c72f010af7d621d7cb4bb077c12b	False			2d-unfolding/uq/2d_xsec_MEFHC_5iter_lgbm_boot21.root.done
253	1786035047	text/plain	JSON	receipt/manifest/provenance	2D UQ	a2567d9b1fdb70ebdec00e4729e7cbf8a0184cd7	False			2d-unfolding/uq/2d_xsec_MEFHC_5iter_lgbm_boot22.root.done
253	1786035047	text/plain	JSON	receipt/manifest/provenance	2D UQ	022572ccd3af9aa683f08c811cb9207123e2f5f4	False			2d-unfolding/uq/2d_xsec_MEFHC_5iter_lgbm_boot23.root.done
253	1786035047	text/plain	JSON	receipt/manifest/provenance	2D UQ	105299d9375595d13e18e7ad0f49db8af3e5c2ed	False			2d-unfolding/uq/2d_xsec_MEFHC_5iter_lgbm_boot24.root.done
253	1786035047	text/plain	JSON	receipt/manifest/provenance	2D UQ	001498ac0f9aed5039c569530b9b75e98fa9ae97	False			2d-unfolding/uq/2d_xsec_MEFHC_5iter_lgbm_boot25.root.done
253	1786035047	text/plain	JSON	receipt/manifest/provenance	2D UQ	6374ec1a19b36308ef0dc535574bcc7d00c7eeb9	False			2d-unfolding/uq/2d_xsec_MEFHC_5iter_lgbm_boot26.root.done
253	1786035047	text/plain	JSON	receipt/manifest/provenance	2D UQ	6c9a500e937007d944d55a78cac368ad4ccbfa49	False			2d-unfolding/uq/2d_xsec_MEFHC_5iter_lgbm_boot27.root.done
253	1786035047	text/plain	JSON	receipt/manifest/provenance	2D UQ	0db134ba3e258b0d47b7c30df2cdaf5d703192fc	False			2d-unfolding/uq/2d_xsec_MEFHC_5iter_lgbm_boot28.root.done
253	1786035047	text/plain	JSON	receipt/manifest/provenance	2D UQ	bda31784405a0297f29ae9d16b9158d030af390b	False			2d-unfolding/uq/2d_xsec_MEFHC_5iter_lgbm_boot29.root.done
253	1786035047	text/plain	JSON	receipt/manifest/provenance	2D UQ	da5d5bd2e0e688fe164fed702c470953136e040a	False			2d-unfolding/uq/2d_xsec_MEFHC_5iter_lgbm_boot30.root.done
253	1786035047	text/plain	JSON	receipt/manifest/provenance	2D UQ	718cab36584afcd370203763549dc8a2d8461ba8	False			2d-unfolding/uq/2d_xsec_MEFHC_5iter_lgbm_boot31.root.done
253	1786035047	text/plain	JSON	receipt/manifest/provenance	2D UQ	e552478f50c2d88428cae43b8bea6107397d3150	False			2d-unfolding/uq/2d_xsec_MEFHC_5iter_lgbm_boot32.root.done
253	1786035047	text/plain	JSON	receipt/manifest/provenance	2D UQ	f041da3baafb2a93c5f4c1105ef238fbeb3fbd8c	False			2d-unfolding/uq/2d_xsec_MEFHC_5iter_lgbm_boot33.root.done
253	1786035047	text/plain	JSON	receipt/manifest/provenance	2D UQ	913fbdf8fc8781c2501ae58c0d3aaefd098c9035	False			2d-unfolding/uq/2d_xsec_MEFHC_5iter_lgbm_boot34.root.done
253	1786035047	text/plain	JSON	receipt/manifest/provenance	2D UQ	36439296feb0428ec12b4aecfb3f2a7167f430fb	False			2d-unfolding/uq/2d_xsec_MEFHC_5iter_lgbm_boot35.root.done
253	1786035047	text/plain	JSON	receipt/manifest/provenance	2D UQ	819cfb3e364f830316303e1f6b13299b73b7abd2	False			2d-unfolding/uq/2d_xsec_MEFHC_5iter_lgbm_boot36.root.done
253	1786035047	text/plain	JSON	receipt/manifest/provenance	2D UQ	9552dab8d54ce7779d4034efa3e2df93fecac87a	False			2d-unfolding/uq/2d_xsec_MEFHC_5iter_lgbm_boot37.root.done
253	1786035047	text/plain	JSON	receipt/manifest/provenance	2D UQ	731d354ca70f4661e67d03fa5c4c2261f945c019	False			2d-unfolding/uq/2d_xsec_MEFHC_5iter_lgbm_boot38.root.done
253	1786035047	text/plain	JSON	receipt/manifest/provenance	2D UQ	879bffc72b0b0d2342a69179b7fbcab1016fa0ff	False			2d-unfolding/uq/2d_xsec_MEFHC_5iter_lgbm_boot39.root.done
253	1786035047	text/plain	JSON	receipt/manifest/provenance	2D UQ	40c59fb0a5237edb7d2d712443c4dfcdfdcfad08	False			2d-unfolding/uq/2d_xsec_MEFHC_5iter_lgbm_boot40.root.done
253	1786035047	text/plain	JSON	receipt/manifest/provenance	2D UQ	62520d6b5167fd1e5bb60f89ec7dcda843e32c64	False			2d-unfolding/uq/2d_xsec_MEFHC_5iter_lgbm_boot41.root.done
253	1786035047	text/plain	JSON	receipt/manifest/provenance	2D UQ	57b7eba47715bc67387d0b3e86051a7c92bb4a64	False			2d-unfolding/uq/2d_xsec_MEFHC_5iter_lgbm_boot42.root.done
253	1786035047	text/plain	JSON	receipt/manifest/provenance	2D UQ	a86b78193f4e8748d9f95aaee064513db5d33f85	False			2d-unfolding/uq/2d_xsec_MEFHC_5iter_lgbm_boot43.root.done
253	1786035047	text/plain	JSON	receipt/manifest/provenance	2D UQ	0330baf8c03da591e6fef5c341b182665bcfeb08	False			2d-unfolding/uq/2d_xsec_MEFHC_5iter_lgbm_boot44.root.done
253	1786035047	text/plain	JSON	receipt/manifest/provenance	2D UQ	3bdeec033a0143c48f89c56a36364bcadc0cbfe7	False			2d-unfolding/uq/2d_xsec_MEFHC_5iter_lgbm_boot45.root.done
253	1786035047	text/plain	JSON	receipt/manifest/provenance	2D UQ	a40f069b12310fd25280faf3366d31154686bf1c	False			2d-unfolding/uq/2d_xsec_MEFHC_5iter_lgbm_boot46.root.done
253	1786035047	text/plain	JSON	receipt/manifest/provenance	2D UQ	db23ebb2cc47c05bb71e36c91e3d87bcdc10c023	False			2d-unfolding/uq/2d_xsec_MEFHC_5iter_lgbm_boot47.root.done
253	1786035047	text/plain	JSON	receipt/manifest/provenance	2D UQ	bd505b1c2138ab3da24bea3090b38a260faf7602	False			2d-unfolding/uq/2d_xsec_MEFHC_5iter_lgbm_boot48.root.done
253	1786035047	text/plain	JSON	receipt/manifest/provenance	2D UQ	3603e57e975623f002ac4b70adee7fd5c41867fb	False			2d-unfolding/uq/2d_xsec_MEFHC_5iter_lgbm_boot49.root.done
253	1786035047	text/plain	JSON	receipt/manifest/provenance	2D UQ	8cf4d40c6dc255cc42bcd07e112cf3a48f5fda06	False			2d-unfolding/uq/2d_xsec_MEFHC_5iter_lgbm_boot50.root.done
253	1786035047	text/plain	JSON	receipt/manifest/provenance	2D UQ	7da4613430e7c0b6d29c22ab3db887b702cb9cfd	False			2d-unfolding/uq/2d_xsec_MEFHC_5iter_lgbm_boot51.root.done
253	1786035047	text/plain	JSON	receipt/manifest/provenance	2D UQ	0d19c6f48ca6e0a835982c5a40549f7a65fd8f89	False			2d-unfolding/uq/2d_xsec_MEFHC_5iter_lgbm_boot52.root.done
253	1786035047	text/plain	JSON	receipt/manifest/provenance	2D UQ	dd79706565ac0a8a68635ec3b77b2c6a6eebb09f	False			2d-unfolding/uq/2d_xsec_MEFHC_5iter_lgbm_boot53.root.done
253	1786035047	text/plain	JSON	receipt/manifest/provenance	2D UQ	9c2467c0bd0c9da1a0efa6b14c5799b534811ffd	False			2d-unfolding/uq/2d_xsec_MEFHC_5iter_lgbm_boot54.root.done
253	1786035047	text/plain	JSON	receipt/manifest/provenance	2D UQ	c0951e3c945fd79a43d794cd85dfa6eaaf69919a	False			2d-unfolding/uq/2d_xsec_MEFHC_5iter_lgbm_boot55.root.done
253	1786035047	text/plain	JSON	receipt/manifest/provenance	2D UQ	6fc5788abd46ae083fc8e07f4134de10966e8ebd	False			2d-unfolding/uq/2d_xsec_MEFHC_5iter_lgbm_boot56.root.done
253	1786035047	text/plain	JSON	receipt/manifest/provenance	2D UQ	ba07c97154c57b6d1f3d392a4e9a2c190b8cc427	False			2d-unfolding/uq/2d_xsec_MEFHC_5iter_lgbm_boot57.root.done
253	1786035047	text/plain	JSON	receipt/manifest/provenance	2D UQ	2f59bb79a40d40459a9416e642f8c70011b77feb	False			2d-unfolding/uq/2d_xsec_MEFHC_5iter_lgbm_boot58.root.done
253	1786035047	text/plain	JSON	receipt/manifest/provenance	2D UQ	5557b0cd71ab2b23ed56cdcb7490a98d2534e751	False			2d-unfolding/uq/2d_xsec_MEFHC_5iter_lgbm_boot59.root.done
253	1786035047	text/plain	JSON	receipt/manifest/provenance	2D UQ	9ad48d1e33918a0bb62c8f0497b7580440f07d01	False			2d-unfolding/uq/2d_xsec_MEFHC_5iter_lgbm_boot60.root.done
253	1786035047	text/plain	JSON	receipt/manifest/provenance	2D UQ	f46b93bd6a240a2fba547e270274ef81a239e1f2	False			2d-unfolding/uq/2d_xsec_MEFHC_5iter_lgbm_boot61.root.done
253	1786035047	text/plain	JSON	receipt/manifest/provenance	2D UQ	3131d7598959114c633fa8c98daabb508db6d32f	False			2d-unfolding/uq/2d_xsec_MEFHC_5iter_lgbm_boot62.root.done
253	1786035047	text/plain	JSON	receipt/manifest/provenance	2D UQ	ca61d67380fafde1a8531d45f786efdf5add4df5	False			2d-unfolding/uq/2d_xsec_MEFHC_5iter_lgbm_boot63.root.done
253	1786035047	text/plain	JSON	receipt/manifest/provenance	2D UQ	7ac1d729a0c689abac6375555dfc3b78f73a33ad	False			2d-unfolding/uq/2d_xsec_MEFHC_5iter_lgbm_boot64.root.done
253	1786035047	text/plain	JSON	receipt/manifest/provenance	2D UQ	67a00064dfd227c7aa5b86421ad03501d935c8a0	False			2d-unfolding/uq/2d_xsec_MEFHC_5iter_lgbm_boot65.root.done
253	1786035047	text/plain	JSON	receipt/manifest/provenance	2D UQ	0911c5517c4a9a1a43d9a7137f092bdcaab136df	False			2d-unfolding/uq/2d_xsec_MEFHC_5iter_lgbm_boot66.root.done
253	1786035047	text/plain	JSON	receipt/manifest/provenance	2D UQ	7efc26f87287262ce82d3b0f0cc50acc8ac9bab7	False			2d-unfolding/uq/2d_xsec_MEFHC_5iter_lgbm_boot67.root.done
253	1786035047	text/plain	JSON	receipt/manifest/provenance	2D UQ	9313e31af45b853cf5d3766d9ddd34fbaf9c7831	False			2d-unfolding/uq/2d_xsec_MEFHC_5iter_lgbm_boot68.root.done
253	1786035047	text/plain	JSON	receipt/manifest/provenance	2D UQ	9fad422ba3626391c0ac43c5f52a9ee526e7d411	False			2d-unfolding/uq/2d_xsec_MEFHC_5iter_lgbm_boot69.root.done
253	1786035047	text/plain	JSON	receipt/manifest/provenance	2D UQ	6720bd1c4f5343a793e3e0f38f14a5083dbdb595	False			2d-unfolding/uq/2d_xsec_MEFHC_5iter_lgbm_boot70.root.done
253	1786035047	text/plain	JSON	receipt/manifest/provenance	2D UQ	e47e5900d45199db35f2cf5cbca0c844bbc18dc6	False			2d-unfolding/uq/2d_xsec_MEFHC_5iter_lgbm_boot71.root.done
253	1786035047	text/plain	JSON	receipt/manifest/provenance	2D UQ	092f5b32ce2a346af071c37c3afd02d0d684b586	False			2d-unfolding/uq/2d_xsec_MEFHC_5iter_lgbm_boot72.root.done
253	1786035047	text/plain	JSON	receipt/manifest/provenance	2D UQ	19519844b5ce946fb4b7d091ac2a39176e571ce8	False			2d-unfolding/uq/2d_xsec_MEFHC_5iter_lgbm_boot73.root.done
253	1786035047	text/plain	JSON	receipt/manifest/provenance	2D UQ	9d1e5c096e8317416bc9a1295099ed51e3cee393	False			2d-unfolding/uq/2d_xsec_MEFHC_5iter_lgbm_boot74.root.done
253	1786035047	text/plain	JSON	receipt/manifest/provenance	2D UQ	add9be92a353667f1070c460b696d7227fb6fda5	False			2d-unfolding/uq/2d_xsec_MEFHC_5iter_lgbm_boot75.root.done
253	1786035047	text/plain	JSON	receipt/manifest/provenance	2D UQ	622ce8119fa34ed79cfcf30a69b5f26c8f72cd0e	False			2d-unfolding/uq/2d_xsec_MEFHC_5iter_lgbm_boot76.root.done
253	1786035047	text/plain	JSON	receipt/manifest/provenance	2D UQ	dcc1c3e85bd6a0884c37321d63bbf9cc7e20f6f7	False			2d-unfolding/uq/2d_xsec_MEFHC_5iter_lgbm_boot77.root.done
253	1786035047	text/plain	JSON	receipt/manifest/provenance	2D UQ	c1b086676ee29851e5fbb36ea10a52788ba23462	False			2d-unfolding/uq/2d_xsec_MEFHC_5iter_lgbm_boot78.root.done
253	1786035047	text/plain	JSON	receipt/manifest/provenance	2D UQ	14ece25a46021da2d4c2f8846129af985a401f71	False			2d-unfolding/uq/2d_xsec_MEFHC_5iter_lgbm_boot79.root.done
253	1786035047	text/plain	JSON	receipt/manifest/provenance	2D UQ	8962fd105636fd6712bb5411d10ec9f080ce11e8	False			2d-unfolding/uq/2d_xsec_MEFHC_5iter_lgbm_boot80.root.done
253	1786035047	text/plain	JSON	receipt/manifest/provenance	2D UQ	90d262558b479133ffe4828999e05008fe5293bc	False			2d-unfolding/uq/2d_xsec_MEFHC_5iter_lgbm_boot81.root.done
253	1786035047	text/plain	JSON	receipt/manifest/provenance	2D UQ	770ac06dc2d60dd697df5c7ac99ad6eb1df74371	False			2d-unfolding/uq/2d_xsec_MEFHC_5iter_lgbm_boot82.root.done
253	1786035047	text/plain	JSON	receipt/manifest/provenance	2D UQ	d55441de03fafb5141ed7ad1e76baebd6c394b70	False			2d-unfolding/uq/2d_xsec_MEFHC_5iter_lgbm_boot83.root.done
253	1786035047	text/plain	JSON	receipt/manifest/provenance	2D UQ	2a4d347c11d466432f0ef5ce0306d2134ff4d803	False			2d-unfolding/uq/2d_xsec_MEFHC_5iter_lgbm_boot84.root.done
253	1786035047	text/plain	JSON	receipt/manifest/provenance	2D UQ	56eb23b75f2472fbb1299238ef1804e4508d9c34	False			2d-unfolding/uq/2d_xsec_MEFHC_5iter_lgbm_boot85.root.done
253	1786035047	text/plain	JSON	receipt/manifest/provenance	2D UQ	2d87362b803b947a27637d0241c2829bbf88dc6d	False			2d-unfolding/uq/2d_xsec_MEFHC_5iter_lgbm_boot86.root.done
253	1786035047	text/plain	JSON	receipt/manifest/provenance	2D UQ	5b123186d73c868ae41affb3e08b08ec637ea0b0	False			2d-unfolding/uq/2d_xsec_MEFHC_5iter_lgbm_boot87.root.done
253	1786035047	text/plain	JSON	receipt/manifest/provenance	2D UQ	56d0fd484a73a07d9dc18144b054748bb53b6fa4	False			2d-unfolding/uq/2d_xsec_MEFHC_5iter_lgbm_boot88.root.done
253	1786035047	text/plain	JSON	receipt/manifest/provenance	2D UQ	af9279387b52a950e78d33a8e83cc2ad4f31b000	False			2d-unfolding/uq/2d_xsec_MEFHC_5iter_lgbm_boot89.root.done
253	1786035047	text/plain	JSON	receipt/manifest/provenance	2D UQ	78ac09739656a4fc6102a08eb678092142e6bc8e	False			2d-unfolding/uq/2d_xsec_MEFHC_5iter_lgbm_boot90.root.done
253	1786035047	text/plain	JSON	receipt/manifest/provenance	2D UQ	2dc8e984e44b20e501a31156b7fa892d188c37c4	False			2d-unfolding/uq/2d_xsec_MEFHC_5iter_lgbm_boot91.root.done
253	1786035047	text/plain	JSON	receipt/manifest/provenance	2D UQ	dea79c019a517df18f072954b72dd7e51b773dc2	False			2d-unfolding/uq/2d_xsec_MEFHC_5iter_lgbm_boot92.root.done
253	1786035047	text/plain	JSON	receipt/manifest/provenance	2D UQ	3a6e01404a7f729dfaa4784251fcf0209e8d4190	False			2d-unfolding/uq/2d_xsec_MEFHC_5iter_lgbm_boot93.root.done
253	1786035047	text/plain	JSON	receipt/manifest/provenance	2D UQ	aa749d958e0bc7b52003020ff3c589624ccb5758	False			2d-unfolding/uq/2d_xsec_MEFHC_5iter_lgbm_boot94.root.done
253	1786035047	text/plain	JSON	receipt/manifest/provenance	2D UQ	6e2ef1e97478689d9bc0bfac047b37bfbbb8713f	False			2d-unfolding/uq/2d_xsec_MEFHC_5iter_lgbm_boot95.root.done
253	1786035047	text/plain	JSON	receipt/manifest/provenance	2D UQ	b73b86874087bba2e0f95f1fb6517d0dfcc1ce6a	False			2d-unfolding/uq/2d_xsec_MEFHC_5iter_lgbm_boot96.root.done
253	1786035047	text/plain	JSON	receipt/manifest/provenance	2D UQ	81a5aa07d7c4483a8a3550857331dd619e21dde5	False			2d-unfolding/uq/2d_xsec_MEFHC_5iter_lgbm_boot97.root.done
253	1786035047	text/plain	JSON	receipt/manifest/provenance	2D UQ	23d0cbad7e401ae0fa88b50e966bf62a2e3fd890	False			2d-unfolding/uq/2d_xsec_MEFHC_5iter_lgbm_boot98.root.done
253	1786035047	text/plain	JSON	receipt/manifest/provenance	2D UQ	ff20be76714d2075ef5c13a301abc50bb9aea7b5	False			2d-unfolding/uq/2d_xsec_MEFHC_5iter_lgbm_boot99.root.done
253	1786035047	text/plain	JSON	receipt/manifest/provenance	2D UQ	b8d4b00f5aa34c8eb543eeb43c7a66e09f3dcbe7	False			2d-unfolding/uq/2d_xsec_MEFHC_5iter_lgbm_uni_CV.root.done
252	1786035047	text/plain	JSON	receipt/manifest/provenance	2D UQ	d5b89fe3bd2252a4f10390641ac4a047a794e606	False			2d-unfolding/uq/2d_xsec_MEFHC_5iter_lgbm_boot1.root.done
252	1786035047	text/plain	JSON	receipt/manifest/provenance	2D UQ	a5c42ea87d9823eb9ca4073388caafbbff4e870c	False			2d-unfolding/uq/2d_xsec_MEFHC_5iter_lgbm_boot2.root.done
252	1786035047	text/plain	JSON	receipt/manifest/provenance	2D UQ	94fba9ac6e646e9ff8cef1c0fafccb0b1011cfd8	False			2d-unfolding/uq/2d_xsec_MEFHC_5iter_lgbm_boot3.root.done
252	1786035047	text/plain	JSON	receipt/manifest/provenance	2D UQ	14984ad346c19c846fa3f51beeafd69b6877968b	False			2d-unfolding/uq/2d_xsec_MEFHC_5iter_lgbm_boot4.root.done
252	1786035047	text/plain	JSON	receipt/manifest/provenance	2D UQ	e52761a234e1122f27d81e72c21ec77bef58e3d0	False			2d-unfolding/uq/2d_xsec_MEFHC_5iter_lgbm_boot5.root.done
252	1786035047	text/plain	JSON	receipt/manifest/provenance	2D UQ	f7964151f27fa563bfc6d41631a120d07a3eb163	False			2d-unfolding/uq/2d_xsec_MEFHC_5iter_lgbm_boot6.root.done
252	1786035047	text/plain	JSON	receipt/manifest/provenance	2D UQ	bed18b6e5f7d12d11836ce96f2a9f0d7f2b28c45	False			2d-unfolding/uq/2d_xsec_MEFHC_5iter_lgbm_boot7.root.done
252	1786035047	text/plain	JSON	receipt/manifest/provenance	2D UQ	f83ee842a5b87fb430eb0cbd942c3b3e990414f2	False			2d-unfolding/uq/2d_xsec_MEFHC_5iter_lgbm_boot8.root.done
252	1786035047	text/plain	JSON	receipt/manifest/provenance	2D UQ	670a5aad9d2ec530738e2231100e7d74dae1582c	False			2d-unfolding/uq/2d_xsec_MEFHC_5iter_lgbm_boot9.root.done
223	1786035047	text/plain	TEXT	reproducible generated product/log/cache	unassigned	4ed9d95a70446d0804418aa15b72b9527d62d2f1	False			nd-unfolding/log_fps_smoke.txt
221	1786035059	text/plain	JSON	receipt/manifest/provenance	FPS UQ	21add0acb37636970429aec767703ad1ce3f9e48	False			nd-unfolding/uq_fps/corrected/uthrow_slabs_fps_neutral/uthrowfps_slab_10.npz.done
221	1786035059	text/plain	JSON	receipt/manifest/provenance	FPS UQ	56445f35a106351b10dcd98661a27d4eb22758bd	False			nd-unfolding/uq_fps/corrected/uthrow_slabs_fps_neutral/uthrowfps_slab_11.npz.done
221	1786035059	text/plain	JSON	receipt/manifest/provenance	FPS UQ	5797a29fd186bf23d8b4e9ba28915bdcdc4828ee	False			nd-unfolding/uq_fps/corrected/uthrow_slabs_fps_neutral/uthrowfps_slab_12.npz.done
221	1786035059	text/plain	JSON	receipt/manifest/provenance	FPS UQ	3a024b697b3da4b68df4b67498368f5a655a43ce	False			nd-unfolding/uq_fps/corrected/uthrow_slabs_fps_neutral/uthrowfps_slab_13.npz.done
221	1786035059	text/plain	JSON	receipt/manifest/provenance	FPS UQ	de916e17568514d039811efcd7df80a5432fb510	False			nd-unfolding/uq_fps/corrected/uthrow_slabs_fps_neutral/uthrowfps_slab_14.npz.done
221	1786035059	text/plain	JSON	receipt/manifest/provenance	FPS UQ	c7f6b29e8bdf885951d429f2bb0604b291e90b36	False			nd-unfolding/uq_fps/corrected/uthrow_slabs_fps_neutral/uthrowfps_slab_15.npz.done
221	1786035059	text/plain	JSON	receipt/manifest/provenance	FPS UQ	5bdec4447eb7b20322a8e6564f6b7256b86372d9	False			nd-unfolding/uq_fps/corrected/uthrow_slabs_fps_neutral/uthrowfps_slab_16.npz.done
221	1786035059	text/plain	JSON	receipt/manifest/provenance	FPS UQ	f7a4201ab21e6c7b1e8de120f0a2950784055072	False			nd-unfolding/uq_fps/corrected/uthrow_slabs_fps_neutral/uthrowfps_slab_17.npz.done
221	1786035059	text/plain	JSON	receipt/manifest/provenance	FPS UQ	56d088fb8c087c1f273867d488d4825a6687d7d4	False			nd-unfolding/uq_fps/corrected/uthrow_slabs_fps_neutral/uthrowfps_slab_18.npz.done
221	1786035059	text/plain	JSON	receipt/manifest/provenance	FPS UQ	892ce94e855298d23bfcc4f42ef19ad4b0044d20	False			nd-unfolding/uq_fps/corrected/uthrow_slabs_fps_neutral/uthrowfps_slab_19.npz.done
221	1786035059	text/plain	JSON	receipt/manifest/provenance	FPS UQ	d4a41024fdb54622afb29cfa2b23cf7a909b5695	False			nd-unfolding/uq_fps/corrected/uthrow_slabs_fps_neutral/uthrowfps_slab_20.npz.done
221	1786035059	text/plain	JSON	receipt/manifest/provenance	FPS UQ	2209f13a1bfbd9fcffbfd2fdf8e6032da78d6329	False			nd-unfolding/uq_fps/corrected/uthrow_slabs_fps_neutral/uthrowfps_slab_21.npz.done
221	1786035059	text/plain	JSON	receipt/manifest/provenance	FPS UQ	300f3c7e64fefb652c2f4e12f8f383f18dab3e58	False			nd-unfolding/uq_fps/corrected/uthrow_slabs_fps_neutral/uthrowfps_slab_22.npz.done
221	1786035059	text/plain	JSON	receipt/manifest/provenance	FPS UQ	8ee97ef8504e024cfa742f844122cce513046d69	False			nd-unfolding/uq_fps/corrected/uthrow_slabs_fps_neutral/uthrowfps_slab_23.npz.done
221	1786035059	text/plain	JSON	receipt/manifest/provenance	FPS UQ	2d6ec1e2fe9bca5cd52afe2ed6df1338be4149b3	False			nd-unfolding/uq_fps/corrected/uthrow_slabs_fps_neutral/uthrowfps_slab_24.npz.done
221	1786035059	text/plain	JSON	receipt/manifest/provenance	FPS UQ	c82d626c619be92c57a66898bd1c9eb8b26cc2aa	False			nd-unfolding/uq_fps/corrected/uthrow_slabs_fps_neutral/uthrowfps_slab_25.npz.done
221	1786035059	text/plain	JSON	receipt/manifest/provenance	FPS UQ	191961cf84d4b2636c9f80f8156d2d59e07cffb4	False			nd-unfolding/uq_fps/corrected/uthrow_slabs_fps_neutral/uthrowfps_slab_26.npz.done
221	1786035059	text/plain	JSON	receipt/manifest/provenance	FPS UQ	96374500c1b3f3cb83c4f41727b72a1a6ca32080	False			nd-unfolding/uq_fps/corrected/uthrow_slabs_fps_neutral/uthrowfps_slab_27.npz.done
221	1786035059	text/plain	JSON	receipt/manifest/provenance	FPS UQ	03316629362863ed5c0c6e6c029ee94a1297c9c6	False			nd-unfolding/uq_fps/corrected/uthrow_slabs_fps_neutral/uthrowfps_slab_28.npz.done
221	1786035059	text/plain	JSON	receipt/manifest/provenance	FPS UQ	351d9135da2e1b22d22f436eb6e6b2ba24d5297d	False			nd-unfolding/uq_fps/corrected/uthrow_slabs_fps_neutral/uthrowfps_slab_29.npz.done
221	1786035059	text/plain	JSON	receipt/manifest/provenance	FPS UQ	88bd5c66428a49ac7656cab8361e7da1b6e8de77	False			nd-unfolding/uq_fps/corrected/uthrow_slabs_fps_neutral/uthrowfps_slab_30.npz.done
221	1786035059	text/plain	JSON	receipt/manifest/provenance	FPS UQ	d20f795bc1debfc8000e20fe48fd85a169f30cea	False			nd-unfolding/uq_fps/corrected/uthrow_slabs_fps_neutral/uthrowfps_slab_31.npz.done
221	1786035059	text/plain	JSON	receipt/manifest/provenance	FPS UQ	7620c1fb7579c4d9a42229e24cc40a8bc6c1ead4	False			nd-unfolding/uq_fps/corrected/uthrow_slabs_fps_neutral/uthrowfps_slab_32.npz.done
221	1786035059	text/plain	JSON	receipt/manifest/provenance	FPS UQ	87b511802d45a11cd7682891941f35d1ad5cffe4	False			nd-unfolding/uq_fps/corrected/uthrow_slabs_fps_neutral/uthrowfps_slab_33.npz.done
221	1786035059	text/plain	JSON	receipt/manifest/provenance	FPS UQ	5f97cd1dd64dbda521566cdd84de2ebc76d134c8	False			nd-unfolding/uq_fps/corrected/uthrow_slabs_fps_neutral/uthrowfps_slab_34.npz.done
221	1786035059	text/plain	JSON	receipt/manifest/provenance	FPS UQ	2a92d18a128bf72293eb5cd05087843f40b5a535	False			nd-unfolding/uq_fps/corrected/uthrow_slabs_fps_neutral/uthrowfps_slab_35.npz.done
221	1786035059	text/plain	JSON	receipt/manifest/provenance	FPS UQ	99107656ac5fbeb9cfdade79a2b7098a9b8f3e59	False			nd-unfolding/uq_fps/corrected/uthrow_slabs_fps_neutral/uthrowfps_slab_36.npz.done
221	1786035059	text/plain	JSON	receipt/manifest/provenance	FPS UQ	f95d58017c0a3228af7901f11cc5091bde697c36	False			nd-unfolding/uq_fps/corrected/uthrow_slabs_fps_neutral/uthrowfps_slab_37.npz.done
221	1786035059	text/plain	JSON	receipt/manifest/provenance	FPS UQ	f4bbe13019e737752293bccebdd2e5281d6476c0	False			nd-unfolding/uq_fps/corrected/uthrow_slabs_fps_neutral/uthrowfps_slab_38.npz.done
221	1786035059	text/plain	JSON	receipt/manifest/provenance	FPS UQ	04287aebf96935794e989dea2e72865db65d9b56	False			nd-unfolding/uq_fps/corrected/uthrow_slabs_fps_neutral/uthrowfps_slab_39.npz.done
220	1786035059	text/plain	JSON	receipt/manifest/provenance	FPS UQ	ab6bd65bface7d6563a4513349d4a8b66ce03114	False			nd-unfolding/uq_fps/corrected/uthrow_slabs_fps_neutral/uthrowfps_slab_0.npz.done
220	1786035059	text/plain	JSON	receipt/manifest/provenance	FPS UQ	0c0f4850fe8f2e7c1ead1a9981043db2ed5e5a94	False			nd-unfolding/uq_fps/corrected/uthrow_slabs_fps_neutral/uthrowfps_slab_1.npz.done
220	1786035059	text/plain	JSON	receipt/manifest/provenance	FPS UQ	2a0486c21745de0f816d55366be028ad5cbba37f	False			nd-unfolding/uq_fps/corrected/uthrow_slabs_fps_neutral/uthrowfps_slab_2.npz.done
220	1786035059	text/plain	JSON	receipt/manifest/provenance	FPS UQ	33cf52f3c919b42e67e851936efac8d5ef5b381e	False			nd-unfolding/uq_fps/corrected/uthrow_slabs_fps_neutral/uthrowfps_slab_3.npz.done
220	1786035059	text/plain	JSON	receipt/manifest/provenance	FPS UQ	5834e00d5fbee8062e6e86fa9ea17940a41342b2	False			nd-unfolding/uq_fps/corrected/uthrow_slabs_fps_neutral/uthrowfps_slab_4.npz.done
220	1786035059	text/plain	JSON	receipt/manifest/provenance	FPS UQ	2760eb492fd11fc116b4241a8d8c570633ce73d7	False			nd-unfolding/uq_fps/corrected/uthrow_slabs_fps_neutral/uthrowfps_slab_5.npz.done
220	1786035059	text/plain	JSON	receipt/manifest/provenance	FPS UQ	9aa7f0e88dbbeb79bad90706c8f9736a1a85ad59	False			nd-unfolding/uq_fps/corrected/uthrow_slabs_fps_neutral/uthrowfps_slab_6.npz.done
220	1786035059	text/plain	JSON	receipt/manifest/provenance	FPS UQ	2807a53509ef1ed4fc09685bb206a0f85811ca93	False			nd-unfolding/uq_fps/corrected/uthrow_slabs_fps_neutral/uthrowfps_slab_7.npz.done
220	1786035059	text/plain	JSON	receipt/manifest/provenance	FPS UQ	4cd1b0c61cfdb63a78e041e3271c62e50b9ffcae	False			nd-unfolding/uq_fps/corrected/uthrow_slabs_fps_neutral/uthrowfps_slab_8.npz.done
220	1786035059	text/plain	JSON	receipt/manifest/provenance	FPS UQ	b33cc166bdbe0217c4406c0bbbd7b147b4877660	False			nd-unfolding/uq_fps/corrected/uthrow_slabs_fps_neutral/uthrowfps_slab_9.npz.done
219	1786035047	text/plain	TEXT	reproducible generated product/log/cache	unassigned	8e0c067c94003234f04ff97cd7a40392386810fc	False			nd-unfolding/log_smoke_fe.txt
216	1786035059	text/plain	JSON	receipt/manifest/provenance	FPS UQ	c1c9b72c739065e204cde08cdd0f4aa1aabb78dc	False			nd-unfolding/uq_fps/corrected/uthrow_slabs_fps_neutral/blockfps_10.npz.done
216	1786035059	text/plain	JSON	receipt/manifest/provenance	FPS UQ	5d73930cd5373f1ca1c918905b2888e880d737b7	False			nd-unfolding/uq_fps/corrected/uthrow_slabs_fps_neutral/blockfps_11.npz.done
216	1786035059	text/plain	JSON	receipt/manifest/provenance	FPS UQ	897ee068112884fd5db5af147b1064c51193e6f9	False			nd-unfolding/uq_fps/corrected/uthrow_slabs_fps_neutral/blockfps_12.npz.done
216	1786035059	text/plain	JSON	receipt/manifest/provenance	FPS UQ	ac579d46bf4c610ab72cd53c82d8ba65bc06583f	False			nd-unfolding/uq_fps/corrected/uthrow_slabs_fps_neutral/blockfps_13.npz.done
216	1786035059	text/plain	JSON	receipt/manifest/provenance	FPS UQ	981ada7aefa8e80db64e41303896ea20c72bf483	False			nd-unfolding/uq_fps/corrected/uthrow_slabs_fps_neutral/blockfps_14.npz.done
216	1786035059	text/plain	JSON	receipt/manifest/provenance	FPS UQ	31132ccc97659114a174035c0755b1046691a29f	False			nd-unfolding/uq_fps/corrected/uthrow_slabs_fps_neutral/blockfps_15.npz.done
216	1786035059	text/plain	JSON	receipt/manifest/provenance	FPS UQ	6278ad5dba07f4cdd18276d3ba0aef621186d05d	False			nd-unfolding/uq_fps/corrected/uthrow_slabs_fps_neutral/blockfps_16.npz.done
216	1786035059	text/plain	JSON	receipt/manifest/provenance	FPS UQ	b2d4880e0dc3e1b23914ed908fbaf75515df9eef	False			nd-unfolding/uq_fps/corrected/uthrow_slabs_fps_neutral/blockfps_17.npz.done
216	1786035059	text/plain	JSON	receipt/manifest/provenance	FPS UQ	4c3942245eb4e7440bc3ca07f0644caff26f365a	False			nd-unfolding/uq_fps/corrected/uthrow_slabs_fps_neutral/blockfps_18.npz.done
216	1786035059	text/plain	JSON	receipt/manifest/provenance	FPS UQ	b5cfcf3239132a82ba76deec274e97cfe213e321	False			nd-unfolding/uq_fps/corrected/uthrow_slabs_fps_neutral/blockfps_19.npz.done
216	1786035059	text/plain	JSON	receipt/manifest/provenance	FPS UQ	3eec20914b135274c7821da65804ca092750a148	False			nd-unfolding/uq_fps/corrected/uthrow_slabs_fps_neutral/blockfps_20.npz.done
216	1786035059	text/plain	JSON	receipt/manifest/provenance	FPS UQ	aef30d4b48ded3d5d3abd49f514438690fee363d	False			nd-unfolding/uq_fps/corrected/uthrow_slabs_fps_neutral/blockfps_21.npz.done
216	1786035059	text/plain	JSON	receipt/manifest/provenance	FPS UQ	01602e08138fc58191ff878e5e64396edf4b23ea	False			nd-unfolding/uq_fps/corrected/uthrow_slabs_fps_neutral/blockfps_22.npz.done
216	1786035059	text/plain	JSON	receipt/manifest/provenance	FPS UQ	1b152ba66693ba40b6081458e64d316c5e0297e0	False			nd-unfolding/uq_fps/corrected/uthrow_slabs_fps_neutral/blockfps_23.npz.done
216	1786035059	text/plain	JSON	receipt/manifest/provenance	FPS UQ	bb8518baa212810391f7e9d27ce0f04095d7e015	False			nd-unfolding/uq_fps/corrected/uthrow_slabs_fps_neutral/blockfps_24.npz.done
216	1786035059	text/plain	JSON	receipt/manifest/provenance	FPS UQ	5d543a4df92efe2406a3e962005fa875a77420ec	False			nd-unfolding/uq_fps/corrected/uthrow_slabs_fps_neutral/blockfps_25.npz.done
215	1786035059	text/plain	JSON	receipt/manifest/provenance	FPS UQ	66f0a18a7b2e374c8c04a1a55a2a6c796fd9b53b	False			nd-unfolding/uq_fps/corrected/uthrow_slabs_fps_neutral/blockfps_6.npz.done
215	1786035059	text/plain	JSON	receipt/manifest/provenance	FPS UQ	4ee8799a542a5d0fece076ebdbca363c3ecc56dd	False			nd-unfolding/uq_fps/corrected/uthrow_slabs_fps_neutral/blockfps_7.npz.done
215	1786035059	text/plain	JSON	receipt/manifest/provenance	FPS UQ	9bc1bcab4dbc5f47e25eb3b995216d8796812d40	False			nd-unfolding/uq_fps/corrected/uthrow_slabs_fps_neutral/blockfps_8.npz.done
215	1786035059	text/plain	JSON	receipt/manifest/provenance	FPS UQ	d9817c9481f68057682d179b616cdcea28de957c	False			nd-unfolding/uq_fps/corrected/uthrow_slabs_fps_neutral/blockfps_9.npz.done
214	1786035059	text/plain	JSON	receipt/manifest/provenance	FPS UQ	b3705a042e53c89e7e17d7fc812e197c738314b4	False			nd-unfolding/uq_fps/corrected/uthrow_slabs_fps_neutral/blockfps_0.npz.done
214	1786035059	text/plain	JSON	receipt/manifest/provenance	FPS UQ	af21499472123ba05c7cf7edba0811d8288d3355	False			nd-unfolding/uq_fps/corrected/uthrow_slabs_fps_neutral/blockfps_1.npz.done
214	1786035059	text/plain	JSON	receipt/manifest/provenance	FPS UQ	1da6605cf58e899ebca4c68eb828d19d0cd19878	False			nd-unfolding/uq_fps/corrected/uthrow_slabs_fps_neutral/blockfps_2.npz.done
214	1786035059	text/plain	JSON	receipt/manifest/provenance	FPS UQ	6682f16e4f07e19316def9475358608999f87c4e	False			nd-unfolding/uq_fps/corrected/uthrow_slabs_fps_neutral/blockfps_3.npz.done
214	1786035059	text/plain	JSON	receipt/manifest/provenance	FPS UQ	a21307157c38fe58ca811d186bf745151cf37af9	False			nd-unfolding/uq_fps/corrected/uthrow_slabs_fps_neutral/blockfps_4.npz.done
214	1786035059	text/plain	JSON	receipt/manifest/provenance	FPS UQ	5bd7de65561794ad58b83cf87623427bbb10e221	False			nd-unfolding/uq_fps/corrected/uthrow_slabs_fps_neutral/blockfps_5.npz.done
213	1786035047	text/plain	JSON	receipt/manifest/provenance	unassigned	207d47bc1cb8af7e24f380c06ac6cda53163568d	False			2d-unfolding/runEventLoopOmniFold_MEFHC_universes_full.root.done
212	1786035048	text/plain	JSON	receipt/manifest/provenance	4D UQ	66c866a3f5bbd28de2d4974cb3d06e5c24717f0d	False			nd-unfolding/uq_4d/corrected/uthrow_slabs_4d/uthrow4d_slab_10.npz.done
212	1786035048	text/plain	JSON	receipt/manifest/provenance	4D UQ	848beda149b112bae2fea99e0a47c835d91b4b2b	False			nd-unfolding/uq_4d/corrected/uthrow_slabs_4d/uthrow4d_slab_11.npz.done
212	1786035048	text/plain	JSON	receipt/manifest/provenance	4D UQ	cb5ca66985df9703fa2a553b674ada91fd5a7a0b	False			nd-unfolding/uq_4d/corrected/uthrow_slabs_4d/uthrow4d_slab_12.npz.done
212	1786035048	text/plain	JSON	receipt/manifest/provenance	4D UQ	529fce2b45d566a66b16b95803c03d51780df6a5	False			nd-unfolding/uq_4d/corrected/uthrow_slabs_4d/uthrow4d_slab_13.npz.done
212	1786035048	text/plain	JSON	receipt/manifest/provenance	4D UQ	1f58be056f58e85a3a24393b36212d0bddbdefd8	False			nd-unfolding/uq_4d/corrected/uthrow_slabs_4d/uthrow4d_slab_14.npz.done
212	1786035048	text/plain	JSON	receipt/manifest/provenance	4D UQ	1347c6207f2f8c473e60c98943c3de8a6b652f9b	False			nd-unfolding/uq_4d/corrected/uthrow_slabs_4d/uthrow4d_slab_15.npz.done
212	1786035048	text/plain	JSON	receipt/manifest/provenance	4D UQ	b7c2a2374fe0d50806d207f6fe9727f33afcae77	False			nd-unfolding/uq_4d/corrected/uthrow_slabs_4d/uthrow4d_slab_16.npz.done
212	1786035048	text/plain	JSON	receipt/manifest/provenance	4D UQ	e8f5b01f0905b063e199f7e51b1947ed932e6492	False			nd-unfolding/uq_4d/corrected/uthrow_slabs_4d/uthrow4d_slab_17.npz.done
212	1786035048	text/plain	JSON	receipt/manifest/provenance	4D UQ	c288cb9e04d84d6b0661ca63b7856614ca6a6e3d	False			nd-unfolding/uq_4d/corrected/uthrow_slabs_4d/uthrow4d_slab_18.npz.done
212	1786035048	text/plain	JSON	receipt/manifest/provenance	4D UQ	1fb6a34987d99595d98e5ca70cdc04e70124a455	False			nd-unfolding/uq_4d/corrected/uthrow_slabs_4d/uthrow4d_slab_19.npz.done
212	1786035048	text/plain	JSON	receipt/manifest/provenance	4D UQ	2f6ed560391d490ab57e74b9ee46efc81fe725d0	False			nd-unfolding/uq_4d/corrected/uthrow_slabs_4d/uthrow4d_slab_20.npz.done
212	1786035048	text/plain	JSON	receipt/manifest/provenance	4D UQ	d2804d953c3e84cafde51d604487a87c80142625	False			nd-unfolding/uq_4d/corrected/uthrow_slabs_4d/uthrow4d_slab_21.npz.done
212	1786035048	text/plain	JSON	receipt/manifest/provenance	4D UQ	6b0a8c51eefa0fdfebad0346e9b7c2ef72920e33	False			nd-unfolding/uq_4d/corrected/uthrow_slabs_4d/uthrow4d_slab_22.npz.done
212	1786035048	text/plain	JSON	receipt/manifest/provenance	4D UQ	b6c342c10ad6fdf8dfa322692adebc729e429e7c	False			nd-unfolding/uq_4d/corrected/uthrow_slabs_4d/uthrow4d_slab_23.npz.done
212	1786035048	text/plain	JSON	receipt/manifest/provenance	4D UQ	a7bd2c87466eef086f8dfc4fc65d68612b9cab98	False			nd-unfolding/uq_4d/corrected/uthrow_slabs_4d/uthrow4d_slab_24.npz.done
212	1786035048	text/plain	JSON	receipt/manifest/provenance	4D UQ	8ffe71934c28675101bc7bd725c967fd0ccb9007	False			nd-unfolding/uq_4d/corrected/uthrow_slabs_4d/uthrow4d_slab_25.npz.done
212	1786035048	text/plain	JSON	receipt/manifest/provenance	4D UQ	8c0c5a7b3269f0cf46b043d6891bd30f4444ef4b	False			nd-unfolding/uq_4d/corrected/uthrow_slabs_4d/uthrow4d_slab_26.npz.done
212	1786035048	text/plain	JSON	receipt/manifest/provenance	4D UQ	85cc24465d042c6f39eaea0231e7d23da7fe58a6	False			nd-unfolding/uq_4d/corrected/uthrow_slabs_4d/uthrow4d_slab_27.npz.done
212	1786035048	text/plain	JSON	receipt/manifest/provenance	4D UQ	d7f0efa1e90f5f01d89a6c8c2b86df44251fa06e	False			nd-unfolding/uq_4d/corrected/uthrow_slabs_4d/uthrow4d_slab_28.npz.done
212	1786035048	text/plain	JSON	receipt/manifest/provenance	4D UQ	784971c347bf83926bba1fc61026aa87d6b7a9a8	False			nd-unfolding/uq_4d/corrected/uthrow_slabs_4d/uthrow4d_slab_29.npz.done
212	1786035048	text/plain	JSON	receipt/manifest/provenance	4D UQ	33a84ff054611b93660267a1567c724b569f24e8	False			nd-unfolding/uq_4d/corrected/uthrow_slabs_4d/uthrow4d_slab_30.npz.done
212	1786035048	text/plain	JSON	receipt/manifest/provenance	4D UQ	2b124990161c90321b35ec949e12f261924c3e35	False			nd-unfolding/uq_4d/corrected/uthrow_slabs_4d/uthrow4d_slab_31.npz.done
212	1786035048	text/plain	JSON	receipt/manifest/provenance	4D UQ	d8b8eb6f0978cb3f47fab1f400a23ea2e3b6a75b	False			nd-unfolding/uq_4d/corrected/uthrow_slabs_4d/uthrow4d_slab_32.npz.done
212	1786035048	text/plain	JSON	receipt/manifest/provenance	4D UQ	1c402443981920866b58065629fde92db5ef4c7f	False			nd-unfolding/uq_4d/corrected/uthrow_slabs_4d/uthrow4d_slab_33.npz.done
212	1786035048	text/plain	JSON	receipt/manifest/provenance	4D UQ	ddfe06d16e2426eff143a697909a3b587d424b1b	False			nd-unfolding/uq_4d/corrected/uthrow_slabs_4d/uthrow4d_slab_34.npz.done
212	1786035048	text/plain	JSON	receipt/manifest/provenance	4D UQ	eaa6af953d59d77c0fc458ccc4f744cbd42a8b04	False			nd-unfolding/uq_4d/corrected/uthrow_slabs_4d/uthrow4d_slab_35.npz.done
212	1786035048	text/plain	JSON	receipt/manifest/provenance	4D UQ	a85496213c24775465f1304c21139d508e16aeb2	False			nd-unfolding/uq_4d/corrected/uthrow_slabs_4d/uthrow4d_slab_36.npz.done
212	1786035048	text/plain	JSON	receipt/manifest/provenance	4D UQ	461ec372cfbc86dbf038ba191f899a3a372314fb	False			nd-unfolding/uq_4d/corrected/uthrow_slabs_4d/uthrow4d_slab_37.npz.done
212	1786035048	text/plain	JSON	receipt/manifest/provenance	4D UQ	60f435da1138cf004cfdc693b01397e003800b8a	False			nd-unfolding/uq_4d/corrected/uthrow_slabs_4d/uthrow4d_slab_38.npz.done
212	1786035048	text/plain	JSON	receipt/manifest/provenance	4D UQ	5e0d6c08353a9da961880bb88b0e7f07e1a9e769	False			nd-unfolding/uq_4d/corrected/uthrow_slabs_4d/uthrow4d_slab_39.npz.done
211	1786035048	text/plain	JSON	receipt/manifest/provenance	products	f635daa2c7f79cfdf6a4d8d6734dbab6b48e1940	False			nd-unfolding/products/5d/closure_2d_FPS_hidden_eavail_MEFHC.root.done
211	1786035048	text/plain	JSON	receipt/manifest/provenance	4D UQ	622e540fd9cd49d512d3bb57d26058e31b3cc3ba	False			nd-unfolding/uq_4d/corrected/uthrow_slabs_4d/uthrow4d_slab_0.npz.done
211	1786035048	text/plain	JSON	receipt/manifest/provenance	4D UQ	eeac6dc0101748b115da1cf1ec8a04a63a602323	False			nd-unfolding/uq_4d/corrected/uthrow_slabs_4d/uthrow4d_slab_1.npz.done
211	1786035048	text/plain	JSON	receipt/manifest/provenance	4D UQ	9407a1acf56f4d991fadc83890aec97a98216969	False			nd-unfolding/uq_4d/corrected/uthrow_slabs_4d/uthrow4d_slab_2.npz.done
211	1786035048	text/plain	JSON	receipt/manifest/provenance	4D UQ	61f71322a7049ec0c83fbcbd4218b1766c9abb35	False			nd-unfolding/uq_4d/corrected/uthrow_slabs_4d/uthrow4d_slab_3.npz.done
211	1786035048	text/plain	JSON	receipt/manifest/provenance	4D UQ	62b195e84679aab140c71ec3f04e43e97fc7316e	False			nd-unfolding/uq_4d/corrected/uthrow_slabs_4d/uthrow4d_slab_4.npz.done
211	1786035048	text/plain	JSON	receipt/manifest/provenance	4D UQ	e9b5a1b8625037b3299b7deeace7a908b1fa54a5	False			nd-unfolding/uq_4d/corrected/uthrow_slabs_4d/uthrow4d_slab_5.npz.done
211	1786035048	text/plain	JSON	receipt/manifest/provenance	4D UQ	1cb32b1f07699d84c6589d0fa2dbb9bbea8930ab	False			nd-unfolding/uq_4d/corrected/uthrow_slabs_4d/uthrow4d_slab_6.npz.done
211	1786035048	text/plain	JSON	receipt/manifest/provenance	4D UQ	44169aff2b719bd0d212649bf426da6ef38d3e3b	False			nd-unfolding/uq_4d/corrected/uthrow_slabs_4d/uthrow4d_slab_7.npz.done
211	1786035048	text/plain	JSON	receipt/manifest/provenance	4D UQ	9c98303bbd12fc14b52b949fb3bce55db8c7a9af	False			nd-unfolding/uq_4d/corrected/uthrow_slabs_4d/uthrow4d_slab_8.npz.done
211	1786035048	text/plain	JSON	receipt/manifest/provenance	4D UQ	fb893a50ca45793fcf97df77c477f8ad47a8bdde	False			nd-unfolding/uq_4d/corrected/uthrow_slabs_4d/uthrow4d_slab_9.npz.done
210	1786035059	text/plain	JSON	receipt/manifest/provenance	FPS UQ	c73b60e007bb4db650fec3da4956f2af42267818	False			nd-unfolding/uq_fps/corrected/seedscan_split_fps/res_split_10.npz.done
210	1786035059	text/plain	JSON	receipt/manifest/provenance	FPS UQ	bf9ef76749a0199dd559e2f41bbd89903a3dad97	False			nd-unfolding/uq_fps/corrected/seedscan_split_fps/res_split_11.npz.done
210	1786035059	text/plain	JSON	receipt/manifest/provenance	FPS UQ	70f3b3cd77e5f1a909d36ff7a3c1898789c23e8d	False			nd-unfolding/uq_fps/corrected/seedscan_split_fps/res_split_12.npz.done
210	1786035059	text/plain	JSON	receipt/manifest/provenance	FPS UQ	183c976ad666e3732f2ff3d44e9f25714c66018a	False			nd-unfolding/uq_fps/corrected/seedscan_split_fps/res_split_13.npz.done
210	1786035059	text/plain	JSON	receipt/manifest/provenance	FPS UQ	dd5298aa1629c398005b12968bf10ce9d9787e9a	False			nd-unfolding/uq_fps/corrected/seedscan_split_fps/res_split_14.npz.done
210	1786035059	text/plain	JSON	receipt/manifest/provenance	FPS UQ	ff568d2212bc480b4437af55d1d37d16f01d61cb	False			nd-unfolding/uq_fps/corrected/seedscan_split_fps/res_split_15.npz.done
210	1786035059	text/plain	JSON	receipt/manifest/provenance	FPS UQ	183822a40766cecbf843c76dc818d8322f7fdc88	False			nd-unfolding/uq_fps/corrected/seedscan_split_fps/res_split_16.npz.done
210	1786035059	text/plain	JSON	receipt/manifest/provenance	FPS UQ	7003f9b8077a05d86f712ca69c07726ec60a10cc	False			nd-unfolding/uq_fps/corrected/seedscan_split_fps/res_split_17.npz.done
210	1786035059	text/plain	JSON	receipt/manifest/provenance	FPS UQ	43f2dcc041d1ca8c1c4c66bc44356b45dd439495	False			nd-unfolding/uq_fps/corrected/seedscan_split_fps/res_split_18.npz.done
210	1786035059	text/plain	JSON	receipt/manifest/provenance	FPS UQ	6798ccd9304b8ccffbca7ac50fde8197e9afdb28	False			nd-unfolding/uq_fps/corrected/seedscan_split_fps/res_split_19.npz.done
210	1786035059	text/plain	JSON	receipt/manifest/provenance	FPS UQ	332e7444e721c961b0059788d34e3b2c086a8bea	False			nd-unfolding/uq_fps/corrected/seedscan_split_fps/res_split_20.npz.done
210	1786035059	text/plain	JSON	receipt/manifest/provenance	FPS UQ	e612d48f0c0d860d33afc085503cc834cedcfefc	False			nd-unfolding/uq_fps/corrected/seedscan_split_fps/res_split_21.npz.done
210	1786035059	text/plain	JSON	receipt/manifest/provenance	FPS UQ	5d75a29a7ca454a74623ae1afd7f188239377167	False			nd-unfolding/uq_fps/corrected/seedscan_split_fps/res_split_22.npz.done
210	1786035059	text/plain	JSON	receipt/manifest/provenance	FPS UQ	1cc3dd1c739da6cec8372392f7a948c8026bcff7	False			nd-unfolding/uq_fps/corrected/seedscan_split_fps/res_split_23.npz.done
210	1786035059	text/plain	JSON	receipt/manifest/provenance	FPS UQ	dca98a71493e7ed98bcdcfb74773c8e258d40e40	False			nd-unfolding/uq_fps/corrected/seedscan_split_fps/res_split_24.npz.done
209	1786035048	text/plain	JSON	receipt/manifest/provenance	4D UQ	6eb4d38c51f7c7b30ec0d285ba15945ada38e1ce	False			nd-unfolding/uq_4d/corrected/seedscan_split_4d/res_split_10.npz.done
209	1786035048	text/plain	JSON	receipt/manifest/provenance	4D UQ	5576dae654aa196e2af782df408e978b2cb079b6	False			nd-unfolding/uq_4d/corrected/seedscan_split_4d/res_split_11.npz.done
209	1786035048	text/plain	JSON	receipt/manifest/provenance	4D UQ	73e4fe9e9308e1a4bdb61a7f419e51bea923e5d0	False			nd-unfolding/uq_4d/corrected/seedscan_split_4d/res_split_12.npz.done
209	1786035048	text/plain	JSON	receipt/manifest/provenance	4D UQ	00a860b8e901e6d46f25f8a70c83ce564f4a56bc	False			nd-unfolding/uq_4d/corrected/seedscan_split_4d/res_split_13.npz.done
209	1786035048	text/plain	JSON	receipt/manifest/provenance	4D UQ	85c0c992c99fed70b92c79a14d191ed1ce709a29	False			nd-unfolding/uq_4d/corrected/seedscan_split_4d/res_split_14.npz.done
209	1786035048	text/plain	JSON	receipt/manifest/provenance	4D UQ	25e2505b0d758db557f4683d0d6bacaeb144c537	False			nd-unfolding/uq_4d/corrected/seedscan_split_4d/res_split_15.npz.done
209	1786035048	text/plain	JSON	receipt/manifest/provenance	4D UQ	aba14c4016937e333619cf80d959eb86fa04d9b9	False			nd-unfolding/uq_4d/corrected/seedscan_split_4d/res_split_16.npz.done
209	1786035048	text/plain	JSON	receipt/manifest/provenance	4D UQ	1f41fa721df4489324e0c1864a2d0817caf68ffb	False			nd-unfolding/uq_4d/corrected/seedscan_split_4d/res_split_17.npz.done
209	1786035048	text/plain	JSON	receipt/manifest/provenance	4D UQ	6acbd24244eaf9118e53c24c65fb46479d668fcc	False			nd-unfolding/uq_4d/corrected/seedscan_split_4d/res_split_18.npz.done
209	1786035048	text/plain	JSON	receipt/manifest/provenance	4D UQ	ebd8c9cd9107a7137ce856576a3e32a26337a5a3	False			nd-unfolding/uq_4d/corrected/seedscan_split_4d/res_split_19.npz.done
209	1786035048	text/plain	JSON	receipt/manifest/provenance	4D UQ	b74e39b7b28b737fbff4ad0c6e1355e2e01f85f0	False			nd-unfolding/uq_4d/corrected/seedscan_split_4d/res_split_20.npz.done
209	1786035048	text/plain	JSON	receipt/manifest/provenance	4D UQ	45599797ff4c10d39403475167d3d71d6ff81682	False			nd-unfolding/uq_4d/corrected/seedscan_split_4d/res_split_21.npz.done
209	1786035048	text/plain	JSON	receipt/manifest/provenance	4D UQ	047e96eb1f7786c091d5254f06aff3c0284eda65	False			nd-unfolding/uq_4d/corrected/seedscan_split_4d/res_split_22.npz.done
209	1786035048	text/plain	JSON	receipt/manifest/provenance	4D UQ	fe4ec51db5af8b0837ae298e6e4dc5dc2e1f5ee5	False			nd-unfolding/uq_4d/corrected/seedscan_split_4d/res_split_23.npz.done
209	1786035048	text/plain	JSON	receipt/manifest/provenance	4D UQ	0ae879a87a55cdbfdeea27f707ac0bc13380724d	False			nd-unfolding/uq_4d/corrected/seedscan_split_4d/res_split_24.npz.done
209	1786035059	text/plain	JSON	receipt/manifest/provenance	FPS UQ	01a36c5e7b2ac0e8628e7a3dd3ab605b2eff67d9	False			nd-unfolding/uq_fps/corrected/seedscan_split_fps/res_split_1.npz.done
209	1786035059	text/plain	JSON	receipt/manifest/provenance	FPS UQ	f1b304ecaaf563bee93a35362ffb6fec839c2633	False			nd-unfolding/uq_fps/corrected/seedscan_split_fps/res_split_2.npz.done
209	1786035059	text/plain	JSON	receipt/manifest/provenance	FPS UQ	385c36ef1b0c490849a7e56bedf209f87f66d487	False			nd-unfolding/uq_fps/corrected/seedscan_split_fps/res_split_3.npz.done
209	1786035059	text/plain	JSON	receipt/manifest/provenance	FPS UQ	64ab0c96bcf5b81ea4f99a28025239ab19a84261	False			nd-unfolding/uq_fps/corrected/seedscan_split_fps/res_split_4.npz.done
209	1786035059	text/plain	JSON	receipt/manifest/provenance	FPS UQ	f1557275872e6c13ec375a50d65d9fa3993880e8	False			nd-unfolding/uq_fps/corrected/seedscan_split_fps/res_split_5.npz.done
209	1786035059	text/plain	JSON	receipt/manifest/provenance	FPS UQ	1f14d990173b877f0c637d435c4b43fb8b4cf1f9	False			nd-unfolding/uq_fps/corrected/seedscan_split_fps/res_split_6.npz.done
209	1786035059	text/plain	JSON	receipt/manifest/provenance	FPS UQ	b70d3d0ff094c87333e8994d9b7c4806da891f58	False			nd-unfolding/uq_fps/corrected/seedscan_split_fps/res_split_7.npz.done
209	1786035059	text/plain	JSON	receipt/manifest/provenance	FPS UQ	5955bd9eba22d167ba8a23f2dc542d8e8eda0a60	False			nd-unfolding/uq_fps/corrected/seedscan_split_fps/res_split_8.npz.done
209	1786035059	text/plain	JSON	receipt/manifest/provenance	FPS UQ	1bd5f90a825f0a321a7e959280a59efb827ff7db	False			nd-unfolding/uq_fps/corrected/seedscan_split_fps/res_split_9.npz.done
208	1786035048	text/plain	JSON	receipt/manifest/provenance	4D UQ	7a1b01a05931554981c5ae8d4894f018a74816f2	False			nd-unfolding/uq_4d/corrected/seedscan_split_4d/res_split_1.npz.done
208	1786035048	text/plain	JSON	receipt/manifest/provenance	4D UQ	c9c2cfac4579e738319fc3bf423b16251bee4809	False			nd-unfolding/uq_4d/corrected/seedscan_split_4d/res_split_2.npz.done
208	1786035048	text/plain	JSON	receipt/manifest/provenance	4D UQ	1b2ef440972afad2d58255d8239954abba4bed22	False			nd-unfolding/uq_4d/corrected/seedscan_split_4d/res_split_3.npz.done
208	1786035048	text/plain	JSON	receipt/manifest/provenance	4D UQ	adf4a1e1af7c095b8fd0f04f4ef0003f7a67d7da	False			nd-unfolding/uq_4d/corrected/seedscan_split_4d/res_split_4.npz.done
208	1786035048	text/plain	JSON	receipt/manifest/provenance	4D UQ	d765fba68e38c648673a624c681814064598b524	False			nd-unfolding/uq_4d/corrected/seedscan_split_4d/res_split_5.npz.done
208	1786035048	text/plain	JSON	receipt/manifest/provenance	4D UQ	e6d98268a06432270eecc78f574d72ff4dee8598	False			nd-unfolding/uq_4d/corrected/seedscan_split_4d/res_split_6.npz.done
208	1786035048	text/plain	JSON	receipt/manifest/provenance	4D UQ	be9d601a6acab9187d66c94c335cd19a8359d1cc	False			nd-unfolding/uq_4d/corrected/seedscan_split_4d/res_split_7.npz.done
208	1786035048	text/plain	JSON	receipt/manifest/provenance	4D UQ	0f5fcc52da5bb0d09bc76ad041ba2ad79d414664	False			nd-unfolding/uq_4d/corrected/seedscan_split_4d/res_split_8.npz.done
208	1786035048	text/plain	JSON	receipt/manifest/provenance	4D UQ	6806616905c221e2ef47caf42521d44d818408c2	False			nd-unfolding/uq_4d/corrected/seedscan_split_4d/res_split_9.npz.done
206	1786035048	text/plain	JSON	receipt/manifest/provenance	4D UQ	c81d350cd99dc519d2bc4fab9a4ae2511c9cd9fa	False			nd-unfolding/uq_4d/corrected/uthrow_slabs_4d/block4d_10.npz.done
206	1786035048	text/plain	JSON	receipt/manifest/provenance	4D UQ	e5dfdced0d05c3ec6c05b876e57ea6e399b953cc	False			nd-unfolding/uq_4d/corrected/uthrow_slabs_4d/block4d_11.npz.done
206	1786035048	text/plain	JSON	receipt/manifest/provenance	4D UQ	389683381bdca017e79639bed3b2a728c727aee0	False			nd-unfolding/uq_4d/corrected/uthrow_slabs_4d/block4d_12.npz.done
206	1786035048	text/plain	JSON	receipt/manifest/provenance	4D UQ	2e059b9668e18a33253cd6f73f95a0cc238ed042	False			nd-unfolding/uq_4d/corrected/uthrow_slabs_4d/block4d_13.npz.done
206	1786035048	text/plain	JSON	receipt/manifest/provenance	4D UQ	ab57cff9e1d13d39a54b4431fc418acb60dc9215	False			nd-unfolding/uq_4d/corrected/uthrow_slabs_4d/block4d_14.npz.done
206	1786035048	text/plain	JSON	receipt/manifest/provenance	4D UQ	842e8f2a32312d2e102efdcebeee12cf561eba86	False			nd-unfolding/uq_4d/corrected/uthrow_slabs_4d/block4d_15.npz.done
206	1786035048	text/plain	JSON	receipt/manifest/provenance	4D UQ	2743cc387fba781ceebffe5bb96803a816ef935f	False			nd-unfolding/uq_4d/corrected/uthrow_slabs_4d/block4d_16.npz.done
206	1786035048	text/plain	JSON	receipt/manifest/provenance	4D UQ	64d52e03027f46e711f373c1214f923db51b204b	False			nd-unfolding/uq_4d/corrected/uthrow_slabs_4d/block4d_17.npz.done
206	1786035048	text/plain	JSON	receipt/manifest/provenance	4D UQ	2c1d55efd869750d982858e8886f30a58e393bae	False			nd-unfolding/uq_4d/corrected/uthrow_slabs_4d/block4d_18.npz.done
206	1786035048	text/plain	JSON	receipt/manifest/provenance	4D UQ	c11857a51e13ac8065a4dbbf9629b4fc54be2760	False			nd-unfolding/uq_4d/corrected/uthrow_slabs_4d/block4d_19.npz.done
206	1786035048	text/plain	JSON	receipt/manifest/provenance	4D UQ	0d3feed25216e544df651536c71cd2c87c76facd	False			nd-unfolding/uq_4d/corrected/uthrow_slabs_4d/block4d_20.npz.done
206	1786035048	text/plain	JSON	receipt/manifest/provenance	4D UQ	75e8a8bf90a0e56c267273b7d505efcece68872a	False			nd-unfolding/uq_4d/corrected/uthrow_slabs_4d/block4d_21.npz.done
206	1786035048	text/plain	JSON	receipt/manifest/provenance	4D UQ	de6dd4eae065e150754a9d89d6a0daabddbbd8e2	False			nd-unfolding/uq_4d/corrected/uthrow_slabs_4d/block4d_22.npz.done
206	1786035048	text/plain	JSON	receipt/manifest/provenance	4D UQ	22a54549344873049c00634301026690833e8d14	False			nd-unfolding/uq_4d/corrected/uthrow_slabs_4d/block4d_23.npz.done
206	1786035048	text/plain	JSON	receipt/manifest/provenance	4D UQ	1ec84658e81d7d9c6c4305b504e697e5028cfb29	False			nd-unfolding/uq_4d/corrected/uthrow_slabs_4d/block4d_24.npz.done
206	1786035048	text/plain	JSON	receipt/manifest/provenance	4D UQ	44763458c22036df6605585dae96c9710a78a327	False			nd-unfolding/uq_4d/corrected/uthrow_slabs_4d/block4d_25.npz.done
205	1786035048	text/plain	JSON	receipt/manifest/provenance	products	6de42d66fc5cac5eb86854b18d9c61e5c048f582	False			nd-unfolding/products/4d/xsec_4d_MEFHC_ascencio_fine.root.done
205	1786035048	text/plain	JSON	receipt/manifest/provenance	4D UQ	324b17fc65d0c6bbd0b7154e9c3597f198779884	False			nd-unfolding/uq_4d/corrected/uthrow_slabs_4d/block4d_0.npz.done
205	1786035048	text/plain	JSON	receipt/manifest/provenance	4D UQ	14bfbad41bd95a9e26cd94b3bc709107cc9c85c3	False			nd-unfolding/uq_4d/corrected/uthrow_slabs_4d/block4d_1.npz.done
205	1786035048	text/plain	JSON	receipt/manifest/provenance	4D UQ	82b97f3307d8365d7c6db3bea679e788538e5b2a	False			nd-unfolding/uq_4d/corrected/uthrow_slabs_4d/block4d_2.npz.done
205	1786035048	text/plain	JSON	receipt/manifest/provenance	4D UQ	1abf9a3e2645b20bf39174dcade9ed8582beea7f	False			nd-unfolding/uq_4d/corrected/uthrow_slabs_4d/block4d_3.npz.done
205	1786035048	text/plain	JSON	receipt/manifest/provenance	4D UQ	cea73ff6baec65d425634fea4e561993b329d9e7	False			nd-unfolding/uq_4d/corrected/uthrow_slabs_4d/block4d_4.npz.done
205	1786035048	text/plain	JSON	receipt/manifest/provenance	4D UQ	8dadf8a9700bd1f975629828867593b28f233ff7	False			nd-unfolding/uq_4d/corrected/uthrow_slabs_4d/block4d_5.npz.done
205	1786035048	text/plain	JSON	receipt/manifest/provenance	4D UQ	2bab43fc48e754a87b717f51f332dfbe5d016c65	False			nd-unfolding/uq_4d/corrected/uthrow_slabs_4d/block4d_6.npz.done
205	1786035048	text/plain	JSON	receipt/manifest/provenance	4D UQ	fecc5195e45bbbb36f7721c843d5d50f4e015a82	False			nd-unfolding/uq_4d/corrected/uthrow_slabs_4d/block4d_7.npz.done
205	1786035048	text/plain	JSON	receipt/manifest/provenance	4D UQ	38355fc7e7f0bea1c27c00c87a94b2cf4b951414	False			nd-unfolding/uq_4d/corrected/uthrow_slabs_4d/block4d_8.npz.done
205	1786035048	text/plain	JSON	receipt/manifest/provenance	4D UQ	2c2cfe968dc9240b126c4a6563f2b4e0a79db9d0	False			nd-unfolding/uq_4d/corrected/uthrow_slabs_4d/block4d_9.npz.done
204	1786035059	text/plain	JSON	receipt/manifest/provenance	FPS UQ	294350530070a50e6d2288efaf2f54949795cb07	False			nd-unfolding/uq_fps/uthrow_slabs_fps/uthrowfps_slab_10.npz.done
204	1786035059	text/plain	JSON	receipt/manifest/provenance	FPS UQ	b77c3a340a754f3497cc021ac18ecd9950a3fe59	False			nd-unfolding/uq_fps/uthrow_slabs_fps/uthrowfps_slab_11.npz.done
204	1786035059	text/plain	JSON	receipt/manifest/provenance	FPS UQ	ba6cd91cea8fc182f69794ee0ddcc4ccc4eb01f5	False			nd-unfolding/uq_fps/uthrow_slabs_fps/uthrowfps_slab_12.npz.done
204	1786035059	text/plain	JSON	receipt/manifest/provenance	FPS UQ	7c604bc9ac06214b6192446116ef39f17469e11d	False			nd-unfolding/uq_fps/uthrow_slabs_fps/uthrowfps_slab_13.npz.done
204	1786035059	text/plain	JSON	receipt/manifest/provenance	FPS UQ	d239ff9c992cbf80e1283e654bdd1ecd5489141c	False			nd-unfolding/uq_fps/uthrow_slabs_fps/uthrowfps_slab_14.npz.done
204	1786035059	text/plain	JSON	receipt/manifest/provenance	FPS UQ	46d0edf1dfcbc88d197c792d4e74709ab6727705	False			nd-unfolding/uq_fps/uthrow_slabs_fps/uthrowfps_slab_15.npz.done
204	1786035059	text/plain	JSON	receipt/manifest/provenance	FPS UQ	be9d42a8fb269886f0b7ec4dede4acde436f4d66	False			nd-unfolding/uq_fps/uthrow_slabs_fps/uthrowfps_slab_16.npz.done
204	1786035059	text/plain	JSON	receipt/manifest/provenance	FPS UQ	dae543abc2372ec24c7c63a64411d818e4dbf277	False			nd-unfolding/uq_fps/uthrow_slabs_fps/uthrowfps_slab_17.npz.done
204	1786035059	text/plain	JSON	receipt/manifest/provenance	FPS UQ	58c5a4ab22f093ca745c6bbd6f39435da8a418f1	False			nd-unfolding/uq_fps/uthrow_slabs_fps/uthrowfps_slab_18.npz.done
204	1786035059	text/plain	JSON	receipt/manifest/provenance	FPS UQ	b5bd441b29a3a1b1a5c14930fb41aaba81219e85	False			nd-unfolding/uq_fps/uthrow_slabs_fps/uthrowfps_slab_19.npz.done
203	1786035059	text/plain	JSON	receipt/manifest/provenance	FPS UQ	532d443c142bf8448e996524aae197177d09f4a5	False			nd-unfolding/uq_fps/corrected/boot_nd_fps/res_boot_100.npz.done
203	1786035059	text/plain	JSON	receipt/manifest/provenance	FPS UQ	3950a25e8833e68db91585a7f39428588b4291c8	False			nd-unfolding/uq_fps/uthrow_slabs_fps/uthrowfps_slab_0.npz.done
203	1786035059	text/plain	JSON	receipt/manifest/provenance	FPS UQ	9ac0b02b99be2ec4552de199aca90a606000cead	False			nd-unfolding/uq_fps/uthrow_slabs_fps/uthrowfps_slab_1.npz.done
203	1786035059	text/plain	JSON	receipt/manifest/provenance	FPS UQ	8c7767dc9eac916db9ac2aef44bf8f1b7342c282	False			nd-unfolding/uq_fps/uthrow_slabs_fps/uthrowfps_slab_2.npz.done
203	1786035059	text/plain	JSON	receipt/manifest/provenance	FPS UQ	53b0e9575ef246a14ea5925016a60383fba1aee7	False			nd-unfolding/uq_fps/uthrow_slabs_fps/uthrowfps_slab_3.npz.done
203	1786035059	text/plain	JSON	receipt/manifest/provenance	FPS UQ	abefc694442df6db31d47e27475d6b558cabccaa	False			nd-unfolding/uq_fps/uthrow_slabs_fps/uthrowfps_slab_4.npz.done
203	1786035059	text/plain	JSON	receipt/manifest/provenance	FPS UQ	b98f594d0310ede0356feee87cb275a124450101	False			nd-unfolding/uq_fps/uthrow_slabs_fps/uthrowfps_slab_5.npz.done
203	1786035059	text/plain	JSON	receipt/manifest/provenance	FPS UQ	ccc6e7d98036c19b26a047cf49dc181d2c2b4044	False			nd-unfolding/uq_fps/uthrow_slabs_fps/uthrowfps_slab_6.npz.done
203	1786035059	text/plain	JSON	receipt/manifest/provenance	FPS UQ	07ef351f7c37d0a8f71e19f377b1ee366895d419	False			nd-unfolding/uq_fps/uthrow_slabs_fps/uthrowfps_slab_7.npz.done
203	1786035059	text/plain	JSON	receipt/manifest/provenance	FPS UQ	8e38710e8d76efa3f19506fad47b1331325316aa	False			nd-unfolding/uq_fps/uthrow_slabs_fps/uthrowfps_slab_8.npz.done
203	1786035059	text/plain	JSON	receipt/manifest/provenance	FPS UQ	004370982e1635f3da05a151a5188a9f20768674	False			nd-unfolding/uq_fps/uthrow_slabs_fps/uthrowfps_slab_9.npz.done
202	1786035048	text/plain	JSON	receipt/manifest/provenance	4D UQ	444cf90591d641c46daa5b17c1313185236e74c0	False			nd-unfolding/uq_4d/corrected/boot_nd_4d/res_boot_100.npz.done
202	1786035059	text/plain	JSON	receipt/manifest/provenance	FPS UQ	bab5ef7ea4351c8923aa95f6678c971c16c9af83	False			nd-unfolding/uq_fps/corrected/boot_nd_fps/res_boot_10.npz.done
202	1786035059	text/plain	JSON	receipt/manifest/provenance	FPS UQ	45f5b70b9f148f53a7acd761ac7d1edec3e93343	False			nd-unfolding/uq_fps/corrected/boot_nd_fps/res_boot_11.npz.done
202	1786035059	text/plain	JSON	receipt/manifest/provenance	FPS UQ	51f83d198187bf996c2e03608fb969b3bbc613fd	False			nd-unfolding/uq_fps/corrected/boot_nd_fps/res_boot_12.npz.done
202	1786035059	text/plain	JSON	receipt/manifest/provenance	FPS UQ	76005f0ee4968109e0a0a9c10e07a3c5fe4c9848	False			nd-unfolding/uq_fps/corrected/boot_nd_fps/res_boot_13.npz.done
202	1786035059	text/plain	JSON	receipt/manifest/provenance	FPS UQ	9e101b547acaeef331620f9a8e796de95b97f2d0	False			nd-unfolding/uq_fps/corrected/boot_nd_fps/res_boot_14.npz.done
202	1786035059	text/plain	JSON	receipt/manifest/provenance	FPS UQ	0d603547416d8436ade1010c5e41d602ddbcb4df	False			nd-unfolding/uq_fps/corrected/boot_nd_fps/res_boot_15.npz.done
202	1786035059	text/plain	JSON	receipt/manifest/provenance	FPS UQ	ba60e30e01b91332b3e5b62d832d9e19406341fc	False			nd-unfolding/uq_fps/corrected/boot_nd_fps/res_boot_16.npz.done
202	1786035059	text/plain	JSON	receipt/manifest/provenance	FPS UQ	0683228ba9612b4691780214cf2d156ebcba791d	False			nd-unfolding/uq_fps/corrected/boot_nd_fps/res_boot_17.npz.done
202	1786035059	text/plain	JSON	receipt/manifest/provenance	FPS UQ	9efb9928ebbcbfbb0fc2c2617015c7f7fd1cc1ff	False			nd-unfolding/uq_fps/corrected/boot_nd_fps/res_boot_18.npz.done
202	1786035059	text/plain	JSON	receipt/manifest/provenance	FPS UQ	107c644f0c2e304058c9e099e9353058c402deb2	False			nd-unfolding/uq_fps/corrected/boot_nd_fps/res_boot_19.npz.done
202	1786035059	text/plain	JSON	receipt/manifest/provenance	FPS UQ	4a0d830aad34252a4d178f818f281a1d939044e1	False			nd-unfolding/uq_fps/corrected/boot_nd_fps/res_boot_20.npz.done
202	1786035059	text/plain	JSON	receipt/manifest/provenance	FPS UQ	26a9495e41db7c2c91328f65412c3ddc573b962e	False			nd-unfolding/uq_fps/corrected/boot_nd_fps/res_boot_21.npz.done
202	1786035059	text/plain	JSON	receipt/manifest/provenance	FPS UQ	7e19f660f522f366eef88f53a9cc898a511aabce	False			nd-unfolding/uq_fps/corrected/boot_nd_fps/res_boot_22.npz.done
202	1786035059	text/plain	JSON	receipt/manifest/provenance	FPS UQ	adabde9a8f3cba3b28ebee548b1ef87a8969a849	False			nd-unfolding/uq_fps/corrected/boot_nd_fps/res_boot_23.npz.done
202	1786035059	text/plain	JSON	receipt/manifest/provenance	FPS UQ	682e7936b4d5b520feee6052609d8d6c6d4ebe06	False			nd-unfolding/uq_fps/corrected/boot_nd_fps/res_boot_24.npz.done
202	1786035059	text/plain	JSON	receipt/manifest/provenance	FPS UQ	a6860e3760f8b317243656cb260713453e6a73fe	False			nd-unfolding/uq_fps/corrected/boot_nd_fps/res_boot_25.npz.done
202	1786035059	text/plain	JSON	receipt/manifest/provenance	FPS UQ	65533b4702b790cbb5e6719c2fe430f817a6761c	False			nd-unfolding/uq_fps/corrected/boot_nd_fps/res_boot_26.npz.done
202	1786035059	text/plain	JSON	receipt/manifest/provenance	FPS UQ	7f64387c36e5fa7d17ee6f2f19ec2a7b8e3cfd73	False			nd-unfolding/uq_fps/corrected/boot_nd_fps/res_boot_27.npz.done
202	1786035059	text/plain	JSON	receipt/manifest/provenance	FPS UQ	bec7bf90509ec2bf20cfba82e380fc3ee05d4537	False			nd-unfolding/uq_fps/corrected/boot_nd_fps/res_boot_28.npz.done
202	1786035059	text/plain	JSON	receipt/manifest/provenance	FPS UQ	2711dd126d6267001b6b415148d3e7519153782f	False			nd-unfolding/uq_fps/corrected/boot_nd_fps/res_boot_29.npz.done
202	1786035059	text/plain	JSON	receipt/manifest/provenance	FPS UQ	7ffa5d6205d12f59fb22b06bbbde693504cf9c97	False			nd-unfolding/uq_fps/corrected/boot_nd_fps/res_boot_30.npz.done
202	1786035059	text/plain	JSON	receipt/manifest/provenance	FPS UQ	ef07acb32c44fa51e3788d0da92964d461298856	False			nd-unfolding/uq_fps/corrected/boot_nd_fps/res_boot_31.npz.done
202	1786035059	text/plain	JSON	receipt/manifest/provenance	FPS UQ	7c953be834beaa3c1a8cc584e3fac4ded3d7fbe7	False			nd-unfolding/uq_fps/corrected/boot_nd_fps/res_boot_32.npz.done
202	1786035059	text/plain	JSON	receipt/manifest/provenance	FPS UQ	510d2c0fa9d7e2a9443db7c309534cb86ba59c33	False			nd-unfolding/uq_fps/corrected/boot_nd_fps/res_boot_33.npz.done
202	1786035059	text/plain	JSON	receipt/manifest/provenance	FPS UQ	d5e882b644898a44bb1c5b15cf02f992c00312f5	False			nd-unfolding/uq_fps/corrected/boot_nd_fps/res_boot_34.npz.done
202	1786035059	text/plain	JSON	receipt/manifest/provenance	FPS UQ	4149285b9ffe2558a8a889235018db50d58d1d02	False			nd-unfolding/uq_fps/corrected/boot_nd_fps/res_boot_35.npz.done
202	1786035059	text/plain	JSON	receipt/manifest/provenance	FPS UQ	1409c56cf57c0b3607e6bad96f3e13de9d1757c0	False			nd-unfolding/uq_fps/corrected/boot_nd_fps/res_boot_36.npz.done
202	1786035059	text/plain	JSON	receipt/manifest/provenance	FPS UQ	101429bc22e6bd5f4e549df0445feb508fa9a854	False			nd-unfolding/uq_fps/corrected/boot_nd_fps/res_boot_37.npz.done
202	1786035059	text/plain	JSON	receipt/manifest/provenance	FPS UQ	6bdc0e7ea3b374fc1f490c869d624d18a76ab609	False			nd-unfolding/uq_fps/corrected/boot_nd_fps/res_boot_38.npz.done
202	1786035059	text/plain	JSON	receipt/manifest/provenance	FPS UQ	a3a5cdf362dd9a21536b46e5c2c1ba92d6fa22a2	False			nd-unfolding/uq_fps/corrected/boot_nd_fps/res_boot_39.npz.done
202	1786035059	text/plain	JSON	receipt/manifest/provenance	FPS UQ	1ac775a39bb9dae5dc40136755120d66af0ac89f	False			nd-unfolding/uq_fps/corrected/boot_nd_fps/res_boot_40.npz.done
202	1786035059	text/plain	JSON	receipt/manifest/provenance	FPS UQ	7a888ee744e4317e5556e7017ef37a89885c8c05	False			nd-unfolding/uq_fps/corrected/boot_nd_fps/res_boot_41.npz.done
202	1786035059	text/plain	JSON	receipt/manifest/provenance	FPS UQ	a7e97ff38391d8b4d1b27d1345e8a38f7babda8b	False			nd-unfolding/uq_fps/corrected/boot_nd_fps/res_boot_42.npz.done
202	1786035059	text/plain	JSON	receipt/manifest/provenance	FPS UQ	a465861cc6371df64b573427777e72cd01f5cd4e	False			nd-unfolding/uq_fps/corrected/boot_nd_fps/res_boot_43.npz.done
202	1786035059	text/plain	JSON	receipt/manifest/provenance	FPS UQ	13e8f7be28ac89e0b0d739906ff863b70d7eff14	False			nd-unfolding/uq_fps/corrected/boot_nd_fps/res_boot_44.npz.done
202	1786035059	text/plain	JSON	receipt/manifest/provenance	FPS UQ	c855321e1a090ce216af87941169ae8c8ab01dae	False			nd-unfolding/uq_fps/corrected/boot_nd_fps/res_boot_45.npz.done
202	1786035059	text/plain	JSON	receipt/manifest/provenance	FPS UQ	81b322cff88d25e0d4f4d89167800e050ff9c438	False			nd-unfolding/uq_fps/corrected/boot_nd_fps/res_boot_46.npz.done
202	1786035059	text/plain	JSON	receipt/manifest/provenance	FPS UQ	2d8b434c3e3c04b27774380453d310d7b5124891	False			nd-unfolding/uq_fps/corrected/boot_nd_fps/res_boot_47.npz.done
202	1786035059	text/plain	JSON	receipt/manifest/provenance	FPS UQ	5eb3c39a894b6493d7a1456f3489939307aacaf3	False			nd-unfolding/uq_fps/corrected/boot_nd_fps/res_boot_48.npz.done
202	1786035059	text/plain	JSON	receipt/manifest/provenance	FPS UQ	7357818d22ed833d0d6cb1a06291cef6619e5de9	False			nd-unfolding/uq_fps/corrected/boot_nd_fps/res_boot_49.npz.done
202	1786035059	text/plain	JSON	receipt/manifest/provenance	FPS UQ	d9ae1b4e0868581aba82dc8b7170b63484465495	False			nd-unfolding/uq_fps/corrected/boot_nd_fps/res_boot_50.npz.done
202	1786035059	text/plain	JSON	receipt/manifest/provenance	FPS UQ	ea8e69c7a603b8ab10b7ded241b3d4d983f10e7e	False			nd-unfolding/uq_fps/corrected/boot_nd_fps/res_boot_51.npz.done
202	1786035059	text/plain	JSON	receipt/manifest/provenance	FPS UQ	ab7b2e8e2aba2adbcc645bb25294d718993d4ac8	False			nd-unfolding/uq_fps/corrected/boot_nd_fps/res_boot_52.npz.done
202	1786035059	text/plain	JSON	receipt/manifest/provenance	FPS UQ	770fd4c396bc83bc28500704d2b7835608dfcc41	False			nd-unfolding/uq_fps/corrected/boot_nd_fps/res_boot_53.npz.done
202	1786035059	text/plain	JSON	receipt/manifest/provenance	FPS UQ	a086d2168f62854f1b53d6a61437c68bc5b49efe	False			nd-unfolding/uq_fps/corrected/boot_nd_fps/res_boot_54.npz.done
202	1786035059	text/plain	JSON	receipt/manifest/provenance	FPS UQ	a7e35b475d435f7f1de7a624b7f0cbd3c9616886	False			nd-unfolding/uq_fps/corrected/boot_nd_fps/res_boot_55.npz.done
202	1786035059	text/plain	JSON	receipt/manifest/provenance	FPS UQ	b6879d85cb09a469c0c5412919da94739141aab8	False			nd-unfolding/uq_fps/corrected/boot_nd_fps/res_boot_56.npz.done
202	1786035059	text/plain	JSON	receipt/manifest/provenance	FPS UQ	d99c17e36e671ff0456c1da8709c4da78f708dd3	False			nd-unfolding/uq_fps/corrected/boot_nd_fps/res_boot_57.npz.done
202	1786035059	text/plain	JSON	receipt/manifest/provenance	FPS UQ	17656a849d64dd391dcf108afc891425b91f1521	False			nd-unfolding/uq_fps/corrected/boot_nd_fps/res_boot_58.npz.done
202	1786035059	text/plain	JSON	receipt/manifest/provenance	FPS UQ	be8fb4e48da208c3fe7dfd2c829dee0e301ffda2	False			nd-unfolding/uq_fps/corrected/boot_nd_fps/res_boot_59.npz.done
202	1786035059	text/plain	JSON	receipt/manifest/provenance	FPS UQ	6683eb913c8e7f06d2a0a3e016616bdd863eeceb	False			nd-unfolding/uq_fps/corrected/boot_nd_fps/res_boot_60.npz.done
202	1786035059	text/plain	JSON	receipt/manifest/provenance	FPS UQ	d673bc5c0dda882886337d9dfbbddafdfe4ad488	False			nd-unfolding/uq_fps/corrected/boot_nd_fps/res_boot_61.npz.done
202	1786035059	text/plain	JSON	receipt/manifest/provenance	FPS UQ	3807351f62f31acde5166d2f62069e8dc2499bac	False			nd-unfolding/uq_fps/corrected/boot_nd_fps/res_boot_62.npz.done
202	1786035059	text/plain	JSON	receipt/manifest/provenance	FPS UQ	70a792ca43783d78574b3cb3f148056eec1c95a5	False			nd-unfolding/uq_fps/corrected/boot_nd_fps/res_boot_63.npz.done
202	1786035059	text/plain	JSON	receipt/manifest/provenance	FPS UQ	65511a113688a16be4b2b520ad2e6f94287df74c	False			nd-unfolding/uq_fps/corrected/boot_nd_fps/res_boot_64.npz.done
202	1786035059	text/plain	JSON	receipt/manifest/provenance	FPS UQ	d204aeb0271313c64b369d666a3784d79f3ae97d	False			nd-unfolding/uq_fps/corrected/boot_nd_fps/res_boot_65.npz.done
202	1786035059	text/plain	JSON	receipt/manifest/provenance	FPS UQ	2a29b08f4dfb76abd663770bd2003f9cf93dde68	False			nd-unfolding/uq_fps/corrected/boot_nd_fps/res_boot_66.npz.done
202	1786035059	text/plain	JSON	receipt/manifest/provenance	FPS UQ	bcc6db6acec43b7761233bdde2b1201e653f9c09	False			nd-unfolding/uq_fps/corrected/boot_nd_fps/res_boot_67.npz.done
202	1786035059	text/plain	JSON	receipt/manifest/provenance	FPS UQ	fdfc31b56d0b729e16828a18c4c7afc37837c1b8	False			nd-unfolding/uq_fps/corrected/boot_nd_fps/res_boot_68.npz.done
202	1786035059	text/plain	JSON	receipt/manifest/provenance	FPS UQ	f4aad9f74bd7a2742f17a638f2ce99aa37fc1dc8	False			nd-unfolding/uq_fps/corrected/boot_nd_fps/res_boot_69.npz.done
202	1786035059	text/plain	JSON	receipt/manifest/provenance	FPS UQ	f1d78073182f41275fe04ecdbf167669bfdddb7b	False			nd-unfolding/uq_fps/corrected/boot_nd_fps/res_boot_70.npz.done
202	1786035059	text/plain	JSON	receipt/manifest/provenance	FPS UQ	62b8b480acffa38fa113b71f5a16ce3ca5dd26bb	False			nd-unfolding/uq_fps/corrected/boot_nd_fps/res_boot_71.npz.done
202	1786035059	text/plain	JSON	receipt/manifest/provenance	FPS UQ	4408de26efd2b201df10f97a7afc6560774a3dad	False			nd-unfolding/uq_fps/corrected/boot_nd_fps/res_boot_72.npz.done
202	1786035059	text/plain	JSON	receipt/manifest/provenance	FPS UQ	af5cb041f782c2b3f8e430716c1f07160d7970fc	False			nd-unfolding/uq_fps/corrected/boot_nd_fps/res_boot_73.npz.done
202	1786035059	text/plain	JSON	receipt/manifest/provenance	FPS UQ	1230026a78ef9755d9db5422e92466141c6dc026	False			nd-unfolding/uq_fps/corrected/boot_nd_fps/res_boot_74.npz.done
202	1786035059	text/plain	JSON	receipt/manifest/provenance	FPS UQ	c6894f7378f983648edbaebe36ab727b08e6a65b	False			nd-unfolding/uq_fps/corrected/boot_nd_fps/res_boot_75.npz.done
202	1786035059	text/plain	JSON	receipt/manifest/provenance	FPS UQ	31404fa6cc164a25f920439a9517d6d06d261f5d	False			nd-unfolding/uq_fps/corrected/boot_nd_fps/res_boot_76.npz.done
202	1786035059	text/plain	JSON	receipt/manifest/provenance	FPS UQ	c68fe02dbe882de39abf3befebd2288c751de51f	False			nd-unfolding/uq_fps/corrected/boot_nd_fps/res_boot_77.npz.done
202	1786035059	text/plain	JSON	receipt/manifest/provenance	FPS UQ	2f1ed094352a424359eda720f0773e5e8075d76a	False			nd-unfolding/uq_fps/corrected/boot_nd_fps/res_boot_78.npz.done
202	1786035059	text/plain	JSON	receipt/manifest/provenance	FPS UQ	d7f7f82191d479ad34d3e3e2a8708808fdb38d2f	False			nd-unfolding/uq_fps/corrected/boot_nd_fps/res_boot_79.npz.done
202	1786035059	text/plain	JSON	receipt/manifest/provenance	FPS UQ	3c9f72984ce45b7ad7790c1bbfd6e97564a62a6d	False			nd-unfolding/uq_fps/corrected/boot_nd_fps/res_boot_80.npz.done
202	1786035059	text/plain	JSON	receipt/manifest/provenance	FPS UQ	dc1a4fb4c99bb412cf7622b72a3e3acf566a85cd	False			nd-unfolding/uq_fps/corrected/boot_nd_fps/res_boot_81.npz.done
202	1786035059	text/plain	JSON	receipt/manifest/provenance	FPS UQ	dbdee6562e7d60e0d2a343c5677aafc444d687bd	False			nd-unfolding/uq_fps/corrected/boot_nd_fps/res_boot_82.npz.done
202	1786035059	text/plain	JSON	receipt/manifest/provenance	FPS UQ	6ca5cff571543038902c71af15783c95c8fb37c5	False			nd-unfolding/uq_fps/corrected/boot_nd_fps/res_boot_83.npz.done
202	1786035059	text/plain	JSON	receipt/manifest/provenance	FPS UQ	afb3b4a76810b034f4098940ed39edeeb821d101	False			nd-unfolding/uq_fps/corrected/boot_nd_fps/res_boot_84.npz.done
202	1786035059	text/plain	JSON	receipt/manifest/provenance	FPS UQ	89ff9f03822e01fb9cc397645f839278b37f9629	False			nd-unfolding/uq_fps/corrected/boot_nd_fps/res_boot_85.npz.done
202	1786035059	text/plain	JSON	receipt/manifest/provenance	FPS UQ	643bdc61c745261375a957655612499ea4485b7f	False			nd-unfolding/uq_fps/corrected/boot_nd_fps/res_boot_86.npz.done
202	1786035059	text/plain	JSON	receipt/manifest/provenance	FPS UQ	a6740816ef9f1339bd01e51971480b7d65653d65	False			nd-unfolding/uq_fps/corrected/boot_nd_fps/res_boot_87.npz.done
202	1786035059	text/plain	JSON	receipt/manifest/provenance	FPS UQ	2f08f03c7fe7c2f1943c9adf1371493102c6919c	False			nd-unfolding/uq_fps/corrected/boot_nd_fps/res_boot_88.npz.done
202	1786035059	text/plain	JSON	receipt/manifest/provenance	FPS UQ	5112be7769dbc4d6f4f9efa5c782245909175515	False			nd-unfolding/uq_fps/corrected/boot_nd_fps/res_boot_89.npz.done
202	1786035059	text/plain	JSON	receipt/manifest/provenance	FPS UQ	7bbc5702040d3199d64188f1b71f4b21f040198d	False			nd-unfolding/uq_fps/corrected/boot_nd_fps/res_boot_90.npz.done
202	1786035059	text/plain	JSON	receipt/manifest/provenance	FPS UQ	01dd7db599ccac98b6f0ba41d8051ed302f86d57	False			nd-unfolding/uq_fps/corrected/boot_nd_fps/res_boot_91.npz.done
202	1786035059	text/plain	JSON	receipt/manifest/provenance	FPS UQ	75cacdf1e6048e2de6bf0df7f500795b199c61cd	False			nd-unfolding/uq_fps/corrected/boot_nd_fps/res_boot_92.npz.done
202	1786035059	text/plain	JSON	receipt/manifest/provenance	FPS UQ	5ce8b59f68d556d8cee8a6621ed287dca2c3371c	False			nd-unfolding/uq_fps/corrected/boot_nd_fps/res_boot_93.npz.done
202	1786035059	text/plain	JSON	receipt/manifest/provenance	FPS UQ	23b67480540c36f8104d4e5d7c87c976c4968cb7	False			nd-unfolding/uq_fps/corrected/boot_nd_fps/res_boot_94.npz.done
202	1786035059	text/plain	JSON	receipt/manifest/provenance	FPS UQ	332d0aca98a9c91cf8bfadbf21eb1874a17f58c2	False			nd-unfolding/uq_fps/corrected/boot_nd_fps/res_boot_95.npz.done
202	1786035059	text/plain	JSON	receipt/manifest/provenance	FPS UQ	903f5cb1d75d6014237dbd941f3e183e008dfb28	False			nd-unfolding/uq_fps/corrected/boot_nd_fps/res_boot_96.npz.done
202	1786035059	text/plain	JSON	receipt/manifest/provenance	FPS UQ	e7b7d68ded50b2424e1c0f7ed92ee51e65db176d	False			nd-unfolding/uq_fps/corrected/boot_nd_fps/res_boot_97.npz.done
202	1786035059	text/plain	JSON	receipt/manifest/provenance	FPS UQ	f92ee7d5c711ea5b5e8a93aba260ee7a6ef21a75	False			nd-unfolding/uq_fps/corrected/boot_nd_fps/res_boot_98.npz.done
202	1786035059	text/plain	JSON	receipt/manifest/provenance	FPS UQ	af527f75603fd9ea995837a7301186028f98fd9b	False			nd-unfolding/uq_fps/corrected/boot_nd_fps/res_boot_99.npz.done
201	1786035048	text/plain	JSON	receipt/manifest/provenance	4D UQ	34d80c2be613a716cd6cc5be822301f38f06fdfc	False			nd-unfolding/uq_4d/corrected/boot_nd_4d/res_boot_10.npz.done
201	1786035048	text/plain	JSON	receipt/manifest/provenance	4D UQ	66735ab9acb284876e989193cc18dc6093e56e9c	False			nd-unfolding/uq_4d/corrected/boot_nd_4d/res_boot_11.npz.done
201	1786035048	text/plain	JSON	receipt/manifest/provenance	4D UQ	0d872a32ec5df96dc9d5e850eac0ebe2974108f2	False			nd-unfolding/uq_4d/corrected/boot_nd_4d/res_boot_12.npz.done
201	1786035048	text/plain	JSON	receipt/manifest/provenance	4D UQ	f0da594acd19b7cf7c43750db70a7a93cf64b171	False			nd-unfolding/uq_4d/corrected/boot_nd_4d/res_boot_13.npz.done
201	1786035048	text/plain	JSON	receipt/manifest/provenance	4D UQ	9130e3982e078b1b184958c1f3d8d8c6247e8adf	False			nd-unfolding/uq_4d/corrected/boot_nd_4d/res_boot_14.npz.done
201	1786035048	text/plain	JSON	receipt/manifest/provenance	4D UQ	93db04a14c7b0fa100015a35312a87275c97389e	False			nd-unfolding/uq_4d/corrected/boot_nd_4d/res_boot_15.npz.done
201	1786035048	text/plain	JSON	receipt/manifest/provenance	4D UQ	b437b2156cb0fcd067724256bffbd396ddf2be9a	False			nd-unfolding/uq_4d/corrected/boot_nd_4d/res_boot_16.npz.done
201	1786035048	text/plain	JSON	receipt/manifest/provenance	4D UQ	3d3617f0ef0f4aa40b73fbec73bc6800c70f695d	False			nd-unfolding/uq_4d/corrected/boot_nd_4d/res_boot_17.npz.done
201	1786035048	text/plain	JSON	receipt/manifest/provenance	4D UQ	8bcba8647d3cecd8aa9eb2730455bc8b7cc59524	False			nd-unfolding/uq_4d/corrected/boot_nd_4d/res_boot_18.npz.done
201	1786035048	text/plain	JSON	receipt/manifest/provenance	4D UQ	c00e6abede3877258a25c8d9605ffaa4085eb47c	False			nd-unfolding/uq_4d/corrected/boot_nd_4d/res_boot_19.npz.done
201	1786035048	text/plain	JSON	receipt/manifest/provenance	4D UQ	be451ca9bcd52d520234927bcd5083f33b38b0eb	False			nd-unfolding/uq_4d/corrected/boot_nd_4d/res_boot_20.npz.done
201	1786035048	text/plain	JSON	receipt/manifest/provenance	4D UQ	0e72f1d34441340c943a3063d0307ab8bb769519	False			nd-unfolding/uq_4d/corrected/boot_nd_4d/res_boot_21.npz.done
201	1786035048	text/plain	JSON	receipt/manifest/provenance	4D UQ	6b6ae6f00b9b07a07f9ef7901e40d95d4625faaf	False			nd-unfolding/uq_4d/corrected/boot_nd_4d/res_boot_22.npz.done
201	1786035048	text/plain	JSON	receipt/manifest/provenance	4D UQ	4d9b9983f20b28f69433d39a79938e382b0e2c8a	False			nd-unfolding/uq_4d/corrected/boot_nd_4d/res_boot_23.npz.done
201	1786035048	text/plain	JSON	receipt/manifest/provenance	4D UQ	33886b6a6d9b0b933786d615fffdb0fce8c0846c	False			nd-unfolding/uq_4d/corrected/boot_nd_4d/res_boot_24.npz.done
201	1786035048	text/plain	JSON	receipt/manifest/provenance	4D UQ	ebfaa76bc5df0d0062ae314b5a792ef821452a4c	False			nd-unfolding/uq_4d/corrected/boot_nd_4d/res_boot_25.npz.done
201	1786035048	text/plain	JSON	receipt/manifest/provenance	4D UQ	4aa4a53555267048e9a9fbb20a73979ff8f48940	False			nd-unfolding/uq_4d/corrected/boot_nd_4d/res_boot_26.npz.done
201	1786035048	text/plain	JSON	receipt/manifest/provenance	4D UQ	9abaf1a4172203ae846e9942e0e88fb1ff50ae7d	False			nd-unfolding/uq_4d/corrected/boot_nd_4d/res_boot_27.npz.done
201	1786035048	text/plain	JSON	receipt/manifest/provenance	4D UQ	aeb509838d48e0cc6ec9b8f6702610714171e2d9	False			nd-unfolding/uq_4d/corrected/boot_nd_4d/res_boot_28.npz.done
201	1786035048	text/plain	JSON	receipt/manifest/provenance	4D UQ	edd38af40899587a3d29111ef296151832bb46ac	False			nd-unfolding/uq_4d/corrected/boot_nd_4d/res_boot_29.npz.done
201	1786035048	text/plain	JSON	receipt/manifest/provenance	4D UQ	0baa7b00aab662a26904a5431bdf502a468f2442	False			nd-unfolding/uq_4d/corrected/boot_nd_4d/res_boot_30.npz.done
201	1786035048	text/plain	JSON	receipt/manifest/provenance	4D UQ	388979317b63d8a8f075056c5633f8c54a9e2d5e	False			nd-unfolding/uq_4d/corrected/boot_nd_4d/res_boot_31.npz.done
201	1786035048	text/plain	JSON	receipt/manifest/provenance	4D UQ	c1c331589804046a52b8e5c8120ce773e3b31af8	False			nd-unfolding/uq_4d/corrected/boot_nd_4d/res_boot_32.npz.done
201	1786035048	text/plain	JSON	receipt/manifest/provenance	4D UQ	b7945bc81b1adcd14475fd43f85c58cbde55c8d8	False			nd-unfolding/uq_4d/corrected/boot_nd_4d/res_boot_33.npz.done
201	1786035048	text/plain	JSON	receipt/manifest/provenance	4D UQ	ab55c8276ac583ede8be6bc439013cf737fdafa3	False			nd-unfolding/uq_4d/corrected/boot_nd_4d/res_boot_34.npz.done
201	1786035048	text/plain	JSON	receipt/manifest/provenance	4D UQ	cb04da34e1311342546da42dfed583c05e054501	False			nd-unfolding/uq_4d/corrected/boot_nd_4d/res_boot_35.npz.done
201	1786035048	text/plain	JSON	receipt/manifest/provenance	4D UQ	214a2c16379ed7cc45c2d717bcd7b5360cce27ef	False			nd-unfolding/uq_4d/corrected/boot_nd_4d/res_boot_36.npz.done
201	1786035048	text/plain	JSON	receipt/manifest/provenance	4D UQ	201937933388599d68d9024d64fef20eecbe18b1	False			nd-unfolding/uq_4d/corrected/boot_nd_4d/res_boot_37.npz.done
201	1786035048	text/plain	JSON	receipt/manifest/provenance	4D UQ	90e49e5649e0f4d63aac4de20d7a4da69a1554d5	False			nd-unfolding/uq_4d/corrected/boot_nd_4d/res_boot_38.npz.done
201	1786035048	text/plain	JSON	receipt/manifest/provenance	4D UQ	e4741820c8024fb72cc36566bc24dfe5084281cf	False			nd-unfolding/uq_4d/corrected/boot_nd_4d/res_boot_39.npz.done
201	1786035048	text/plain	JSON	receipt/manifest/provenance	4D UQ	66bb8acb84b0ca0db6c7d2431b31b5aaad8b6cad	False			nd-unfolding/uq_4d/corrected/boot_nd_4d/res_boot_40.npz.done
201	1786035048	text/plain	JSON	receipt/manifest/provenance	4D UQ	775552bda7e5a80689fe242aa75de8c1edc8fbed	False			nd-unfolding/uq_4d/corrected/boot_nd_4d/res_boot_41.npz.done
201	1786035048	text/plain	JSON	receipt/manifest/provenance	4D UQ	519fd9408cdb2fcfd8c80b55fdef950ed4eb66fd	False			nd-unfolding/uq_4d/corrected/boot_nd_4d/res_boot_42.npz.done
201	1786035048	text/plain	JSON	receipt/manifest/provenance	4D UQ	c9ca9dfd5c1bf9af6fb5de193aa4e13fb104fdc1	False			nd-unfolding/uq_4d/corrected/boot_nd_4d/res_boot_43.npz.done
201	1786035048	text/plain	JSON	receipt/manifest/provenance	4D UQ	e01b666b5dfc95cf5f695aa39507bb8929fc810b	False			nd-unfolding/uq_4d/corrected/boot_nd_4d/res_boot_44.npz.done
201	1786035048	text/plain	JSON	receipt/manifest/provenance	4D UQ	6e9cedf54c1ddd58403e0353e4581b78b0851759	False			nd-unfolding/uq_4d/corrected/boot_nd_4d/res_boot_45.npz.done
201	1786035048	text/plain	JSON	receipt/manifest/provenance	4D UQ	a1707a278c4d530e11edcd5d3d7bfd66b23c7cea	False			nd-unfolding/uq_4d/corrected/boot_nd_4d/res_boot_46.npz.done
201	1786035048	text/plain	JSON	receipt/manifest/provenance	4D UQ	ceae162bb11a8cded226ebee31b67c7aeab1393d	False			nd-unfolding/uq_4d/corrected/boot_nd_4d/res_boot_47.npz.done
201	1786035048	text/plain	JSON	receipt/manifest/provenance	4D UQ	91f3de4dddca185f34318206c05f7b18836da2e4	False			nd-unfolding/uq_4d/corrected/boot_nd_4d/res_boot_48.npz.done
201	1786035048	text/plain	JSON	receipt/manifest/provenance	4D UQ	52e4049666b7e01a0a7c7a8ea7e8aaac74b1f5bc	False			nd-unfolding/uq_4d/corrected/boot_nd_4d/res_boot_49.npz.done
201	1786035048	text/plain	JSON	receipt/manifest/provenance	4D UQ	6d22f3968c790b39a9af7c3cce2dcd49790314a0	False			nd-unfolding/uq_4d/corrected/boot_nd_4d/res_boot_50.npz.done
201	1786035048	text/plain	JSON	receipt/manifest/provenance	4D UQ	c7d9fd442622dacbc57fc9b766a282422ed2a024	False			nd-unfolding/uq_4d/corrected/boot_nd_4d/res_boot_51.npz.done
201	1786035048	text/plain	JSON	receipt/manifest/provenance	4D UQ	58a65b5cdfd63d3cae4d7b929ed57c5201021af7	False			nd-unfolding/uq_4d/corrected/boot_nd_4d/res_boot_52.npz.done
201	1786035048	text/plain	JSON	receipt/manifest/provenance	4D UQ	b7a95ece7ddd179b22aa0ccb2ceecffc8ca9847b	False			nd-unfolding/uq_4d/corrected/boot_nd_4d/res_boot_53.npz.done
201	1786035048	text/plain	JSON	receipt/manifest/provenance	4D UQ	726ec2d6947bc6eaef35eefdb15f581f18b8cc33	False			nd-unfolding/uq_4d/corrected/boot_nd_4d/res_boot_54.npz.done
201	1786035048	text/plain	JSON	receipt/manifest/provenance	4D UQ	b1e912efa47068ff136f80612e6336368b156c1b	False			nd-unfolding/uq_4d/corrected/boot_nd_4d/res_boot_55.npz.done
201	1786035048	text/plain	JSON	receipt/manifest/provenance	4D UQ	8e0014a122a3d7137bc834d7326215d58825576c	False			nd-unfolding/uq_4d/corrected/boot_nd_4d/res_boot_56.npz.done
201	1786035048	text/plain	JSON	receipt/manifest/provenance	4D UQ	9db9e194821e8d288d2b621740156bb75e35ae62	False			nd-unfolding/uq_4d/corrected/boot_nd_4d/res_boot_57.npz.done
201	1786035048	text/plain	JSON	receipt/manifest/provenance	4D UQ	0531337b9dd6639005f01fa7527aa516e134a399	False			nd-unfolding/uq_4d/corrected/boot_nd_4d/res_boot_58.npz.done
201	1786035048	text/plain	JSON	receipt/manifest/provenance	4D UQ	608150b8ad4f079ab0bdbb1d2eae58f54a69a2fd	False			nd-unfolding/uq_4d/corrected/boot_nd_4d/res_boot_59.npz.done
201	1786035048	text/plain	JSON	receipt/manifest/provenance	4D UQ	8ec4984017e3a773c9b4c4bcbbe5b9c3c6bf6f67	False			nd-unfolding/uq_4d/corrected/boot_nd_4d/res_boot_60.npz.done
201	1786035048	text/plain	JSON	receipt/manifest/provenance	4D UQ	5898ae65e2bc3ae0c01a25955b3ecb425c27793a	False			nd-unfolding/uq_4d/corrected/boot_nd_4d/res_boot_61.npz.done
201	1786035048	text/plain	JSON	receipt/manifest/provenance	4D UQ	f478a96141db7bfc184e10450061e46f9c12b3e7	False			nd-unfolding/uq_4d/corrected/boot_nd_4d/res_boot_62.npz.done
201	1786035048	text/plain	JSON	receipt/manifest/provenance	4D UQ	55d1107ade7afdd1b1a79c6e6e37751c4d5be6e7	False			nd-unfolding/uq_4d/corrected/boot_nd_4d/res_boot_63.npz.done
201	1786035048	text/plain	JSON	receipt/manifest/provenance	4D UQ	116ddeec455071c37c445ca62a95023d2d146346	False			nd-unfolding/uq_4d/corrected/boot_nd_4d/res_boot_64.npz.done
201	1786035048	text/plain	JSON	receipt/manifest/provenance	4D UQ	3d61b71287957c4d87786dbb9ed74f29e6789456	False			nd-unfolding/uq_4d/corrected/boot_nd_4d/res_boot_65.npz.done
201	1786035048	text/plain	JSON	receipt/manifest/provenance	4D UQ	1386a0d405427f311474e045ddb2ae5f9564a8b3	False			nd-unfolding/uq_4d/corrected/boot_nd_4d/res_boot_66.npz.done
201	1786035048	text/plain	JSON	receipt/manifest/provenance	4D UQ	9b4e15749525648c0f105101fbc38147f5b5df42	False			nd-unfolding/uq_4d/corrected/boot_nd_4d/res_boot_67.npz.done
201	1786035048	text/plain	JSON	receipt/manifest/provenance	4D UQ	0c83667cf718b08adc0c78a51058cde526524695	False			nd-unfolding/uq_4d/corrected/boot_nd_4d/res_boot_68.npz.done
201	1786035048	text/plain	JSON	receipt/manifest/provenance	4D UQ	111b8cf43a6a322763818ac5c45683c40a9865dc	False			nd-unfolding/uq_4d/corrected/boot_nd_4d/res_boot_69.npz.done
201	1786035048	text/plain	JSON	receipt/manifest/provenance	4D UQ	c97641e1154ce23004b59588b73477ac81c49b7f	False			nd-unfolding/uq_4d/corrected/boot_nd_4d/res_boot_70.npz.done
201	1786035048	text/plain	JSON	receipt/manifest/provenance	4D UQ	b4f08ca1de4063211880e18bb5bf38c36717a0e8	False			nd-unfolding/uq_4d/corrected/boot_nd_4d/res_boot_71.npz.done
201	1786035048	text/plain	JSON	receipt/manifest/provenance	4D UQ	de8111edd93914aed67c8e679edcc300ba1cbe7a	False			nd-unfolding/uq_4d/corrected/boot_nd_4d/res_boot_72.npz.done
201	1786035048	text/plain	JSON	receipt/manifest/provenance	4D UQ	22811816ee7d3267f2265b039cc85e88dd237198	False			nd-unfolding/uq_4d/corrected/boot_nd_4d/res_boot_73.npz.done
201	1786035048	text/plain	JSON	receipt/manifest/provenance	4D UQ	774bb05ad1fc5b36ceca4540d9c076610a1c7fae	False			nd-unfolding/uq_4d/corrected/boot_nd_4d/res_boot_74.npz.done
201	1786035048	text/plain	JSON	receipt/manifest/provenance	4D UQ	894b33af507124de156a17f5612ee16683944f62	False			nd-unfolding/uq_4d/corrected/boot_nd_4d/res_boot_75.npz.done
201	1786035048	text/plain	JSON	receipt/manifest/provenance	4D UQ	89c362f3b79bd81c7c22babbaa3e35f891fbd2a1	False			nd-unfolding/uq_4d/corrected/boot_nd_4d/res_boot_76.npz.done
201	1786035048	text/plain	JSON	receipt/manifest/provenance	4D UQ	04ee50ad08fcef7967ad3ce7260e0a0f98c42a17	False			nd-unfolding/uq_4d/corrected/boot_nd_4d/res_boot_77.npz.done
201	1786035048	text/plain	JSON	receipt/manifest/provenance	4D UQ	59895da1144a6483a72adad9408e355835df6166	False			nd-unfolding/uq_4d/corrected/boot_nd_4d/res_boot_78.npz.done
201	1786035048	text/plain	JSON	receipt/manifest/provenance	4D UQ	c8261d4852bd1b744336115d427b8473c7ade9ad	False			nd-unfolding/uq_4d/corrected/boot_nd_4d/res_boot_79.npz.done
201	1786035048	text/plain	JSON	receipt/manifest/provenance	4D UQ	5a55cea9c91f9f51f26df10a60b5783aedbe7afc	False			nd-unfolding/uq_4d/corrected/boot_nd_4d/res_boot_80.npz.done
201	1786035048	text/plain	JSON	receipt/manifest/provenance	4D UQ	b9c6e00d29b9a0bfd89781f282d17f513564f93d	False			nd-unfolding/uq_4d/corrected/boot_nd_4d/res_boot_81.npz.done
201	1786035048	text/plain	JSON	receipt/manifest/provenance	4D UQ	345bcd0147979c5424d3257a988145de8131b662	False			nd-unfolding/uq_4d/corrected/boot_nd_4d/res_boot_82.npz.done
201	1786035048	text/plain	JSON	receipt/manifest/provenance	4D UQ	8d33b418171be977f57dfec68c18af8c00abe98d	False			nd-unfolding/uq_4d/corrected/boot_nd_4d/res_boot_83.npz.done
201	1786035048	text/plain	JSON	receipt/manifest/provenance	4D UQ	fbec0289b09fe702762106e3615fa733ec8888f5	False			nd-unfolding/uq_4d/corrected/boot_nd_4d/res_boot_84.npz.done
201	1786035048	text/plain	JSON	receipt/manifest/provenance	4D UQ	ef532c19e1823a3683e06f858c3b99b2f9a0bc2a	False			nd-unfolding/uq_4d/corrected/boot_nd_4d/res_boot_85.npz.done
201	1786035048	text/plain	JSON	receipt/manifest/provenance	4D UQ	814c80984c87cc5b98fd0330aed8b8ab7badd0c6	False			nd-unfolding/uq_4d/corrected/boot_nd_4d/res_boot_86.npz.done
201	1786035048	text/plain	JSON	receipt/manifest/provenance	4D UQ	0bcb7f78741093d855c7ca5c82c97d954bdc3e4d	False			nd-unfolding/uq_4d/corrected/boot_nd_4d/res_boot_87.npz.done
201	1786035048	text/plain	JSON	receipt/manifest/provenance	4D UQ	47812530a3efe6108bc4fafc862f47491ece569a	False			nd-unfolding/uq_4d/corrected/boot_nd_4d/res_boot_88.npz.done
201	1786035048	text/plain	JSON	receipt/manifest/provenance	4D UQ	e67c51cfe13fbd2f3ec2fc639fd52b754c2c2cdd	False			nd-unfolding/uq_4d/corrected/boot_nd_4d/res_boot_89.npz.done
201	1786035048	text/plain	JSON	receipt/manifest/provenance	4D UQ	1f1013e4b2686039ba6cf5c2e4dd71ba7de4ab84	False			nd-unfolding/uq_4d/corrected/boot_nd_4d/res_boot_90.npz.done
201	1786035048	text/plain	JSON	receipt/manifest/provenance	4D UQ	234d9aa7b0283d94f39778d42883867da4e02996	False			nd-unfolding/uq_4d/corrected/boot_nd_4d/res_boot_91.npz.done
201	1786035048	text/plain	JSON	receipt/manifest/provenance	4D UQ	e4ae6715e638f1b34a5435d89735f2f84096ace4	False			nd-unfolding/uq_4d/corrected/boot_nd_4d/res_boot_92.npz.done
201	1786035048	text/plain	JSON	receipt/manifest/provenance	4D UQ	fb9e00c66a611b6acf83401120d5bd35b6ce14d0	False			nd-unfolding/uq_4d/corrected/boot_nd_4d/res_boot_93.npz.done
201	1786035048	text/plain	JSON	receipt/manifest/provenance	4D UQ	8390ef209ed4e4f2085a5e0d97839437ae0729f4	False			nd-unfolding/uq_4d/corrected/boot_nd_4d/res_boot_94.npz.done
201	1786035048	text/plain	JSON	receipt/manifest/provenance	4D UQ	e5be51d409d7d710b37098cba1f2b24ed725abec	False			nd-unfolding/uq_4d/corrected/boot_nd_4d/res_boot_95.npz.done
201	1786035048	text/plain	JSON	receipt/manifest/provenance	4D UQ	ce7a87ac6409cfb8533be10b2a0e2bbf3c651c12	False			nd-unfolding/uq_4d/corrected/boot_nd_4d/res_boot_96.npz.done
201	1786035048	text/plain	JSON	receipt/manifest/provenance	4D UQ	0fc792447c9c79f606bcfa65d3e7709472342692	False			nd-unfolding/uq_4d/corrected/boot_nd_4d/res_boot_97.npz.done
201	1786035048	text/plain	JSON	receipt/manifest/provenance	4D UQ	8853072a6a90bc4dd5f42ab9f1fc0b0d4263168f	False			nd-unfolding/uq_4d/corrected/boot_nd_4d/res_boot_98.npz.done
201	1786035048	text/plain	JSON	receipt/manifest/provenance	4D UQ	faa82d134f866795515e91ed183808454c9a6095	False			nd-unfolding/uq_4d/corrected/boot_nd_4d/res_boot_99.npz.done
201	1786035059	text/plain	JSON	receipt/manifest/provenance	FPS UQ	6dbf119d2305a051ee796e9932fa456795c40af2	False			nd-unfolding/uq_fps/corrected/boot_nd_fps/res_boot_1.npz.done
201	1786035059	text/plain	JSON	receipt/manifest/provenance	FPS UQ	30167192db399396baf12800c6b9945b140ec1a0	False			nd-unfolding/uq_fps/corrected/boot_nd_fps/res_boot_2.npz.done
201	1786035059	text/plain	JSON	receipt/manifest/provenance	FPS UQ	ac267329b0a92d40f62481af4395aa75698ccbaa	False			nd-unfolding/uq_fps/corrected/boot_nd_fps/res_boot_3.npz.done
201	1786035059	text/plain	JSON	receipt/manifest/provenance	FPS UQ	4e29ed2355036aa3d5f9d278d1d6749e5b2d97d9	False			nd-unfolding/uq_fps/corrected/boot_nd_fps/res_boot_4.npz.done
201	1786035059	text/plain	JSON	receipt/manifest/provenance	FPS UQ	97943e7213a76583b3f0621efd8ef8f44fb9c1f0	False			nd-unfolding/uq_fps/corrected/boot_nd_fps/res_boot_5.npz.done
201	1786035059	text/plain	JSON	receipt/manifest/provenance	FPS UQ	52dbe6e45b2dab4f4f1509bf3253507e58576671	False			nd-unfolding/uq_fps/corrected/boot_nd_fps/res_boot_6.npz.done
201	1786035059	text/plain	JSON	receipt/manifest/provenance	FPS UQ	fae650dc10b1f5e378d8c066500b3561e94e3db1	False			nd-unfolding/uq_fps/corrected/boot_nd_fps/res_boot_7.npz.done
201	1786035059	text/plain	JSON	receipt/manifest/provenance	FPS UQ	dad62a0819b1cd5ba92ec4161426a1786153eb39	False			nd-unfolding/uq_fps/corrected/boot_nd_fps/res_boot_8.npz.done
201	1786035059	text/plain	JSON	receipt/manifest/provenance	FPS UQ	dab243a1766a633cf8f0dc1140e01ff202b4477c	False			nd-unfolding/uq_fps/corrected/boot_nd_fps/res_boot_9.npz.done
200	1786035047	text/plain	JSON	receipt/manifest/provenance	unassigned	a7cc25c294967e1e88b608959f66d70178df0b69	False			nd-unfolding/of_inputs_pc_fullcloud_bkgsub_5d.npz.done
200	1786035048	text/plain	JSON	receipt/manifest/provenance	4D UQ	78dd15ca224ff358232335dbb286b655d977ecb4	False			nd-unfolding/uq_4d/corrected/boot_nd_4d/res_boot_1.npz.done
200	1786035048	text/plain	JSON	receipt/manifest/provenance	4D UQ	5eb8315cf30073be4125c50ddc559c7c434ec299	False			nd-unfolding/uq_4d/corrected/boot_nd_4d/res_boot_2.npz.done
200	1786035048	text/plain	JSON	receipt/manifest/provenance	4D UQ	79048809280ebda122bbd618e7982e8e89199340	False			nd-unfolding/uq_4d/corrected/boot_nd_4d/res_boot_3.npz.done
200	1786035048	text/plain	JSON	receipt/manifest/provenance	4D UQ	687570b436eb95e675a66eea8a31d349550c697a	False			nd-unfolding/uq_4d/corrected/boot_nd_4d/res_boot_4.npz.done
200	1786035048	text/plain	JSON	receipt/manifest/provenance	4D UQ	3a8c14cf6d4bfd9c24979948aef298f70fb012e0	False			nd-unfolding/uq_4d/corrected/boot_nd_4d/res_boot_5.npz.done
200	1786035048	text/plain	JSON	receipt/manifest/provenance	4D UQ	fe79ce469b876cc6f757e34f03a1fe460b698abb	False			nd-unfolding/uq_4d/corrected/boot_nd_4d/res_boot_6.npz.done
200	1786035048	text/plain	JSON	receipt/manifest/provenance	4D UQ	5cde53d8895a773e3c59f617c3271d02c1399b6b	False			nd-unfolding/uq_4d/corrected/boot_nd_4d/res_boot_7.npz.done
200	1786035048	text/plain	JSON	receipt/manifest/provenance	4D UQ	3919d66f9d3aab83ede2f972de8f660285c24691	False			nd-unfolding/uq_4d/corrected/boot_nd_4d/res_boot_8.npz.done
200	1786035048	text/plain	JSON	receipt/manifest/provenance	4D UQ	2f530cc38e1883851a65836d4071a52393f47289	False			nd-unfolding/uq_4d/corrected/boot_nd_4d/res_boot_9.npz.done
196	1786035059	text/plain	JSON	receipt/manifest/provenance	FPS UQ	7a0c74cd1ffaddf19d250921bc3010a1a4b02033	False			nd-unfolding/uq_fps/uthrow_slabs_fps/blockfps_0.npz.done
196	1786035059	text/plain	JSON	receipt/manifest/provenance	FPS UQ	6326ba121ec0c41b9b458c907bc576a8f633d4b0	False			nd-unfolding/uq_fps/uthrow_slabs_fps/blockfps_1.npz.done
196	1786035059	text/plain	JSON	receipt/manifest/provenance	FPS UQ	6fa94b8a8502d7e661f493c10339e7bae035b3ef	False			nd-unfolding/uq_fps/uthrow_slabs_fps/blockfps_2.npz.done
196	1786035059	text/plain	JSON	receipt/manifest/provenance	FPS UQ	5067b463882d9bd1e59b6bb954a2aff805e6c27f	False			nd-unfolding/uq_fps/uthrow_slabs_fps/blockfps_3.npz.done
196	1786035059	text/plain	JSON	receipt/manifest/provenance	FPS UQ	7a2dd99d3c069e47b16b726772f5b524ac4ce996	False			nd-unfolding/uq_fps/uthrow_slabs_fps/blockfps_4.npz.done
196	1786035059	text/plain	JSON	receipt/manifest/provenance	FPS UQ	7c8e7fe6f02856bf1fdbe60e8f8c1972c4280287	False			nd-unfolding/uq_fps/uthrow_slabs_fps/blockfps_5.npz.done
193	1786035048	text/plain	JSON	receipt/manifest/provenance	5D UQ (B)	ca2ba4d476ff3d37b5a3c5be7e102aa1b4882fdb	False			nd-unfolding/seedscan_split_5d/res_split_10.npz.done
193	1786035048	text/plain	JSON	receipt/manifest/provenance	5D UQ (B)	f0608f6f58011e6f3c6f65b3f5358316782e9aa2	False			nd-unfolding/seedscan_split_5d/res_split_11.npz.done
193	1786035048	text/plain	JSON	receipt/manifest/provenance	5D UQ (B)	58a743fd56763d43fb4c093047043275acee7c51	False			nd-unfolding/seedscan_split_5d/res_split_12.npz.done
193	1786035048	text/plain	JSON	receipt/manifest/provenance	5D UQ (B)	15baf0618a2bbe2519b42b36bd9428dbcd403530	False			nd-unfolding/seedscan_split_5d/res_split_13.npz.done
193	1786035048	text/plain	JSON	receipt/manifest/provenance	5D UQ (B)	877e34f8b82f6ed7ac8c0fbaed692ca18ec76a5b	False			nd-unfolding/seedscan_split_5d/res_split_14.npz.done
193	1786035048	text/plain	JSON	receipt/manifest/provenance	5D UQ (B)	990dcbb8e771981cb30e860f8ca8c45d0228ae83	False			nd-unfolding/seedscan_split_5d/res_split_15.npz.done
193	1786035048	text/plain	JSON	receipt/manifest/provenance	5D UQ (B)	e3f979311157a0b45d761a276e3808debb282d0a	False			nd-unfolding/seedscan_split_5d/res_split_16.npz.done
193	1786035048	text/plain	JSON	receipt/manifest/provenance	5D UQ (B)	6b5229edd9489a14eedd449976fe906cd23cd64e	False			nd-unfolding/seedscan_split_5d/res_split_17.npz.done
193	1786035048	text/plain	JSON	receipt/manifest/provenance	5D UQ (B)	743a88ee8a290df7698d3907a7b3769d0e7cc9c4	False			nd-unfolding/seedscan_split_5d/res_split_18.npz.done
193	1786035048	text/plain	JSON	receipt/manifest/provenance	5D UQ (B)	236847a2b8192bcbc4f791994b142d2cabeb6340	False			nd-unfolding/seedscan_split_5d/res_split_19.npz.done
193	1786035048	text/plain	JSON	receipt/manifest/provenance	5D UQ (B)	943d6c631e235a923226bf3b944f6c390b8b5173	False			nd-unfolding/seedscan_split_5d/res_split_20.npz.done
193	1786035048	text/plain	JSON	receipt/manifest/provenance	5D UQ (B)	3537b0aa3cec592b150b2ab8f28898fa72ebe182	False			nd-unfolding/seedscan_split_5d/res_split_21.npz.done
193	1786035048	text/plain	JSON	receipt/manifest/provenance	5D UQ (B)	cb274db156bd19ec42df02eaf2d34f6a4ee4fd71	False			nd-unfolding/seedscan_split_5d/res_split_22.npz.done
193	1786035048	text/plain	JSON	receipt/manifest/provenance	5D UQ (B)	427d826522dedc1929cf617ab2e2ef3af80724b0	False			nd-unfolding/seedscan_split_5d/res_split_23.npz.done
193	1786035048	text/plain	JSON	receipt/manifest/provenance	5D UQ (B)	abb76162fb1a332eaa71eb71448e7dc765fe2492	False			nd-unfolding/seedscan_split_5d/res_split_24.npz.done
193	1786035048	text/plain	JSON	receipt/manifest/provenance	FPS UQ	815a561d42a2fa942d2e8ea369acb8292407b11b	False			nd-unfolding/seedscan_split_fps/res_split_10.npz.done
193	1786035048	text/plain	JSON	receipt/manifest/provenance	FPS UQ	d0865f8492a74cad213f3980ecf265af20f0d351	False			nd-unfolding/seedscan_split_fps/res_split_11.npz.done
193	1786035048	text/plain	JSON	receipt/manifest/provenance	FPS UQ	3e7b583c1d041ce08977b3c8b9edc5dc720b4ca6	False			nd-unfolding/seedscan_split_fps/res_split_12.npz.done
193	1786035048	text/plain	JSON	receipt/manifest/provenance	FPS UQ	3fe82dbcef4722c995255aa349842d711067b9f2	False			nd-unfolding/seedscan_split_fps/res_split_13.npz.done
193	1786035048	text/plain	JSON	receipt/manifest/provenance	FPS UQ	ec04760503aa4bea38631a0343309e78a7667e2a	False			nd-unfolding/seedscan_split_fps/res_split_14.npz.done
193	1786035048	text/plain	JSON	receipt/manifest/provenance	FPS UQ	de01ca6d5a4b5770eca5e35ff3f6cf1732f110ce	False			nd-unfolding/seedscan_split_fps/res_split_15.npz.done
193	1786035048	text/plain	JSON	receipt/manifest/provenance	FPS UQ	1b8f3d651db4b44c6c73885f6eac679e07b25fbf	False			nd-unfolding/seedscan_split_fps/res_split_16.npz.done
193	1786035048	text/plain	JSON	receipt/manifest/provenance	FPS UQ	0e056ff407acd5446fdd3cef41b7163aca567c83	False			nd-unfolding/seedscan_split_fps/res_split_17.npz.done
193	1786035048	text/plain	JSON	receipt/manifest/provenance	FPS UQ	146bcf5d0e95a25b53be6ce84c115cab44d2f768	False			nd-unfolding/seedscan_split_fps/res_split_18.npz.done
193	1786035048	text/plain	JSON	receipt/manifest/provenance	FPS UQ	a87b993de13b749ca2fdbda178c7fc95c1c530b9	False			nd-unfolding/seedscan_split_fps/res_split_19.npz.done
193	1786035048	text/plain	JSON	receipt/manifest/provenance	FPS UQ	823c55c32d6add68b08d15af309141212adc8ff0	False			nd-unfolding/seedscan_split_fps/res_split_20.npz.done
193	1786035048	text/plain	JSON	receipt/manifest/provenance	FPS UQ	8d408472770b5c2e738b4a847eb50c7b7374f8ca	False			nd-unfolding/seedscan_split_fps/res_split_21.npz.done
193	1786035048	text/plain	JSON	receipt/manifest/provenance	FPS UQ	0480bab658cafb2d1065c583391487b5cf2e9281	False			nd-unfolding/seedscan_split_fps/res_split_22.npz.done
193	1786035048	text/plain	JSON	receipt/manifest/provenance	FPS UQ	7734a8320f0524886aa5a1b9a9f51996a8949789	False			nd-unfolding/seedscan_split_fps/res_split_23.npz.done
193	1786035048	text/plain	JSON	receipt/manifest/provenance	FPS UQ	f01a602baa05936ec499aed4e7840f606a654d6b	False			nd-unfolding/seedscan_split_fps/res_split_24.npz.done
192	1786035048	text/plain	JSON	receipt/manifest/provenance	5D UQ (B)	7e847780acb66acd5532534c645f17014db5fb11	False			nd-unfolding/seedscan_split_5d/res_split_1.npz.done
192	1786035048	text/plain	JSON	receipt/manifest/provenance	5D UQ (B)	0060353a6632d240a16b2aaaa0b07c4c2e91e4da	False			nd-unfolding/seedscan_split_5d/res_split_2.npz.done
192	1786035048	text/plain	JSON	receipt/manifest/provenance	5D UQ (B)	0b17cd18065e91a2caae9b177a2a5f723f0a2dba	False			nd-unfolding/seedscan_split_5d/res_split_3.npz.done
192	1786035048	text/plain	JSON	receipt/manifest/provenance	5D UQ (B)	e5d549ee5035ae5db370796f20c981e2dafc037b	False			nd-unfolding/seedscan_split_5d/res_split_4.npz.done
192	1786035048	text/plain	JSON	receipt/manifest/provenance	5D UQ (B)	f03d489aab801ea8d8fc0af91172bb861b642ffd	False			nd-unfolding/seedscan_split_5d/res_split_5.npz.done
192	1786035048	text/plain	JSON	receipt/manifest/provenance	5D UQ (B)	16fc3dca1cb030a7e202fca6d8cf00561453ddcb	False			nd-unfolding/seedscan_split_5d/res_split_6.npz.done
192	1786035048	text/plain	JSON	receipt/manifest/provenance	5D UQ (B)	fe784b2a3371a26061450f75118708455103a721	False			nd-unfolding/seedscan_split_5d/res_split_7.npz.done
192	1786035048	text/plain	JSON	receipt/manifest/provenance	5D UQ (B)	01ad75dc6bbad365aa204f81b8d5110e2af2db5c	False			nd-unfolding/seedscan_split_5d/res_split_8.npz.done
192	1786035048	text/plain	JSON	receipt/manifest/provenance	5D UQ (B)	eb9dca3d106866950d2f9ebdb3c11338c461ceb4	False			nd-unfolding/seedscan_split_5d/res_split_9.npz.done
192	1786035048	text/plain	JSON	receipt/manifest/provenance	FPS UQ	4db067b640848f70754245afa60a9dbb3c28f231	False			nd-unfolding/seedscan_split_fps/res_split_1.npz.done
192	1786035048	text/plain	JSON	receipt/manifest/provenance	FPS UQ	321e70ba41e375624ed63d9afd6d94f51f48dabc	False			nd-unfolding/seedscan_split_fps/res_split_2.npz.done
192	1786035048	text/plain	JSON	receipt/manifest/provenance	FPS UQ	5b9ead9cca32f29d9a22f4606fec70c16cb117a2	False			nd-unfolding/seedscan_split_fps/res_split_3.npz.done
192	1786035048	text/plain	JSON	receipt/manifest/provenance	FPS UQ	626524fcd61f35ced27453c1d41558bd86740aed	False			nd-unfolding/seedscan_split_fps/res_split_4.npz.done
192	1786035048	text/plain	JSON	receipt/manifest/provenance	FPS UQ	fd6617fdaa76e29c3971cc5932b0876fbadcd901	False			nd-unfolding/seedscan_split_fps/res_split_5.npz.done
192	1786035048	text/plain	JSON	receipt/manifest/provenance	FPS UQ	04730e0c1761fb3905ef9ea2fd7fdf4f59cb7ba8	False			nd-unfolding/seedscan_split_fps/res_split_6.npz.done
192	1786035048	text/plain	JSON	receipt/manifest/provenance	FPS UQ	42d6e81a4dadb3091c86ae46df295e0e6bdbc4cd	False			nd-unfolding/seedscan_split_fps/res_split_7.npz.done
192	1786035048	text/plain	JSON	receipt/manifest/provenance	FPS UQ	88330cd50c9e139f3bda5b0bf3b8374796d443da	False			nd-unfolding/seedscan_split_fps/res_split_8.npz.done
192	1786035048	text/plain	JSON	receipt/manifest/provenance	FPS UQ	7fc9b93b36e53b2e6309520ca87f458a7302a5f2	False			nd-unfolding/seedscan_split_fps/res_split_9.npz.done
189	1786035047	text/plain	JSON	receipt/manifest/provenance	unassigned	04d81936cc4b6ae1ec14a06c7b97a2e19178c8f0	False			nd-unfolding/of_inputs_5d_fps_full.npz.done
189	1786035047	text/plain	JSON	receipt/manifest/provenance	unassigned	88af417293fc9cf6b8c5a7889554efdefd719a6f	False			nd-unfolding/of_inputs_5d_fps_xps2.npz.done
188	1786035047	text/plain	JSON	receipt/manifest/provenance	5D UQ (B)	1299edf2bdf896380d6b80932d91a7cf95531d1e	False			nd-unfolding/boot_nd_5d_ai1/res_ai1_10.npz.done
188	1786035047	text/plain	JSON	receipt/manifest/provenance	5D UQ (B)	836f2a175158c9f87381e8dabc16560d4926dfdb	False			nd-unfolding/boot_nd_5d_ai1/res_ai1_11.npz.done
188	1786035047	text/plain	JSON	receipt/manifest/provenance	5D UQ (B)	8306d781d0a8c415021cda9e2c761a7d3ea8e7c3	False			nd-unfolding/boot_nd_5d_ai1/res_ai1_12.npz.done
188	1786035047	text/plain	JSON	receipt/manifest/provenance	unassigned	1d6d442f152fbd2a9cd4440b78008839d8a9ab46	False			nd-unfolding/of_inputs_5d_fps_xps.npz.done
187	1786035047	text/plain	JSON	receipt/manifest/provenance	5D UQ (B)	14b3323caed041fcf530b3d2101fee0df7f92a00	False			nd-unfolding/boot_nd_5d_ai1/res_ai1_1.npz.done
187	1786035047	text/plain	JSON	receipt/manifest/provenance	5D UQ (B)	7df747650663a3de0b2c9098b9467f63a351b8e3	False			nd-unfolding/boot_nd_5d_ai1/res_ai1_2.npz.done
187	1786035047	text/plain	JSON	receipt/manifest/provenance	5D UQ (B)	741c40d319368a8aab9a026502c3fafa3a887136	False			nd-unfolding/boot_nd_5d_ai1/res_ai1_3.npz.done
187	1786035047	text/plain	JSON	receipt/manifest/provenance	5D UQ (B)	bc85df98dc526350965cd10e7e30dfa41f295136	False			nd-unfolding/boot_nd_5d_ai1/res_ai1_4.npz.done
187	1786035047	text/plain	JSON	receipt/manifest/provenance	5D UQ (B)	2c98221da00ed27ad3d5fbfc4ce22fe4763e67af	False			nd-unfolding/boot_nd_5d_ai1/res_ai1_5.npz.done
187	1786035047	text/plain	JSON	receipt/manifest/provenance	5D UQ (B)	bd49ab5f5a17c01a6e87e2d0479d123fb9183258	False			nd-unfolding/boot_nd_5d_ai1/res_ai1_6.npz.done
187	1786035047	text/plain	JSON	receipt/manifest/provenance	5D UQ (B)	406a91f27abcc661c3e7d4214c713af767943155	False			nd-unfolding/boot_nd_5d_ai1/res_ai1_7.npz.done
187	1786035047	text/plain	JSON	receipt/manifest/provenance	5D UQ (B)	40b8f4f805698610bad346c3f0f46dccb45df3c5	False			nd-unfolding/boot_nd_5d_ai1/res_ai1_8.npz.done
187	1786035047	text/plain	JSON	receipt/manifest/provenance	5D UQ (B)	1e8165e3d367b6147322fa8a80e322509015915b	False			nd-unfolding/boot_nd_5d_ai1/res_ai1_9.npz.done
186	1786035047	text/plain	JSON	receipt/manifest/provenance	5D UQ (B)	7825e02758e5ad17ea0cabf42d543a07498b88a8	False			nd-unfolding/boot_nd_5d/res_boot_100.npz.done
186	1786035047	text/plain	JSON	receipt/manifest/provenance	FPS UQ	39fb70334faaa8eaffc810ef7e691394e2770826	False			nd-unfolding/boot_nd_fps/res_boot_100.npz.done
185	1786035047	text/plain	JSON	receipt/manifest/provenance	5D UQ (B)	f878d9dc78002ca174a1f4fc427befe2ac114dbd	False			nd-unfolding/boot_nd_5d/res_boot_10.npz.done
185	1786035047	text/plain	JSON	receipt/manifest/provenance	5D UQ (B)	abc0720e5670213590e661ea613084da1583f778	False			nd-unfolding/boot_nd_5d/res_boot_11.npz.done
185	1786035047	text/plain	JSON	receipt/manifest/provenance	5D UQ (B)	0c157c0fc2fc17ec73a85aa464940c0f16069976	False			nd-unfolding/boot_nd_5d/res_boot_12.npz.done
185	1786035047	text/plain	JSON	receipt/manifest/provenance	5D UQ (B)	2eb8606c9ffa3a37094608a810f156501b4fd542	False			nd-unfolding/boot_nd_5d/res_boot_13.npz.done
185	1786035047	text/plain	JSON	receipt/manifest/provenance	5D UQ (B)	fb991e3af6f4a9f00c3695947e7f2515b1813b23	False			nd-unfolding/boot_nd_5d/res_boot_14.npz.done
185	1786035047	text/plain	JSON	receipt/manifest/provenance	5D UQ (B)	5067100d3417ca9a4e02477fb7ec6ac146feca19	False			nd-unfolding/boot_nd_5d/res_boot_15.npz.done
185	1786035047	text/plain	JSON	receipt/manifest/provenance	5D UQ (B)	2a3b361e036b853fbe6923fba828606f9548afd5	False			nd-unfolding/boot_nd_5d/res_boot_16.npz.done
185	1786035047	text/plain	JSON	receipt/manifest/provenance	5D UQ (B)	8dae59ded96f11794ddbd8b4c7108dfa4ece8930	False			nd-unfolding/boot_nd_5d/res_boot_17.npz.done
185	1786035047	text/plain	JSON	receipt/manifest/provenance	5D UQ (B)	5de50135752a71c98679cb463185c3e0d583aa30	False			nd-unfolding/boot_nd_5d/res_boot_18.npz.done
185	1786035047	text/plain	JSON	receipt/manifest/provenance	5D UQ (B)	8b77e170d2e5bddbc4685e99a0a8753a66522259	False			nd-unfolding/boot_nd_5d/res_boot_19.npz.done
185	1786035047	text/plain	JSON	receipt/manifest/provenance	5D UQ (B)	3ebac4d543c02ae2be71ed84d171e5f5176da875	False			nd-unfolding/boot_nd_5d/res_boot_20.npz.done
185	1786035047	text/plain	JSON	receipt/manifest/provenance	5D UQ (B)	30d6732b2acaeb88fec116251d49273379b16aeb	False			nd-unfolding/boot_nd_5d/res_boot_21.npz.done
185	1786035047	text/plain	JSON	receipt/manifest/provenance	5D UQ (B)	b6f5b96c0c5bca9dfa97d75c0b81d79bc33d2cf3	False			nd-unfolding/boot_nd_5d/res_boot_22.npz.done
185	1786035047	text/plain	JSON	receipt/manifest/provenance	5D UQ (B)	5c63077f4db3e4b838e81325aaa376b52793e900	False			nd-unfolding/boot_nd_5d/res_boot_23.npz.done
185	1786035047	text/plain	JSON	receipt/manifest/provenance	5D UQ (B)	95f3d8cfcb8af39acd03652ec03a8f60e26538d8	False			nd-unfolding/boot_nd_5d/res_boot_24.npz.done
185	1786035047	text/plain	JSON	receipt/manifest/provenance	5D UQ (B)	a3a1c476c18a88e64f99aae3188268a401a609dd	False			nd-unfolding/boot_nd_5d/res_boot_25.npz.done
185	1786035047	text/plain	JSON	receipt/manifest/provenance	5D UQ (B)	de33168f3ba83f0e8ea320bc5919588cfe858f31	False			nd-unfolding/boot_nd_5d/res_boot_26.npz.done
185	1786035047	text/plain	JSON	receipt/manifest/provenance	5D UQ (B)	a00ffff24f0076f0b5c423b458ec05321cc59d54	False			nd-unfolding/boot_nd_5d/res_boot_27.npz.done
185	1786035047	text/plain	JSON	receipt/manifest/provenance	5D UQ (B)	1d32863a178949427295bf3e6d5aad2b18934860	False			nd-unfolding/boot_nd_5d/res_boot_28.npz.done
185	1786035047	text/plain	JSON	receipt/manifest/provenance	5D UQ (B)	981f3c2bfc65d674b402de3cdf09b6d264f00ca7	False			nd-unfolding/boot_nd_5d/res_boot_29.npz.done
185	1786035047	text/plain	JSON	receipt/manifest/provenance	5D UQ (B)	17e78c8db2a7aafea266ed4b2be97479d3526e15	False			nd-unfolding/boot_nd_5d/res_boot_30.npz.done
185	1786035047	text/plain	JSON	receipt/manifest/provenance	5D UQ (B)	f50dff9adc7fe0cd09bd29ec2174fd3610c3c9e3	False			nd-unfolding/boot_nd_5d/res_boot_31.npz.done
185	1786035047	text/plain	JSON	receipt/manifest/provenance	5D UQ (B)	1ce07f16806e2accab905ea53575a573bbf9eb1f	False			nd-unfolding/boot_nd_5d/res_boot_32.npz.done
185	1786035047	text/plain	JSON	receipt/manifest/provenance	5D UQ (B)	6722a019e56b21f1fc1486cd9779b77eeb50d479	False			nd-unfolding/boot_nd_5d/res_boot_33.npz.done
185	1786035047	text/plain	JSON	receipt/manifest/provenance	5D UQ (B)	75b2d3e22db335859d836384aa8cd43717f7ddec	False			nd-unfolding/boot_nd_5d/res_boot_34.npz.done
185	1786035047	text/plain	JSON	receipt/manifest/provenance	5D UQ (B)	12f757a1a4e82e06f51467b9d27576b7e4a2405c	False			nd-unfolding/boot_nd_5d/res_boot_35.npz.done
185	1786035047	text/plain	JSON	receipt/manifest/provenance	5D UQ (B)	3c7ad1f9d3ca314538a35e19b0f3c1bf93eb0f8b	False			nd-unfolding/boot_nd_5d/res_boot_36.npz.done
185	1786035047	text/plain	JSON	receipt/manifest/provenance	5D UQ (B)	537f0dfa1945e3841ae5ba01bf5fa3e7e43bb3d2	False			nd-unfolding/boot_nd_5d/res_boot_37.npz.done
185	1786035047	text/plain	JSON	receipt/manifest/provenance	5D UQ (B)	8e9538a5e1fcdb7ca83b4ea4808a380dbec38b08	False			nd-unfolding/boot_nd_5d/res_boot_38.npz.done
185	1786035047	text/plain	JSON	receipt/manifest/provenance	5D UQ (B)	124dd7a717a6ceeee8c21098c9ace3cc405421b8	False			nd-unfolding/boot_nd_5d/res_boot_39.npz.done
185	1786035047	text/plain	JSON	receipt/manifest/provenance	5D UQ (B)	b129cd5c3ce7f5699899181e3018f4ee2d1e31db	False			nd-unfolding/boot_nd_5d/res_boot_40.npz.done
185	1786035047	text/plain	JSON	receipt/manifest/provenance	5D UQ (B)	e55298df70f5364c481ee32040a898dfbf3ecbbd	False			nd-unfolding/boot_nd_5d/res_boot_41.npz.done
185	1786035047	text/plain	JSON	receipt/manifest/provenance	5D UQ (B)	64a56f051e16ce75a5457a924bcb59c38985aae3	False			nd-unfolding/boot_nd_5d/res_boot_42.npz.done
185	1786035047	text/plain	JSON	receipt/manifest/provenance	5D UQ (B)	98cdc9c22dfd2b5bfa818ab1fe20eba10222a5df	False			nd-unfolding/boot_nd_5d/res_boot_43.npz.done
185	1786035047	text/plain	JSON	receipt/manifest/provenance	5D UQ (B)	084ec0bbbf5f19a0cadd67bf3affb9ceafac4031	False			nd-unfolding/boot_nd_5d/res_boot_44.npz.done
185	1786035047	text/plain	JSON	receipt/manifest/provenance	5D UQ (B)	69d13fd0a82330888d7fbf5a8cfda84794db47b0	False			nd-unfolding/boot_nd_5d/res_boot_45.npz.done
185	1786035047	text/plain	JSON	receipt/manifest/provenance	5D UQ (B)	9a7503efe7763f94c8454b85c2834198b8cc16a7	False			nd-unfolding/boot_nd_5d/res_boot_46.npz.done
185	1786035047	text/plain	JSON	receipt/manifest/provenance	5D UQ (B)	273eec87e00c2a12860e4e9a2cb71ffbd875a190	False			nd-unfolding/boot_nd_5d/res_boot_47.npz.done
185	1786035047	text/plain	JSON	receipt/manifest/provenance	5D UQ (B)	7509ee056c673f59990b2d59f2d414898570210b	False			nd-unfolding/boot_nd_5d/res_boot_48.npz.done
185	1786035047	text/plain	JSON	receipt/manifest/provenance	5D UQ (B)	dc5f195ae5c95b65075bda9c6365bde061fd089a	False			nd-unfolding/boot_nd_5d/res_boot_49.npz.done
185	1786035047	text/plain	JSON	receipt/manifest/provenance	5D UQ (B)	92c40f6be1afc7a59356cc8d281c8b5752da370e	False			nd-unfolding/boot_nd_5d/res_boot_50.npz.done
185	1786035047	text/plain	JSON	receipt/manifest/provenance	5D UQ (B)	3e698de90fe21edc7f3580648fe9348a8e8f4fa9	False			nd-unfolding/boot_nd_5d/res_boot_51.npz.done
185	1786035047	text/plain	JSON	receipt/manifest/provenance	5D UQ (B)	773d8d61cdbfa58031d4d11c54d409a77a816109	False			nd-unfolding/boot_nd_5d/res_boot_52.npz.done
185	1786035047	text/plain	JSON	receipt/manifest/provenance	5D UQ (B)	b410cc6689be7c0d8b0c4829c7e385d668b012f7	False			nd-unfolding/boot_nd_5d/res_boot_53.npz.done
185	1786035047	text/plain	JSON	receipt/manifest/provenance	5D UQ (B)	3805aa5e3d45dc3314e3834f941fe19ac341baec	False			nd-unfolding/boot_nd_5d/res_boot_54.npz.done
185	1786035047	text/plain	JSON	receipt/manifest/provenance	5D UQ (B)	a2937ce8c0952c8a56dd9a08f66cf311db057d21	False			nd-unfolding/boot_nd_5d/res_boot_55.npz.done
185	1786035047	text/plain	JSON	receipt/manifest/provenance	5D UQ (B)	c772f7fad31e3362ba44d71ac2d29ace9b61e7bf	False			nd-unfolding/boot_nd_5d/res_boot_56.npz.done
185	1786035047	text/plain	JSON	receipt/manifest/provenance	5D UQ (B)	67d4102a3de533cefecba2e5e7c1f4dc3f9e6df4	False			nd-unfolding/boot_nd_5d/res_boot_57.npz.done
185	1786035047	text/plain	JSON	receipt/manifest/provenance	5D UQ (B)	6ea666e6d6991eea055675b0fbebbc51ac56c6bb	False			nd-unfolding/boot_nd_5d/res_boot_58.npz.done
185	1786035047	text/plain	JSON	receipt/manifest/provenance	5D UQ (B)	5c3cf08dd6205c547ffe358f536fecb9f6726fcf	False			nd-unfolding/boot_nd_5d/res_boot_59.npz.done
185	1786035047	text/plain	JSON	receipt/manifest/provenance	5D UQ (B)	95cea347a708cfb7adf90d53f3e7c15e8226f95e	False			nd-unfolding/boot_nd_5d/res_boot_60.npz.done
185	1786035047	text/plain	JSON	receipt/manifest/provenance	5D UQ (B)	29b12fd82e616285fdd29341a36e6fce350f7234	False			nd-unfolding/boot_nd_5d/res_boot_61.npz.done
185	1786035047	text/plain	JSON	receipt/manifest/provenance	5D UQ (B)	2cfb4d27a2a5d6276b086f570935ac9431327a89	False			nd-unfolding/boot_nd_5d/res_boot_62.npz.done
185	1786035047	text/plain	JSON	receipt/manifest/provenance	5D UQ (B)	260fbc78fef4bfe1cb1d4b83a372bbb830eb1f30	False			nd-unfolding/boot_nd_5d/res_boot_63.npz.done
185	1786035047	text/plain	JSON	receipt/manifest/provenance	5D UQ (B)	4f53e3a1a70c76466dfb50a76a3479d00bf09acb	False			nd-unfolding/boot_nd_5d/res_boot_64.npz.done
185	1786035047	text/plain	JSON	receipt/manifest/provenance	5D UQ (B)	eb2f6bff72a7d4d085a05a28811e030d70f0f32e	False			nd-unfolding/boot_nd_5d/res_boot_65.npz.done
185	1786035047	text/plain	JSON	receipt/manifest/provenance	5D UQ (B)	c8c13734d73209bf789783b8194d1860f0d5b029	False			nd-unfolding/boot_nd_5d/res_boot_66.npz.done
185	1786035047	text/plain	JSON	receipt/manifest/provenance	5D UQ (B)	7158a923108c2aaaceacc6dcbcb5cbadf2d422ed	False			nd-unfolding/boot_nd_5d/res_boot_67.npz.done
185	1786035047	text/plain	JSON	receipt/manifest/provenance	5D UQ (B)	aee94fe0c48b27e0382a8a4767905dfae0908ab4	False			nd-unfolding/boot_nd_5d/res_boot_68.npz.done
185	1786035047	text/plain	JSON	receipt/manifest/provenance	5D UQ (B)	139a44d5ffad88deace49cc8bfaa6fa699e69f77	False			nd-unfolding/boot_nd_5d/res_boot_69.npz.done
185	1786035047	text/plain	JSON	receipt/manifest/provenance	5D UQ (B)	4add08e1dda7d95a6c1362dbbeedda5ad20c83fc	False			nd-unfolding/boot_nd_5d/res_boot_70.npz.done
185	1786035047	text/plain	JSON	receipt/manifest/provenance	5D UQ (B)	48066e5f8b0e8f5d5d9dbd9a5add270465097f21	False			nd-unfolding/boot_nd_5d/res_boot_71.npz.done
185	1786035047	text/plain	JSON	receipt/manifest/provenance	5D UQ (B)	a547af9b13179fb37884758a4d70f941afd9bc42	False			nd-unfolding/boot_nd_5d/res_boot_72.npz.done
185	1786035047	text/plain	JSON	receipt/manifest/provenance	5D UQ (B)	f79a067b77922b8d7ca07a211afd5106c7acd65a	False			nd-unfolding/boot_nd_5d/res_boot_73.npz.done
185	1786035047	text/plain	JSON	receipt/manifest/provenance	5D UQ (B)	027d18d6c1ea3ec4597da551e28a34fe43a015eb	False			nd-unfolding/boot_nd_5d/res_boot_74.npz.done
185	1786035047	text/plain	JSON	receipt/manifest/provenance	5D UQ (B)	7291448e4716923bf4abad0e37c3f99e1574c79e	False			nd-unfolding/boot_nd_5d/res_boot_75.npz.done
185	1786035047	text/plain	JSON	receipt/manifest/provenance	5D UQ (B)	ad8711152a05f51b4cfbe533550b653ac2fedc09	False			nd-unfolding/boot_nd_5d/res_boot_76.npz.done
185	1786035047	text/plain	JSON	receipt/manifest/provenance	5D UQ (B)	3ded3c38c2c6016a70e688b968012a5604d72a66	False			nd-unfolding/boot_nd_5d/res_boot_77.npz.done
185	1786035047	text/plain	JSON	receipt/manifest/provenance	5D UQ (B)	5244ce05328328656f27b30a070f84b8df05aa59	False			nd-unfolding/boot_nd_5d/res_boot_78.npz.done
185	1786035047	text/plain	JSON	receipt/manifest/provenance	5D UQ (B)	1640b90d483d9026762815ada9ff625a21585671	False			nd-unfolding/boot_nd_5d/res_boot_79.npz.done
185	1786035047	text/plain	JSON	receipt/manifest/provenance	5D UQ (B)	d775ecd4306eac2eb0940631085077b595542e40	False			nd-unfolding/boot_nd_5d/res_boot_80.npz.done
185	1786035047	text/plain	JSON	receipt/manifest/provenance	5D UQ (B)	0057b606e675eb08b621fdc2dfe9610f4332ea62	False			nd-unfolding/boot_nd_5d/res_boot_81.npz.done
185	1786035047	text/plain	JSON	receipt/manifest/provenance	5D UQ (B)	4e88d5a2a216936173248bc282ba07ab7040e55b	False			nd-unfolding/boot_nd_5d/res_boot_82.npz.done
185	1786035047	text/plain	JSON	receipt/manifest/provenance	5D UQ (B)	9c84b6ada4bde6f03674c5b7e0a54788d26b1bb4	False			nd-unfolding/boot_nd_5d/res_boot_83.npz.done
185	1786035047	text/plain	JSON	receipt/manifest/provenance	5D UQ (B)	8ee7cebaf3bc310eb193d79a488aa87ba14a3d17	False			nd-unfolding/boot_nd_5d/res_boot_84.npz.done
185	1786035047	text/plain	JSON	receipt/manifest/provenance	5D UQ (B)	4afa47b171de77fcf6bc3f98b9dbe3636792aea8	False			nd-unfolding/boot_nd_5d/res_boot_85.npz.done
185	1786035047	text/plain	JSON	receipt/manifest/provenance	5D UQ (B)	26e2e122d34b4f46c4f5b116912f4f82d3d21fa9	False			nd-unfolding/boot_nd_5d/res_boot_86.npz.done
185	1786035047	text/plain	JSON	receipt/manifest/provenance	5D UQ (B)	56f052f64b4d74aaa33585cc33031571d3967413	False			nd-unfolding/boot_nd_5d/res_boot_87.npz.done
185	1786035047	text/plain	JSON	receipt/manifest/provenance	5D UQ (B)	bc6921af21a5cf00a9175200352ce195f13fda26	False			nd-unfolding/boot_nd_5d/res_boot_88.npz.done
185	1786035047	text/plain	JSON	receipt/manifest/provenance	5D UQ (B)	4a6c999958197a1d59088021b2c8ef51678d33ee	False			nd-unfolding/boot_nd_5d/res_boot_89.npz.done
185	1786035047	text/plain	JSON	receipt/manifest/provenance	5D UQ (B)	2e459396fd5f19beccfba09e130242fa4a26f07b	False			nd-unfolding/boot_nd_5d/res_boot_90.npz.done
185	1786035047	text/plain	JSON	receipt/manifest/provenance	5D UQ (B)	dae2f360303380e3683a9b5131cdda653d3b1f1f	False			nd-unfolding/boot_nd_5d/res_boot_91.npz.done
185	1786035047	text/plain	JSON	receipt/manifest/provenance	5D UQ (B)	c4a732df9ab0822de3ccf70e32aa3d98347f62ba	False			nd-unfolding/boot_nd_5d/res_boot_92.npz.done
185	1786035047	text/plain	JSON	receipt/manifest/provenance	5D UQ (B)	644e0e7e845c9b6a7c9eca659bf6b73af708dff0	False			nd-unfolding/boot_nd_5d/res_boot_93.npz.done
185	1786035047	text/plain	JSON	receipt/manifest/provenance	5D UQ (B)	20bc63669f0bc831ddf4320ee8e9f3a5e7aa6d53	False			nd-unfolding/boot_nd_5d/res_boot_94.npz.done
185	1786035047	text/plain	JSON	receipt/manifest/provenance	5D UQ (B)	905c7dd6faa0bba7491c3bf77dea4ddfff633b58	False			nd-unfolding/boot_nd_5d/res_boot_95.npz.done
185	1786035047	text/plain	JSON	receipt/manifest/provenance	5D UQ (B)	c4d05a2690c75c4df1c016c1a0b3a769d1fa0b17	False			nd-unfolding/boot_nd_5d/res_boot_96.npz.done
185	1786035047	text/plain	JSON	receipt/manifest/provenance	5D UQ (B)	b194ae9fcea28a42ae56153490541b06a9ba8510	False			nd-unfolding/boot_nd_5d/res_boot_97.npz.done
185	1786035047	text/plain	JSON	receipt/manifest/provenance	5D UQ (B)	701760ada0627a5caad4e457f6f2d8660e032443	False			nd-unfolding/boot_nd_5d/res_boot_98.npz.done
185	1786035047	text/plain	JSON	receipt/manifest/provenance	5D UQ (B)	5668f73fc9658465c96813b280fd60da20d4f8c6	False			nd-unfolding/boot_nd_5d/res_boot_99.npz.done
185	1786035047	text/plain	JSON	receipt/manifest/provenance	FPS UQ	02df62a231209fc04ebabb34ce7d7f3470ddf563	False			nd-unfolding/boot_nd_fps/res_boot_10.npz.done
185	1786035047	text/plain	JSON	receipt/manifest/provenance	FPS UQ	cea65b4f8bce64c9e30a2be96646fefc1d08cc80	False			nd-unfolding/boot_nd_fps/res_boot_11.npz.done
185	1786035047	text/plain	JSON	receipt/manifest/provenance	FPS UQ	e7b43781b5be4ffdeea94d206989313f68e63cf0	False			nd-unfolding/boot_nd_fps/res_boot_12.npz.done
185	1786035047	text/plain	JSON	receipt/manifest/provenance	FPS UQ	53f49ee8c6e992cfaf9fb24845761ff5d4fa434a	False			nd-unfolding/boot_nd_fps/res_boot_13.npz.done
185	1786035047	text/plain	JSON	receipt/manifest/provenance	FPS UQ	d096eb89ed5850c2635dd1d31edbface12682f3a	False			nd-unfolding/boot_nd_fps/res_boot_14.npz.done
185	1786035047	text/plain	JSON	receipt/manifest/provenance	FPS UQ	85d7d00c4f556b349debfce4266fdf338ad102d5	False			nd-unfolding/boot_nd_fps/res_boot_15.npz.done
185	1786035047	text/plain	JSON	receipt/manifest/provenance	FPS UQ	5f4b7ad5713bea18c06f7928fe63cecf22244114	False			nd-unfolding/boot_nd_fps/res_boot_16.npz.done
185	1786035047	text/plain	JSON	receipt/manifest/provenance	FPS UQ	4c40dc034c71d3cfe58782aea39c25c316d58d90	False			nd-unfolding/boot_nd_fps/res_boot_17.npz.done
185	1786035047	text/plain	JSON	receipt/manifest/provenance	FPS UQ	af9976f17a72aba2c876a4026f299a4e18339174	False			nd-unfolding/boot_nd_fps/res_boot_18.npz.done
185	1786035047	text/plain	JSON	receipt/manifest/provenance	FPS UQ	96259cefe4627ccafccd55a950df496733f28352	False			nd-unfolding/boot_nd_fps/res_boot_19.npz.done
185	1786035047	text/plain	JSON	receipt/manifest/provenance	FPS UQ	9d89d179fb04eaba66cc68bf7e412cefefd619b1	False			nd-unfolding/boot_nd_fps/res_boot_20.npz.done
185	1786035047	text/plain	JSON	receipt/manifest/provenance	FPS UQ	bca6616c7070e41629f97ec3b7e9997da703e0ea	False			nd-unfolding/boot_nd_fps/res_boot_21.npz.done
185	1786035047	text/plain	JSON	receipt/manifest/provenance	FPS UQ	3b4960704c1afee01e23636fecde7024d0ffb5a8	False			nd-unfolding/boot_nd_fps/res_boot_22.npz.done
185	1786035047	text/plain	JSON	receipt/manifest/provenance	FPS UQ	702acced30050ab9a60ad2c03639944836fdd24e	False			nd-unfolding/boot_nd_fps/res_boot_23.npz.done
185	1786035047	text/plain	JSON	receipt/manifest/provenance	FPS UQ	0644d53be973c250dd1b66ee1ce75949720d998f	False			nd-unfolding/boot_nd_fps/res_boot_24.npz.done
185	1786035047	text/plain	JSON	receipt/manifest/provenance	FPS UQ	4c23e1c059c33ff4b090cb512cc1cc93cfd343f5	False			nd-unfolding/boot_nd_fps/res_boot_25.npz.done
185	1786035047	text/plain	JSON	receipt/manifest/provenance	FPS UQ	09c63d5b0a5d0e37a4bac65cf8a107df6e880d4b	False			nd-unfolding/boot_nd_fps/res_boot_26.npz.done
185	1786035047	text/plain	JSON	receipt/manifest/provenance	FPS UQ	82a0df3e1c07d5e33cb8ec94fc9f49587322d4d5	False			nd-unfolding/boot_nd_fps/res_boot_27.npz.done
185	1786035047	text/plain	JSON	receipt/manifest/provenance	FPS UQ	c8c21b4d3df00709561c5ac63aa1e0402091eba1	False			nd-unfolding/boot_nd_fps/res_boot_28.npz.done
185	1786035047	text/plain	JSON	receipt/manifest/provenance	FPS UQ	935944095f00ad8947c9ea9d2048c26446db3330	False			nd-unfolding/boot_nd_fps/res_boot_29.npz.done
185	1786035047	text/plain	JSON	receipt/manifest/provenance	FPS UQ	194b84ffe96382dd142681525e19399d413ffd4e	False			nd-unfolding/boot_nd_fps/res_boot_30.npz.done
185	1786035047	text/plain	JSON	receipt/manifest/provenance	FPS UQ	3c617b8c69ff551d8bd823a05f98d5e4f45ef0a7	False			nd-unfolding/boot_nd_fps/res_boot_31.npz.done
185	1786035047	text/plain	JSON	receipt/manifest/provenance	FPS UQ	ff21d7095ff6d3b46e44aaa893210d154d27603d	False			nd-unfolding/boot_nd_fps/res_boot_32.npz.done
185	1786035047	text/plain	JSON	receipt/manifest/provenance	FPS UQ	6ba21a73b583718d2dec24cddedc2d6c45a1d05b	False			nd-unfolding/boot_nd_fps/res_boot_33.npz.done
185	1786035047	text/plain	JSON	receipt/manifest/provenance	FPS UQ	d91ed13de33535eb6641ef4f1e6a650bdc19a447	False			nd-unfolding/boot_nd_fps/res_boot_34.npz.done
185	1786035047	text/plain	JSON	receipt/manifest/provenance	FPS UQ	98e9224d4777c629145b71251af4f0297c2fb526	False			nd-unfolding/boot_nd_fps/res_boot_35.npz.done
185	1786035047	text/plain	JSON	receipt/manifest/provenance	FPS UQ	6e2e7326dd6d245f315bd95c377aba948b17bb20	False			nd-unfolding/boot_nd_fps/res_boot_36.npz.done
185	1786035047	text/plain	JSON	receipt/manifest/provenance	FPS UQ	9fb87aa79f31a1c72e7b7dce70d888fbbbaa6ec2	False			nd-unfolding/boot_nd_fps/res_boot_37.npz.done
185	1786035047	text/plain	JSON	receipt/manifest/provenance	FPS UQ	48434cf2c1a512a5d02b771028297edf9a9368c6	False			nd-unfolding/boot_nd_fps/res_boot_38.npz.done
185	1786035047	text/plain	JSON	receipt/manifest/provenance	FPS UQ	98570adec7c71511a453cd2200872642a9b2ab25	False			nd-unfolding/boot_nd_fps/res_boot_39.npz.done
185	1786035047	text/plain	JSON	receipt/manifest/provenance	FPS UQ	165b61aecc3f5cc2e0c6d195c8dde5d593098681	False			nd-unfolding/boot_nd_fps/res_boot_40.npz.done
185	1786035047	text/plain	JSON	receipt/manifest/provenance	FPS UQ	374e06176d08d0ba4a9cbeeb6409983ff266827a	False			nd-unfolding/boot_nd_fps/res_boot_41.npz.done
185	1786035047	text/plain	JSON	receipt/manifest/provenance	FPS UQ	8c68b7d214c5ed85b0559eb810320ecaa4225b82	False			nd-unfolding/boot_nd_fps/res_boot_42.npz.done
185	1786035047	text/plain	JSON	receipt/manifest/provenance	FPS UQ	2b229c0cc1b719fabbbfc75b8e16a9bbfc3ad924	False			nd-unfolding/boot_nd_fps/res_boot_43.npz.done
185	1786035047	text/plain	JSON	receipt/manifest/provenance	FPS UQ	a9ebf4ff3e26e172d24c029bfa42d8554da2c213	False			nd-unfolding/boot_nd_fps/res_boot_44.npz.done
185	1786035047	text/plain	JSON	receipt/manifest/provenance	FPS UQ	2ee7fc425d06dc520e002ea83adc506dc67a8be0	False			nd-unfolding/boot_nd_fps/res_boot_45.npz.done
185	1786035047	text/plain	JSON	receipt/manifest/provenance	FPS UQ	812e9d65fb6bfc9dfda9d4d0da7d76f16343d714	False			nd-unfolding/boot_nd_fps/res_boot_46.npz.done
185	1786035047	text/plain	JSON	receipt/manifest/provenance	FPS UQ	0f8da7e8a54e81e7ca4e6be3568bbb81acc52ad2	False			nd-unfolding/boot_nd_fps/res_boot_47.npz.done
185	1786035047	text/plain	JSON	receipt/manifest/provenance	FPS UQ	aa9cd58f2f0054a2bb153997baa6956719347b0f	False			nd-unfolding/boot_nd_fps/res_boot_48.npz.done
185	1786035047	text/plain	JSON	receipt/manifest/provenance	FPS UQ	97dd562633803637e1819591f9b22b471f1be276	False			nd-unfolding/boot_nd_fps/res_boot_49.npz.done
185	1786035047	text/plain	JSON	receipt/manifest/provenance	FPS UQ	94d67e2e483602cfa74d8b9c1f275f952c459972	False			nd-unfolding/boot_nd_fps/res_boot_50.npz.done
185	1786035047	text/plain	JSON	receipt/manifest/provenance	FPS UQ	3e7b590eb45325413286fba99873ba2443f87cb3	False			nd-unfolding/boot_nd_fps/res_boot_51.npz.done
185	1786035047	text/plain	JSON	receipt/manifest/provenance	FPS UQ	d831d92d14774e9c1a5809b242878373291783fd	False			nd-unfolding/boot_nd_fps/res_boot_52.npz.done
185	1786035047	text/plain	JSON	receipt/manifest/provenance	FPS UQ	35d45905a53c7ba7678466a07cdeff8fb6692ff6	False			nd-unfolding/boot_nd_fps/res_boot_53.npz.done
185	1786035047	text/plain	JSON	receipt/manifest/provenance	FPS UQ	84b1555d75ba46dff8a9bfa39f3c2eef72c8d3f9	False			nd-unfolding/boot_nd_fps/res_boot_54.npz.done
185	1786035047	text/plain	JSON	receipt/manifest/provenance	FPS UQ	3aa5210f76e93807c788967fc97cc7ee72c37de8	False			nd-unfolding/boot_nd_fps/res_boot_55.npz.done
185	1786035047	text/plain	JSON	receipt/manifest/provenance	FPS UQ	d23864d99768cd7505a25253dbda05b5cc282118	False			nd-unfolding/boot_nd_fps/res_boot_56.npz.done
185	1786035047	text/plain	JSON	receipt/manifest/provenance	FPS UQ	c98547d659445c69d2cd0ceab3f8f1f4dbff4255	False			nd-unfolding/boot_nd_fps/res_boot_57.npz.done
185	1786035047	text/plain	JSON	receipt/manifest/provenance	FPS UQ	382879769f2943e71b1b201adaabacb340e94c3a	False			nd-unfolding/boot_nd_fps/res_boot_58.npz.done
185	1786035047	text/plain	JSON	receipt/manifest/provenance	FPS UQ	275c167b5c5431a23a56ed382963dece90c2df7c	False			nd-unfolding/boot_nd_fps/res_boot_59.npz.done
185	1786035047	text/plain	JSON	receipt/manifest/provenance	FPS UQ	3aeb64346824cd95374a27efd30555de8291c58b	False			nd-unfolding/boot_nd_fps/res_boot_60.npz.done
185	1786035047	text/plain	JSON	receipt/manifest/provenance	FPS UQ	90aebeb52bf60b47e78facf5fa28d4cd33d5a36a	False			nd-unfolding/boot_nd_fps/res_boot_61.npz.done
185	1786035047	text/plain	JSON	receipt/manifest/provenance	FPS UQ	77903d6c856534856d063813c0b4364da4c1c979	False			nd-unfolding/boot_nd_fps/res_boot_62.npz.done
185	1786035047	text/plain	JSON	receipt/manifest/provenance	FPS UQ	3273ba7bf1937ae2964103e670b9a21be425a821	False			nd-unfolding/boot_nd_fps/res_boot_63.npz.done
185	1786035047	text/plain	JSON	receipt/manifest/provenance	FPS UQ	b5ccd0c4be400f6a060933664824ea7f00585b09	False			nd-unfolding/boot_nd_fps/res_boot_64.npz.done
185	1786035047	text/plain	JSON	receipt/manifest/provenance	FPS UQ	f68e39e168f2add98fbbb847d93046175f63fe37	False			nd-unfolding/boot_nd_fps/res_boot_65.npz.done
185	1786035047	text/plain	JSON	receipt/manifest/provenance	FPS UQ	03bd4d34c62b9cf1dee1891b5dccac0c9c2b49bf	False			nd-unfolding/boot_nd_fps/res_boot_66.npz.done
185	1786035047	text/plain	JSON	receipt/manifest/provenance	FPS UQ	1dd8a4a4665d3f7b22a3610ce0cc77409967b2d6	False			nd-unfolding/boot_nd_fps/res_boot_67.npz.done
185	1786035047	text/plain	JSON	receipt/manifest/provenance	FPS UQ	4e873a95aca1855fa3ee27b0bcba95dc3455f81f	False			nd-unfolding/boot_nd_fps/res_boot_68.npz.done
185	1786035047	text/plain	JSON	receipt/manifest/provenance	FPS UQ	b8a1e24301a3fca5c473167fd293c498a0faf599	False			nd-unfolding/boot_nd_fps/res_boot_69.npz.done
185	1786035047	text/plain	JSON	receipt/manifest/provenance	FPS UQ	8b66004f0a9b4c978a47aea79e595cfcb8b6536a	False			nd-unfolding/boot_nd_fps/res_boot_70.npz.done
185	1786035047	text/plain	JSON	receipt/manifest/provenance	FPS UQ	856ed3bb07d59cc6c52f906e7d418e88c3eb49f2	False			nd-unfolding/boot_nd_fps/res_boot_71.npz.done
185	1786035047	text/plain	JSON	receipt/manifest/provenance	FPS UQ	84dd2409be6a4d7ab6631a990ef6b5018fcd0aa9	False			nd-unfolding/boot_nd_fps/res_boot_72.npz.done
185	1786035047	text/plain	JSON	receipt/manifest/provenance	FPS UQ	3fb545d0992bce484125cecce84cfa31f295c28f	False			nd-unfolding/boot_nd_fps/res_boot_73.npz.done
185	1786035047	text/plain	JSON	receipt/manifest/provenance	FPS UQ	ba4504f02daaada6aa93f31213f96cde0a91ff55	False			nd-unfolding/boot_nd_fps/res_boot_74.npz.done
185	1786035047	text/plain	JSON	receipt/manifest/provenance	FPS UQ	c65ab53d8c5c9b1d5a1121a2fdbb66f0022650a0	False			nd-unfolding/boot_nd_fps/res_boot_75.npz.done
185	1786035047	text/plain	JSON	receipt/manifest/provenance	FPS UQ	7b679ea2836e457de177f3a58c77341d40fb0151	False			nd-unfolding/boot_nd_fps/res_boot_76.npz.done
185	1786035047	text/plain	JSON	receipt/manifest/provenance	FPS UQ	0e166eadd3637567d708c17ce8d324556cabfd8d	False			nd-unfolding/boot_nd_fps/res_boot_77.npz.done
185	1786035047	text/plain	JSON	receipt/manifest/provenance	FPS UQ	6c01c928d0369c82305f965a90917ac92dff9a03	False			nd-unfolding/boot_nd_fps/res_boot_78.npz.done
185	1786035047	text/plain	JSON	receipt/manifest/provenance	FPS UQ	6e13890c953daaf6c18192cbd7577398741346f5	False			nd-unfolding/boot_nd_fps/res_boot_79.npz.done
185	1786035047	text/plain	JSON	receipt/manifest/provenance	FPS UQ	0f61c0bad53213ce6a7db893374729258142b76e	False			nd-unfolding/boot_nd_fps/res_boot_80.npz.done
185	1786035047	text/plain	JSON	receipt/manifest/provenance	FPS UQ	a235ddea0d4337d4427eb7c79e6a70974b86d3b9	False			nd-unfolding/boot_nd_fps/res_boot_81.npz.done
185	1786035047	text/plain	JSON	receipt/manifest/provenance	FPS UQ	66e59a7dacadcbd81e2887610887fdb50a7f9d8d	False			nd-unfolding/boot_nd_fps/res_boot_82.npz.done
185	1786035047	text/plain	JSON	receipt/manifest/provenance	FPS UQ	ee2db1c3ab1ec1952a1d966900274b96b2d4ec77	False			nd-unfolding/boot_nd_fps/res_boot_83.npz.done
185	1786035047	text/plain	JSON	receipt/manifest/provenance	FPS UQ	f3f027291f9bf7a379dae6ebe9793251d8f1fb2c	False			nd-unfolding/boot_nd_fps/res_boot_84.npz.done
185	1786035047	text/plain	JSON	receipt/manifest/provenance	FPS UQ	150132b30310b0de2574d88309e4fdd89e188bae	False			nd-unfolding/boot_nd_fps/res_boot_85.npz.done
185	1786035047	text/plain	JSON	receipt/manifest/provenance	FPS UQ	981f3c204c81cc1e0234dd1efe080928e2b0b6e7	False			nd-unfolding/boot_nd_fps/res_boot_86.npz.done
185	1786035047	text/plain	JSON	receipt/manifest/provenance	FPS UQ	6c74b94dab64d17e76ce916651354997d59190b1	False			nd-unfolding/boot_nd_fps/res_boot_87.npz.done
185	1786035047	text/plain	JSON	receipt/manifest/provenance	FPS UQ	7fdd657baf85ff569c10c7d9f4e43b0a78542450	False			nd-unfolding/boot_nd_fps/res_boot_88.npz.done
185	1786035047	text/plain	JSON	receipt/manifest/provenance	FPS UQ	4ea4470c6e640266308e65df92e71f03fe4de0a8	False			nd-unfolding/boot_nd_fps/res_boot_89.npz.done
185	1786035047	text/plain	JSON	receipt/manifest/provenance	FPS UQ	6a20712d78cbf549481b05d1b1ffd0f92f07b1ec	False			nd-unfolding/boot_nd_fps/res_boot_90.npz.done
185	1786035047	text/plain	JSON	receipt/manifest/provenance	FPS UQ	34450ae83d2fd08c45c5f805602a08cd2463c0c1	False			nd-unfolding/boot_nd_fps/res_boot_91.npz.done
185	1786035047	text/plain	JSON	receipt/manifest/provenance	FPS UQ	10a0a72ce9b47dec092d3939786624e80cf9eada	False			nd-unfolding/boot_nd_fps/res_boot_92.npz.done
185	1786035047	text/plain	JSON	receipt/manifest/provenance	FPS UQ	a3b80132e57c67e82564a743833f4f1710f969c6	False			nd-unfolding/boot_nd_fps/res_boot_93.npz.done
185	1786035047	text/plain	JSON	receipt/manifest/provenance	FPS UQ	b7ae2664582fb5864cc9f1ad4c05867e7cab68ee	False			nd-unfolding/boot_nd_fps/res_boot_94.npz.done
185	1786035047	text/plain	JSON	receipt/manifest/provenance	FPS UQ	0ce96697c2d4fb1c6b64c10977bbcdd1de8a0d87	False			nd-unfolding/boot_nd_fps/res_boot_95.npz.done
185	1786035047	text/plain	JSON	receipt/manifest/provenance	FPS UQ	45f60d98cd341695c8cc49f1f7dd4311a8e0a314	False			nd-unfolding/boot_nd_fps/res_boot_96.npz.done
185	1786035047	text/plain	JSON	receipt/manifest/provenance	FPS UQ	27efec4f9f671afad2adc42c9e6f14f6a2224562	False			nd-unfolding/boot_nd_fps/res_boot_97.npz.done
185	1786035047	text/plain	JSON	receipt/manifest/provenance	FPS UQ	6f92765cf9fd42b845bf0b0f4adb96735098fb35	False			nd-unfolding/boot_nd_fps/res_boot_98.npz.done
185	1786035047	text/plain	JSON	receipt/manifest/provenance	FPS UQ	1d4059d95a262f3eff3ede6ab9df2303891ed001	False			nd-unfolding/boot_nd_fps/res_boot_99.npz.done
184	1786452700	text/plain	TEXT	reproducible generated product/log/cache	orchestration	ef3c1a4814ac81f6e1cde8bb61de84b30d5375b8	False			docs/orchestration/heartbeat-agent-A-standard-packetb.md
184	1786035047	text/plain	JSON	receipt/manifest/provenance	5D UQ (B)	c0237d602456dd125e61c7e8d1158f3bc698d9e0	False			nd-unfolding/boot_nd_5d/res_boot_1.npz.done
184	1786035047	text/plain	JSON	receipt/manifest/provenance	5D UQ (B)	0f196c17d42558ad4bb8634620cec96ec92331b1	False			nd-unfolding/boot_nd_5d/res_boot_2.npz.done
184	1786035047	text/plain	JSON	receipt/manifest/provenance	5D UQ (B)	a6490397ae36046982095a2037f70a699251f1fe	False			nd-unfolding/boot_nd_5d/res_boot_3.npz.done
184	1786035047	text/plain	JSON	receipt/manifest/provenance	5D UQ (B)	cfcd09959cfaf101a4c15fb64f503c0326794154	False			nd-unfolding/boot_nd_5d/res_boot_4.npz.done
184	1786035047	text/plain	JSON	receipt/manifest/provenance	5D UQ (B)	c6dbfca0ef0b20b3823bdb8769138b28573fd91e	False			nd-unfolding/boot_nd_5d/res_boot_5.npz.done
184	1786035047	text/plain	JSON	receipt/manifest/provenance	5D UQ (B)	f57b5bfcd3887f53132a55e2a9d30eb0e6801f2f	False			nd-unfolding/boot_nd_5d/res_boot_6.npz.done
184	1786035047	text/plain	JSON	receipt/manifest/provenance	5D UQ (B)	a216d8702626ddd3c2b070f160ea1f8f1c2f35e1	False			nd-unfolding/boot_nd_5d/res_boot_7.npz.done
184	1786035047	text/plain	JSON	receipt/manifest/provenance	5D UQ (B)	c87b9740ee45ca30ec4307c2e21a81284eeabe90	False			nd-unfolding/boot_nd_5d/res_boot_8.npz.done
184	1786035047	text/plain	JSON	receipt/manifest/provenance	5D UQ (B)	abab18a732cd3defe431fe1afa8beb1bb907ca22	False			nd-unfolding/boot_nd_5d/res_boot_9.npz.done
184	1786035047	text/plain	JSON	receipt/manifest/provenance	FPS UQ	fd93bcace7212d8c6ddd6a461dfb30182fdf71b0	False			nd-unfolding/boot_nd_fps/res_boot_1.npz.done
184	1786035047	text/plain	JSON	receipt/manifest/provenance	FPS UQ	a33869782041bdddbf1a624aeca6d517dee1ad5c	False			nd-unfolding/boot_nd_fps/res_boot_2.npz.done
184	1786035047	text/plain	JSON	receipt/manifest/provenance	FPS UQ	2603310931c59f85035f2fa487fc8014695e3f27	False			nd-unfolding/boot_nd_fps/res_boot_3.npz.done
184	1786035047	text/plain	JSON	receipt/manifest/provenance	FPS UQ	15657adca9fbb5d27dd70247b23b48594e5796e8	False			nd-unfolding/boot_nd_fps/res_boot_4.npz.done
184	1786035047	text/plain	JSON	receipt/manifest/provenance	FPS UQ	b3c6d8452546632eaffbd96bae2bd51e92d5b8d5	False			nd-unfolding/boot_nd_fps/res_boot_5.npz.done
184	1786035047	text/plain	JSON	receipt/manifest/provenance	FPS UQ	9467e33f7f2a5b439679ee75a5a72bc810883bb0	False			nd-unfolding/boot_nd_fps/res_boot_6.npz.done
184	1786035047	text/plain	JSON	receipt/manifest/provenance	FPS UQ	0a6771fc5c67a6b5e82de4a2a15f78c1e687db3e	False			nd-unfolding/boot_nd_fps/res_boot_7.npz.done
184	1786035047	text/plain	JSON	receipt/manifest/provenance	FPS UQ	5b64adeddf8efa7eaa610015905cde2c7887cb2c	False			nd-unfolding/boot_nd_fps/res_boot_8.npz.done
184	1786035047	text/plain	JSON	receipt/manifest/provenance	FPS UQ	75132c46763d9106dd793ada413de972eceb3ef9	False			nd-unfolding/boot_nd_fps/res_boot_9.npz.done
181	1786035047	text/plain	JSON	receipt/manifest/provenance	FPS UQ	fd43e0df912997bd82dee46be6e96cbde08c039e	False			nd-unfolding/cov_fps/res_toy_100.npz.done
181	1786035047	text/plain	JSON	receipt/manifest/provenance	FPS UQ	edce05755dd0071e8718e7ee8fd6271f0696c956	False			nd-unfolding/cov_fps/res_toy_101.npz.done
181	1786035047	text/plain	JSON	receipt/manifest/provenance	FPS UQ	707d659b100feeb0e7e0dbc7e87f0b1320d397bd	False			nd-unfolding/cov_fps/res_toy_102.npz.done
181	1786035047	text/plain	JSON	receipt/manifest/provenance	FPS UQ	9185cf8e516cd8caf65ee86519f1de52ed72966b	False			nd-unfolding/cov_fps/res_toy_103.npz.done
181	1786035047	text/plain	JSON	receipt/manifest/provenance	FPS UQ	b35a31f48a13a9382032771a37ae563cf82bd129	False			nd-unfolding/cov_fps/res_toy_104.npz.done
181	1786035047	text/plain	JSON	receipt/manifest/provenance	FPS UQ	551c9a36dd24c1c2fd903d0d79076e957f65f4c4	False			nd-unfolding/cov_fps/res_toy_105.npz.done
181	1786035047	text/plain	JSON	receipt/manifest/provenance	FPS UQ	a2df5a754908bd9e359ba60387e30cb3c7810068	False			nd-unfolding/cov_fps/res_toy_106.npz.done
181	1786035047	text/plain	JSON	receipt/manifest/provenance	FPS UQ	2efd40d97295d38f69910b8ee42428d45abf55d8	False			nd-unfolding/cov_fps/res_toy_107.npz.done
181	1786035047	text/plain	JSON	receipt/manifest/provenance	FPS UQ	0b9f539e5a6e041a58efccb9f680b2829e2153ae	False			nd-unfolding/cov_fps/res_toy_108.npz.done
181	1786035047	text/plain	JSON	receipt/manifest/provenance	FPS UQ	8bcf2cbb684b6c1b5c8610a372bc065914a0ac46	False			nd-unfolding/cov_fps/res_toy_109.npz.done
181	1786035047	text/plain	JSON	receipt/manifest/provenance	FPS UQ	4803ec45b274ddd1490e9fbc6ba0a19aad959a10	False			nd-unfolding/cov_fps/res_toy_110.npz.done
181	1786035047	text/plain	JSON	receipt/manifest/provenance	FPS UQ	c0fc555292277c79cd6adb0be28584ef3f565e91	False			nd-unfolding/cov_fps/res_toy_111.npz.done
181	1786035047	text/plain	JSON	receipt/manifest/provenance	FPS UQ	2d565171fa4c3a2a7c9d02b9114cc2d66d7c2967	False			nd-unfolding/cov_fps/res_toy_112.npz.done
181	1786035047	text/plain	JSON	receipt/manifest/provenance	FPS UQ	73e20318414119969c3d3e102eb38a3310626c8b	False			nd-unfolding/cov_fps/res_toy_113.npz.done
181	1786035047	text/plain	JSON	receipt/manifest/provenance	FPS UQ	e6fd035a8b34b6f0400a6f516f032e2c606e5445	False			nd-unfolding/cov_fps/res_toy_114.npz.done
181	1786035047	text/plain	JSON	receipt/manifest/provenance	FPS UQ	afc447fbf95a7a94657d3f089a6640f83359f8f3	False			nd-unfolding/cov_fps/res_toy_115.npz.done
181	1786035047	text/plain	JSON	receipt/manifest/provenance	FPS UQ	bcc2bdeccf788d971c636dbc300e57cb3f7e443c	False			nd-unfolding/cov_fps/res_toy_116.npz.done
181	1786035047	text/plain	JSON	receipt/manifest/provenance	FPS UQ	7fa9f109c2930cef1685cc649023e03bd68e5895	False			nd-unfolding/cov_fps/res_toy_117.npz.done
181	1786035047	text/plain	JSON	receipt/manifest/provenance	FPS UQ	774fa58bf3973401f7b8e1d6c0c13043ba35e849	False			nd-unfolding/cov_fps/res_toy_118.npz.done
181	1786035047	text/plain	JSON	receipt/manifest/provenance	FPS UQ	2ae7aceb672884104d22c4438f80cd425f429225	False			nd-unfolding/cov_fps/res_toy_119.npz.done
181	1786035047	text/plain	JSON	receipt/manifest/provenance	FPS UQ	a7d58f43fb764b68e9df032338a86dfa7317385c	False			nd-unfolding/cov_fps/res_toy_120.npz.done
181	1786035047	text/plain	JSON	receipt/manifest/provenance	FPS UQ	8502b5df7e56b2984152de1c380959ef2f072670	False			nd-unfolding/cov_fps/res_toy_121.npz.done
181	1786035047	text/plain	JSON	receipt/manifest/provenance	FPS UQ	83a67def69f80880c38c96b1757b57954170c274	False			nd-unfolding/cov_fps/res_toy_122.npz.done
181	1786035047	text/plain	JSON	receipt/manifest/provenance	FPS UQ	4a7e1d978e11b3c1de30d5e6320a143a27fe8cf1	False			nd-unfolding/cov_fps/res_toy_123.npz.done
181	1786035047	text/plain	JSON	receipt/manifest/provenance	FPS UQ	99f4e4dfc460c0d072ca8e58b42632aa2669cce7	False			nd-unfolding/cov_fps/res_toy_124.npz.done
181	1786035047	text/plain	JSON	receipt/manifest/provenance	FPS UQ	06b0c411ec677625d4416df4cfa8d711190ff04b	False			nd-unfolding/cov_fps/res_toy_125.npz.done
181	1786035047	text/plain	JSON	receipt/manifest/provenance	FPS UQ	861a01bb26245b75ef8f7610ab94e9bc7b6765c1	False			nd-unfolding/cov_fps/res_toy_126.npz.done
181	1786035047	text/plain	JSON	receipt/manifest/provenance	FPS UQ	78874fd9fac2cdfec297d6754dd093276bd85107	False			nd-unfolding/cov_fps/res_toy_127.npz.done
181	1786035047	text/plain	JSON	receipt/manifest/provenance	FPS UQ	63feb29c0cc400adf6169a8b84dbe37e8d9898c5	False			nd-unfolding/cov_fps/res_toy_128.npz.done
181	1786035047	text/plain	JSON	receipt/manifest/provenance	FPS UQ	96d169c687f6fa59998fd0c45a509af0128656e6	False			nd-unfolding/cov_fps/res_toy_129.npz.done
181	1786035047	text/plain	JSON	receipt/manifest/provenance	FPS UQ	7790624297ea81d62cfcefa78959b374fdfda57e	False			nd-unfolding/cov_fps/res_toy_130.npz.done
181	1786035047	text/plain	JSON	receipt/manifest/provenance	FPS UQ	49862cad18e72761ba26e8bb31b6cceefa0ac64f	False			nd-unfolding/cov_fps/res_toy_131.npz.done
181	1786035047	text/plain	JSON	receipt/manifest/provenance	FPS UQ	8cf152e38bd40e9692e219d2347cb944fa0c010d	False			nd-unfolding/cov_fps/res_toy_132.npz.done
181	1786035047	text/plain	JSON	receipt/manifest/provenance	FPS UQ	f4e23bff30135f8c8fa41c4b7a6ed85ec4002452	False			nd-unfolding/cov_fps/res_toy_133.npz.done
181	1786035047	text/plain	JSON	receipt/manifest/provenance	FPS UQ	888f372e1d7be1227d97646455399081b99eb09d	False			nd-unfolding/cov_fps/res_toy_134.npz.done
181	1786035047	text/plain	JSON	receipt/manifest/provenance	FPS UQ	b10b610da23afcfa6670cdd1d1034bcc6a818c79	False			nd-unfolding/cov_fps/res_toy_135.npz.done
181	1786035047	text/plain	JSON	receipt/manifest/provenance	FPS UQ	0c92f3ce4884fdaa25df01341d787e5ecdace526	False			nd-unfolding/cov_fps/res_toy_136.npz.done
181	1786035047	text/plain	JSON	receipt/manifest/provenance	FPS UQ	7f42c3f48c29e688eea0464953b31348252dfca7	False			nd-unfolding/cov_fps/res_toy_137.npz.done
181	1786035047	text/plain	JSON	receipt/manifest/provenance	FPS UQ	1191d4ac5ba7e8dda51a97dd34dbf9d54e43a914	False			nd-unfolding/cov_fps/res_toy_138.npz.done
181	1786035047	text/plain	JSON	receipt/manifest/provenance	FPS UQ	23476c52659bbb51383cb98b7217ea76d3bc1f0c	False			nd-unfolding/cov_fps/res_toy_139.npz.done
181	1786035047	text/plain	JSON	receipt/manifest/provenance	FPS UQ	2605c4cf0b59a58a52cfb4be64f9ad89e80361c2	False			nd-unfolding/cov_fps/res_toy_140.npz.done
181	1786035047	text/plain	JSON	receipt/manifest/provenance	FPS UQ	142b8eb1f3db838261d43f0024ca54dc2e2f0c8b	False			nd-unfolding/cov_fps/res_toy_141.npz.done
181	1786035047	text/plain	JSON	receipt/manifest/provenance	FPS UQ	ed469c54a41ccf4bed2442bf23e79748f7afb8d5	False			nd-unfolding/cov_fps/res_toy_142.npz.done
181	1786035047	text/plain	JSON	receipt/manifest/provenance	FPS UQ	3d0303c265cebc7c1ea2015f7691458164c3c812	False			nd-unfolding/cov_fps/res_toy_143.npz.done
181	1786035047	text/plain	JSON	receipt/manifest/provenance	FPS UQ	4582bfedc82218addadf69c74a62216b8e6cf22a	False			nd-unfolding/cov_fps/res_toy_144.npz.done
181	1786035047	text/plain	JSON	receipt/manifest/provenance	FPS UQ	3fc8e07337e092794d6f638f801542eaff21b877	False			nd-unfolding/cov_fps/res_toy_145.npz.done
181	1786035047	text/plain	JSON	receipt/manifest/provenance	FPS UQ	9b8915948218b7b30791a8b0a632d4ee65614cd0	False			nd-unfolding/cov_fps/res_toy_146.npz.done
181	1786035047	text/plain	JSON	receipt/manifest/provenance	FPS UQ	ca28bbee361a1964616eedc407b15449aab1d4e2	False			nd-unfolding/cov_fps/res_toy_147.npz.done
181	1786035047	text/plain	JSON	receipt/manifest/provenance	FPS UQ	04e2cb748380c7e5c466553c6754876d0ab2909b	False			nd-unfolding/cov_fps/res_toy_148.npz.done
181	1786035047	text/plain	JSON	receipt/manifest/provenance	FPS UQ	14d9b719748f3e7e987a9606390c3dd79cb5e92c	False			nd-unfolding/cov_fps/res_toy_149.npz.done
181	1786035047	text/plain	JSON	receipt/manifest/provenance	FPS UQ	bd2683127a9bf885b71edadf83d0439a13e63e23	False			nd-unfolding/cov_fps/res_toy_150.npz.done
181	1786035047	text/plain	JSON	receipt/manifest/provenance	FPS UQ	c4631a6bc34be8f7a24def15fc6f5aad2c536b30	False			nd-unfolding/cov_fps/res_toy_151.npz.done
181	1786035047	text/plain	JSON	receipt/manifest/provenance	FPS UQ	3ab3f2c8e66b94e118fac32855a70bbefa1aa8f8	False			nd-unfolding/cov_fps/res_toy_152.npz.done
181	1786035047	text/plain	JSON	receipt/manifest/provenance	FPS UQ	2e602f48034c7932f0ca9d2348ad706ef70999fb	False			nd-unfolding/cov_fps/res_toy_153.npz.done
181	1786035047	text/plain	JSON	receipt/manifest/provenance	FPS UQ	b8a92d1bb905a87ed2c6eae6e4b1121b4d032c99	False			nd-unfolding/cov_fps/res_toy_154.npz.done
181	1786035047	text/plain	JSON	receipt/manifest/provenance	FPS UQ	c10dd508a198fb1d1da4afa78eac33a97b5549fc	False			nd-unfolding/cov_fps/res_toy_155.npz.done
181	1786035047	text/plain	JSON	receipt/manifest/provenance	FPS UQ	fa65c38104f36b19b647bd89e15dae2501afb4fa	False			nd-unfolding/cov_fps/res_toy_156.npz.done
181	1786035047	text/plain	JSON	receipt/manifest/provenance	FPS UQ	6863964e9302c4eb32352f15243730eddb7a75c5	False			nd-unfolding/cov_fps/res_toy_157.npz.done
181	1786035047	text/plain	JSON	receipt/manifest/provenance	FPS UQ	e3a849aae396d0edb480c46891cfd979e7d04b28	False			nd-unfolding/cov_fps/res_toy_158.npz.done
181	1786035047	text/plain	JSON	receipt/manifest/provenance	FPS UQ	d7c7a3df04550fc32bbc90da9b56bf3f1050646a	False			nd-unfolding/cov_fps/res_toy_159.npz.done
181	1786035047	text/plain	JSON	receipt/manifest/provenance	FPS UQ	12bef0e77baeebd4274cc1542c2f05d639cf60ce	False			nd-unfolding/cov_fps/res_toy_160.npz.done
181	1786035047	text/plain	JSON	receipt/manifest/provenance	FPS UQ	6ea9c7d3a50a47e956370d5f3f6ef9210e2a0c60	False			nd-unfolding/cov_fps/res_toy_161.npz.done
181	1786035047	text/plain	JSON	receipt/manifest/provenance	FPS UQ	e196a00b74c87744bc2cdf6148b877cef6d0f7f9	False			nd-unfolding/cov_fps/res_toy_162.npz.done
181	1786035047	text/plain	JSON	receipt/manifest/provenance	FPS UQ	fa8714560822ea427697fd0a400efef5bb2e867b	False			nd-unfolding/cov_fps/res_toy_163.npz.done
181	1786035047	text/plain	JSON	receipt/manifest/provenance	FPS UQ	9246ba9233f36dcab2e7f0c7350a02ca322912b4	False			nd-unfolding/cov_fps/res_toy_164.npz.done
181	1786035047	text/plain	JSON	receipt/manifest/provenance	FPS UQ	42385d1206a27c05fffcba4a308097eca4b706fb	False			nd-unfolding/cov_fps/res_toy_165.npz.done
181	1786035047	text/plain	JSON	receipt/manifest/provenance	FPS UQ	2131e7f64b2d21361ba0057855a8b186d29c0ad7	False			nd-unfolding/cov_fps/res_toy_166.npz.done
181	1786035047	text/plain	JSON	receipt/manifest/provenance	FPS UQ	7207f64bf1e88a4a22457ef729c89d23333e0f3c	False			nd-unfolding/cov_fps/res_toy_167.npz.done
181	1786035047	text/plain	JSON	receipt/manifest/provenance	FPS UQ	fa6d8c2a8cdd07b8c5a033bf2c9224b38d88d838	False			nd-unfolding/cov_fps/res_toy_168.npz.done
181	1786035047	text/plain	JSON	receipt/manifest/provenance	FPS UQ	a72d14c4ff7c8501aa234d96df23e3a6f9051e70	False			nd-unfolding/cov_fps/res_toy_169.npz.done
181	1786035047	text/plain	JSON	receipt/manifest/provenance	FPS UQ	ff5c8f16dd3bdf301be3d9053a4a255df413c707	False			nd-unfolding/cov_fps/res_toy_170.npz.done
181	1786035047	text/plain	JSON	receipt/manifest/provenance	FPS UQ	2223909884e1e0f665324dbca8bed53202207762	False			nd-unfolding/cov_fps/res_toy_171.npz.done
181	1786035047	text/plain	JSON	receipt/manifest/provenance	FPS UQ	d642899634b1c4a66e381859357165ab2285776d	False			nd-unfolding/cov_fps/res_toy_172.npz.done
181	1786035047	text/plain	JSON	receipt/manifest/provenance	FPS UQ	cd97140146896bf31083b25809d165e276786f02	False			nd-unfolding/cov_fps/res_toy_173.npz.done
181	1786035047	text/plain	JSON	receipt/manifest/provenance	FPS UQ	f5b4d8eab55ba1f81a6ea2c7943887d48029e523	False			nd-unfolding/cov_fps/res_toy_174.npz.done
181	1786035047	text/plain	JSON	receipt/manifest/provenance	FPS UQ	69352c8f27d631b1028ac2df3732dfc8a08f8fa4	False			nd-unfolding/cov_fps/res_toy_175.npz.done
181	1786035047	text/plain	JSON	receipt/manifest/provenance	FPS UQ	85f0f149483fe51a6104a89176b67c086db82344	False			nd-unfolding/cov_fps/res_toy_176.npz.done
181	1786035047	text/plain	JSON	receipt/manifest/provenance	FPS UQ	4ebfd3e7bd35aba0c78dd25912348dbdff9bb204	False			nd-unfolding/cov_fps/res_toy_177.npz.done
181	1786035047	text/plain	JSON	receipt/manifest/provenance	FPS UQ	8dcea7f56885ace22cff1515285b8fc12c9bb44b	False			nd-unfolding/cov_fps/res_toy_178.npz.done
181	1786035047	text/plain	JSON	receipt/manifest/provenance	FPS UQ	9e6e3bb1c90233e9627a6ee81485ba4f920dd86e	False			nd-unfolding/cov_fps/res_toy_179.npz.done
181	1786035047	text/plain	JSON	receipt/manifest/provenance	FPS UQ	ab45a098527fdcbc0f955dcbe71afac4cfc2888b	False			nd-unfolding/cov_fps/res_toy_180.npz.done
181	1786035047	text/plain	JSON	receipt/manifest/provenance	FPS UQ	529d8298992a7cd6c7fe107f1cdddf0e7a1ed9ef	False			nd-unfolding/cov_fps/res_toy_181.npz.done
181	1786035047	text/plain	JSON	receipt/manifest/provenance	FPS UQ	3a50ddeade6597a9a534e54bb24ea40f19e15a35	False			nd-unfolding/cov_fps/res_toy_182.npz.done
181	1786035047	text/plain	JSON	receipt/manifest/provenance	FPS UQ	386689aeb4ae19f03a6955013f7623b9b9cc4607	False			nd-unfolding/cov_fps/res_toy_183.npz.done
181	1786035047	text/plain	JSON	receipt/manifest/provenance	FPS UQ	a0946609ee633298a26b62a5304e41d1f5a180cb	False			nd-unfolding/cov_fps/res_toy_184.npz.done
181	1786035047	text/plain	JSON	receipt/manifest/provenance	FPS UQ	56b45597a74b06f78a3dc1e9988859c64238e936	False			nd-unfolding/cov_fps/res_toy_185.npz.done
181	1786035047	text/plain	JSON	receipt/manifest/provenance	FPS UQ	c1cb34dc582ba95a6d2083ec6d38c44e51484757	False			nd-unfolding/cov_fps/res_toy_186.npz.done
181	1786035047	text/plain	JSON	receipt/manifest/provenance	FPS UQ	194f2d198176cc41024062ca5c5e2af779f65a04	False			nd-unfolding/cov_fps/res_toy_187.npz.done
181	1786035047	text/plain	JSON	receipt/manifest/provenance	FPS UQ	d0cf55791ef2752aeb55521b366dbb7d90e4e7c0	False			nd-unfolding/cov_fps/res_toy_188.npz.done
181	1786035047	text/plain	JSON	receipt/manifest/provenance	FPS UQ	00a15cac29cb4006c71bb17550e954f061206df9	False			nd-unfolding/cov_fps/res_toy_189.npz.done
181	1786035047	text/plain	JSON	receipt/manifest/provenance	FPS UQ	33f77c4ccce849407bdcdd180af79d5c42ab7d1e	False			nd-unfolding/cov_fps/res_toy_190.npz.done
181	1786035047	text/plain	JSON	receipt/manifest/provenance	FPS UQ	bed8d8ef84607c13c6c19bd1cee2f9b97633785d	False			nd-unfolding/cov_fps/res_toy_191.npz.done
181	1786035047	text/plain	JSON	receipt/manifest/provenance	FPS UQ	fc2fbcc0c591c9dde4eb3944d3a1717c71212e6d	False			nd-unfolding/cov_fps/res_toy_192.npz.done
181	1786035047	text/plain	JSON	receipt/manifest/provenance	FPS UQ	f4e8b0addf95a3702558406a9cf53f19c300ac2b	False			nd-unfolding/cov_fps/res_toy_193.npz.done
181	1786035047	text/plain	JSON	receipt/manifest/provenance	FPS UQ	b289e58f22600fde8b1f8c1d39de381367f957b8	False			nd-unfolding/cov_fps/res_toy_194.npz.done
181	1786035047	text/plain	JSON	receipt/manifest/provenance	FPS UQ	b2fd3e268a5df581e681238a9542d8b56d7f6039	False			nd-unfolding/cov_fps/res_toy_195.npz.done
181	1786035047	text/plain	JSON	receipt/manifest/provenance	FPS UQ	9628f0e6b1792a3f74cf0aabf576db020de3c1c9	False			nd-unfolding/cov_fps/res_toy_196.npz.done
181	1786035047	text/plain	JSON	receipt/manifest/provenance	FPS UQ	9efd7d5e1ec694aa98ac0d309d3f8aab9f8c32a7	False			nd-unfolding/cov_fps/res_toy_197.npz.done
181	1786035047	text/plain	JSON	receipt/manifest/provenance	FPS UQ	5318ed9568c54c2228226c786b28c601ad090a92	False			nd-unfolding/cov_fps/res_toy_198.npz.done
181	1786035047	text/plain	JSON	receipt/manifest/provenance	FPS UQ	e22eccb2d9440fd4adc04872d86d80b988ccf6c3	False			nd-unfolding/cov_fps/res_toy_199.npz.done
181	1786035047	text/plain	JSON	receipt/manifest/provenance	FPS UQ	e729d24e19017db2bf0723be5f3aad6bc27d9007	False			nd-unfolding/cov_fps/res_toy_200.npz.done
181	1786035047	text/plain	JSON	receipt/manifest/provenance	unassigned	d0bd5b3882c3e1d3a8d0e430fba01906fa1743bd	False			nd-unfolding/of_inputs_fps.npz.done
180	1786035047	text/plain	JSON	receipt/manifest/provenance	FPS UQ	98dd8b77e512da5bde228514c5823000609d763b	False			nd-unfolding/cov_fps/res_toy_10.npz.done
180	1786035047	text/plain	JSON	receipt/manifest/provenance	FPS UQ	51a0bc06c2b32d46a728b7112a4400709a0961a4	False			nd-unfolding/cov_fps/res_toy_11.npz.done
180	1786035047	text/plain	JSON	receipt/manifest/provenance	FPS UQ	90847bfa140348dbac0f0cffa38bcf57838b9cda	False			nd-unfolding/cov_fps/res_toy_12.npz.done
180	1786035047	text/plain	JSON	receipt/manifest/provenance	FPS UQ	89cc0093c0c45acbe2e2a20d37c0a3ead74c677f	False			nd-unfolding/cov_fps/res_toy_13.npz.done
180	1786035047	text/plain	JSON	receipt/manifest/provenance	FPS UQ	66ce59d9303e1d3a71c279aec485ea1ffd198ece	False			nd-unfolding/cov_fps/res_toy_14.npz.done
180	1786035047	text/plain	JSON	receipt/manifest/provenance	FPS UQ	7ce4bd3d5297a7cc2e3c91c9a244eef0877692f7	False			nd-unfolding/cov_fps/res_toy_15.npz.done
180	1786035047	text/plain	JSON	receipt/manifest/provenance	FPS UQ	27b230eb617d9095d880c8f0e3e485f47d1f9be5	False			nd-unfolding/cov_fps/res_toy_16.npz.done
180	1786035047	text/plain	JSON	receipt/manifest/provenance	FPS UQ	793fb233f57bcfdef6388677ae47cee20743690a	False			nd-unfolding/cov_fps/res_toy_17.npz.done
180	1786035047	text/plain	JSON	receipt/manifest/provenance	FPS UQ	8ad0b0a34bb506d2ebca694051081386de73bac0	False			nd-unfolding/cov_fps/res_toy_18.npz.done
180	1786035047	text/plain	JSON	receipt/manifest/provenance	FPS UQ	6e1f5b9e56a7c08795478fe89790c9796b1a8ebc	False			nd-unfolding/cov_fps/res_toy_19.npz.done
180	1786035047	text/plain	JSON	receipt/manifest/provenance	FPS UQ	016f6461e60a7882f2669e105e65b475ef7a4ca7	False			nd-unfolding/cov_fps/res_toy_20.npz.done
180	1786035047	text/plain	JSON	receipt/manifest/provenance	FPS UQ	3d50bea2c6eab6bc58340cdd725c9f62c7d4e650	False			nd-unfolding/cov_fps/res_toy_21.npz.done
180	1786035047	text/plain	JSON	receipt/manifest/provenance	FPS UQ	7cb8dee22dea81d47a179d7196a65913ff074c14	False			nd-unfolding/cov_fps/res_toy_22.npz.done
180	1786035047	text/plain	JSON	receipt/manifest/provenance	FPS UQ	dadb25016cc5949aab7dae84bd5611398364d9c7	False			nd-unfolding/cov_fps/res_toy_23.npz.done
180	1786035047	text/plain	JSON	receipt/manifest/provenance	FPS UQ	3a55bdad75932944157002b742360aac1ec9ec3d	False			nd-unfolding/cov_fps/res_toy_24.npz.done
180	1786035047	text/plain	JSON	receipt/manifest/provenance	FPS UQ	189b8d8ba081dccf7143323135279e4cfe16c6ec	False			nd-unfolding/cov_fps/res_toy_25.npz.done
180	1786035047	text/plain	JSON	receipt/manifest/provenance	FPS UQ	58e1ea550511edfce2a65dac923ac645ceae286f	False			nd-unfolding/cov_fps/res_toy_26.npz.done
180	1786035047	text/plain	JSON	receipt/manifest/provenance	FPS UQ	c5d7fc1c7ebe379cd97d37b680ad182a96df9717	False			nd-unfolding/cov_fps/res_toy_27.npz.done
180	1786035047	text/plain	JSON	receipt/manifest/provenance	FPS UQ	88d51453808c68ecc0c71ed89d57e72097d78097	False			nd-unfolding/cov_fps/res_toy_28.npz.done
180	1786035047	text/plain	JSON	receipt/manifest/provenance	FPS UQ	35292367480cf6b82096abe46ee88dea1276850a	False			nd-unfolding/cov_fps/res_toy_29.npz.done
180	1786035047	text/plain	JSON	receipt/manifest/provenance	FPS UQ	8f880568c7cdbac1819c236ab86faf0b075d5c21	False			nd-unfolding/cov_fps/res_toy_30.npz.done
180	1786035047	text/plain	JSON	receipt/manifest/provenance	FPS UQ	ff2b8961dbeedfa3da0433ae4fbf6e1fa1c6f603	False			nd-unfolding/cov_fps/res_toy_31.npz.done
180	1786035047	text/plain	JSON	receipt/manifest/provenance	FPS UQ	05c3bb3cfe42da3e6f506492cc0f9c2f6113b87f	False			nd-unfolding/cov_fps/res_toy_32.npz.done
180	1786035047	text/plain	JSON	receipt/manifest/provenance	FPS UQ	1247bd44126c0dd41b800b82a064ee2a59c8c0b6	False			nd-unfolding/cov_fps/res_toy_33.npz.done
180	1786035047	text/plain	JSON	receipt/manifest/provenance	FPS UQ	b87d0818b12dce93b424fe4324f502f804e7dd7f	False			nd-unfolding/cov_fps/res_toy_34.npz.done
180	1786035047	text/plain	JSON	receipt/manifest/provenance	FPS UQ	a31fd2036aba05f2ad90de669052f8cef1d0a09c	False			nd-unfolding/cov_fps/res_toy_35.npz.done
180	1786035047	text/plain	JSON	receipt/manifest/provenance	FPS UQ	a0369b8b5c21667cee2b4adfe34d62a05a06292a	False			nd-unfolding/cov_fps/res_toy_36.npz.done
180	1786035047	text/plain	JSON	receipt/manifest/provenance	FPS UQ	d80d84877280b06a41abf833fb3007e1a94a5eba	False			nd-unfolding/cov_fps/res_toy_37.npz.done
180	1786035047	text/plain	JSON	receipt/manifest/provenance	FPS UQ	38b4e7069aced1ca09797f601777d3198d287d9b	False			nd-unfolding/cov_fps/res_toy_38.npz.done
180	1786035047	text/plain	JSON	receipt/manifest/provenance	FPS UQ	aec890d93482370b4fac83929f31256b540116c1	False			nd-unfolding/cov_fps/res_toy_39.npz.done
180	1786035047	text/plain	JSON	receipt/manifest/provenance	FPS UQ	26b387965de07ed0f09c386b68eb410ade04aac0	False			nd-unfolding/cov_fps/res_toy_40.npz.done
180	1786035047	text/plain	JSON	receipt/manifest/provenance	FPS UQ	92298045c547573677932ebf517ba89a861f1f9f	False			nd-unfolding/cov_fps/res_toy_41.npz.done
180	1786035047	text/plain	JSON	receipt/manifest/provenance	FPS UQ	c323c257f2ed613ef285b9c0e18c10dfb6ccdd93	False			nd-unfolding/cov_fps/res_toy_42.npz.done
180	1786035047	text/plain	JSON	receipt/manifest/provenance	FPS UQ	57b8175fdd3deacda8ab910e9ff761029652591b	False			nd-unfolding/cov_fps/res_toy_43.npz.done
180	1786035047	text/plain	JSON	receipt/manifest/provenance	FPS UQ	f32e587711e69ab2891c3d06c86e49fb8001a9b9	False			nd-unfolding/cov_fps/res_toy_44.npz.done
180	1786035047	text/plain	JSON	receipt/manifest/provenance	FPS UQ	1a630f025be7bcd1db5603aa5426f88a5b8900bb	False			nd-unfolding/cov_fps/res_toy_45.npz.done
180	1786035047	text/plain	JSON	receipt/manifest/provenance	FPS UQ	feb89ca6801b14ef2a074f9ba6ae78ed0099c712	False			nd-unfolding/cov_fps/res_toy_46.npz.done
180	1786035047	text/plain	JSON	receipt/manifest/provenance	FPS UQ	69eb7b026e76312ac91ef2c85568b18137773a52	False			nd-unfolding/cov_fps/res_toy_47.npz.done
180	1786035047	text/plain	JSON	receipt/manifest/provenance	FPS UQ	06ea0f652de5ebd189bfa64acbf8c93433672cb4	False			nd-unfolding/cov_fps/res_toy_48.npz.done
180	1786035047	text/plain	JSON	receipt/manifest/provenance	FPS UQ	1d1f560315f8c7ab8548c0596bb1b40292dbaf42	False			nd-unfolding/cov_fps/res_toy_49.npz.done
180	1786035047	text/plain	JSON	receipt/manifest/provenance	FPS UQ	1a4c229096a7569bc8d7f125947ba2d8c74d605a	False			nd-unfolding/cov_fps/res_toy_50.npz.done
180	1786035047	text/plain	JSON	receipt/manifest/provenance	FPS UQ	13507e5171a8b3a8edac4e6f0e498c463148fe6f	False			nd-unfolding/cov_fps/res_toy_51.npz.done
180	1786035047	text/plain	JSON	receipt/manifest/provenance	FPS UQ	fc2902fee983ea662f8bf70c15723309c13cf8c8	False			nd-unfolding/cov_fps/res_toy_52.npz.done
180	1786035047	text/plain	JSON	receipt/manifest/provenance	FPS UQ	54ac8cfad7b010ee47f6466b6ac77dc526fb11ed	False			nd-unfolding/cov_fps/res_toy_53.npz.done
180	1786035047	text/plain	JSON	receipt/manifest/provenance	FPS UQ	036cf53d53e6f402d3d3a97e21a32bc1486592b7	False			nd-unfolding/cov_fps/res_toy_54.npz.done
180	1786035047	text/plain	JSON	receipt/manifest/provenance	FPS UQ	c2bba15e56388dd11e6f6194fa8765a4e4c5bfe7	False			nd-unfolding/cov_fps/res_toy_55.npz.done
180	1786035047	text/plain	JSON	receipt/manifest/provenance	FPS UQ	4c160e498c195331efb250d81ef190caf2fee57a	False			nd-unfolding/cov_fps/res_toy_56.npz.done
180	1786035047	text/plain	JSON	receipt/manifest/provenance	FPS UQ	20df510caeca73cce3d0cbd090d267b1d7b4c052	False			nd-unfolding/cov_fps/res_toy_57.npz.done
180	1786035047	text/plain	JSON	receipt/manifest/provenance	FPS UQ	3ebedd84d0a7277c1e9686711b0f1b84547bcfb2	False			nd-unfolding/cov_fps/res_toy_58.npz.done
180	1786035047	text/plain	JSON	receipt/manifest/provenance	FPS UQ	df7839bc40947a903679fc87af14bd6f5fcde58a	False			nd-unfolding/cov_fps/res_toy_59.npz.done
180	1786035047	text/plain	JSON	receipt/manifest/provenance	FPS UQ	cb265bd451f00c10c82186eb0d723e54b7dad0ad	False			nd-unfolding/cov_fps/res_toy_60.npz.done
180	1786035047	text/plain	JSON	receipt/manifest/provenance	FPS UQ	85973087e8c22986c54e44ad614a53653974d4f3	False			nd-unfolding/cov_fps/res_toy_61.npz.done
180	1786035047	text/plain	JSON	receipt/manifest/provenance	FPS UQ	cc9852c84cccd7644ab22bee696ac3f2c0d5d6d5	False			nd-unfolding/cov_fps/res_toy_62.npz.done
180	1786035047	text/plain	JSON	receipt/manifest/provenance	FPS UQ	6850b29f27f810e919352d02ede72c31bbdcbd2e	False			nd-unfolding/cov_fps/res_toy_63.npz.done
180	1786035047	text/plain	JSON	receipt/manifest/provenance	FPS UQ	a797fde84bfd7585264c383315d97285cfb89839	False			nd-unfolding/cov_fps/res_toy_64.npz.done
180	1786035047	text/plain	JSON	receipt/manifest/provenance	FPS UQ	7c59d0cec973ff2c1b8a9195cd9d27e43965286f	False			nd-unfolding/cov_fps/res_toy_65.npz.done
180	1786035047	text/plain	JSON	receipt/manifest/provenance	FPS UQ	d9e9a84c085d3cf64e7511e575a3703d38f38434	False			nd-unfolding/cov_fps/res_toy_66.npz.done
180	1786035047	text/plain	JSON	receipt/manifest/provenance	FPS UQ	da1a469ed3fc30d1bb084fbcb3ab68a499d26bb6	False			nd-unfolding/cov_fps/res_toy_67.npz.done
180	1786035047	text/plain	JSON	receipt/manifest/provenance	FPS UQ	d8b735e7c0dd5e47cad081736bf6ac6300467d60	False			nd-unfolding/cov_fps/res_toy_68.npz.done
180	1786035047	text/plain	JSON	receipt/manifest/provenance	FPS UQ	70b58ddff2f3a99894de2cade9934110574106a0	False			nd-unfolding/cov_fps/res_toy_69.npz.done
180	1786035047	text/plain	JSON	receipt/manifest/provenance	FPS UQ	93117202f7d3694f61048fd216a17929691ee996	False			nd-unfolding/cov_fps/res_toy_70.npz.done
180	1786035047	text/plain	JSON	receipt/manifest/provenance	FPS UQ	7aa1f1a302a5b21a1fc5228cd78a1bee76062b1c	False			nd-unfolding/cov_fps/res_toy_71.npz.done
180	1786035047	text/plain	JSON	receipt/manifest/provenance	FPS UQ	662d9c0616ceb2fa964b7e60395dfb2deef730f3	False			nd-unfolding/cov_fps/res_toy_72.npz.done
180	1786035047	text/plain	JSON	receipt/manifest/provenance	FPS UQ	3ad48f50179e1c2bac426e9173707ea854391cf8	False			nd-unfolding/cov_fps/res_toy_73.npz.done
180	1786035047	text/plain	JSON	receipt/manifest/provenance	FPS UQ	48d623842cfa282a150b96a68f7537ce65106b57	False			nd-unfolding/cov_fps/res_toy_74.npz.done
180	1786035047	text/plain	JSON	receipt/manifest/provenance	FPS UQ	a3a43657876e4942768a5d1ac93fef060350ebd6	False			nd-unfolding/cov_fps/res_toy_75.npz.done
180	1786035047	text/plain	JSON	receipt/manifest/provenance	FPS UQ	dfb5134dee023335a5d95cffd4122bdc4a31b921	False			nd-unfolding/cov_fps/res_toy_76.npz.done
180	1786035047	text/plain	JSON	receipt/manifest/provenance	FPS UQ	95978b2d887e07f0e1da00b1034bed0b5f7e82a6	False			nd-unfolding/cov_fps/res_toy_77.npz.done
180	1786035047	text/plain	JSON	receipt/manifest/provenance	FPS UQ	eb8265681bf806ded9724794ecacc76be4713f5d	False			nd-unfolding/cov_fps/res_toy_78.npz.done
180	1786035047	text/plain	JSON	receipt/manifest/provenance	FPS UQ	e20f8feb88bf97b2768758777b1e01c13231a1e6	False			nd-unfolding/cov_fps/res_toy_79.npz.done
180	1786035047	text/plain	JSON	receipt/manifest/provenance	FPS UQ	ce444fa5473ac482b3b982756b5c21967dddeec5	False			nd-unfolding/cov_fps/res_toy_80.npz.done
180	1786035047	text/plain	JSON	receipt/manifest/provenance	FPS UQ	262f418164ded47e383d521d2526d336ddfa29cf	False			nd-unfolding/cov_fps/res_toy_81.npz.done
180	1786035047	text/plain	JSON	receipt/manifest/provenance	FPS UQ	2a41d55f7f5a813d4beb6d33af6624510f1e57e1	False			nd-unfolding/cov_fps/res_toy_82.npz.done
180	1786035047	text/plain	JSON	receipt/manifest/provenance	FPS UQ	b2c30086d780feb58708a733faa06db6335699dd	False			nd-unfolding/cov_fps/res_toy_83.npz.done
180	1786035047	text/plain	JSON	receipt/manifest/provenance	FPS UQ	be9cfd3fbf955bce509b5fb3b18e75a01734d0a5	False			nd-unfolding/cov_fps/res_toy_84.npz.done
180	1786035047	text/plain	JSON	receipt/manifest/provenance	FPS UQ	5cbc2eabf7cf26a28befe869096e08b938435d65	False			nd-unfolding/cov_fps/res_toy_85.npz.done
180	1786035047	text/plain	JSON	receipt/manifest/provenance	FPS UQ	5a5989fedd94be365a20a9b06e179db127d01124	False			nd-unfolding/cov_fps/res_toy_86.npz.done
180	1786035047	text/plain	JSON	receipt/manifest/provenance	FPS UQ	bd817b3341115ea3c37eb933df181e23d6d09ae2	False			nd-unfolding/cov_fps/res_toy_87.npz.done
180	1786035047	text/plain	JSON	receipt/manifest/provenance	FPS UQ	08ce71ca91ade1732a0d4d57dfd67cd98be43c02	False			nd-unfolding/cov_fps/res_toy_88.npz.done
180	1786035047	text/plain	JSON	receipt/manifest/provenance	FPS UQ	ff4410a2a7423557b01f3a11af1d90881d284c6b	False			nd-unfolding/cov_fps/res_toy_89.npz.done
180	1786035047	text/plain	JSON	receipt/manifest/provenance	FPS UQ	1a99c2269462717c31ab4ddf528055140cefcdca	False			nd-unfolding/cov_fps/res_toy_90.npz.done
180	1786035047	text/plain	JSON	receipt/manifest/provenance	FPS UQ	ef1ee03651a2d914492b896bec6f7778402c723f	False			nd-unfolding/cov_fps/res_toy_91.npz.done
180	1786035047	text/plain	JSON	receipt/manifest/provenance	FPS UQ	6d605294715c04d25e50abb1007d997042979d38	False			nd-unfolding/cov_fps/res_toy_92.npz.done
180	1786035047	text/plain	JSON	receipt/manifest/provenance	FPS UQ	ff791eb4192e587acb4d88dad806460d6519b38d	False			nd-unfolding/cov_fps/res_toy_93.npz.done
180	1786035047	text/plain	JSON	receipt/manifest/provenance	FPS UQ	55a46a8d5502961aee5220f780d69b4004905d91	False			nd-unfolding/cov_fps/res_toy_94.npz.done
180	1786035047	text/plain	JSON	receipt/manifest/provenance	FPS UQ	5d049fca1384c9b8d608aa5a3c229db2f5d59e2e	False			nd-unfolding/cov_fps/res_toy_95.npz.done
180	1786035047	text/plain	JSON	receipt/manifest/provenance	FPS UQ	cc236c1230fb83519fefe760c6600d50a7112858	False			nd-unfolding/cov_fps/res_toy_96.npz.done
180	1786035047	text/plain	JSON	receipt/manifest/provenance	FPS UQ	7461c101ac18e44646706e623c5c79532f19bd68	False			nd-unfolding/cov_fps/res_toy_97.npz.done
180	1786035047	text/plain	JSON	receipt/manifest/provenance	FPS UQ	bc86e05b88c3fc2bfced75d8dda9e527a4d533f4	False			nd-unfolding/cov_fps/res_toy_98.npz.done
180	1786035047	text/plain	JSON	receipt/manifest/provenance	FPS UQ	80dfec13cc7a848fb028beec7c506aad4a00d31c	False			nd-unfolding/cov_fps/res_toy_99.npz.done
180	1786035047	text/plain	JSON	receipt/manifest/provenance	unassigned	546c6ff50f8bb9f464d14e2cd89943723f1b01b4	False			nd-unfolding/of_inputs_5d.npz.done
179	1786035047	text/plain	JSON	receipt/manifest/provenance	FPS UQ	02b1ae2fb8a537bc0e900edcbe2299cb766c9db0	False			nd-unfolding/cov_fps/res_toy_1.npz.done
179	1786035047	text/plain	JSON	receipt/manifest/provenance	FPS UQ	a728826da6b6e3c0a1566ea900fcc71ff3ee68d5	False			nd-unfolding/cov_fps/res_toy_2.npz.done
179	1786035047	text/plain	JSON	receipt/manifest/provenance	FPS UQ	1d822e8844744961d62e6fd25c5595d0238d1fbb	False			nd-unfolding/cov_fps/res_toy_3.npz.done
179	1786035047	text/plain	JSON	receipt/manifest/provenance	FPS UQ	623788ba03e91ab31299df56639987c909c6a88b	False			nd-unfolding/cov_fps/res_toy_4.npz.done
179	1786035047	text/plain	JSON	receipt/manifest/provenance	FPS UQ	138f85c917f947a2b2de9730d7f277c452e3fe59	False			nd-unfolding/cov_fps/res_toy_5.npz.done
179	1786035047	text/plain	JSON	receipt/manifest/provenance	FPS UQ	cf51ffd80ed0c693fbc0c0da45671dd208b709ec	False			nd-unfolding/cov_fps/res_toy_6.npz.done
179	1786035047	text/plain	JSON	receipt/manifest/provenance	FPS UQ	d7cc8b8cb85373ec6c33fbc602f56a0aa6304453	False			nd-unfolding/cov_fps/res_toy_7.npz.done
179	1786035047	text/plain	JSON	receipt/manifest/provenance	FPS UQ	a7538880207ca679f3bc1f7659c8269df4f979cd	False			nd-unfolding/cov_fps/res_toy_8.npz.done
179	1786035047	text/plain	JSON	receipt/manifest/provenance	FPS UQ	2b46a1f068da15239cc946faf26b79ad3f930644	False			nd-unfolding/cov_fps/res_toy_9.npz.done
161	1786035047	text/plain	TEXT	reproducible generated product/log/cache	orchestration	2125df2f993445c9b42aced75af5a0cc6527db2f	False			docs/orchestration/state/g2-smoke-resume.invoked
134	1786035047	text/plain	TEXT	reproducible generated product/log/cache	PET (C)	02664f738ad1741c683ba2a2544ee1611839fbb7	False			nd-unfolding/g2_fullevent/work/1D/final_sha256.check
134	1786035047	text/plain	TEXT	reproducible generated product/log/cache	PET (C)	b660f38a0b1941b34b7360ed4351237f185b9da0	False			nd-unfolding/g2_fullevent/work/1E/final_sha256.check
134	1786035047	text/plain	TEXT	reproducible generated product/log/cache	PET (C)	45778cc92280f52167b3bbfb518cfda8bee5adbc	False			nd-unfolding/g2_fullevent/work/1F/final_sha256.check
134	1786035047	text/plain	TEXT	reproducible generated product/log/cache	PET (C)	d7da3743816cab0f290b931b9fd9abdbb05ae39b	False			nd-unfolding/g2_fullevent/work/1P/final_sha256.check
129	1786035047	text/plain	TEXT	reproducible generated product/log/cache	orchestration	9b9b37442c8601f1325ab390d327cfe1e35bdd8c	False			docs/orchestration/state/g2-array-56106974-r5-resume.done
127	1786035047	text/plain	TEXT	reproducible generated product/log/cache	orchestration	1813ab0424a2527b50834212a743d08b15fc0a12	False			docs/orchestration/state/g2-dump-56120687-resume.done
126	1786035047	text/plain	TEXT	reproducible generated product/log/cache	orchestration	e3ddc502cf12cb178bbaaea6d549347a43109ed6	False			docs/orchestration/state/g2-array-56106974-r2-resume.done
126	1786035047	text/plain	TEXT	reproducible generated product/log/cache	orchestration	ec1516abae2bc961433db2efee3660ecf0f9b7a9	False			docs/orchestration/state/g2-array-56106974-r3-resume.done
126	1786035047	text/plain	TEXT	reproducible generated product/log/cache	orchestration	fc031cb3d9a9077bf7a4f24283d6f0ff2b462cc9	False			docs/orchestration/state/g2-array-56106974-r4-resume.done
124	1786035047	text/plain	TEXT	reproducible generated product/log/cache	orchestration	a319b6d0de9c6ed7661b76cab7beefbcbfe48d04	False			docs/orchestration/state/g2-dump-56116598-resume.done
99	1786035047	text/plain	TEXT	reproducible generated product/log/cache	orchestration	820410d6d3f1d1341ef8c1394edeb6d0c1605520	False			docs/orchestration/state/g2-smoke-resume.done
67	1786359530	text/plain	TEXT	reproducible generated product/log/cache	PET (C)	e23505bfce68642265d583ae6562535d71cb9f8d	False			nd-unfolding/pet/annealed_shape_validation/.finalize-source-56552326.lock
66	1786035059	text/plain	TEXT	reproducible generated product/log/cache	unassigned	3cabf1f8d4c0657d33a288c3d3e5591102cbf213	False			q_agy5.agy.txt
17	1786035047	text/plain	TEXT	reproducible generated product/log/cache	orchestration	7adb4a113ddeeb8064d1d465867e5d79231d895e	False			docs/orchestration/runs/agy-capacity-probe/20260719T055245Z-start-41c848e7.txt
9	1786035047	text/plain	JSON	receipt/manifest/provenance	2D UQ	b24509e4e3a1732dbf51f98501e6ba1ac9ea18c2	False			2d-unfolding/uq/.cdelta_jid
9	1786035047	text/plain	JSON	receipt/manifest/provenance	standard P4	64ce44b33c20776986d0d3ff9138063596d500d6	False			nd-unfolding/active_universe_5d/fps/.interactive_alloc_jid
9	1786035047	text/plain	JSON	receipt/manifest/provenance	standard P4	d450912319ea1f4fd111ff51fcc62605e64ed39c	False			nd-unfolding/active_universe_5d/fps/.merge_jid
9	1786035047	text/plain	JSON	receipt/manifest/provenance	standard P4	ec60c4c1623539117ad2acb010c3840d54297f7a	False			nd-unfolding/active_universe_5d/fps/.unfold_jid
7	1786035048	text/plain	JSON	receipt/manifest/provenance	PET (C)	6e1d451efbe197dfcb87319b25d6b86c84cb5c16	False			nd-unfolding/pet/g2_smoke/attempt2/driver.pid
3	1786035047	text/plain	TEXT	reproducible generated product/log/cache	orchestration	d86bac9de59abcc26bc7956c1e842237c7581859	False			docs/orchestration/runs/agy-auth-probe/20260720T235051Z-start-76f5d5a3.txt
2	1786035048	text/plain	JSON	receipt/manifest/provenance	PET (C)	573541ac9702dd3969c9bc859d2b91ec1f7e6e56	False			nd-unfolding/pet/g2_smoke/attempt2/loop.rc
0	0	other	?	unknown pending inspection	unassigned					"""docs/Welcome to the Nachman ML group.docx"""
0	1786035047	inode/x-empty	EMPTY	reproducible generated product/log/cache	orchestration				zero-byte marker/capture; transient	docs/orchestration/runs/agent-B-p5b/gate4-build.capture.txt
0	1786035047	inode/x-empty	EMPTY	reproducible generated product/log/cache	orchestration				zero-byte marker/capture; transient	docs/orchestration/runs/agy-publication-redteam/20260720T223201Z-send-dea6f2ad.txt
0	1786035047	inode/x-empty	EMPTY	reproducible generated product/log/cache	PET (C)				transient runtime lock (zero bytes, one per work directory)	nd-unfolding/g2_fullevent/gate2/.gate2-final-writer.lock
0	1786035047	inode/x-empty	EMPTY	reproducible generated product/log/cache	PET (C)				transient runtime lock (zero bytes, one per work directory)	nd-unfolding/g2_fullevent/input/.g2_dump.lock
0	1786035047	inode/x-empty	EMPTY	reproducible generated product/log/cache	PET (C)				transient runtime lock (zero bytes, one per work directory)	nd-unfolding/g2_fullevent/merged/.g2_merge.lock
0	1786035047	inode/x-empty	EMPTY	reproducible generated product/log/cache	PET (C)				transient runtime lock (zero bytes, one per work directory)	nd-unfolding/g2_fullevent/work/1A/.g2fe.lock
0	1786035047	inode/x-empty	EMPTY	reproducible generated product/log/cache	PET (C)				transient runtime lock (zero bytes, one per work directory)	nd-unfolding/g2_fullevent/work/1B/.g2fe.lock
0	1786035047	inode/x-empty	EMPTY	reproducible generated product/log/cache	PET (C)				transient runtime lock (zero bytes, one per work directory)	nd-unfolding/g2_fullevent/work/1C/.g2fe.lock
0	1786035047	inode/x-empty	EMPTY	reproducible generated product/log/cache	PET (C)				transient runtime lock (zero bytes, one per work directory)	nd-unfolding/g2_fullevent/work/1D/.g2fe.lock
0	1786035047	inode/x-empty	EMPTY	reproducible generated product/log/cache	PET (C)				transient runtime lock (zero bytes, one per work directory)	nd-unfolding/g2_fullevent/work/1E/.g2fe.lock
0	1786035047	inode/x-empty	EMPTY	reproducible generated product/log/cache	PET (C)				transient runtime lock (zero bytes, one per work directory)	nd-unfolding/g2_fullevent/work/1F/.g2fe.lock
0	1786035047	inode/x-empty	EMPTY	reproducible generated product/log/cache	PET (C)				transient runtime lock (zero bytes, one per work directory)	nd-unfolding/g2_fullevent/work/1G/.g2fe.lock
0	1786035047	inode/x-empty	EMPTY	reproducible generated product/log/cache	PET (C)				transient runtime lock (zero bytes, one per work directory)	nd-unfolding/g2_fullevent/work/1L/.g2fe.lock
0	1786035047	inode/x-empty	EMPTY	reproducible generated product/log/cache	PET (C)				transient runtime lock (zero bytes, one per work directory)	nd-unfolding/g2_fullevent/work/1M/.g2fe.lock
0	1786035047	inode/x-empty	EMPTY	reproducible generated product/log/cache	PET (C)				transient runtime lock (zero bytes, one per work directory)	nd-unfolding/g2_fullevent/work/1N/.g2fe.lock
0	1786035047	inode/x-empty	EMPTY	reproducible generated product/log/cache	PET (C)				transient runtime lock (zero bytes, one per work directory)	nd-unfolding/g2_fullevent/work/1O/.g2fe.lock
0	1786035047	inode/x-empty	EMPTY	reproducible generated product/log/cache	PET (C)				transient runtime lock (zero bytes, one per work directory)	nd-unfolding/g2_fullevent/work/1P/.g2fe.lock
0	1786035047	inode/x-empty	EMPTY	reproducible generated product/log/cache	PET (C)				transient runtime lock (zero bytes, one per work directory)	nd-unfolding/p3f_pet_fullevent/work/BeamAngleX_0_1A/.p3fpet.lock
0	1786035047	inode/x-empty	EMPTY	reproducible generated product/log/cache	PET (C)				transient runtime lock (zero bytes, one per work directory)	nd-unfolding/p3f_pet_fullevent/work/BeamAngleX_0_1B/.p3fpet.lock
0	1786035047	inode/x-empty	EMPTY	reproducible generated product/log/cache	PET (C)				transient runtime lock (zero bytes, one per work directory)	nd-unfolding/p3f_pet_fullevent/work/BeamAngleX_0_1C/.p3fpet.lock
0	1786035047	inode/x-empty	EMPTY	reproducible generated product/log/cache	PET (C)				transient runtime lock (zero bytes, one per work directory)	nd-unfolding/p3f_pet_fullevent/work/BeamAngleX_0_1D/.p3fpet.lock
0	1786035047	inode/x-empty	EMPTY	reproducible generated product/log/cache	PET (C)				transient runtime lock (zero bytes, one per work directory)	nd-unfolding/p3f_pet_fullevent/work/BeamAngleX_0_1E/.p3fpet.lock
0	1786035047	inode/x-empty	EMPTY	reproducible generated product/log/cache	PET (C)				transient runtime lock (zero bytes, one per work directory)	nd-unfolding/p3f_pet_fullevent/work/BeamAngleX_0_1F/.p3fpet.lock
0	1786035047	inode/x-empty	EMPTY	reproducible generated product/log/cache	PET (C)				transient runtime lock (zero bytes, one per work directory)	nd-unfolding/p3f_pet_fullevent/work/BeamAngleX_0_1G/.p3fpet.lock
0	1786035047	inode/x-empty	EMPTY	reproducible generated product/log/cache	PET (C)				transient runtime lock (zero bytes, one per work directory)	nd-unfolding/p3f_pet_fullevent/work/BeamAngleX_0_1L/.p3fpet.lock
0	1786035047	inode/x-empty	EMPTY	reproducible generated product/log/cache	PET (C)				transient runtime lock (zero bytes, one per work directory)	nd-unfolding/p3f_pet_fullevent/work/BeamAngleX_0_1M/.p3fpet.lock
0	1786035047	inode/x-empty	EMPTY	reproducible generated product/log/cache	PET (C)				transient runtime lock (zero bytes, one per work directory)	nd-unfolding/p3f_pet_fullevent/work/BeamAngleX_0_1N/.p3fpet.lock
0	1786035047	inode/x-empty	EMPTY	reproducible generated product/log/cache	PET (C)				transient runtime lock (zero bytes, one per work directory)	nd-unfolding/p3f_pet_fullevent/work/BeamAngleX_0_1O/.p3fpet.lock
0	1786035047	inode/x-empty	EMPTY	reproducible generated product/log/cache	PET (C)				transient runtime lock (zero bytes, one per work directory)	nd-unfolding/p3f_pet_fullevent/work/BeamAngleX_0_1P/.p3fpet.lock
0	1786035047	inode/x-empty	EMPTY	reproducible generated product/log/cache	PET (C)				transient runtime lock (zero bytes, one per work directory)	nd-unfolding/p3f_pet_fullevent/work/BeamAngleX_1_1A/.p3fpet.lock
0	1786035047	inode/x-empty	EMPTY	reproducible generated product/log/cache	PET (C)				transient runtime lock (zero bytes, one per work directory)	nd-unfolding/p3f_pet_fullevent/work/BeamAngleX_1_1B/.p3fpet.lock
0	1786035047	inode/x-empty	EMPTY	reproducible generated product/log/cache	PET (C)				transient runtime lock (zero bytes, one per work directory)	nd-unfolding/p3f_pet_fullevent/work/BeamAngleX_1_1C/.p3fpet.lock
0	1786035047	inode/x-empty	EMPTY	reproducible generated product/log/cache	PET (C)				transient runtime lock (zero bytes, one per work directory)	nd-unfolding/p3f_pet_fullevent/work/BeamAngleX_1_1D/.p3fpet.lock
0	1786035047	inode/x-empty	EMPTY	reproducible generated product/log/cache	PET (C)				transient runtime lock (zero bytes, one per work directory)	nd-unfolding/p3f_pet_fullevent/work/BeamAngleX_1_1E/.p3fpet.lock
0	1786035047	inode/x-empty	EMPTY	reproducible generated product/log/cache	PET (C)				transient runtime lock (zero bytes, one per work directory)	nd-unfolding/p3f_pet_fullevent/work/BeamAngleX_1_1F/.p3fpet.lock
0	1786035047	inode/x-empty	EMPTY	reproducible generated product/log/cache	PET (C)				transient runtime lock (zero bytes, one per work directory)	nd-unfolding/p3f_pet_fullevent/work/BeamAngleX_1_1G/.p3fpet.lock
0	1786035047	inode/x-empty	EMPTY	reproducible generated product/log/cache	PET (C)				transient runtime lock (zero bytes, one per work directory)	nd-unfolding/p3f_pet_fullevent/work/BeamAngleX_1_1L/.p3fpet.lock
0	1786035047	inode/x-empty	EMPTY	reproducible generated product/log/cache	PET (C)				transient runtime lock (zero bytes, one per work directory)	nd-unfolding/p3f_pet_fullevent/work/BeamAngleX_1_1M/.p3fpet.lock
0	1786035047	inode/x-empty	EMPTY	reproducible generated product/log/cache	PET (C)				transient runtime lock (zero bytes, one per work directory)	nd-unfolding/p3f_pet_fullevent/work/BeamAngleX_1_1N/.p3fpet.lock
0	1786035047	inode/x-empty	EMPTY	reproducible generated product/log/cache	PET (C)				transient runtime lock (zero bytes, one per work directory)	nd-unfolding/p3f_pet_fullevent/work/BeamAngleX_1_1O/.p3fpet.lock
0	1786035047	inode/x-empty	EMPTY	reproducible generated product/log/cache	PET (C)				transient runtime lock (zero bytes, one per work directory)	nd-unfolding/p3f_pet_fullevent/work/BeamAngleX_1_1P/.p3fpet.lock
0	1786035047	inode/x-empty	EMPTY	reproducible generated product/log/cache	PET (C)				transient runtime lock (zero bytes, one per work directory)	nd-unfolding/p3f_pet_fullevent/work/BeamAngleY_0_1A/.p3fpet.lock
0	1786035047	inode/x-empty	EMPTY	reproducible generated product/log/cache	PET (C)				transient runtime lock (zero bytes, one per work directory)	nd-unfolding/p3f_pet_fullevent/work/BeamAngleY_0_1B/.p3fpet.lock
0	1786035048	inode/x-empty	EMPTY	reproducible generated product/log/cache	PET (C)				transient runtime lock (zero bytes, one per work directory)	nd-unfolding/p3f_pet_fullevent/work/BeamAngleY_0_1C/.p3fpet.lock
0	1786035048	inode/x-empty	EMPTY	reproducible generated product/log/cache	PET (C)				transient runtime lock (zero bytes, one per work directory)	nd-unfolding/p3f_pet_fullevent/work/BeamAngleY_0_1D/.p3fpet.lock
0	1786035048	inode/x-empty	EMPTY	reproducible generated product/log/cache	PET (C)				transient runtime lock (zero bytes, one per work directory)	nd-unfolding/p3f_pet_fullevent/work/BeamAngleY_0_1E/.p3fpet.lock
0	1786035048	inode/x-empty	EMPTY	reproducible generated product/log/cache	PET (C)				transient runtime lock (zero bytes, one per work directory)	nd-unfolding/p3f_pet_fullevent/work/BeamAngleY_0_1F/.p3fpet.lock
0	1786035048	inode/x-empty	EMPTY	reproducible generated product/log/cache	PET (C)				transient runtime lock (zero bytes, one per work directory)	nd-unfolding/p3f_pet_fullevent/work/BeamAngleY_0_1G/.p3fpet.lock
0	1786035048	inode/x-empty	EMPTY	reproducible generated product/log/cache	PET (C)				transient runtime lock (zero bytes, one per work directory)	nd-unfolding/p3f_pet_fullevent/work/BeamAngleY_0_1L/.p3fpet.lock
0	1786035048	inode/x-empty	EMPTY	reproducible generated product/log/cache	PET (C)				transient runtime lock (zero bytes, one per work directory)	nd-unfolding/p3f_pet_fullevent/work/BeamAngleY_0_1M/.p3fpet.lock
0	1786035048	inode/x-empty	EMPTY	reproducible generated product/log/cache	PET (C)				transient runtime lock (zero bytes, one per work directory)	nd-unfolding/p3f_pet_fullevent/work/BeamAngleY_0_1N/.p3fpet.lock
0	1786035048	inode/x-empty	EMPTY	reproducible generated product/log/cache	PET (C)				transient runtime lock (zero bytes, one per work directory)	nd-unfolding/p3f_pet_fullevent/work/BeamAngleY_0_1O/.p3fpet.lock
0	1786035048	inode/x-empty	EMPTY	reproducible generated product/log/cache	PET (C)				transient runtime lock (zero bytes, one per work directory)	nd-unfolding/p3f_pet_fullevent/work/BeamAngleY_0_1P/.p3fpet.lock
0	1786035048	inode/x-empty	EMPTY	reproducible generated product/log/cache	PET (C)				transient runtime lock (zero bytes, one per work directory)	nd-unfolding/p3f_pet_fullevent/work/BeamAngleY_1_1A/.p3fpet.lock
0	1786035048	inode/x-empty	EMPTY	reproducible generated product/log/cache	PET (C)				transient runtime lock (zero bytes, one per work directory)	nd-unfolding/p3f_pet_fullevent/work/BeamAngleY_1_1B/.p3fpet.lock
0	1786035048	inode/x-empty	EMPTY	reproducible generated product/log/cache	PET (C)				transient runtime lock (zero bytes, one per work directory)	nd-unfolding/p3f_pet_fullevent/work/BeamAngleY_1_1C/.p3fpet.lock
0	1786035048	inode/x-empty	EMPTY	reproducible generated product/log/cache	PET (C)				transient runtime lock (zero bytes, one per work directory)	nd-unfolding/p3f_pet_fullevent/work/BeamAngleY_1_1D/.p3fpet.lock
0	1786035048	inode/x-empty	EMPTY	reproducible generated product/log/cache	PET (C)				transient runtime lock (zero bytes, one per work directory)	nd-unfolding/p3f_pet_fullevent/work/BeamAngleY_1_1E/.p3fpet.lock
0	1786035048	inode/x-empty	EMPTY	reproducible generated product/log/cache	PET (C)				transient runtime lock (zero bytes, one per work directory)	nd-unfolding/p3f_pet_fullevent/work/BeamAngleY_1_1F/.p3fpet.lock
0	1786035048	inode/x-empty	EMPTY	reproducible generated product/log/cache	PET (C)				transient runtime lock (zero bytes, one per work directory)	nd-unfolding/p3f_pet_fullevent/work/BeamAngleY_1_1G/.p3fpet.lock
0	1786035048	inode/x-empty	EMPTY	reproducible generated product/log/cache	PET (C)				transient runtime lock (zero bytes, one per work directory)	nd-unfolding/p3f_pet_fullevent/work/BeamAngleY_1_1L/.p3fpet.lock
0	1786035048	inode/x-empty	EMPTY	reproducible generated product/log/cache	PET (C)				transient runtime lock (zero bytes, one per work directory)	nd-unfolding/p3f_pet_fullevent/work/BeamAngleY_1_1M/.p3fpet.lock
0	1786035048	inode/x-empty	EMPTY	reproducible generated product/log/cache	PET (C)				transient runtime lock (zero bytes, one per work directory)	nd-unfolding/p3f_pet_fullevent/work/BeamAngleY_1_1N/.p3fpet.lock
0	1786035048	inode/x-empty	EMPTY	reproducible generated product/log/cache	PET (C)				transient runtime lock (zero bytes, one per work directory)	nd-unfolding/p3f_pet_fullevent/work/BeamAngleY_1_1O/.p3fpet.lock
0	1786035048	inode/x-empty	EMPTY	reproducible generated product/log/cache	PET (C)				transient runtime lock (zero bytes, one per work directory)	nd-unfolding/p3f_pet_fullevent/work/BeamAngleY_1_1P/.p3fpet.lock
0	1786035048	inode/x-empty	EMPTY	reproducible generated product/log/cache	PET (C)				transient runtime lock (zero bytes, one per work directory)	nd-unfolding/p3f_pet_fullevent/work/MuonResolution_0_1A/.p3fpet.lock
0	1786035048	inode/x-empty	EMPTY	reproducible generated product/log/cache	PET (C)				transient runtime lock (zero bytes, one per work directory)	nd-unfolding/p3f_pet_fullevent/work/MuonResolution_0_1B/.p3fpet.lock
0	1786035048	inode/x-empty	EMPTY	reproducible generated product/log/cache	PET (C)				transient runtime lock (zero bytes, one per work directory)	nd-unfolding/p3f_pet_fullevent/work/MuonResolution_0_1C/.p3fpet.lock
0	1786035048	inode/x-empty	EMPTY	reproducible generated product/log/cache	PET (C)				transient runtime lock (zero bytes, one per work directory)	nd-unfolding/p3f_pet_fullevent/work/MuonResolution_0_1D/.p3fpet.lock
0	1786035048	inode/x-empty	EMPTY	reproducible generated product/log/cache	PET (C)				transient runtime lock (zero bytes, one per work directory)	nd-unfolding/p3f_pet_fullevent/work/MuonResolution_0_1E/.p3fpet.lock
0	1786035048	inode/x-empty	EMPTY	reproducible generated product/log/cache	PET (C)				transient runtime lock (zero bytes, one per work directory)	nd-unfolding/p3f_pet_fullevent/work/MuonResolution_0_1F/.p3fpet.lock
0	1786035048	inode/x-empty	EMPTY	reproducible generated product/log/cache	PET (C)				transient runtime lock (zero bytes, one per work directory)	nd-unfolding/p3f_pet_fullevent/work/MuonResolution_0_1G/.p3fpet.lock
0	1786035048	inode/x-empty	EMPTY	reproducible generated product/log/cache	PET (C)				transient runtime lock (zero bytes, one per work directory)	nd-unfolding/p3f_pet_fullevent/work/MuonResolution_0_1L/.p3fpet.lock
0	1786035048	inode/x-empty	EMPTY	reproducible generated product/log/cache	PET (C)				transient runtime lock (zero bytes, one per work directory)	nd-unfolding/p3f_pet_fullevent/work/MuonResolution_0_1M/.p3fpet.lock
0	1786035048	inode/x-empty	EMPTY	reproducible generated product/log/cache	PET (C)				transient runtime lock (zero bytes, one per work directory)	nd-unfolding/p3f_pet_fullevent/work/MuonResolution_0_1N/.p3fpet.lock
0	1786035048	inode/x-empty	EMPTY	reproducible generated product/log/cache	PET (C)				transient runtime lock (zero bytes, one per work directory)	nd-unfolding/p3f_pet_fullevent/work/MuonResolution_0_1O/.p3fpet.lock
0	1786035048	inode/x-empty	EMPTY	reproducible generated product/log/cache	PET (C)				transient runtime lock (zero bytes, one per work directory)	nd-unfolding/p3f_pet_fullevent/work/MuonResolution_0_1P/.p3fpet.lock
0	1786035048	inode/x-empty	EMPTY	reproducible generated product/log/cache	PET (C)				transient runtime lock (zero bytes, one per work directory)	nd-unfolding/p3f_pet_fullevent/work/MuonResolution_1_1A/.p3fpet.lock
0	1786035048	inode/x-empty	EMPTY	reproducible generated product/log/cache	PET (C)				transient runtime lock (zero bytes, one per work directory)	nd-unfolding/p3f_pet_fullevent/work/MuonResolution_1_1B/.p3fpet.lock
0	1786035048	inode/x-empty	EMPTY	reproducible generated product/log/cache	PET (C)				transient runtime lock (zero bytes, one per work directory)	nd-unfolding/p3f_pet_fullevent/work/MuonResolution_1_1C/.p3fpet.lock
0	1786035048	inode/x-empty	EMPTY	reproducible generated product/log/cache	PET (C)				transient runtime lock (zero bytes, one per work directory)	nd-unfolding/p3f_pet_fullevent/work/MuonResolution_1_1D/.p3fpet.lock
0	1786035048	inode/x-empty	EMPTY	reproducible generated product/log/cache	PET (C)				transient runtime lock (zero bytes, one per work directory)	nd-unfolding/p3f_pet_fullevent/work/MuonResolution_1_1E/.p3fpet.lock
0	1786035048	inode/x-empty	EMPTY	reproducible generated product/log/cache	PET (C)				transient runtime lock (zero bytes, one per work directory)	nd-unfolding/p3f_pet_fullevent/work/MuonResolution_1_1F/.p3fpet.lock
0	1786035048	inode/x-empty	EMPTY	reproducible generated product/log/cache	PET (C)				transient runtime lock (zero bytes, one per work directory)	nd-unfolding/p3f_pet_fullevent/work/MuonResolution_1_1G/.p3fpet.lock
0	1786035048	inode/x-empty	EMPTY	reproducible generated product/log/cache	PET (C)				transient runtime lock (zero bytes, one per work directory)	nd-unfolding/p3f_pet_fullevent/work/MuonResolution_1_1L/.p3fpet.lock
0	1786035048	inode/x-empty	EMPTY	reproducible generated product/log/cache	PET (C)				transient runtime lock (zero bytes, one per work directory)	nd-unfolding/p3f_pet_fullevent/work/MuonResolution_1_1M/.p3fpet.lock
0	1786035048	inode/x-empty	EMPTY	reproducible generated product/log/cache	PET (C)				transient runtime lock (zero bytes, one per work directory)	nd-unfolding/p3f_pet_fullevent/work/MuonResolution_1_1N/.p3fpet.lock
0	1786035048	inode/x-empty	EMPTY	reproducible generated product/log/cache	PET (C)				transient runtime lock (zero bytes, one per work directory)	nd-unfolding/p3f_pet_fullevent/work/MuonResolution_1_1O/.p3fpet.lock
0	1786035048	inode/x-empty	EMPTY	reproducible generated product/log/cache	PET (C)				transient runtime lock (zero bytes, one per work directory)	nd-unfolding/p3f_pet_fullevent/work/MuonResolution_1_1P/.p3fpet.lock
0	1786035048	inode/x-empty	EMPTY	reproducible generated product/log/cache	PET (C)				transient runtime lock (zero bytes, one per work directory)	nd-unfolding/p3f_pet_fullevent/work/Muon_Energy_MINERvA_0_1A/.p3fpet.lock
0	1786035048	inode/x-empty	EMPTY	reproducible generated product/log/cache	PET (C)				transient runtime lock (zero bytes, one per work directory)	nd-unfolding/p3f_pet_fullevent/work/Muon_Energy_MINERvA_0_1B/.p3fpet.lock
0	1786035048	inode/x-empty	EMPTY	reproducible generated product/log/cache	PET (C)				transient runtime lock (zero bytes, one per work directory)	nd-unfolding/p3f_pet_fullevent/work/Muon_Energy_MINERvA_0_1C/.p3fpet.lock
0	1786035048	inode/x-empty	EMPTY	reproducible generated product/log/cache	PET (C)				transient runtime lock (zero bytes, one per work directory)	nd-unfolding/p3f_pet_fullevent/work/Muon_Energy_MINERvA_0_1D/.p3fpet.lock
0	1786035048	inode/x-empty	EMPTY	reproducible generated product/log/cache	PET (C)				transient runtime lock (zero bytes, one per work directory)	nd-unfolding/p3f_pet_fullevent/work/Muon_Energy_MINERvA_0_1E/.p3fpet.lock
0	1786035048	inode/x-empty	EMPTY	reproducible generated product/log/cache	PET (C)				transient runtime lock (zero bytes, one per work directory)	nd-unfolding/p3f_pet_fullevent/work/Muon_Energy_MINERvA_0_1F/.p3fpet.lock
0	1786035048	inode/x-empty	EMPTY	reproducible generated product/log/cache	PET (C)				transient runtime lock (zero bytes, one per work directory)	nd-unfolding/p3f_pet_fullevent/work/Muon_Energy_MINERvA_0_1G/.p3fpet.lock
0	1786035048	inode/x-empty	EMPTY	reproducible generated product/log/cache	PET (C)				transient runtime lock (zero bytes, one per work directory)	nd-unfolding/p3f_pet_fullevent/work/Muon_Energy_MINERvA_0_1L/.p3fpet.lock
0	1786035048	inode/x-empty	EMPTY	reproducible generated product/log/cache	PET (C)				transient runtime lock (zero bytes, one per work directory)	nd-unfolding/p3f_pet_fullevent/work/Muon_Energy_MINERvA_0_1M/.p3fpet.lock
0	1786035048	inode/x-empty	EMPTY	reproducible generated product/log/cache	PET (C)				transient runtime lock (zero bytes, one per work directory)	nd-unfolding/p3f_pet_fullevent/work/Muon_Energy_MINERvA_0_1N/.p3fpet.lock
0	1786035048	inode/x-empty	EMPTY	reproducible generated product/log/cache	PET (C)				transient runtime lock (zero bytes, one per work directory)	nd-unfolding/p3f_pet_fullevent/work/Muon_Energy_MINERvA_0_1O/.p3fpet.lock
0	1786035048	inode/x-empty	EMPTY	reproducible generated product/log/cache	PET (C)				transient runtime lock (zero bytes, one per work directory)	nd-unfolding/p3f_pet_fullevent/work/Muon_Energy_MINERvA_0_1P/.p3fpet.lock
0	1786035048	inode/x-empty	EMPTY	reproducible generated product/log/cache	PET (C)				transient runtime lock (zero bytes, one per work directory)	nd-unfolding/p3f_pet_fullevent/work/Muon_Energy_MINERvA_1_1A/.p3fpet.lock
0	1786035048	inode/x-empty	EMPTY	reproducible generated product/log/cache	PET (C)				transient runtime lock (zero bytes, one per work directory)	nd-unfolding/p3f_pet_fullevent/work/Muon_Energy_MINERvA_1_1B/.p3fpet.lock
0	1786035048	inode/x-empty	EMPTY	reproducible generated product/log/cache	PET (C)				transient runtime lock (zero bytes, one per work directory)	nd-unfolding/p3f_pet_fullevent/work/Muon_Energy_MINERvA_1_1C/.p3fpet.lock
0	1786035048	inode/x-empty	EMPTY	reproducible generated product/log/cache	PET (C)				transient runtime lock (zero bytes, one per work directory)	nd-unfolding/p3f_pet_fullevent/work/Muon_Energy_MINERvA_1_1D/.p3fpet.lock
0	1786035048	inode/x-empty	EMPTY	reproducible generated product/log/cache	PET (C)				transient runtime lock (zero bytes, one per work directory)	nd-unfolding/p3f_pet_fullevent/work/Muon_Energy_MINERvA_1_1E/.p3fpet.lock
0	1786035048	inode/x-empty	EMPTY	reproducible generated product/log/cache	PET (C)				transient runtime lock (zero bytes, one per work directory)	nd-unfolding/p3f_pet_fullevent/work/Muon_Energy_MINERvA_1_1F/.p3fpet.lock
0	1786035048	inode/x-empty	EMPTY	reproducible generated product/log/cache	PET (C)				transient runtime lock (zero bytes, one per work directory)	nd-unfolding/p3f_pet_fullevent/work/Muon_Energy_MINERvA_1_1G/.p3fpet.lock
0	1786035048	inode/x-empty	EMPTY	reproducible generated product/log/cache	PET (C)				transient runtime lock (zero bytes, one per work directory)	nd-unfolding/p3f_pet_fullevent/work/Muon_Energy_MINERvA_1_1L/.p3fpet.lock
0	1786035048	inode/x-empty	EMPTY	reproducible generated product/log/cache	PET (C)				transient runtime lock (zero bytes, one per work directory)	nd-unfolding/p3f_pet_fullevent/work/Muon_Energy_MINERvA_1_1M/.p3fpet.lock
0	1786035048	inode/x-empty	EMPTY	reproducible generated product/log/cache	PET (C)				transient runtime lock (zero bytes, one per work directory)	nd-unfolding/p3f_pet_fullevent/work/Muon_Energy_MINERvA_1_1N/.p3fpet.lock
0	1786035048	inode/x-empty	EMPTY	reproducible generated product/log/cache	PET (C)				transient runtime lock (zero bytes, one per work directory)	nd-unfolding/p3f_pet_fullevent/work/Muon_Energy_MINERvA_1_1O/.p3fpet.lock
0	1786035048	inode/x-empty	EMPTY	reproducible generated product/log/cache	PET (C)				transient runtime lock (zero bytes, one per work directory)	nd-unfolding/p3f_pet_fullevent/work/Muon_Energy_MINERvA_1_1P/.p3fpet.lock
0	1786035048	inode/x-empty	EMPTY	reproducible generated product/log/cache	PET (C)				transient runtime lock (zero bytes, one per work directory)	nd-unfolding/p3f_pet_fullevent/work/Muon_Energy_MINOS_0_1A/.p3fpet.lock
0	1786035048	inode/x-empty	EMPTY	reproducible generated product/log/cache	PET (C)				transient runtime lock (zero bytes, one per work directory)	nd-unfolding/p3f_pet_fullevent/work/Muon_Energy_MINOS_0_1B/.p3fpet.lock
0	1786035048	inode/x-empty	EMPTY	reproducible generated product/log/cache	PET (C)				transient runtime lock (zero bytes, one per work directory)	nd-unfolding/p3f_pet_fullevent/work/Muon_Energy_MINOS_0_1C/.p3fpet.lock
0	1786035048	inode/x-empty	EMPTY	reproducible generated product/log/cache	PET (C)				transient runtime lock (zero bytes, one per work directory)	nd-unfolding/p3f_pet_fullevent/work/Muon_Energy_MINOS_0_1D/.p3fpet.lock
0	1786035048	inode/x-empty	EMPTY	reproducible generated product/log/cache	PET (C)				transient runtime lock (zero bytes, one per work directory)	nd-unfolding/p3f_pet_fullevent/work/Muon_Energy_MINOS_0_1E/.p3fpet.lock
0	1786035048	inode/x-empty	EMPTY	reproducible generated product/log/cache	PET (C)				transient runtime lock (zero bytes, one per work directory)	nd-unfolding/p3f_pet_fullevent/work/Muon_Energy_MINOS_0_1F/.p3fpet.lock
0	1786035048	inode/x-empty	EMPTY	reproducible generated product/log/cache	PET (C)				transient runtime lock (zero bytes, one per work directory)	nd-unfolding/p3f_pet_fullevent/work/Muon_Energy_MINOS_0_1G/.p3fpet.lock
0	1786035048	inode/x-empty	EMPTY	reproducible generated product/log/cache	PET (C)				transient runtime lock (zero bytes, one per work directory)	nd-unfolding/p3f_pet_fullevent/work/Muon_Energy_MINOS_0_1L/.p3fpet.lock
0	1786035048	inode/x-empty	EMPTY	reproducible generated product/log/cache	PET (C)				transient runtime lock (zero bytes, one per work directory)	nd-unfolding/p3f_pet_fullevent/work/Muon_Energy_MINOS_0_1M/.p3fpet.lock
0	1786035048	inode/x-empty	EMPTY	reproducible generated product/log/cache	PET (C)				transient runtime lock (zero bytes, one per work directory)	nd-unfolding/p3f_pet_fullevent/work/Muon_Energy_MINOS_0_1N/.p3fpet.lock
0	1786035048	inode/x-empty	EMPTY	reproducible generated product/log/cache	PET (C)				transient runtime lock (zero bytes, one per work directory)	nd-unfolding/p3f_pet_fullevent/work/Muon_Energy_MINOS_0_1O/.p3fpet.lock
0	1786035048	inode/x-empty	EMPTY	reproducible generated product/log/cache	PET (C)				transient runtime lock (zero bytes, one per work directory)	nd-unfolding/p3f_pet_fullevent/work/Muon_Energy_MINOS_0_1P/.p3fpet.lock
0	1786035048	inode/x-empty	EMPTY	reproducible generated product/log/cache	PET (C)				transient runtime lock (zero bytes, one per work directory)	nd-unfolding/p3f_pet_fullevent/work/Muon_Energy_MINOS_1_1A/.p3fpet.lock
0	1786035048	inode/x-empty	EMPTY	reproducible generated product/log/cache	PET (C)				transient runtime lock (zero bytes, one per work directory)	nd-unfolding/p3f_pet_fullevent/work/Muon_Energy_MINOS_1_1B/.p3fpet.lock
0	1786035048	inode/x-empty	EMPTY	reproducible generated product/log/cache	PET (C)				transient runtime lock (zero bytes, one per work directory)	nd-unfolding/p3f_pet_fullevent/work/Muon_Energy_MINOS_1_1C/.p3fpet.lock
0	1786035048	inode/x-empty	EMPTY	reproducible generated product/log/cache	PET (C)				transient runtime lock (zero bytes, one per work directory)	nd-unfolding/p3f_pet_fullevent/work/Muon_Energy_MINOS_1_1D/.p3fpet.lock
0	1786035048	inode/x-empty	EMPTY	reproducible generated product/log/cache	PET (C)				transient runtime lock (zero bytes, one per work directory)	nd-unfolding/p3f_pet_fullevent/work/Muon_Energy_MINOS_1_1E/.p3fpet.lock
0	1786035048	inode/x-empty	EMPTY	reproducible generated product/log/cache	PET (C)				transient runtime lock (zero bytes, one per work directory)	nd-unfolding/p3f_pet_fullevent/work/Muon_Energy_MINOS_1_1F/.p3fpet.lock
0	1786035048	inode/x-empty	EMPTY	reproducible generated product/log/cache	PET (C)				transient runtime lock (zero bytes, one per work directory)	nd-unfolding/p3f_pet_fullevent/work/Muon_Energy_MINOS_1_1G/.p3fpet.lock
0	1786035048	inode/x-empty	EMPTY	reproducible generated product/log/cache	PET (C)				transient runtime lock (zero bytes, one per work directory)	nd-unfolding/p3f_pet_fullevent/work/Muon_Energy_MINOS_1_1L/.p3fpet.lock
0	1786035048	inode/x-empty	EMPTY	reproducible generated product/log/cache	PET (C)				transient runtime lock (zero bytes, one per work directory)	nd-unfolding/p3f_pet_fullevent/work/Muon_Energy_MINOS_1_1M/.p3fpet.lock
0	1786035048	inode/x-empty	EMPTY	reproducible generated product/log/cache	PET (C)				transient runtime lock (zero bytes, one per work directory)	nd-unfolding/p3f_pet_fullevent/work/Muon_Energy_MINOS_1_1N/.p3fpet.lock
0	1786035048	inode/x-empty	EMPTY	reproducible generated product/log/cache	PET (C)				transient runtime lock (zero bytes, one per work directory)	nd-unfolding/p3f_pet_fullevent/work/Muon_Energy_MINOS_1_1O/.p3fpet.lock
0	1786035048	inode/x-empty	EMPTY	reproducible generated product/log/cache	PET (C)				transient runtime lock (zero bytes, one per work directory)	nd-unfolding/p3f_pet_fullevent/work/Muon_Energy_MINOS_1_1P/.p3fpet.lock
0	1786035048	inode/x-empty	EMPTY	reproducible generated product/log/cache	PET (C)				zero-byte marker/capture; transient	nd-unfolding/pet/g2_smoke/attempt2/DONE
