{
  "event_census": {
    "N": 32849103,
    "pass_truth": 32849103,
    "pass_truth_and_reco": 20404292,
    "truth_only_miss": 12444811,
    "has_cloud": 23849936,
    "empty_cloud": 8999167
  },
  "n_validation_events": 23849936,
  "eavail_validation": {
    "n": 23849936,
    "median": -2.384185793236071e-08,
    "mean": -0.006295305516846109,
    "q16": -9.727478023080494e-08,
    "q84": 2.8133392337981178e-08,
    "frac_within": 0.9880824418145189,
    "rms": 0.08164211888499294
  },
  "eavail_bias_vs_nhad": {
    "1-4": {
      "n": 15292156,
      "median": -1.525878889907517e-08
    },
    "5-8": {
      "n": 6413521,
      "median": -4.0531158429502057e-08
    },
    "9-11": {
      "n": 1600400,
      "median": -8.392333983309186e-08
    },
    "12 (sat)": {
      "n": 543859,
      "median": -0.030795776367188665
    }
  },
  "frac_saturated": 0.022803373560415424,
  "W_validation": {
    "n": 23849168,
    "median": 0.9603795705901552,
    "mean": 1.8390885678249023,
    "q16": -0.06785084564983242,
    "q84": 4.339558119567532,
    "frac_within": 0.20110223551614043,
    "rms": 3.2731843972005388
  },
  "projection_eavail": {
    "edges": [
      0.0,
      0.1,
      0.2,
      0.4,
      0.8,
      1.5,
      3.0,
      100.0
    ],
    "pet_cloud_hascloud": [
      1.60271155946484e-38,
      1.5964414066182754e-38,
      1.477253076944812e-38,
      1.0034964260970831e-38,
      5.711513861882356e-39,
      3.116823388993453e-39,
      6.209105631752707e-41
    ],
    "pet_stored_hascloud": [
      1.5970825678567774e-38,
      1.5918144202684925e-38,
      1.4745967133550345e-38,
      1.0011703046030504e-38,
      5.697202383253668e-39,
      3.123400566653377e-39,
      6.236433414790326e-41
    ],
    "pet_stored_full": [
      2.466471336716163e-38,
      2.394459086374543e-38,
      2.3696041277625115e-38,
      1.79493420752036e-38,
      1.143823860981372e-38,
      6.83181617013188e-39,
      1.2170097981393206e-40
    ],
    "gbdt": [
      2.09878816282593e-38,
      2.0144827966680695e-38,
      1.8624779622896982e-38,
      1.2492425300047038e-38,
      7.621795363370127e-39,
      4.137630752554544e-39,
      6.517916550958639e-41
    ]
  },
  "projection_W": {
    "edges": [
      0.0,
      1.1,
      1.4,
      1.8,
      2.2,
      3.0,
      100.0
    ],
    "pet_cloud_hascloud": [
      1.5814265278093187e-39,
      5.1370530821024314e-39,
      4.6494993761752326e-39,
      6.839077519886965e-39,
      5.5262267557928324e-39,
      1.2782748425673582e-40
    ],
    "pet_stored_hascloud": [
      3.085849623345642e-39,
      1.4516176107404497e-38,
      1.1796852311540825e-38,
      8.405506332650775e-39,
      6.276564684909928e-39,
      4.1465450296003123e-41
    ],
    "pet_stored_full": [
      5.0947646504367674e-39,
      2.4599821713098347e-38,
      2.210786627679638e-38,
      1.7874939761817638e-38,
      1.3502417641525048e-38,
      7.350273052174094e-41
    ],
    "gbdt": [
      4.370403832702287e-39,
      1.8751279071206662e-38,
      1.4187145388309698e-38,
      1.152303661573146e-38,
      7.481012778336282e-39,
      4.1212041031886573e-41
    ]
  },
  "projection_nproton": {
    "edges": [
      -0.5,
      0.5,
      1.5,
      2.5,
      3.5,
      4.5,
      5.5,
      6.5
    ],
    "pet_cloud": [
      9.46590819774399e-39,
      1.1817983819158435e-38,
      2.177968478904955e-39,
      7.450046885990879e-40,
      3.0093420991689826e-40,
      1.033720480884328e-40,
      3.247970929777394e-41
    ]
  },
  "projection_npi": {
    "edges": [
      -0.5,
      0.5,
      1.5,
      2.5,
      3.5,
      4.5,
      5.5,
      6.5
    ],
    "pet_cloud": [
      8.43635284902466e-39,
      8.73323637702563e-39,
      3.643986619782389e-39,
      2.4057416897169045e-39,
      9.082958498949157e-40,
      4.426137172802617e-40,
      1.7273411177656793e-40
    ]
  }
}