# name	config	config_hash	selection	distortion	reference_run	extra_driver_args
S5-H2S1T24K5-FB0-b1	../../../final_design/configs/S5/S5-H2S1T24K5-FB0.json	0572a3d62f5808aa41fac6ee89e4e5e8e8f0939131022d3e357e3bd68404e1a2	BANK:FB:S5:0	dev	-	--step2-miss-mode efficiency_corrected --bootstrap-member 1 --bootstrap-seed 666647895
S5-H2S1T24K5-FB0-b2	../../../final_design/configs/S5/S5-H2S1T24K5-FB0.json	0572a3d62f5808aa41fac6ee89e4e5e8e8f0939131022d3e357e3bd68404e1a2	BANK:FB:S5:0	dev	-	--step2-miss-mode efficiency_corrected --bootstrap-member 2 --bootstrap-seed 666647895
S5-H2S1T24K5-FB0-b3	../../../final_design/configs/S5/S5-H2S1T24K5-FB0.json	0572a3d62f5808aa41fac6ee89e4e5e8e8f0939131022d3e357e3bd68404e1a2	BANK:FB:S5:0	dev	-	--step2-miss-mode efficiency_corrected --bootstrap-member 3 --bootstrap-seed 666647895
S5-H2S1T24K5-FB0-b4	../../../final_design/configs/S5/S5-H2S1T24K5-FB0.json	0572a3d62f5808aa41fac6ee89e4e5e8e8f0939131022d3e357e3bd68404e1a2	BANK:FB:S5:0	dev	-	--step2-miss-mode efficiency_corrected --bootstrap-member 4 --bootstrap-seed 666647895
S5-H2S1T24K5-FB0-b5	../../../final_design/configs/S5/S5-H2S1T24K5-FB0.json	0572a3d62f5808aa41fac6ee89e4e5e8e8f0939131022d3e357e3bd68404e1a2	BANK:FB:S5:0	dev	-	--step2-miss-mode efficiency_corrected --bootstrap-member 5 --bootstrap-seed 666647895
S5-H2S1T24K5-FB0-b6	../../../final_design/configs/S5/S5-H2S1T24K5-FB0.json	0572a3d62f5808aa41fac6ee89e4e5e8e8f0939131022d3e357e3bd68404e1a2	BANK:FB:S5:0	dev	-	--step2-miss-mode efficiency_corrected --bootstrap-member 6 --bootstrap-seed 666647895
S5-H2S1T24K5-FB1-b1	../../../final_design/configs/S5/S5-H2S1T24K5-FB1.json	f581b7ade36fb6cbb122ba73bda13e233298adc22b5847fd04b9b1146f73c96f	BANK:FB:S5:1	dev	-	--step2-miss-mode efficiency_corrected --bootstrap-member 1 --bootstrap-seed 547621513
S5-H2S1T24K5-FB1-b2	../../../final_design/configs/S5/S5-H2S1T24K5-FB1.json	f581b7ade36fb6cbb122ba73bda13e233298adc22b5847fd04b9b1146f73c96f	BANK:FB:S5:1	dev	-	--step2-miss-mode efficiency_corrected --bootstrap-member 2 --bootstrap-seed 547621513
S5-H2S1T24K5-FB1-b3	../../../final_design/configs/S5/S5-H2S1T24K5-FB1.json	f581b7ade36fb6cbb122ba73bda13e233298adc22b5847fd04b9b1146f73c96f	BANK:FB:S5:1	dev	-	--step2-miss-mode efficiency_corrected --bootstrap-member 3 --bootstrap-seed 547621513
S5-H2S1T24K5-FB1-b4	../../../final_design/configs/S5/S5-H2S1T24K5-FB1.json	f581b7ade36fb6cbb122ba73bda13e233298adc22b5847fd04b9b1146f73c96f	BANK:FB:S5:1	dev	-	--step2-miss-mode efficiency_corrected --bootstrap-member 4 --bootstrap-seed 547621513
S5-H2S1T24K5-FB1-b5	../../../final_design/configs/S5/S5-H2S1T24K5-FB1.json	f581b7ade36fb6cbb122ba73bda13e233298adc22b5847fd04b9b1146f73c96f	BANK:FB:S5:1	dev	-	--step2-miss-mode efficiency_corrected --bootstrap-member 5 --bootstrap-seed 547621513
S5-H2S1T24K5-FB1-b6	../../../final_design/configs/S5/S5-H2S1T24K5-FB1.json	f581b7ade36fb6cbb122ba73bda13e233298adc22b5847fd04b9b1146f73c96f	BANK:FB:S5:1	dev	-	--step2-miss-mode efficiency_corrected --bootstrap-member 6 --bootstrap-seed 547621513
S5-H2S1T24K5-FB2-b1	../../../final_design/configs/S5/S5-H2S1T24K5-FB2.json	cdba26e6773e1fa13b9510fc8c0df59caf59abe84adcac346f287b2e10102c9f	BANK:FB:S5:2	dev	-	--step2-miss-mode efficiency_corrected --bootstrap-member 1 --bootstrap-seed 1653289120
S5-H2S1T24K5-FB2-b2	../../../final_design/configs/S5/S5-H2S1T24K5-FB2.json	cdba26e6773e1fa13b9510fc8c0df59caf59abe84adcac346f287b2e10102c9f	BANK:FB:S5:2	dev	-	--step2-miss-mode efficiency_corrected --bootstrap-member 2 --bootstrap-seed 1653289120
S5-H2S1T24K5-FB2-b3	../../../final_design/configs/S5/S5-H2S1T24K5-FB2.json	cdba26e6773e1fa13b9510fc8c0df59caf59abe84adcac346f287b2e10102c9f	BANK:FB:S5:2	dev	-	--step2-miss-mode efficiency_corrected --bootstrap-member 3 --bootstrap-seed 1653289120
S5-H2S1T24K5-FB2-b4	../../../final_design/configs/S5/S5-H2S1T24K5-FB2.json	cdba26e6773e1fa13b9510fc8c0df59caf59abe84adcac346f287b2e10102c9f	BANK:FB:S5:2	dev	-	--step2-miss-mode efficiency_corrected --bootstrap-member 4 --bootstrap-seed 1653289120
S5-H2S1T24K5-FB2-b5	../../../final_design/configs/S5/S5-H2S1T24K5-FB2.json	cdba26e6773e1fa13b9510fc8c0df59caf59abe84adcac346f287b2e10102c9f	BANK:FB:S5:2	dev	-	--step2-miss-mode efficiency_corrected --bootstrap-member 5 --bootstrap-seed 1653289120
S5-H2S1T24K5-FB2-b6	../../../final_design/configs/S5/S5-H2S1T24K5-FB2.json	cdba26e6773e1fa13b9510fc8c0df59caf59abe84adcac346f287b2e10102c9f	BANK:FB:S5:2	dev	-	--step2-miss-mode efficiency_corrected --bootstrap-member 6 --bootstrap-seed 1653289120
S5-H2S1T24K5-FB3-b1	../../../final_design/configs/S5/S5-H2S1T24K5-FB3.json	38c249f62d1d7f53ce052953d85b8133c87502e20169e7fa8e1a0c6714d55a2b	BANK:FB:S5:3	dev	-	--step2-miss-mode efficiency_corrected --bootstrap-member 1 --bootstrap-seed 1413653076
S5-H2S1T24K5-FB3-b2	../../../final_design/configs/S5/S5-H2S1T24K5-FB3.json	38c249f62d1d7f53ce052953d85b8133c87502e20169e7fa8e1a0c6714d55a2b	BANK:FB:S5:3	dev	-	--step2-miss-mode efficiency_corrected --bootstrap-member 2 --bootstrap-seed 1413653076
S5-H2S1T24K5-FB3-b3	../../../final_design/configs/S5/S5-H2S1T24K5-FB3.json	38c249f62d1d7f53ce052953d85b8133c87502e20169e7fa8e1a0c6714d55a2b	BANK:FB:S5:3	dev	-	--step2-miss-mode efficiency_corrected --bootstrap-member 3 --bootstrap-seed 1413653076
S5-H2S1T24K5-FB3-b4	../../../final_design/configs/S5/S5-H2S1T24K5-FB3.json	38c249f62d1d7f53ce052953d85b8133c87502e20169e7fa8e1a0c6714d55a2b	BANK:FB:S5:3	dev	-	--step2-miss-mode efficiency_corrected --bootstrap-member 4 --bootstrap-seed 1413653076
S5-H2S1T24K5-FB3-b5	../../../final_design/configs/S5/S5-H2S1T24K5-FB3.json	38c249f62d1d7f53ce052953d85b8133c87502e20169e7fa8e1a0c6714d55a2b	BANK:FB:S5:3	dev	-	--step2-miss-mode efficiency_corrected --bootstrap-member 5 --bootstrap-seed 1413653076
S5-H2S1T24K5-FB3-b6	../../../final_design/configs/S5/S5-H2S1T24K5-FB3.json	38c249f62d1d7f53ce052953d85b8133c87502e20169e7fa8e1a0c6714d55a2b	BANK:FB:S5:3	dev	-	--step2-miss-mode efficiency_corrected --bootstrap-member 6 --bootstrap-seed 1413653076
S5-H2S1T24K5-FB4-b1	../../../final_design/configs/S5/S5-H2S1T24K5-FB4.json	fb32b9cbc0cd433e3e3dcec76f46819015614a18d3820e9865b3da51b9fc7ac1	BANK:FB:S5:4	dev	-	--step2-miss-mode efficiency_corrected --bootstrap-member 1 --bootstrap-seed 112380746
S5-H2S1T24K5-FB4-b2	../../../final_design/configs/S5/S5-H2S1T24K5-FB4.json	fb32b9cbc0cd433e3e3dcec76f46819015614a18d3820e9865b3da51b9fc7ac1	BANK:FB:S5:4	dev	-	--step2-miss-mode efficiency_corrected --bootstrap-member 2 --bootstrap-seed 112380746
S5-H2S1T24K5-FB4-b3	../../../final_design/configs/S5/S5-H2S1T24K5-FB4.json	fb32b9cbc0cd433e3e3dcec76f46819015614a18d3820e9865b3da51b9fc7ac1	BANK:FB:S5:4	dev	-	--step2-miss-mode efficiency_corrected --bootstrap-member 3 --bootstrap-seed 112380746
S5-H2S1T24K5-FB4-b4	../../../final_design/configs/S5/S5-H2S1T24K5-FB4.json	fb32b9cbc0cd433e3e3dcec76f46819015614a18d3820e9865b3da51b9fc7ac1	BANK:FB:S5:4	dev	-	--step2-miss-mode efficiency_corrected --bootstrap-member 4 --bootstrap-seed 112380746
S5-H2S1T24K5-FB4-b5	../../../final_design/configs/S5/S5-H2S1T24K5-FB4.json	fb32b9cbc0cd433e3e3dcec76f46819015614a18d3820e9865b3da51b9fc7ac1	BANK:FB:S5:4	dev	-	--step2-miss-mode efficiency_corrected --bootstrap-member 5 --bootstrap-seed 112380746
S5-H2S1T24K5-FB4-b6	../../../final_design/configs/S5/S5-H2S1T24K5-FB4.json	fb32b9cbc0cd433e3e3dcec76f46819015614a18d3820e9865b3da51b9fc7ac1	BANK:FB:S5:4	dev	-	--step2-miss-mode efficiency_corrected --bootstrap-member 6 --bootstrap-seed 112380746
S5-H2S1T24K5-FB5-b1	../../../final_design/configs/S5/S5-H2S1T24K5-FB5.json	2f3a378bc124e2d0231af7a71c09e9b235c38e1dccf805b27d9c7c1dc8327410	BANK:FB:S5:5	dev	-	--step2-miss-mode efficiency_corrected --bootstrap-member 1 --bootstrap-seed 1925714689
S5-H2S1T24K5-FB5-b2	../../../final_design/configs/S5/S5-H2S1T24K5-FB5.json	2f3a378bc124e2d0231af7a71c09e9b235c38e1dccf805b27d9c7c1dc8327410	BANK:FB:S5:5	dev	-	--step2-miss-mode efficiency_corrected --bootstrap-member 2 --bootstrap-seed 1925714689
S5-H2S1T24K5-FB5-b3	../../../final_design/configs/S5/S5-H2S1T24K5-FB5.json	2f3a378bc124e2d0231af7a71c09e9b235c38e1dccf805b27d9c7c1dc8327410	BANK:FB:S5:5	dev	-	--step2-miss-mode efficiency_corrected --bootstrap-member 3 --bootstrap-seed 1925714689
S5-H2S1T24K5-FB5-b4	../../../final_design/configs/S5/S5-H2S1T24K5-FB5.json	2f3a378bc124e2d0231af7a71c09e9b235c38e1dccf805b27d9c7c1dc8327410	BANK:FB:S5:5	dev	-	--step2-miss-mode efficiency_corrected --bootstrap-member 4 --bootstrap-seed 1925714689
S5-H2S1T24K5-FB5-b5	../../../final_design/configs/S5/S5-H2S1T24K5-FB5.json	2f3a378bc124e2d0231af7a71c09e9b235c38e1dccf805b27d9c7c1dc8327410	BANK:FB:S5:5	dev	-	--step2-miss-mode efficiency_corrected --bootstrap-member 5 --bootstrap-seed 1925714689
S5-H2S1T24K5-FB5-b6	../../../final_design/configs/S5/S5-H2S1T24K5-FB5.json	2f3a378bc124e2d0231af7a71c09e9b235c38e1dccf805b27d9c7c1dc8327410	BANK:FB:S5:5	dev	-	--step2-miss-mode efficiency_corrected --bootstrap-member 6 --bootstrap-seed 1925714689
S5-H2S1T24K5-FB6-b1	../../../final_design/configs/S5/S5-H2S1T24K5-FB6.json	255cec78532770f0e92537aade642b6b063ae272779d801ebd329c66cda47c99	BANK:FB:S5:6	dev	-	--step2-miss-mode efficiency_corrected --bootstrap-member 1 --bootstrap-seed 327859777
S5-H2S1T24K5-FB6-b2	../../../final_design/configs/S5/S5-H2S1T24K5-FB6.json	255cec78532770f0e92537aade642b6b063ae272779d801ebd329c66cda47c99	BANK:FB:S5:6	dev	-	--step2-miss-mode efficiency_corrected --bootstrap-member 2 --bootstrap-seed 327859777
S5-H2S1T24K5-FB6-b3	../../../final_design/configs/S5/S5-H2S1T24K5-FB6.json	255cec78532770f0e92537aade642b6b063ae272779d801ebd329c66cda47c99	BANK:FB:S5:6	dev	-	--step2-miss-mode efficiency_corrected --bootstrap-member 3 --bootstrap-seed 327859777
S5-H2S1T24K5-FB6-b4	../../../final_design/configs/S5/S5-H2S1T24K5-FB6.json	255cec78532770f0e92537aade642b6b063ae272779d801ebd329c66cda47c99	BANK:FB:S5:6	dev	-	--step2-miss-mode efficiency_corrected --bootstrap-member 4 --bootstrap-seed 327859777
S5-H2S1T24K5-FB6-b5	../../../final_design/configs/S5/S5-H2S1T24K5-FB6.json	255cec78532770f0e92537aade642b6b063ae272779d801ebd329c66cda47c99	BANK:FB:S5:6	dev	-	--step2-miss-mode efficiency_corrected --bootstrap-member 5 --bootstrap-seed 327859777
S5-H2S1T24K5-FB6-b6	../../../final_design/configs/S5/S5-H2S1T24K5-FB6.json	255cec78532770f0e92537aade642b6b063ae272779d801ebd329c66cda47c99	BANK:FB:S5:6	dev	-	--step2-miss-mode efficiency_corrected --bootstrap-member 6 --bootstrap-seed 327859777
S5-H2S1T24K5-FB7-b1	../../../final_design/configs/S5/S5-H2S1T24K5-FB7.json	246bae7fc8376dfed9363bdcad82c52e961941f010695545e6b04ae8ddf160dc	BANK:FB:S5:7	dev	-	--step2-miss-mode efficiency_corrected --bootstrap-member 1 --bootstrap-seed 1398089505
S5-H2S1T24K5-FB7-b2	../../../final_design/configs/S5/S5-H2S1T24K5-FB7.json	246bae7fc8376dfed9363bdcad82c52e961941f010695545e6b04ae8ddf160dc	BANK:FB:S5:7	dev	-	--step2-miss-mode efficiency_corrected --bootstrap-member 2 --bootstrap-seed 1398089505
S5-H2S1T24K5-FB7-b3	../../../final_design/configs/S5/S5-H2S1T24K5-FB7.json	246bae7fc8376dfed9363bdcad82c52e961941f010695545e6b04ae8ddf160dc	BANK:FB:S5:7	dev	-	--step2-miss-mode efficiency_corrected --bootstrap-member 3 --bootstrap-seed 1398089505
S5-H2S1T24K5-FB7-b4	../../../final_design/configs/S5/S5-H2S1T24K5-FB7.json	246bae7fc8376dfed9363bdcad82c52e961941f010695545e6b04ae8ddf160dc	BANK:FB:S5:7	dev	-	--step2-miss-mode efficiency_corrected --bootstrap-member 4 --bootstrap-seed 1398089505
S5-H2S1T24K5-FB7-b5	../../../final_design/configs/S5/S5-H2S1T24K5-FB7.json	246bae7fc8376dfed9363bdcad82c52e961941f010695545e6b04ae8ddf160dc	BANK:FB:S5:7	dev	-	--step2-miss-mode efficiency_corrected --bootstrap-member 5 --bootstrap-seed 1398089505
S5-H2S1T24K5-FB7-b6	../../../final_design/configs/S5/S5-H2S1T24K5-FB7.json	246bae7fc8376dfed9363bdcad82c52e961941f010695545e6b04ae8ddf160dc	BANK:FB:S5:7	dev	-	--step2-miss-mode efficiency_corrected --bootstrap-member 6 --bootstrap-seed 1398089505
S5-H2S1T24K5-FB8-b1	../../../final_design/configs/S5/S5-H2S1T24K5-FB8.json	aa09775f100f64a23056fb091a94793037069b6cad13914dc2b7136d74328780	BANK:FB:S5:8	dev	-	--step2-miss-mode efficiency_corrected --bootstrap-member 1 --bootstrap-seed 1402223492
S5-H2S1T24K5-FB8-b2	../../../final_design/configs/S5/S5-H2S1T24K5-FB8.json	aa09775f100f64a23056fb091a94793037069b6cad13914dc2b7136d74328780	BANK:FB:S5:8	dev	-	--step2-miss-mode efficiency_corrected --bootstrap-member 2 --bootstrap-seed 1402223492
S5-H2S1T24K5-FB8-b3	../../../final_design/configs/S5/S5-H2S1T24K5-FB8.json	aa09775f100f64a23056fb091a94793037069b6cad13914dc2b7136d74328780	BANK:FB:S5:8	dev	-	--step2-miss-mode efficiency_corrected --bootstrap-member 3 --bootstrap-seed 1402223492
S5-H2S1T24K5-FB8-b4	../../../final_design/configs/S5/S5-H2S1T24K5-FB8.json	aa09775f100f64a23056fb091a94793037069b6cad13914dc2b7136d74328780	BANK:FB:S5:8	dev	-	--step2-miss-mode efficiency_corrected --bootstrap-member 4 --bootstrap-seed 1402223492
S5-H2S1T24K5-FB8-b5	../../../final_design/configs/S5/S5-H2S1T24K5-FB8.json	aa09775f100f64a23056fb091a94793037069b6cad13914dc2b7136d74328780	BANK:FB:S5:8	dev	-	--step2-miss-mode efficiency_corrected --bootstrap-member 5 --bootstrap-seed 1402223492
S5-H2S1T24K5-FB8-b6	../../../final_design/configs/S5/S5-H2S1T24K5-FB8.json	aa09775f100f64a23056fb091a94793037069b6cad13914dc2b7136d74328780	BANK:FB:S5:8	dev	-	--step2-miss-mode efficiency_corrected --bootstrap-member 6 --bootstrap-seed 1402223492
S5-H2S1T24K5-FB9-b1	../../../final_design/configs/S5/S5-H2S1T24K5-FB9.json	f91a48b1a2620d01466365b989504c0ea27e1c14a6b391718420b6aaa44b83cb	BANK:FB:S5:9	dev	-	--step2-miss-mode efficiency_corrected --bootstrap-member 1 --bootstrap-seed 978773414
S5-H2S1T24K5-FB9-b2	../../../final_design/configs/S5/S5-H2S1T24K5-FB9.json	f91a48b1a2620d01466365b989504c0ea27e1c14a6b391718420b6aaa44b83cb	BANK:FB:S5:9	dev	-	--step2-miss-mode efficiency_corrected --bootstrap-member 2 --bootstrap-seed 978773414
S5-H2S1T24K5-FB9-b3	../../../final_design/configs/S5/S5-H2S1T24K5-FB9.json	f91a48b1a2620d01466365b989504c0ea27e1c14a6b391718420b6aaa44b83cb	BANK:FB:S5:9	dev	-	--step2-miss-mode efficiency_corrected --bootstrap-member 3 --bootstrap-seed 978773414
S5-H2S1T24K5-FB9-b4	../../../final_design/configs/S5/S5-H2S1T24K5-FB9.json	f91a48b1a2620d01466365b989504c0ea27e1c14a6b391718420b6aaa44b83cb	BANK:FB:S5:9	dev	-	--step2-miss-mode efficiency_corrected --bootstrap-member 4 --bootstrap-seed 978773414
S5-H2S1T24K5-FB9-b5	../../../final_design/configs/S5/S5-H2S1T24K5-FB9.json	f91a48b1a2620d01466365b989504c0ea27e1c14a6b391718420b6aaa44b83cb	BANK:FB:S5:9	dev	-	--step2-miss-mode efficiency_corrected --bootstrap-member 5 --bootstrap-seed 978773414
S5-H2S1T24K5-FB9-b6	../../../final_design/configs/S5/S5-H2S1T24K5-FB9.json	f91a48b1a2620d01466365b989504c0ea27e1c14a6b391718420b6aaa44b83cb	BANK:FB:S5:9	dev	-	--step2-miss-mode efficiency_corrected --bootstrap-member 6 --bootstrap-seed 978773414
S5-H2S1T24K5-FB10-b1	../../../final_design/configs/S5/S5-H2S1T24K5-FB10.json	97a944e3c24705f928e86e9cd18d6d87e512db4567fe509fc5537d1e4c6ee9e7	BANK:FB:S5:10	dev	-	--step2-miss-mode efficiency_corrected --bootstrap-member 1 --bootstrap-seed 450061794
S5-H2S1T24K5-FB10-b2	../../../final_design/configs/S5/S5-H2S1T24K5-FB10.json	97a944e3c24705f928e86e9cd18d6d87e512db4567fe509fc5537d1e4c6ee9e7	BANK:FB:S5:10	dev	-	--step2-miss-mode efficiency_corrected --bootstrap-member 2 --bootstrap-seed 450061794
S5-H2S1T24K5-FB10-b3	../../../final_design/configs/S5/S5-H2S1T24K5-FB10.json	97a944e3c24705f928e86e9cd18d6d87e512db4567fe509fc5537d1e4c6ee9e7	BANK:FB:S5:10	dev	-	--step2-miss-mode efficiency_corrected --bootstrap-member 3 --bootstrap-seed 450061794
S5-H2S1T24K5-FB10-b4	../../../final_design/configs/S5/S5-H2S1T24K5-FB10.json	97a944e3c24705f928e86e9cd18d6d87e512db4567fe509fc5537d1e4c6ee9e7	BANK:FB:S5:10	dev	-	--step2-miss-mode efficiency_corrected --bootstrap-member 4 --bootstrap-seed 450061794
S5-H2S1T24K5-FB10-b5	../../../final_design/configs/S5/S5-H2S1T24K5-FB10.json	97a944e3c24705f928e86e9cd18d6d87e512db4567fe509fc5537d1e4c6ee9e7	BANK:FB:S5:10	dev	-	--step2-miss-mode efficiency_corrected --bootstrap-member 5 --bootstrap-seed 450061794
S5-H2S1T24K5-FB10-b6	../../../final_design/configs/S5/S5-H2S1T24K5-FB10.json	97a944e3c24705f928e86e9cd18d6d87e512db4567fe509fc5537d1e4c6ee9e7	BANK:FB:S5:10	dev	-	--step2-miss-mode efficiency_corrected --bootstrap-member 6 --bootstrap-seed 450061794
S5-H2S1T24K5-FB11-b1	../../../final_design/configs/S5/S5-H2S1T24K5-FB11.json	47b2707092b2cea6c5f94ae422d8e636559603095331f1d1d35aef0b8bcc6eea	BANK:FB:S5:11	dev	-	--step2-miss-mode efficiency_corrected --bootstrap-member 1 --bootstrap-seed 1094146998
S5-H2S1T24K5-FB11-b2	../../../final_design/configs/S5/S5-H2S1T24K5-FB11.json	47b2707092b2cea6c5f94ae422d8e636559603095331f1d1d35aef0b8bcc6eea	BANK:FB:S5:11	dev	-	--step2-miss-mode efficiency_corrected --bootstrap-member 2 --bootstrap-seed 1094146998
S5-H2S1T24K5-FB11-b3	../../../final_design/configs/S5/S5-H2S1T24K5-FB11.json	47b2707092b2cea6c5f94ae422d8e636559603095331f1d1d35aef0b8bcc6eea	BANK:FB:S5:11	dev	-	--step2-miss-mode efficiency_corrected --bootstrap-member 3 --bootstrap-seed 1094146998
S5-H2S1T24K5-FB11-b4	../../../final_design/configs/S5/S5-H2S1T24K5-FB11.json	47b2707092b2cea6c5f94ae422d8e636559603095331f1d1d35aef0b8bcc6eea	BANK:FB:S5:11	dev	-	--step2-miss-mode efficiency_corrected --bootstrap-member 4 --bootstrap-seed 1094146998
S5-H2S1T24K5-FB11-b5	../../../final_design/configs/S5/S5-H2S1T24K5-FB11.json	47b2707092b2cea6c5f94ae422d8e636559603095331f1d1d35aef0b8bcc6eea	BANK:FB:S5:11	dev	-	--step2-miss-mode efficiency_corrected --bootstrap-member 5 --bootstrap-seed 1094146998
S5-H2S1T24K5-FB11-b6	../../../final_design/configs/S5/S5-H2S1T24K5-FB11.json	47b2707092b2cea6c5f94ae422d8e636559603095331f1d1d35aef0b8bcc6eea	BANK:FB:S5:11	dev	-	--step2-miss-mode efficiency_corrected --bootstrap-member 6 --bootstrap-seed 1094146998
S5-H2S1T24K5-FB12-b1	../../../final_design/configs/S5/S5-H2S1T24K5-FB12.json	9df861ca35ed41fda80e0823e4f0cc0907c5857776bceb49e609ce9c86351b7c	BANK:FB:S5:12	dev	-	--step2-miss-mode efficiency_corrected --bootstrap-member 1 --bootstrap-seed 191828944
S5-H2S1T24K5-FB12-b2	../../../final_design/configs/S5/S5-H2S1T24K5-FB12.json	9df861ca35ed41fda80e0823e4f0cc0907c5857776bceb49e609ce9c86351b7c	BANK:FB:S5:12	dev	-	--step2-miss-mode efficiency_corrected --bootstrap-member 2 --bootstrap-seed 191828944
S5-H2S1T24K5-FB12-b3	../../../final_design/configs/S5/S5-H2S1T24K5-FB12.json	9df861ca35ed41fda80e0823e4f0cc0907c5857776bceb49e609ce9c86351b7c	BANK:FB:S5:12	dev	-	--step2-miss-mode efficiency_corrected --bootstrap-member 3 --bootstrap-seed 191828944
S5-H2S1T24K5-FB12-b4	../../../final_design/configs/S5/S5-H2S1T24K5-FB12.json	9df861ca35ed41fda80e0823e4f0cc0907c5857776bceb49e609ce9c86351b7c	BANK:FB:S5:12	dev	-	--step2-miss-mode efficiency_corrected --bootstrap-member 4 --bootstrap-seed 191828944
S5-H2S1T24K5-FB12-b5	../../../final_design/configs/S5/S5-H2S1T24K5-FB12.json	9df861ca35ed41fda80e0823e4f0cc0907c5857776bceb49e609ce9c86351b7c	BANK:FB:S5:12	dev	-	--step2-miss-mode efficiency_corrected --bootstrap-member 5 --bootstrap-seed 191828944
S5-H2S1T24K5-FB12-b6	../../../final_design/configs/S5/S5-H2S1T24K5-FB12.json	9df861ca35ed41fda80e0823e4f0cc0907c5857776bceb49e609ce9c86351b7c	BANK:FB:S5:12	dev	-	--step2-miss-mode efficiency_corrected --bootstrap-member 6 --bootstrap-seed 191828944
S5-H2S1T24K5-FB13-b1	../../../final_design/configs/S5/S5-H2S1T24K5-FB13.json	82661abc8bcce019ea8f4444ee9cff5b3f409f3610ccf23268f0ea0b49cd3875	BANK:FB:S5:13	dev	-	--step2-miss-mode efficiency_corrected --bootstrap-member 1 --bootstrap-seed 332370830
S5-H2S1T24K5-FB13-b2	../../../final_design/configs/S5/S5-H2S1T24K5-FB13.json	82661abc8bcce019ea8f4444ee9cff5b3f409f3610ccf23268f0ea0b49cd3875	BANK:FB:S5:13	dev	-	--step2-miss-mode efficiency_corrected --bootstrap-member 2 --bootstrap-seed 332370830
S5-H2S1T24K5-FB13-b3	../../../final_design/configs/S5/S5-H2S1T24K5-FB13.json	82661abc8bcce019ea8f4444ee9cff5b3f409f3610ccf23268f0ea0b49cd3875	BANK:FB:S5:13	dev	-	--step2-miss-mode efficiency_corrected --bootstrap-member 3 --bootstrap-seed 332370830
S5-H2S1T24K5-FB13-b4	../../../final_design/configs/S5/S5-H2S1T24K5-FB13.json	82661abc8bcce019ea8f4444ee9cff5b3f409f3610ccf23268f0ea0b49cd3875	BANK:FB:S5:13	dev	-	--step2-miss-mode efficiency_corrected --bootstrap-member 4 --bootstrap-seed 332370830
S5-H2S1T24K5-FB13-b5	../../../final_design/configs/S5/S5-H2S1T24K5-FB13.json	82661abc8bcce019ea8f4444ee9cff5b3f409f3610ccf23268f0ea0b49cd3875	BANK:FB:S5:13	dev	-	--step2-miss-mode efficiency_corrected --bootstrap-member 5 --bootstrap-seed 332370830
S5-H2S1T24K5-FB13-b6	../../../final_design/configs/S5/S5-H2S1T24K5-FB13.json	82661abc8bcce019ea8f4444ee9cff5b3f409f3610ccf23268f0ea0b49cd3875	BANK:FB:S5:13	dev	-	--step2-miss-mode efficiency_corrected --bootstrap-member 6 --bootstrap-seed 332370830
S5-H2S1T24K5-FB14-b1	../../../final_design/configs/S5/S5-H2S1T24K5-FB14.json	fe07425ef6e0d5ad051cc6672df4d7cb922d9e7cd30c9b966af0135d85f2f3a8	BANK:FB:S5:14	dev	-	--step2-miss-mode efficiency_corrected --bootstrap-member 1 --bootstrap-seed 658813305
S5-H2S1T24K5-FB14-b2	../../../final_design/configs/S5/S5-H2S1T24K5-FB14.json	fe07425ef6e0d5ad051cc6672df4d7cb922d9e7cd30c9b966af0135d85f2f3a8	BANK:FB:S5:14	dev	-	--step2-miss-mode efficiency_corrected --bootstrap-member 2 --bootstrap-seed 658813305
S5-H2S1T24K5-FB14-b3	../../../final_design/configs/S5/S5-H2S1T24K5-FB14.json	fe07425ef6e0d5ad051cc6672df4d7cb922d9e7cd30c9b966af0135d85f2f3a8	BANK:FB:S5:14	dev	-	--step2-miss-mode efficiency_corrected --bootstrap-member 3 --bootstrap-seed 658813305
S5-H2S1T24K5-FB14-b4	../../../final_design/configs/S5/S5-H2S1T24K5-FB14.json	fe07425ef6e0d5ad051cc6672df4d7cb922d9e7cd30c9b966af0135d85f2f3a8	BANK:FB:S5:14	dev	-	--step2-miss-mode efficiency_corrected --bootstrap-member 4 --bootstrap-seed 658813305
S5-H2S1T24K5-FB14-b5	../../../final_design/configs/S5/S5-H2S1T24K5-FB14.json	fe07425ef6e0d5ad051cc6672df4d7cb922d9e7cd30c9b966af0135d85f2f3a8	BANK:FB:S5:14	dev	-	--step2-miss-mode efficiency_corrected --bootstrap-member 5 --bootstrap-seed 658813305
S5-H2S1T24K5-FB14-b6	../../../final_design/configs/S5/S5-H2S1T24K5-FB14.json	fe07425ef6e0d5ad051cc6672df4d7cb922d9e7cd30c9b966af0135d85f2f3a8	BANK:FB:S5:14	dev	-	--step2-miss-mode efficiency_corrected --bootstrap-member 6 --bootstrap-seed 658813305
S5-H2S1T24K5-FB15-b1	../../../final_design/configs/S5/S5-H2S1T24K5-FB15.json	3ce1549aad9d519e4d5a213c314b2d89837b501092dc06bace5f85053b75d39b	BANK:FB:S5:15	dev	-	--step2-miss-mode efficiency_corrected --bootstrap-member 1 --bootstrap-seed 594362181
S5-H2S1T24K5-FB15-b2	../../../final_design/configs/S5/S5-H2S1T24K5-FB15.json	3ce1549aad9d519e4d5a213c314b2d89837b501092dc06bace5f85053b75d39b	BANK:FB:S5:15	dev	-	--step2-miss-mode efficiency_corrected --bootstrap-member 2 --bootstrap-seed 594362181
S5-H2S1T24K5-FB15-b3	../../../final_design/configs/S5/S5-H2S1T24K5-FB15.json	3ce1549aad9d519e4d5a213c314b2d89837b501092dc06bace5f85053b75d39b	BANK:FB:S5:15	dev	-	--step2-miss-mode efficiency_corrected --bootstrap-member 3 --bootstrap-seed 594362181
S5-H2S1T24K5-FB15-b4	../../../final_design/configs/S5/S5-H2S1T24K5-FB15.json	3ce1549aad9d519e4d5a213c314b2d89837b501092dc06bace5f85053b75d39b	BANK:FB:S5:15	dev	-	--step2-miss-mode efficiency_corrected --bootstrap-member 4 --bootstrap-seed 594362181
S5-H2S1T24K5-FB15-b5	../../../final_design/configs/S5/S5-H2S1T24K5-FB15.json	3ce1549aad9d519e4d5a213c314b2d89837b501092dc06bace5f85053b75d39b	BANK:FB:S5:15	dev	-	--step2-miss-mode efficiency_corrected --bootstrap-member 5 --bootstrap-seed 594362181
S5-H2S1T24K5-FB15-b6	../../../final_design/configs/S5/S5-H2S1T24K5-FB15.json	3ce1549aad9d519e4d5a213c314b2d89837b501092dc06bace5f85053b75d39b	BANK:FB:S5:15	dev	-	--step2-miss-mode efficiency_corrected --bootstrap-member 6 --bootstrap-seed 594362181
S5-H2S1T24K5-FB16-b1	../../../final_design/configs/S5/S5-H2S1T24K5-FB16.json	7222ddace9556f11cc6396b82b38b87979b57c7c8fd887cb056352800c9f6e5f	BANK:FB:S5:16	dev	-	--step2-miss-mode efficiency_corrected --bootstrap-member 1 --bootstrap-seed 463722970
S5-H2S1T24K5-FB16-b2	../../../final_design/configs/S5/S5-H2S1T24K5-FB16.json	7222ddace9556f11cc6396b82b38b87979b57c7c8fd887cb056352800c9f6e5f	BANK:FB:S5:16	dev	-	--step2-miss-mode efficiency_corrected --bootstrap-member 2 --bootstrap-seed 463722970
S5-H2S1T24K5-FB16-b3	../../../final_design/configs/S5/S5-H2S1T24K5-FB16.json	7222ddace9556f11cc6396b82b38b87979b57c7c8fd887cb056352800c9f6e5f	BANK:FB:S5:16	dev	-	--step2-miss-mode efficiency_corrected --bootstrap-member 3 --bootstrap-seed 463722970
S5-H2S1T24K5-FB16-b4	../../../final_design/configs/S5/S5-H2S1T24K5-FB16.json	7222ddace9556f11cc6396b82b38b87979b57c7c8fd887cb056352800c9f6e5f	BANK:FB:S5:16	dev	-	--step2-miss-mode efficiency_corrected --bootstrap-member 4 --bootstrap-seed 463722970
S5-H2S1T24K5-FB16-b5	../../../final_design/configs/S5/S5-H2S1T24K5-FB16.json	7222ddace9556f11cc6396b82b38b87979b57c7c8fd887cb056352800c9f6e5f	BANK:FB:S5:16	dev	-	--step2-miss-mode efficiency_corrected --bootstrap-member 5 --bootstrap-seed 463722970
S5-H2S1T24K5-FB16-b6	../../../final_design/configs/S5/S5-H2S1T24K5-FB16.json	7222ddace9556f11cc6396b82b38b87979b57c7c8fd887cb056352800c9f6e5f	BANK:FB:S5:16	dev	-	--step2-miss-mode efficiency_corrected --bootstrap-member 6 --bootstrap-seed 463722970
S5-H2S1T24K5-FB17-b1	../../../final_design/configs/S5/S5-H2S1T24K5-FB17.json	39f6a437bda22de812f4daaf4d45e65c45378958f546ab8d373762a9cfaa122b	BANK:FB:S5:17	dev	-	--step2-miss-mode efficiency_corrected --bootstrap-member 1 --bootstrap-seed 1936351557
S5-H2S1T24K5-FB17-b2	../../../final_design/configs/S5/S5-H2S1T24K5-FB17.json	39f6a437bda22de812f4daaf4d45e65c45378958f546ab8d373762a9cfaa122b	BANK:FB:S5:17	dev	-	--step2-miss-mode efficiency_corrected --bootstrap-member 2 --bootstrap-seed 1936351557
S5-H2S1T24K5-FB17-b3	../../../final_design/configs/S5/S5-H2S1T24K5-FB17.json	39f6a437bda22de812f4daaf4d45e65c45378958f546ab8d373762a9cfaa122b	BANK:FB:S5:17	dev	-	--step2-miss-mode efficiency_corrected --bootstrap-member 3 --bootstrap-seed 1936351557
S5-H2S1T24K5-FB17-b4	../../../final_design/configs/S5/S5-H2S1T24K5-FB17.json	39f6a437bda22de812f4daaf4d45e65c45378958f546ab8d373762a9cfaa122b	BANK:FB:S5:17	dev	-	--step2-miss-mode efficiency_corrected --bootstrap-member 4 --bootstrap-seed 1936351557
S5-H2S1T24K5-FB17-b5	../../../final_design/configs/S5/S5-H2S1T24K5-FB17.json	39f6a437bda22de812f4daaf4d45e65c45378958f546ab8d373762a9cfaa122b	BANK:FB:S5:17	dev	-	--step2-miss-mode efficiency_corrected --bootstrap-member 5 --bootstrap-seed 1936351557
S5-H2S1T24K5-FB17-b6	../../../final_design/configs/S5/S5-H2S1T24K5-FB17.json	39f6a437bda22de812f4daaf4d45e65c45378958f546ab8d373762a9cfaa122b	BANK:FB:S5:17	dev	-	--step2-miss-mode efficiency_corrected --bootstrap-member 6 --bootstrap-seed 1936351557
S5-H2S1T24K5-FB18-b1	../../../final_design/configs/S5/S5-H2S1T24K5-FB18.json	20a7da86da05c7e2bb336f647ca068558430a5a1fce80ba0b15412556fc9aa6c	BANK:FB:S5:18	dev	-	--step2-miss-mode efficiency_corrected --bootstrap-member 1 --bootstrap-seed 2000992417
S5-H2S1T24K5-FB18-b2	../../../final_design/configs/S5/S5-H2S1T24K5-FB18.json	20a7da86da05c7e2bb336f647ca068558430a5a1fce80ba0b15412556fc9aa6c	BANK:FB:S5:18	dev	-	--step2-miss-mode efficiency_corrected --bootstrap-member 2 --bootstrap-seed 2000992417
S5-H2S1T24K5-FB18-b3	../../../final_design/configs/S5/S5-H2S1T24K5-FB18.json	20a7da86da05c7e2bb336f647ca068558430a5a1fce80ba0b15412556fc9aa6c	BANK:FB:S5:18	dev	-	--step2-miss-mode efficiency_corrected --bootstrap-member 3 --bootstrap-seed 2000992417
S5-H2S1T24K5-FB18-b4	../../../final_design/configs/S5/S5-H2S1T24K5-FB18.json	20a7da86da05c7e2bb336f647ca068558430a5a1fce80ba0b15412556fc9aa6c	BANK:FB:S5:18	dev	-	--step2-miss-mode efficiency_corrected --bootstrap-member 4 --bootstrap-seed 2000992417
S5-H2S1T24K5-FB18-b5	../../../final_design/configs/S5/S5-H2S1T24K5-FB18.json	20a7da86da05c7e2bb336f647ca068558430a5a1fce80ba0b15412556fc9aa6c	BANK:FB:S5:18	dev	-	--step2-miss-mode efficiency_corrected --bootstrap-member 5 --bootstrap-seed 2000992417
S5-H2S1T24K5-FB18-b6	../../../final_design/configs/S5/S5-H2S1T24K5-FB18.json	20a7da86da05c7e2bb336f647ca068558430a5a1fce80ba0b15412556fc9aa6c	BANK:FB:S5:18	dev	-	--step2-miss-mode efficiency_corrected --bootstrap-member 6 --bootstrap-seed 2000992417
S5-H2S1T24K5-FB19-b1	../../../final_design/configs/S5/S5-H2S1T24K5-FB19.json	2b2a81ace1bc4593325665618a1525fc9a94c3ed8623a5f610c53e898cf81fc7	BANK:FB:S5:19	dev	-	--step2-miss-mode efficiency_corrected --bootstrap-member 1 --bootstrap-seed 210554699
S5-H2S1T24K5-FB19-b2	../../../final_design/configs/S5/S5-H2S1T24K5-FB19.json	2b2a81ace1bc4593325665618a1525fc9a94c3ed8623a5f610c53e898cf81fc7	BANK:FB:S5:19	dev	-	--step2-miss-mode efficiency_corrected --bootstrap-member 2 --bootstrap-seed 210554699
S5-H2S1T24K5-FB19-b3	../../../final_design/configs/S5/S5-H2S1T24K5-FB19.json	2b2a81ace1bc4593325665618a1525fc9a94c3ed8623a5f610c53e898cf81fc7	BANK:FB:S5:19	dev	-	--step2-miss-mode efficiency_corrected --bootstrap-member 3 --bootstrap-seed 210554699
S5-H2S1T24K5-FB19-b4	../../../final_design/configs/S5/S5-H2S1T24K5-FB19.json	2b2a81ace1bc4593325665618a1525fc9a94c3ed8623a5f610c53e898cf81fc7	BANK:FB:S5:19	dev	-	--step2-miss-mode efficiency_corrected --bootstrap-member 4 --bootstrap-seed 210554699
S5-H2S1T24K5-FB19-b5	../../../final_design/configs/S5/S5-H2S1T24K5-FB19.json	2b2a81ace1bc4593325665618a1525fc9a94c3ed8623a5f610c53e898cf81fc7	BANK:FB:S5:19	dev	-	--step2-miss-mode efficiency_corrected --bootstrap-member 5 --bootstrap-seed 210554699
S5-H2S1T24K5-FB19-b6	../../../final_design/configs/S5/S5-H2S1T24K5-FB19.json	2b2a81ace1bc4593325665618a1525fc9a94c3ed8623a5f610c53e898cf81fc7	BANK:FB:S5:19	dev	-	--step2-miss-mode efficiency_corrected --bootstrap-member 6 --bootstrap-seed 210554699
S5-H2S1T24K5-FB20-b1	../../../final_design/configs/S5/S5-H2S1T24K5-FB20.json	791f27a6cf5fc088cf90f9cd3a4da389d7399752ff55bc89179b8d3b1c9d52bd	BANK:FB:S5:20	dev	-	--step2-miss-mode efficiency_corrected --bootstrap-member 1 --bootstrap-seed 1829832222
S5-H2S1T24K5-FB20-b2	../../../final_design/configs/S5/S5-H2S1T24K5-FB20.json	791f27a6cf5fc088cf90f9cd3a4da389d7399752ff55bc89179b8d3b1c9d52bd	BANK:FB:S5:20	dev	-	--step2-miss-mode efficiency_corrected --bootstrap-member 2 --bootstrap-seed 1829832222
S5-H2S1T24K5-FB20-b3	../../../final_design/configs/S5/S5-H2S1T24K5-FB20.json	791f27a6cf5fc088cf90f9cd3a4da389d7399752ff55bc89179b8d3b1c9d52bd	BANK:FB:S5:20	dev	-	--step2-miss-mode efficiency_corrected --bootstrap-member 3 --bootstrap-seed 1829832222
S5-H2S1T24K5-FB20-b4	../../../final_design/configs/S5/S5-H2S1T24K5-FB20.json	791f27a6cf5fc088cf90f9cd3a4da389d7399752ff55bc89179b8d3b1c9d52bd	BANK:FB:S5:20	dev	-	--step2-miss-mode efficiency_corrected --bootstrap-member 4 --bootstrap-seed 1829832222
S5-H2S1T24K5-FB20-b5	../../../final_design/configs/S5/S5-H2S1T24K5-FB20.json	791f27a6cf5fc088cf90f9cd3a4da389d7399752ff55bc89179b8d3b1c9d52bd	BANK:FB:S5:20	dev	-	--step2-miss-mode efficiency_corrected --bootstrap-member 5 --bootstrap-seed 1829832222
S5-H2S1T24K5-FB20-b6	../../../final_design/configs/S5/S5-H2S1T24K5-FB20.json	791f27a6cf5fc088cf90f9cd3a4da389d7399752ff55bc89179b8d3b1c9d52bd	BANK:FB:S5:20	dev	-	--step2-miss-mode efficiency_corrected --bootstrap-member 6 --bootstrap-seed 1829832222
S5-H2S1T24K5-FB21-b1	../../../final_design/configs/S5/S5-H2S1T24K5-FB21.json	d1c3375869dfb4f0e1fd2a53b35ec249f54735527175a5826f8391ae83d0be20	BANK:FB:S5:21	dev	-	--step2-miss-mode efficiency_corrected --bootstrap-member 1 --bootstrap-seed 929360619
S5-H2S1T24K5-FB21-b2	../../../final_design/configs/S5/S5-H2S1T24K5-FB21.json	d1c3375869dfb4f0e1fd2a53b35ec249f54735527175a5826f8391ae83d0be20	BANK:FB:S5:21	dev	-	--step2-miss-mode efficiency_corrected --bootstrap-member 2 --bootstrap-seed 929360619
S5-H2S1T24K5-FB21-b3	../../../final_design/configs/S5/S5-H2S1T24K5-FB21.json	d1c3375869dfb4f0e1fd2a53b35ec249f54735527175a5826f8391ae83d0be20	BANK:FB:S5:21	dev	-	--step2-miss-mode efficiency_corrected --bootstrap-member 3 --bootstrap-seed 929360619
S5-H2S1T24K5-FB21-b4	../../../final_design/configs/S5/S5-H2S1T24K5-FB21.json	d1c3375869dfb4f0e1fd2a53b35ec249f54735527175a5826f8391ae83d0be20	BANK:FB:S5:21	dev	-	--step2-miss-mode efficiency_corrected --bootstrap-member 4 --bootstrap-seed 929360619
S5-H2S1T24K5-FB21-b5	../../../final_design/configs/S5/S5-H2S1T24K5-FB21.json	d1c3375869dfb4f0e1fd2a53b35ec249f54735527175a5826f8391ae83d0be20	BANK:FB:S5:21	dev	-	--step2-miss-mode efficiency_corrected --bootstrap-member 5 --bootstrap-seed 929360619
S5-H2S1T24K5-FB21-b6	../../../final_design/configs/S5/S5-H2S1T24K5-FB21.json	d1c3375869dfb4f0e1fd2a53b35ec249f54735527175a5826f8391ae83d0be20	BANK:FB:S5:21	dev	-	--step2-miss-mode efficiency_corrected --bootstrap-member 6 --bootstrap-seed 929360619
S5-H2S1T24K5-FB22-b1	../../../final_design/configs/S5/S5-H2S1T24K5-FB22.json	f4d927ac132cccea57545b70c40cd5c0f803fcf665e4d9d37e186579d0cc35ba	BANK:FB:S5:22	dev	-	--step2-miss-mode efficiency_corrected --bootstrap-member 1 --bootstrap-seed 1006767608
S5-H2S1T24K5-FB22-b2	../../../final_design/configs/S5/S5-H2S1T24K5-FB22.json	f4d927ac132cccea57545b70c40cd5c0f803fcf665e4d9d37e186579d0cc35ba	BANK:FB:S5:22	dev	-	--step2-miss-mode efficiency_corrected --bootstrap-member 2 --bootstrap-seed 1006767608
S5-H2S1T24K5-FB22-b3	../../../final_design/configs/S5/S5-H2S1T24K5-FB22.json	f4d927ac132cccea57545b70c40cd5c0f803fcf665e4d9d37e186579d0cc35ba	BANK:FB:S5:22	dev	-	--step2-miss-mode efficiency_corrected --bootstrap-member 3 --bootstrap-seed 1006767608
S5-H2S1T24K5-FB22-b4	../../../final_design/configs/S5/S5-H2S1T24K5-FB22.json	f4d927ac132cccea57545b70c40cd5c0f803fcf665e4d9d37e186579d0cc35ba	BANK:FB:S5:22	dev	-	--step2-miss-mode efficiency_corrected --bootstrap-member 4 --bootstrap-seed 1006767608
S5-H2S1T24K5-FB22-b5	../../../final_design/configs/S5/S5-H2S1T24K5-FB22.json	f4d927ac132cccea57545b70c40cd5c0f803fcf665e4d9d37e186579d0cc35ba	BANK:FB:S5:22	dev	-	--step2-miss-mode efficiency_corrected --bootstrap-member 5 --bootstrap-seed 1006767608
S5-H2S1T24K5-FB22-b6	../../../final_design/configs/S5/S5-H2S1T24K5-FB22.json	f4d927ac132cccea57545b70c40cd5c0f803fcf665e4d9d37e186579d0cc35ba	BANK:FB:S5:22	dev	-	--step2-miss-mode efficiency_corrected --bootstrap-member 6 --bootstrap-seed 1006767608
S5-H2S1T24K5-FB23-b1	../../../final_design/configs/S5/S5-H2S1T24K5-FB23.json	d68d9fc564117385ca0b050c8716055a4f0677cc56aa7a6830620ad34959e4f0	BANK:FB:S5:23	dev	-	--step2-miss-mode efficiency_corrected --bootstrap-member 1 --bootstrap-seed 1824830940
S5-H2S1T24K5-FB23-b2	../../../final_design/configs/S5/S5-H2S1T24K5-FB23.json	d68d9fc564117385ca0b050c8716055a4f0677cc56aa7a6830620ad34959e4f0	BANK:FB:S5:23	dev	-	--step2-miss-mode efficiency_corrected --bootstrap-member 2 --bootstrap-seed 1824830940
S5-H2S1T24K5-FB23-b3	../../../final_design/configs/S5/S5-H2S1T24K5-FB23.json	d68d9fc564117385ca0b050c8716055a4f0677cc56aa7a6830620ad34959e4f0	BANK:FB:S5:23	dev	-	--step2-miss-mode efficiency_corrected --bootstrap-member 3 --bootstrap-seed 1824830940
S5-H2S1T24K5-FB23-b4	../../../final_design/configs/S5/S5-H2S1T24K5-FB23.json	d68d9fc564117385ca0b050c8716055a4f0677cc56aa7a6830620ad34959e4f0	BANK:FB:S5:23	dev	-	--step2-miss-mode efficiency_corrected --bootstrap-member 4 --bootstrap-seed 1824830940
S5-H2S1T24K5-FB23-b5	../../../final_design/configs/S5/S5-H2S1T24K5-FB23.json	d68d9fc564117385ca0b050c8716055a4f0677cc56aa7a6830620ad34959e4f0	BANK:FB:S5:23	dev	-	--step2-miss-mode efficiency_corrected --bootstrap-member 5 --bootstrap-seed 1824830940
S5-H2S1T24K5-FB23-b6	../../../final_design/configs/S5/S5-H2S1T24K5-FB23.json	d68d9fc564117385ca0b050c8716055a4f0677cc56aa7a6830620ad34959e4f0	BANK:FB:S5:23	dev	-	--step2-miss-mode efficiency_corrected --bootstrap-member 6 --bootstrap-seed 1824830940
S5-H2S1T24K5-FB24-b1	../../../final_design/configs/S5/S5-H2S1T24K5-FB24.json	60d50b1ad82f070e5059bff1cec60840534af50a271d0a7c478d2ac3ad946b2f	BANK:FB:S5:24	dev	-	--step2-miss-mode efficiency_corrected --bootstrap-member 1 --bootstrap-seed 1323415443
S5-H2S1T24K5-FB24-b2	../../../final_design/configs/S5/S5-H2S1T24K5-FB24.json	60d50b1ad82f070e5059bff1cec60840534af50a271d0a7c478d2ac3ad946b2f	BANK:FB:S5:24	dev	-	--step2-miss-mode efficiency_corrected --bootstrap-member 2 --bootstrap-seed 1323415443
S5-H2S1T24K5-FB24-b3	../../../final_design/configs/S5/S5-H2S1T24K5-FB24.json	60d50b1ad82f070e5059bff1cec60840534af50a271d0a7c478d2ac3ad946b2f	BANK:FB:S5:24	dev	-	--step2-miss-mode efficiency_corrected --bootstrap-member 3 --bootstrap-seed 1323415443
S5-H2S1T24K5-FB24-b4	../../../final_design/configs/S5/S5-H2S1T24K5-FB24.json	60d50b1ad82f070e5059bff1cec60840534af50a271d0a7c478d2ac3ad946b2f	BANK:FB:S5:24	dev	-	--step2-miss-mode efficiency_corrected --bootstrap-member 4 --bootstrap-seed 1323415443
S5-H2S1T24K5-FB24-b5	../../../final_design/configs/S5/S5-H2S1T24K5-FB24.json	60d50b1ad82f070e5059bff1cec60840534af50a271d0a7c478d2ac3ad946b2f	BANK:FB:S5:24	dev	-	--step2-miss-mode efficiency_corrected --bootstrap-member 5 --bootstrap-seed 1323415443
S5-H2S1T24K5-FB24-b6	../../../final_design/configs/S5/S5-H2S1T24K5-FB24.json	60d50b1ad82f070e5059bff1cec60840534af50a271d0a7c478d2ac3ad946b2f	BANK:FB:S5:24	dev	-	--step2-miss-mode efficiency_corrected --bootstrap-member 6 --bootstrap-seed 1323415443
S5-H2S1T24K5-FB25-b1	../../../final_design/configs/S5/S5-H2S1T24K5-FB25.json	c80b329d2af0beb4c0a2c0759d85c8a7f9fad87155cee3f689fb855d81673a95	BANK:FB:S5:25	dev	-	--step2-miss-mode efficiency_corrected --bootstrap-member 1 --bootstrap-seed 1759324476
S5-H2S1T24K5-FB25-b2	../../../final_design/configs/S5/S5-H2S1T24K5-FB25.json	c80b329d2af0beb4c0a2c0759d85c8a7f9fad87155cee3f689fb855d81673a95	BANK:FB:S5:25	dev	-	--step2-miss-mode efficiency_corrected --bootstrap-member 2 --bootstrap-seed 1759324476
S5-H2S1T24K5-FB25-b3	../../../final_design/configs/S5/S5-H2S1T24K5-FB25.json	c80b329d2af0beb4c0a2c0759d85c8a7f9fad87155cee3f689fb855d81673a95	BANK:FB:S5:25	dev	-	--step2-miss-mode efficiency_corrected --bootstrap-member 3 --bootstrap-seed 1759324476
S5-H2S1T24K5-FB25-b4	../../../final_design/configs/S5/S5-H2S1T24K5-FB25.json	c80b329d2af0beb4c0a2c0759d85c8a7f9fad87155cee3f689fb855d81673a95	BANK:FB:S5:25	dev	-	--step2-miss-mode efficiency_corrected --bootstrap-member 4 --bootstrap-seed 1759324476
S5-H2S1T24K5-FB25-b5	../../../final_design/configs/S5/S5-H2S1T24K5-FB25.json	c80b329d2af0beb4c0a2c0759d85c8a7f9fad87155cee3f689fb855d81673a95	BANK:FB:S5:25	dev	-	--step2-miss-mode efficiency_corrected --bootstrap-member 5 --bootstrap-seed 1759324476
S5-H2S1T24K5-FB25-b6	../../../final_design/configs/S5/S5-H2S1T24K5-FB25.json	c80b329d2af0beb4c0a2c0759d85c8a7f9fad87155cee3f689fb855d81673a95	BANK:FB:S5:25	dev	-	--step2-miss-mode efficiency_corrected --bootstrap-member 6 --bootstrap-seed 1759324476
S5-H2S1T24K5-FB26-b1	../../../final_design/configs/S5/S5-H2S1T24K5-FB26.json	8af616a07ec79a5acb3972b231edd62ed1d22f4b14995b371822e5ae6382719b	BANK:FB:S5:26	dev	-	--step2-miss-mode efficiency_corrected --bootstrap-member 1 --bootstrap-seed 523280239
S5-H2S1T24K5-FB26-b2	../../../final_design/configs/S5/S5-H2S1T24K5-FB26.json	8af616a07ec79a5acb3972b231edd62ed1d22f4b14995b371822e5ae6382719b	BANK:FB:S5:26	dev	-	--step2-miss-mode efficiency_corrected --bootstrap-member 2 --bootstrap-seed 523280239
S5-H2S1T24K5-FB26-b3	../../../final_design/configs/S5/S5-H2S1T24K5-FB26.json	8af616a07ec79a5acb3972b231edd62ed1d22f4b14995b371822e5ae6382719b	BANK:FB:S5:26	dev	-	--step2-miss-mode efficiency_corrected --bootstrap-member 3 --bootstrap-seed 523280239
S5-H2S1T24K5-FB26-b4	../../../final_design/configs/S5/S5-H2S1T24K5-FB26.json	8af616a07ec79a5acb3972b231edd62ed1d22f4b14995b371822e5ae6382719b	BANK:FB:S5:26	dev	-	--step2-miss-mode efficiency_corrected --bootstrap-member 4 --bootstrap-seed 523280239
S5-H2S1T24K5-FB26-b5	../../../final_design/configs/S5/S5-H2S1T24K5-FB26.json	8af616a07ec79a5acb3972b231edd62ed1d22f4b14995b371822e5ae6382719b	BANK:FB:S5:26	dev	-	--step2-miss-mode efficiency_corrected --bootstrap-member 5 --bootstrap-seed 523280239
S5-H2S1T24K5-FB26-b6	../../../final_design/configs/S5/S5-H2S1T24K5-FB26.json	8af616a07ec79a5acb3972b231edd62ed1d22f4b14995b371822e5ae6382719b	BANK:FB:S5:26	dev	-	--step2-miss-mode efficiency_corrected --bootstrap-member 6 --bootstrap-seed 523280239
S5-H2S1T24K5-FB27-b1	../../../final_design/configs/S5/S5-H2S1T24K5-FB27.json	a08d151c957c91018af7ff5a28233fafdbf09c34a3cb9b688a4652c5d5289c06	BANK:FB:S5:27	dev	-	--step2-miss-mode efficiency_corrected --bootstrap-member 1 --bootstrap-seed 1802293040
S5-H2S1T24K5-FB27-b2	../../../final_design/configs/S5/S5-H2S1T24K5-FB27.json	a08d151c957c91018af7ff5a28233fafdbf09c34a3cb9b688a4652c5d5289c06	BANK:FB:S5:27	dev	-	--step2-miss-mode efficiency_corrected --bootstrap-member 2 --bootstrap-seed 1802293040
S5-H2S1T24K5-FB27-b3	../../../final_design/configs/S5/S5-H2S1T24K5-FB27.json	a08d151c957c91018af7ff5a28233fafdbf09c34a3cb9b688a4652c5d5289c06	BANK:FB:S5:27	dev	-	--step2-miss-mode efficiency_corrected --bootstrap-member 3 --bootstrap-seed 1802293040
S5-H2S1T24K5-FB27-b4	../../../final_design/configs/S5/S5-H2S1T24K5-FB27.json	a08d151c957c91018af7ff5a28233fafdbf09c34a3cb9b688a4652c5d5289c06	BANK:FB:S5:27	dev	-	--step2-miss-mode efficiency_corrected --bootstrap-member 4 --bootstrap-seed 1802293040
S5-H2S1T24K5-FB27-b5	../../../final_design/configs/S5/S5-H2S1T24K5-FB27.json	a08d151c957c91018af7ff5a28233fafdbf09c34a3cb9b688a4652c5d5289c06	BANK:FB:S5:27	dev	-	--step2-miss-mode efficiency_corrected --bootstrap-member 5 --bootstrap-seed 1802293040
S5-H2S1T24K5-FB27-b6	../../../final_design/configs/S5/S5-H2S1T24K5-FB27.json	a08d151c957c91018af7ff5a28233fafdbf09c34a3cb9b688a4652c5d5289c06	BANK:FB:S5:27	dev	-	--step2-miss-mode efficiency_corrected --bootstrap-member 6 --bootstrap-seed 1802293040
S5-H2S1T24K5-FB28-b1	../../../final_design/configs/S5/S5-H2S1T24K5-FB28.json	a03c200a6e623d3a5711f2522bdd3a71218a64cf28abd28544f9b1a0677818dd	BANK:FB:S5:28	dev	-	--step2-miss-mode efficiency_corrected --bootstrap-member 1 --bootstrap-seed 755913380
S5-H2S1T24K5-FB28-b2	../../../final_design/configs/S5/S5-H2S1T24K5-FB28.json	a03c200a6e623d3a5711f2522bdd3a71218a64cf28abd28544f9b1a0677818dd	BANK:FB:S5:28	dev	-	--step2-miss-mode efficiency_corrected --bootstrap-member 2 --bootstrap-seed 755913380
S5-H2S1T24K5-FB28-b3	../../../final_design/configs/S5/S5-H2S1T24K5-FB28.json	a03c200a6e623d3a5711f2522bdd3a71218a64cf28abd28544f9b1a0677818dd	BANK:FB:S5:28	dev	-	--step2-miss-mode efficiency_corrected --bootstrap-member 3 --bootstrap-seed 755913380
S5-H2S1T24K5-FB28-b4	../../../final_design/configs/S5/S5-H2S1T24K5-FB28.json	a03c200a6e623d3a5711f2522bdd3a71218a64cf28abd28544f9b1a0677818dd	BANK:FB:S5:28	dev	-	--step2-miss-mode efficiency_corrected --bootstrap-member 4 --bootstrap-seed 755913380
S5-H2S1T24K5-FB28-b5	../../../final_design/configs/S5/S5-H2S1T24K5-FB28.json	a03c200a6e623d3a5711f2522bdd3a71218a64cf28abd28544f9b1a0677818dd	BANK:FB:S5:28	dev	-	--step2-miss-mode efficiency_corrected --bootstrap-member 5 --bootstrap-seed 755913380
S5-H2S1T24K5-FB28-b6	../../../final_design/configs/S5/S5-H2S1T24K5-FB28.json	a03c200a6e623d3a5711f2522bdd3a71218a64cf28abd28544f9b1a0677818dd	BANK:FB:S5:28	dev	-	--step2-miss-mode efficiency_corrected --bootstrap-member 6 --bootstrap-seed 755913380
S5-H2S1T24K5-FB29-b1	../../../final_design/configs/S5/S5-H2S1T24K5-FB29.json	f34dad3307f0968ca26ef9c4a5bd7627be400b176051587db65c81e90800f142	BANK:FB:S5:29	dev	-	--step2-miss-mode efficiency_corrected --bootstrap-member 1 --bootstrap-seed 444791372
S5-H2S1T24K5-FB29-b2	../../../final_design/configs/S5/S5-H2S1T24K5-FB29.json	f34dad3307f0968ca26ef9c4a5bd7627be400b176051587db65c81e90800f142	BANK:FB:S5:29	dev	-	--step2-miss-mode efficiency_corrected --bootstrap-member 2 --bootstrap-seed 444791372
S5-H2S1T24K5-FB29-b3	../../../final_design/configs/S5/S5-H2S1T24K5-FB29.json	f34dad3307f0968ca26ef9c4a5bd7627be400b176051587db65c81e90800f142	BANK:FB:S5:29	dev	-	--step2-miss-mode efficiency_corrected --bootstrap-member 3 --bootstrap-seed 444791372
S5-H2S1T24K5-FB29-b4	../../../final_design/configs/S5/S5-H2S1T24K5-FB29.json	f34dad3307f0968ca26ef9c4a5bd7627be400b176051587db65c81e90800f142	BANK:FB:S5:29	dev	-	--step2-miss-mode efficiency_corrected --bootstrap-member 4 --bootstrap-seed 444791372
S5-H2S1T24K5-FB29-b5	../../../final_design/configs/S5/S5-H2S1T24K5-FB29.json	f34dad3307f0968ca26ef9c4a5bd7627be400b176051587db65c81e90800f142	BANK:FB:S5:29	dev	-	--step2-miss-mode efficiency_corrected --bootstrap-member 5 --bootstrap-seed 444791372
S5-H2S1T24K5-FB29-b6	../../../final_design/configs/S5/S5-H2S1T24K5-FB29.json	f34dad3307f0968ca26ef9c4a5bd7627be400b176051587db65c81e90800f142	BANK:FB:S5:29	dev	-	--step2-miss-mode efficiency_corrected --bootstrap-member 6 --bootstrap-seed 444791372
S5-H2S1T24K5-FB30-b1	../../../final_design/configs/S5/S5-H2S1T24K5-FB30.json	27ea25ea19bd179550ec633a9debcf647e144c34ecb0735a668a060d5289fd31	BANK:FB:S5:30	dev	-	--step2-miss-mode efficiency_corrected --bootstrap-member 1 --bootstrap-seed 1769942030
S5-H2S1T24K5-FB30-b2	../../../final_design/configs/S5/S5-H2S1T24K5-FB30.json	27ea25ea19bd179550ec633a9debcf647e144c34ecb0735a668a060d5289fd31	BANK:FB:S5:30	dev	-	--step2-miss-mode efficiency_corrected --bootstrap-member 2 --bootstrap-seed 1769942030
S5-H2S1T24K5-FB30-b3	../../../final_design/configs/S5/S5-H2S1T24K5-FB30.json	27ea25ea19bd179550ec633a9debcf647e144c34ecb0735a668a060d5289fd31	BANK:FB:S5:30	dev	-	--step2-miss-mode efficiency_corrected --bootstrap-member 3 --bootstrap-seed 1769942030
S5-H2S1T24K5-FB30-b4	../../../final_design/configs/S5/S5-H2S1T24K5-FB30.json	27ea25ea19bd179550ec633a9debcf647e144c34ecb0735a668a060d5289fd31	BANK:FB:S5:30	dev	-	--step2-miss-mode efficiency_corrected --bootstrap-member 4 --bootstrap-seed 1769942030
S5-H2S1T24K5-FB30-b5	../../../final_design/configs/S5/S5-H2S1T24K5-FB30.json	27ea25ea19bd179550ec633a9debcf647e144c34ecb0735a668a060d5289fd31	BANK:FB:S5:30	dev	-	--step2-miss-mode efficiency_corrected --bootstrap-member 5 --bootstrap-seed 1769942030
S5-H2S1T24K5-FB30-b6	../../../final_design/configs/S5/S5-H2S1T24K5-FB30.json	27ea25ea19bd179550ec633a9debcf647e144c34ecb0735a668a060d5289fd31	BANK:FB:S5:30	dev	-	--step2-miss-mode efficiency_corrected --bootstrap-member 6 --bootstrap-seed 1769942030
S5-H2S1T24K5-FB31-b1	../../../final_design/configs/S5/S5-H2S1T24K5-FB31.json	27a989128073ad39186a7aa9e14a4743dab42e935d40b24468ba813f95d01506	BANK:FB:S5:31	dev	-	--step2-miss-mode efficiency_corrected --bootstrap-member 1 --bootstrap-seed 702245762
S5-H2S1T24K5-FB31-b2	../../../final_design/configs/S5/S5-H2S1T24K5-FB31.json	27a989128073ad39186a7aa9e14a4743dab42e935d40b24468ba813f95d01506	BANK:FB:S5:31	dev	-	--step2-miss-mode efficiency_corrected --bootstrap-member 2 --bootstrap-seed 702245762
S5-H2S1T24K5-FB31-b3	../../../final_design/configs/S5/S5-H2S1T24K5-FB31.json	27a989128073ad39186a7aa9e14a4743dab42e935d40b24468ba813f95d01506	BANK:FB:S5:31	dev	-	--step2-miss-mode efficiency_corrected --bootstrap-member 3 --bootstrap-seed 702245762
S5-H2S1T24K5-FB31-b4	../../../final_design/configs/S5/S5-H2S1T24K5-FB31.json	27a989128073ad39186a7aa9e14a4743dab42e935d40b24468ba813f95d01506	BANK:FB:S5:31	dev	-	--step2-miss-mode efficiency_corrected --bootstrap-member 4 --bootstrap-seed 702245762
S5-H2S1T24K5-FB31-b5	../../../final_design/configs/S5/S5-H2S1T24K5-FB31.json	27a989128073ad39186a7aa9e14a4743dab42e935d40b24468ba813f95d01506	BANK:FB:S5:31	dev	-	--step2-miss-mode efficiency_corrected --bootstrap-member 5 --bootstrap-seed 702245762
S5-H2S1T24K5-FB31-b6	../../../final_design/configs/S5/S5-H2S1T24K5-FB31.json	27a989128073ad39186a7aa9e14a4743dab42e935d40b24468ba813f95d01506	BANK:FB:S5:31	dev	-	--step2-miss-mode efficiency_corrected --bootstrap-member 6 --bootstrap-seed 702245762
S5-H2S1T24K5-FB32-b1	../../../final_design/configs/S5/S5-H2S1T24K5-FB32.json	d86cb0f7060c6a296598dbf85f0b03200fabd93bf8c709db104f6fcdf0fa2df1	BANK:FB:S5:32	dev	-	--step2-miss-mode efficiency_corrected --bootstrap-member 1 --bootstrap-seed 460078464
S5-H2S1T24K5-FB32-b2	../../../final_design/configs/S5/S5-H2S1T24K5-FB32.json	d86cb0f7060c6a296598dbf85f0b03200fabd93bf8c709db104f6fcdf0fa2df1	BANK:FB:S5:32	dev	-	--step2-miss-mode efficiency_corrected --bootstrap-member 2 --bootstrap-seed 460078464
S5-H2S1T24K5-FB32-b3	../../../final_design/configs/S5/S5-H2S1T24K5-FB32.json	d86cb0f7060c6a296598dbf85f0b03200fabd93bf8c709db104f6fcdf0fa2df1	BANK:FB:S5:32	dev	-	--step2-miss-mode efficiency_corrected --bootstrap-member 3 --bootstrap-seed 460078464
S5-H2S1T24K5-FB32-b4	../../../final_design/configs/S5/S5-H2S1T24K5-FB32.json	d86cb0f7060c6a296598dbf85f0b03200fabd93bf8c709db104f6fcdf0fa2df1	BANK:FB:S5:32	dev	-	--step2-miss-mode efficiency_corrected --bootstrap-member 4 --bootstrap-seed 460078464
S5-H2S1T24K5-FB32-b5	../../../final_design/configs/S5/S5-H2S1T24K5-FB32.json	d86cb0f7060c6a296598dbf85f0b03200fabd93bf8c709db104f6fcdf0fa2df1	BANK:FB:S5:32	dev	-	--step2-miss-mode efficiency_corrected --bootstrap-member 5 --bootstrap-seed 460078464
S5-H2S1T24K5-FB32-b6	../../../final_design/configs/S5/S5-H2S1T24K5-FB32.json	d86cb0f7060c6a296598dbf85f0b03200fabd93bf8c709db104f6fcdf0fa2df1	BANK:FB:S5:32	dev	-	--step2-miss-mode efficiency_corrected --bootstrap-member 6 --bootstrap-seed 460078464
S5-H2S1T24K5-FB33-b1	../../../final_design/configs/S5/S5-H2S1T24K5-FB33.json	4119ca965a8020210856c471efd9ec5e99ca7ba85224ddfbbe11eecf96515975	BANK:FB:S5:33	dev	-	--step2-miss-mode efficiency_corrected --bootstrap-member 1 --bootstrap-seed 816815349
S5-H2S1T24K5-FB33-b2	../../../final_design/configs/S5/S5-H2S1T24K5-FB33.json	4119ca965a8020210856c471efd9ec5e99ca7ba85224ddfbbe11eecf96515975	BANK:FB:S5:33	dev	-	--step2-miss-mode efficiency_corrected --bootstrap-member 2 --bootstrap-seed 816815349
S5-H2S1T24K5-FB33-b3	../../../final_design/configs/S5/S5-H2S1T24K5-FB33.json	4119ca965a8020210856c471efd9ec5e99ca7ba85224ddfbbe11eecf96515975	BANK:FB:S5:33	dev	-	--step2-miss-mode efficiency_corrected --bootstrap-member 3 --bootstrap-seed 816815349
S5-H2S1T24K5-FB33-b4	../../../final_design/configs/S5/S5-H2S1T24K5-FB33.json	4119ca965a8020210856c471efd9ec5e99ca7ba85224ddfbbe11eecf96515975	BANK:FB:S5:33	dev	-	--step2-miss-mode efficiency_corrected --bootstrap-member 4 --bootstrap-seed 816815349
S5-H2S1T24K5-FB33-b5	../../../final_design/configs/S5/S5-H2S1T24K5-FB33.json	4119ca965a8020210856c471efd9ec5e99ca7ba85224ddfbbe11eecf96515975	BANK:FB:S5:33	dev	-	--step2-miss-mode efficiency_corrected --bootstrap-member 5 --bootstrap-seed 816815349
S5-H2S1T24K5-FB33-b6	../../../final_design/configs/S5/S5-H2S1T24K5-FB33.json	4119ca965a8020210856c471efd9ec5e99ca7ba85224ddfbbe11eecf96515975	BANK:FB:S5:33	dev	-	--step2-miss-mode efficiency_corrected --bootstrap-member 6 --bootstrap-seed 816815349
S5-H2S1T24K5-FB34-b1	../../../final_design/configs/S5/S5-H2S1T24K5-FB34.json	56cc7ee0aafc9cf11cafca75c6a9dabafdcb00da9ce19d908d3de8cf67dd1865	BANK:FB:S5:34	dev	-	--step2-miss-mode efficiency_corrected --bootstrap-member 1 --bootstrap-seed 1302635969
S5-H2S1T24K5-FB34-b2	../../../final_design/configs/S5/S5-H2S1T24K5-FB34.json	56cc7ee0aafc9cf11cafca75c6a9dabafdcb00da9ce19d908d3de8cf67dd1865	BANK:FB:S5:34	dev	-	--step2-miss-mode efficiency_corrected --bootstrap-member 2 --bootstrap-seed 1302635969
S5-H2S1T24K5-FB34-b3	../../../final_design/configs/S5/S5-H2S1T24K5-FB34.json	56cc7ee0aafc9cf11cafca75c6a9dabafdcb00da9ce19d908d3de8cf67dd1865	BANK:FB:S5:34	dev	-	--step2-miss-mode efficiency_corrected --bootstrap-member 3 --bootstrap-seed 1302635969
S5-H2S1T24K5-FB34-b4	../../../final_design/configs/S5/S5-H2S1T24K5-FB34.json	56cc7ee0aafc9cf11cafca75c6a9dabafdcb00da9ce19d908d3de8cf67dd1865	BANK:FB:S5:34	dev	-	--step2-miss-mode efficiency_corrected --bootstrap-member 4 --bootstrap-seed 1302635969
S5-H2S1T24K5-FB34-b5	../../../final_design/configs/S5/S5-H2S1T24K5-FB34.json	56cc7ee0aafc9cf11cafca75c6a9dabafdcb00da9ce19d908d3de8cf67dd1865	BANK:FB:S5:34	dev	-	--step2-miss-mode efficiency_corrected --bootstrap-member 5 --bootstrap-seed 1302635969
S5-H2S1T24K5-FB34-b6	../../../final_design/configs/S5/S5-H2S1T24K5-FB34.json	56cc7ee0aafc9cf11cafca75c6a9dabafdcb00da9ce19d908d3de8cf67dd1865	BANK:FB:S5:34	dev	-	--step2-miss-mode efficiency_corrected --bootstrap-member 6 --bootstrap-seed 1302635969
S5-H2S1T24K5-FB35-b1	../../../final_design/configs/S5/S5-H2S1T24K5-FB35.json	5b4e054c4ff718f09780758d78f9c7fbe8cd1f13ecfc2d1d204a6667cbb90fd2	BANK:FB:S5:35	dev	-	--step2-miss-mode efficiency_corrected --bootstrap-member 1 --bootstrap-seed 1313365741
S5-H2S1T24K5-FB35-b2	../../../final_design/configs/S5/S5-H2S1T24K5-FB35.json	5b4e054c4ff718f09780758d78f9c7fbe8cd1f13ecfc2d1d204a6667cbb90fd2	BANK:FB:S5:35	dev	-	--step2-miss-mode efficiency_corrected --bootstrap-member 2 --bootstrap-seed 1313365741
S5-H2S1T24K5-FB35-b3	../../../final_design/configs/S5/S5-H2S1T24K5-FB35.json	5b4e054c4ff718f09780758d78f9c7fbe8cd1f13ecfc2d1d204a6667cbb90fd2	BANK:FB:S5:35	dev	-	--step2-miss-mode efficiency_corrected --bootstrap-member 3 --bootstrap-seed 1313365741
S5-H2S1T24K5-FB35-b4	../../../final_design/configs/S5/S5-H2S1T24K5-FB35.json	5b4e054c4ff718f09780758d78f9c7fbe8cd1f13ecfc2d1d204a6667cbb90fd2	BANK:FB:S5:35	dev	-	--step2-miss-mode efficiency_corrected --bootstrap-member 4 --bootstrap-seed 1313365741
S5-H2S1T24K5-FB35-b5	../../../final_design/configs/S5/S5-H2S1T24K5-FB35.json	5b4e054c4ff718f09780758d78f9c7fbe8cd1f13ecfc2d1d204a6667cbb90fd2	BANK:FB:S5:35	dev	-	--step2-miss-mode efficiency_corrected --bootstrap-member 5 --bootstrap-seed 1313365741
S5-H2S1T24K5-FB35-b6	../../../final_design/configs/S5/S5-H2S1T24K5-FB35.json	5b4e054c4ff718f09780758d78f9c7fbe8cd1f13ecfc2d1d204a6667cbb90fd2	BANK:FB:S5:35	dev	-	--step2-miss-mode efficiency_corrected --bootstrap-member 6 --bootstrap-seed 1313365741
S5-H2S1T24K5-FB36-b1	../../../final_design/configs/S5/S5-H2S1T24K5-FB36.json	4a20b441eb98c6596c7982e9219ada29ee7e21e7907b5966f25ac7e8bc282500	BANK:FB:S5:36	dev	-	--step2-miss-mode efficiency_corrected --bootstrap-member 1 --bootstrap-seed 101969289
S5-H2S1T24K5-FB36-b2	../../../final_design/configs/S5/S5-H2S1T24K5-FB36.json	4a20b441eb98c6596c7982e9219ada29ee7e21e7907b5966f25ac7e8bc282500	BANK:FB:S5:36	dev	-	--step2-miss-mode efficiency_corrected --bootstrap-member 2 --bootstrap-seed 101969289
S5-H2S1T24K5-FB36-b3	../../../final_design/configs/S5/S5-H2S1T24K5-FB36.json	4a20b441eb98c6596c7982e9219ada29ee7e21e7907b5966f25ac7e8bc282500	BANK:FB:S5:36	dev	-	--step2-miss-mode efficiency_corrected --bootstrap-member 3 --bootstrap-seed 101969289
S5-H2S1T24K5-FB36-b4	../../../final_design/configs/S5/S5-H2S1T24K5-FB36.json	4a20b441eb98c6596c7982e9219ada29ee7e21e7907b5966f25ac7e8bc282500	BANK:FB:S5:36	dev	-	--step2-miss-mode efficiency_corrected --bootstrap-member 4 --bootstrap-seed 101969289
S5-H2S1T24K5-FB36-b5	../../../final_design/configs/S5/S5-H2S1T24K5-FB36.json	4a20b441eb98c6596c7982e9219ada29ee7e21e7907b5966f25ac7e8bc282500	BANK:FB:S5:36	dev	-	--step2-miss-mode efficiency_corrected --bootstrap-member 5 --bootstrap-seed 101969289
S5-H2S1T24K5-FB36-b6	../../../final_design/configs/S5/S5-H2S1T24K5-FB36.json	4a20b441eb98c6596c7982e9219ada29ee7e21e7907b5966f25ac7e8bc282500	BANK:FB:S5:36	dev	-	--step2-miss-mode efficiency_corrected --bootstrap-member 6 --bootstrap-seed 101969289
S5-H2S1T24K5-FB37-b1	../../../final_design/configs/S5/S5-H2S1T24K5-FB37.json	9150703466611653183661410797239e89bc8fd9ae830f86ca4640ca1bd20cbc	BANK:FB:S5:37	dev	-	--step2-miss-mode efficiency_corrected --bootstrap-member 1 --bootstrap-seed 439910379
S5-H2S1T24K5-FB37-b2	../../../final_design/configs/S5/S5-H2S1T24K5-FB37.json	9150703466611653183661410797239e89bc8fd9ae830f86ca4640ca1bd20cbc	BANK:FB:S5:37	dev	-	--step2-miss-mode efficiency_corrected --bootstrap-member 2 --bootstrap-seed 439910379
S5-H2S1T24K5-FB37-b3	../../../final_design/configs/S5/S5-H2S1T24K5-FB37.json	9150703466611653183661410797239e89bc8fd9ae830f86ca4640ca1bd20cbc	BANK:FB:S5:37	dev	-	--step2-miss-mode efficiency_corrected --bootstrap-member 3 --bootstrap-seed 439910379
S5-H2S1T24K5-FB37-b4	../../../final_design/configs/S5/S5-H2S1T24K5-FB37.json	9150703466611653183661410797239e89bc8fd9ae830f86ca4640ca1bd20cbc	BANK:FB:S5:37	dev	-	--step2-miss-mode efficiency_corrected --bootstrap-member 4 --bootstrap-seed 439910379
S5-H2S1T24K5-FB37-b5	../../../final_design/configs/S5/S5-H2S1T24K5-FB37.json	9150703466611653183661410797239e89bc8fd9ae830f86ca4640ca1bd20cbc	BANK:FB:S5:37	dev	-	--step2-miss-mode efficiency_corrected --bootstrap-member 5 --bootstrap-seed 439910379
S5-H2S1T24K5-FB37-b6	../../../final_design/configs/S5/S5-H2S1T24K5-FB37.json	9150703466611653183661410797239e89bc8fd9ae830f86ca4640ca1bd20cbc	BANK:FB:S5:37	dev	-	--step2-miss-mode efficiency_corrected --bootstrap-member 6 --bootstrap-seed 439910379
S5-H2S1T24K5-FB38-b1	../../../final_design/configs/S5/S5-H2S1T24K5-FB38.json	5fa1fbbe58dd2dfce2cb151edfa356dad59e9685e8bfbe48085c324d84d369fd	BANK:FB:S5:38	dev	-	--step2-miss-mode efficiency_corrected --bootstrap-member 1 --bootstrap-seed 1901728429
S5-H2S1T24K5-FB38-b2	../../../final_design/configs/S5/S5-H2S1T24K5-FB38.json	5fa1fbbe58dd2dfce2cb151edfa356dad59e9685e8bfbe48085c324d84d369fd	BANK:FB:S5:38	dev	-	--step2-miss-mode efficiency_corrected --bootstrap-member 2 --bootstrap-seed 1901728429
S5-H2S1T24K5-FB38-b3	../../../final_design/configs/S5/S5-H2S1T24K5-FB38.json	5fa1fbbe58dd2dfce2cb151edfa356dad59e9685e8bfbe48085c324d84d369fd	BANK:FB:S5:38	dev	-	--step2-miss-mode efficiency_corrected --bootstrap-member 3 --bootstrap-seed 1901728429
S5-H2S1T24K5-FB38-b4	../../../final_design/configs/S5/S5-H2S1T24K5-FB38.json	5fa1fbbe58dd2dfce2cb151edfa356dad59e9685e8bfbe48085c324d84d369fd	BANK:FB:S5:38	dev	-	--step2-miss-mode efficiency_corrected --bootstrap-member 4 --bootstrap-seed 1901728429
S5-H2S1T24K5-FB38-b5	../../../final_design/configs/S5/S5-H2S1T24K5-FB38.json	5fa1fbbe58dd2dfce2cb151edfa356dad59e9685e8bfbe48085c324d84d369fd	BANK:FB:S5:38	dev	-	--step2-miss-mode efficiency_corrected --bootstrap-member 5 --bootstrap-seed 1901728429
S5-H2S1T24K5-FB38-b6	../../../final_design/configs/S5/S5-H2S1T24K5-FB38.json	5fa1fbbe58dd2dfce2cb151edfa356dad59e9685e8bfbe48085c324d84d369fd	BANK:FB:S5:38	dev	-	--step2-miss-mode efficiency_corrected --bootstrap-member 6 --bootstrap-seed 1901728429
S5-H2S1T24K5-FB39-b1	../../../final_design/configs/S5/S5-H2S1T24K5-FB39.json	18e3b7aaf45d2e8d5683cdc265991c01e521ae9dc59924f08e9042a3c14699c3	BANK:FB:S5:39	dev	-	--step2-miss-mode efficiency_corrected --bootstrap-member 1 --bootstrap-seed 1170063798
S5-H2S1T24K5-FB39-b2	../../../final_design/configs/S5/S5-H2S1T24K5-FB39.json	18e3b7aaf45d2e8d5683cdc265991c01e521ae9dc59924f08e9042a3c14699c3	BANK:FB:S5:39	dev	-	--step2-miss-mode efficiency_corrected --bootstrap-member 2 --bootstrap-seed 1170063798
S5-H2S1T24K5-FB39-b3	../../../final_design/configs/S5/S5-H2S1T24K5-FB39.json	18e3b7aaf45d2e8d5683cdc265991c01e521ae9dc59924f08e9042a3c14699c3	BANK:FB:S5:39	dev	-	--step2-miss-mode efficiency_corrected --bootstrap-member 3 --bootstrap-seed 1170063798
S5-H2S1T24K5-FB39-b4	../../../final_design/configs/S5/S5-H2S1T24K5-FB39.json	18e3b7aaf45d2e8d5683cdc265991c01e521ae9dc59924f08e9042a3c14699c3	BANK:FB:S5:39	dev	-	--step2-miss-mode efficiency_corrected --bootstrap-member 4 --bootstrap-seed 1170063798
S5-H2S1T24K5-FB39-b5	../../../final_design/configs/S5/S5-H2S1T24K5-FB39.json	18e3b7aaf45d2e8d5683cdc265991c01e521ae9dc59924f08e9042a3c14699c3	BANK:FB:S5:39	dev	-	--step2-miss-mode efficiency_corrected --bootstrap-member 5 --bootstrap-seed 1170063798
S5-H2S1T24K5-FB39-b6	../../../final_design/configs/S5/S5-H2S1T24K5-FB39.json	18e3b7aaf45d2e8d5683cdc265991c01e521ae9dc59924f08e9042a3c14699c3	BANK:FB:S5:39	dev	-	--step2-miss-mode efficiency_corrected --bootstrap-member 6 --bootstrap-seed 1170063798
S5-H2S1T24K5-FB40-b1	../../../final_design/configs/S5/S5-H2S1T24K5-FB40.json	dc9a599bc7ef80bdd432bb9f0fd4dd4396a31e85bd4abdf87dfcb40a394d9793	BANK:FB:S5:40	dev	-	--step2-miss-mode efficiency_corrected --bootstrap-member 1 --bootstrap-seed 1379553573
S5-H2S1T24K5-FB40-b2	../../../final_design/configs/S5/S5-H2S1T24K5-FB40.json	dc9a599bc7ef80bdd432bb9f0fd4dd4396a31e85bd4abdf87dfcb40a394d9793	BANK:FB:S5:40	dev	-	--step2-miss-mode efficiency_corrected --bootstrap-member 2 --bootstrap-seed 1379553573
S5-H2S1T24K5-FB40-b3	../../../final_design/configs/S5/S5-H2S1T24K5-FB40.json	dc9a599bc7ef80bdd432bb9f0fd4dd4396a31e85bd4abdf87dfcb40a394d9793	BANK:FB:S5:40	dev	-	--step2-miss-mode efficiency_corrected --bootstrap-member 3 --bootstrap-seed 1379553573
S5-H2S1T24K5-FB40-b4	../../../final_design/configs/S5/S5-H2S1T24K5-FB40.json	dc9a599bc7ef80bdd432bb9f0fd4dd4396a31e85bd4abdf87dfcb40a394d9793	BANK:FB:S5:40	dev	-	--step2-miss-mode efficiency_corrected --bootstrap-member 4 --bootstrap-seed 1379553573
S5-H2S1T24K5-FB40-b5	../../../final_design/configs/S5/S5-H2S1T24K5-FB40.json	dc9a599bc7ef80bdd432bb9f0fd4dd4396a31e85bd4abdf87dfcb40a394d9793	BANK:FB:S5:40	dev	-	--step2-miss-mode efficiency_corrected --bootstrap-member 5 --bootstrap-seed 1379553573
S5-H2S1T24K5-FB40-b6	../../../final_design/configs/S5/S5-H2S1T24K5-FB40.json	dc9a599bc7ef80bdd432bb9f0fd4dd4396a31e85bd4abdf87dfcb40a394d9793	BANK:FB:S5:40	dev	-	--step2-miss-mode efficiency_corrected --bootstrap-member 6 --bootstrap-seed 1379553573
S5-H2S1T24K5-FB41-b1	../../../final_design/configs/S5/S5-H2S1T24K5-FB41.json	b27dcb1362082ce4d276811da96ccfd594bdc902f352cb1638c232bbf30768d0	BANK:FB:S5:41	dev	-	--step2-miss-mode efficiency_corrected --bootstrap-member 1 --bootstrap-seed 403461512
S5-H2S1T24K5-FB41-b2	../../../final_design/configs/S5/S5-H2S1T24K5-FB41.json	b27dcb1362082ce4d276811da96ccfd594bdc902f352cb1638c232bbf30768d0	BANK:FB:S5:41	dev	-	--step2-miss-mode efficiency_corrected --bootstrap-member 2 --bootstrap-seed 403461512
S5-H2S1T24K5-FB41-b3	../../../final_design/configs/S5/S5-H2S1T24K5-FB41.json	b27dcb1362082ce4d276811da96ccfd594bdc902f352cb1638c232bbf30768d0	BANK:FB:S5:41	dev	-	--step2-miss-mode efficiency_corrected --bootstrap-member 3 --bootstrap-seed 403461512
S5-H2S1T24K5-FB41-b4	../../../final_design/configs/S5/S5-H2S1T24K5-FB41.json	b27dcb1362082ce4d276811da96ccfd594bdc902f352cb1638c232bbf30768d0	BANK:FB:S5:41	dev	-	--step2-miss-mode efficiency_corrected --bootstrap-member 4 --bootstrap-seed 403461512
S5-H2S1T24K5-FB41-b5	../../../final_design/configs/S5/S5-H2S1T24K5-FB41.json	b27dcb1362082ce4d276811da96ccfd594bdc902f352cb1638c232bbf30768d0	BANK:FB:S5:41	dev	-	--step2-miss-mode efficiency_corrected --bootstrap-member 5 --bootstrap-seed 403461512
S5-H2S1T24K5-FB41-b6	../../../final_design/configs/S5/S5-H2S1T24K5-FB41.json	b27dcb1362082ce4d276811da96ccfd594bdc902f352cb1638c232bbf30768d0	BANK:FB:S5:41	dev	-	--step2-miss-mode efficiency_corrected --bootstrap-member 6 --bootstrap-seed 403461512
S5-H2S1T24K5-FB42-b1	../../../final_design/configs/S5/S5-H2S1T24K5-FB42.json	69cd57a63ea5cb32d0038c71f3766b20224364cc2a75f0b32b40f465097313f4	BANK:FB:S5:42	dev	-	--step2-miss-mode efficiency_corrected --bootstrap-member 1 --bootstrap-seed 1349156204
S5-H2S1T24K5-FB42-b2	../../../final_design/configs/S5/S5-H2S1T24K5-FB42.json	69cd57a63ea5cb32d0038c71f3766b20224364cc2a75f0b32b40f465097313f4	BANK:FB:S5:42	dev	-	--step2-miss-mode efficiency_corrected --bootstrap-member 2 --bootstrap-seed 1349156204
S5-H2S1T24K5-FB42-b3	../../../final_design/configs/S5/S5-H2S1T24K5-FB42.json	69cd57a63ea5cb32d0038c71f3766b20224364cc2a75f0b32b40f465097313f4	BANK:FB:S5:42	dev	-	--step2-miss-mode efficiency_corrected --bootstrap-member 3 --bootstrap-seed 1349156204
S5-H2S1T24K5-FB42-b4	../../../final_design/configs/S5/S5-H2S1T24K5-FB42.json	69cd57a63ea5cb32d0038c71f3766b20224364cc2a75f0b32b40f465097313f4	BANK:FB:S5:42	dev	-	--step2-miss-mode efficiency_corrected --bootstrap-member 4 --bootstrap-seed 1349156204
S5-H2S1T24K5-FB42-b5	../../../final_design/configs/S5/S5-H2S1T24K5-FB42.json	69cd57a63ea5cb32d0038c71f3766b20224364cc2a75f0b32b40f465097313f4	BANK:FB:S5:42	dev	-	--step2-miss-mode efficiency_corrected --bootstrap-member 5 --bootstrap-seed 1349156204
S5-H2S1T24K5-FB42-b6	../../../final_design/configs/S5/S5-H2S1T24K5-FB42.json	69cd57a63ea5cb32d0038c71f3766b20224364cc2a75f0b32b40f465097313f4	BANK:FB:S5:42	dev	-	--step2-miss-mode efficiency_corrected --bootstrap-member 6 --bootstrap-seed 1349156204
S5-H2S1T24K5-FB43-b1	../../../final_design/configs/S5/S5-H2S1T24K5-FB43.json	ddf8e7466316ced13bc4ded81629e2924560ff11cbdde0721d46b97b017c7cf8	BANK:FB:S5:43	dev	-	--step2-miss-mode efficiency_corrected --bootstrap-member 1 --bootstrap-seed 1151114773
S5-H2S1T24K5-FB43-b2	../../../final_design/configs/S5/S5-H2S1T24K5-FB43.json	ddf8e7466316ced13bc4ded81629e2924560ff11cbdde0721d46b97b017c7cf8	BANK:FB:S5:43	dev	-	--step2-miss-mode efficiency_corrected --bootstrap-member 2 --bootstrap-seed 1151114773
S5-H2S1T24K5-FB43-b3	../../../final_design/configs/S5/S5-H2S1T24K5-FB43.json	ddf8e7466316ced13bc4ded81629e2924560ff11cbdde0721d46b97b017c7cf8	BANK:FB:S5:43	dev	-	--step2-miss-mode efficiency_corrected --bootstrap-member 3 --bootstrap-seed 1151114773
S5-H2S1T24K5-FB43-b4	../../../final_design/configs/S5/S5-H2S1T24K5-FB43.json	ddf8e7466316ced13bc4ded81629e2924560ff11cbdde0721d46b97b017c7cf8	BANK:FB:S5:43	dev	-	--step2-miss-mode efficiency_corrected --bootstrap-member 4 --bootstrap-seed 1151114773
S5-H2S1T24K5-FB43-b5	../../../final_design/configs/S5/S5-H2S1T24K5-FB43.json	ddf8e7466316ced13bc4ded81629e2924560ff11cbdde0721d46b97b017c7cf8	BANK:FB:S5:43	dev	-	--step2-miss-mode efficiency_corrected --bootstrap-member 5 --bootstrap-seed 1151114773
S5-H2S1T24K5-FB43-b6	../../../final_design/configs/S5/S5-H2S1T24K5-FB43.json	ddf8e7466316ced13bc4ded81629e2924560ff11cbdde0721d46b97b017c7cf8	BANK:FB:S5:43	dev	-	--step2-miss-mode efficiency_corrected --bootstrap-member 6 --bootstrap-seed 1151114773
S5-H2S1T24K5-FB44-b1	../../../final_design/configs/S5/S5-H2S1T24K5-FB44.json	fa3b91882dbad97d4c486fca386d835584806e02837c402b50eb85715eefcd66	BANK:FB:S5:44	dev	-	--step2-miss-mode efficiency_corrected --bootstrap-member 1 --bootstrap-seed 440262516
S5-H2S1T24K5-FB44-b2	../../../final_design/configs/S5/S5-H2S1T24K5-FB44.json	fa3b91882dbad97d4c486fca386d835584806e02837c402b50eb85715eefcd66	BANK:FB:S5:44	dev	-	--step2-miss-mode efficiency_corrected --bootstrap-member 2 --bootstrap-seed 440262516
S5-H2S1T24K5-FB44-b3	../../../final_design/configs/S5/S5-H2S1T24K5-FB44.json	fa3b91882dbad97d4c486fca386d835584806e02837c402b50eb85715eefcd66	BANK:FB:S5:44	dev	-	--step2-miss-mode efficiency_corrected --bootstrap-member 3 --bootstrap-seed 440262516
S5-H2S1T24K5-FB44-b4	../../../final_design/configs/S5/S5-H2S1T24K5-FB44.json	fa3b91882dbad97d4c486fca386d835584806e02837c402b50eb85715eefcd66	BANK:FB:S5:44	dev	-	--step2-miss-mode efficiency_corrected --bootstrap-member 4 --bootstrap-seed 440262516
S5-H2S1T24K5-FB44-b5	../../../final_design/configs/S5/S5-H2S1T24K5-FB44.json	fa3b91882dbad97d4c486fca386d835584806e02837c402b50eb85715eefcd66	BANK:FB:S5:44	dev	-	--step2-miss-mode efficiency_corrected --bootstrap-member 5 --bootstrap-seed 440262516
S5-H2S1T24K5-FB44-b6	../../../final_design/configs/S5/S5-H2S1T24K5-FB44.json	fa3b91882dbad97d4c486fca386d835584806e02837c402b50eb85715eefcd66	BANK:FB:S5:44	dev	-	--step2-miss-mode efficiency_corrected --bootstrap-member 6 --bootstrap-seed 440262516
S5-H2S1T24K5-FB45-b1	../../../final_design/configs/S5/S5-H2S1T24K5-FB45.json	b3592724d72438834faf83fa4007274da60b30cce65b0405ad2af3f82b618a51	BANK:FB:S5:45	dev	-	--step2-miss-mode efficiency_corrected --bootstrap-member 1 --bootstrap-seed 1948499573
S5-H2S1T24K5-FB45-b2	../../../final_design/configs/S5/S5-H2S1T24K5-FB45.json	b3592724d72438834faf83fa4007274da60b30cce65b0405ad2af3f82b618a51	BANK:FB:S5:45	dev	-	--step2-miss-mode efficiency_corrected --bootstrap-member 2 --bootstrap-seed 1948499573
S5-H2S1T24K5-FB45-b3	../../../final_design/configs/S5/S5-H2S1T24K5-FB45.json	b3592724d72438834faf83fa4007274da60b30cce65b0405ad2af3f82b618a51	BANK:FB:S5:45	dev	-	--step2-miss-mode efficiency_corrected --bootstrap-member 3 --bootstrap-seed 1948499573
S5-H2S1T24K5-FB45-b4	../../../final_design/configs/S5/S5-H2S1T24K5-FB45.json	b3592724d72438834faf83fa4007274da60b30cce65b0405ad2af3f82b618a51	BANK:FB:S5:45	dev	-	--step2-miss-mode efficiency_corrected --bootstrap-member 4 --bootstrap-seed 1948499573
S5-H2S1T24K5-FB45-b5	../../../final_design/configs/S5/S5-H2S1T24K5-FB45.json	b3592724d72438834faf83fa4007274da60b30cce65b0405ad2af3f82b618a51	BANK:FB:S5:45	dev	-	--step2-miss-mode efficiency_corrected --bootstrap-member 5 --bootstrap-seed 1948499573
S5-H2S1T24K5-FB45-b6	../../../final_design/configs/S5/S5-H2S1T24K5-FB45.json	b3592724d72438834faf83fa4007274da60b30cce65b0405ad2af3f82b618a51	BANK:FB:S5:45	dev	-	--step2-miss-mode efficiency_corrected --bootstrap-member 6 --bootstrap-seed 1948499573
S5-H2S1T24K5-FB46-b1	../../../final_design/configs/S5/S5-H2S1T24K5-FB46.json	421ee0551d9a1d8f97d13347d8a1c40b0c81e3d43e565a85342d090c617c0769	BANK:FB:S5:46	dev	-	--step2-miss-mode efficiency_corrected --bootstrap-member 1 --bootstrap-seed 422837164
S5-H2S1T24K5-FB46-b2	../../../final_design/configs/S5/S5-H2S1T24K5-FB46.json	421ee0551d9a1d8f97d13347d8a1c40b0c81e3d43e565a85342d090c617c0769	BANK:FB:S5:46	dev	-	--step2-miss-mode efficiency_corrected --bootstrap-member 2 --bootstrap-seed 422837164
S5-H2S1T24K5-FB46-b3	../../../final_design/configs/S5/S5-H2S1T24K5-FB46.json	421ee0551d9a1d8f97d13347d8a1c40b0c81e3d43e565a85342d090c617c0769	BANK:FB:S5:46	dev	-	--step2-miss-mode efficiency_corrected --bootstrap-member 3 --bootstrap-seed 422837164
S5-H2S1T24K5-FB46-b4	../../../final_design/configs/S5/S5-H2S1T24K5-FB46.json	421ee0551d9a1d8f97d13347d8a1c40b0c81e3d43e565a85342d090c617c0769	BANK:FB:S5:46	dev	-	--step2-miss-mode efficiency_corrected --bootstrap-member 4 --bootstrap-seed 422837164
S5-H2S1T24K5-FB46-b5	../../../final_design/configs/S5/S5-H2S1T24K5-FB46.json	421ee0551d9a1d8f97d13347d8a1c40b0c81e3d43e565a85342d090c617c0769	BANK:FB:S5:46	dev	-	--step2-miss-mode efficiency_corrected --bootstrap-member 5 --bootstrap-seed 422837164
S5-H2S1T24K5-FB46-b6	../../../final_design/configs/S5/S5-H2S1T24K5-FB46.json	421ee0551d9a1d8f97d13347d8a1c40b0c81e3d43e565a85342d090c617c0769	BANK:FB:S5:46	dev	-	--step2-miss-mode efficiency_corrected --bootstrap-member 6 --bootstrap-seed 422837164
S5-H2S1T24K5-FB47-b1	../../../final_design/configs/S5/S5-H2S1T24K5-FB47.json	1aed1736f9678cc60384f74756ea9f8b231804e66395090f049bb673b40028aa	BANK:FB:S5:47	dev	-	--step2-miss-mode efficiency_corrected --bootstrap-member 1 --bootstrap-seed 1554122368
S5-H2S1T24K5-FB47-b2	../../../final_design/configs/S5/S5-H2S1T24K5-FB47.json	1aed1736f9678cc60384f74756ea9f8b231804e66395090f049bb673b40028aa	BANK:FB:S5:47	dev	-	--step2-miss-mode efficiency_corrected --bootstrap-member 2 --bootstrap-seed 1554122368
S5-H2S1T24K5-FB47-b3	../../../final_design/configs/S5/S5-H2S1T24K5-FB47.json	1aed1736f9678cc60384f74756ea9f8b231804e66395090f049bb673b40028aa	BANK:FB:S5:47	dev	-	--step2-miss-mode efficiency_corrected --bootstrap-member 3 --bootstrap-seed 1554122368
S5-H2S1T24K5-FB47-b4	../../../final_design/configs/S5/S5-H2S1T24K5-FB47.json	1aed1736f9678cc60384f74756ea9f8b231804e66395090f049bb673b40028aa	BANK:FB:S5:47	dev	-	--step2-miss-mode efficiency_corrected --bootstrap-member 4 --bootstrap-seed 1554122368
S5-H2S1T24K5-FB47-b5	../../../final_design/configs/S5/S5-H2S1T24K5-FB47.json	1aed1736f9678cc60384f74756ea9f8b231804e66395090f049bb673b40028aa	BANK:FB:S5:47	dev	-	--step2-miss-mode efficiency_corrected --bootstrap-member 5 --bootstrap-seed 1554122368
S5-H2S1T24K5-FB47-b6	../../../final_design/configs/S5/S5-H2S1T24K5-FB47.json	1aed1736f9678cc60384f74756ea9f8b231804e66395090f049bb673b40028aa	BANK:FB:S5:47	dev	-	--step2-miss-mode efficiency_corrected --bootstrap-member 6 --bootstrap-seed 1554122368
S5-H2S1T24K5-FB48-b1	../../../final_design/configs/S5/S5-H2S1T24K5-FB48.json	7c0e3f75a918f2a4f6a13c77d248d87422139f5da63c1b358165839c69632cb7	BANK:FB:S5:48	dev	-	--step2-miss-mode efficiency_corrected --bootstrap-member 1 --bootstrap-seed 595555044
S5-H2S1T24K5-FB48-b2	../../../final_design/configs/S5/S5-H2S1T24K5-FB48.json	7c0e3f75a918f2a4f6a13c77d248d87422139f5da63c1b358165839c69632cb7	BANK:FB:S5:48	dev	-	--step2-miss-mode efficiency_corrected --bootstrap-member 2 --bootstrap-seed 595555044
S5-H2S1T24K5-FB48-b3	../../../final_design/configs/S5/S5-H2S1T24K5-FB48.json	7c0e3f75a918f2a4f6a13c77d248d87422139f5da63c1b358165839c69632cb7	BANK:FB:S5:48	dev	-	--step2-miss-mode efficiency_corrected --bootstrap-member 3 --bootstrap-seed 595555044
S5-H2S1T24K5-FB48-b4	../../../final_design/configs/S5/S5-H2S1T24K5-FB48.json	7c0e3f75a918f2a4f6a13c77d248d87422139f5da63c1b358165839c69632cb7	BANK:FB:S5:48	dev	-	--step2-miss-mode efficiency_corrected --bootstrap-member 4 --bootstrap-seed 595555044
S5-H2S1T24K5-FB48-b5	../../../final_design/configs/S5/S5-H2S1T24K5-FB48.json	7c0e3f75a918f2a4f6a13c77d248d87422139f5da63c1b358165839c69632cb7	BANK:FB:S5:48	dev	-	--step2-miss-mode efficiency_corrected --bootstrap-member 5 --bootstrap-seed 595555044
S5-H2S1T24K5-FB48-b6	../../../final_design/configs/S5/S5-H2S1T24K5-FB48.json	7c0e3f75a918f2a4f6a13c77d248d87422139f5da63c1b358165839c69632cb7	BANK:FB:S5:48	dev	-	--step2-miss-mode efficiency_corrected --bootstrap-member 6 --bootstrap-seed 595555044
S5-H2S1T24K5-FB49-b1	../../../final_design/configs/S5/S5-H2S1T24K5-FB49.json	bd9c452a653f1090e65f83073ede20b6bf34eee230de9b826425a8ea3551a795	BANK:FB:S5:49	dev	-	--step2-miss-mode efficiency_corrected --bootstrap-member 1 --bootstrap-seed 180123284
S5-H2S1T24K5-FB49-b2	../../../final_design/configs/S5/S5-H2S1T24K5-FB49.json	bd9c452a653f1090e65f83073ede20b6bf34eee230de9b826425a8ea3551a795	BANK:FB:S5:49	dev	-	--step2-miss-mode efficiency_corrected --bootstrap-member 2 --bootstrap-seed 180123284
S5-H2S1T24K5-FB49-b3	../../../final_design/configs/S5/S5-H2S1T24K5-FB49.json	bd9c452a653f1090e65f83073ede20b6bf34eee230de9b826425a8ea3551a795	BANK:FB:S5:49	dev	-	--step2-miss-mode efficiency_corrected --bootstrap-member 3 --bootstrap-seed 180123284
S5-H2S1T24K5-FB49-b4	../../../final_design/configs/S5/S5-H2S1T24K5-FB49.json	bd9c452a653f1090e65f83073ede20b6bf34eee230de9b826425a8ea3551a795	BANK:FB:S5:49	dev	-	--step2-miss-mode efficiency_corrected --bootstrap-member 4 --bootstrap-seed 180123284
S5-H2S1T24K5-FB49-b5	../../../final_design/configs/S5/S5-H2S1T24K5-FB49.json	bd9c452a653f1090e65f83073ede20b6bf34eee230de9b826425a8ea3551a795	BANK:FB:S5:49	dev	-	--step2-miss-mode efficiency_corrected --bootstrap-member 5 --bootstrap-seed 180123284
S5-H2S1T24K5-FB49-b6	../../../final_design/configs/S5/S5-H2S1T24K5-FB49.json	bd9c452a653f1090e65f83073ede20b6bf34eee230de9b826425a8ea3551a795	BANK:FB:S5:49	dev	-	--step2-miss-mode efficiency_corrected --bootstrap-member 6 --bootstrap-seed 180123284
S5-H2S1T24K5-FB50-b1	../../../final_design/configs/S5/S5-H2S1T24K5-FB50.json	ef83f4e19fe78eb7668975cf571c6cd2343119e6a4bf8d7bc12456eacd79d9be	BANK:FB:S5:50	dev	-	--step2-miss-mode efficiency_corrected --bootstrap-member 1 --bootstrap-seed 2035254540
S5-H2S1T24K5-FB50-b2	../../../final_design/configs/S5/S5-H2S1T24K5-FB50.json	ef83f4e19fe78eb7668975cf571c6cd2343119e6a4bf8d7bc12456eacd79d9be	BANK:FB:S5:50	dev	-	--step2-miss-mode efficiency_corrected --bootstrap-member 2 --bootstrap-seed 2035254540
S5-H2S1T24K5-FB50-b3	../../../final_design/configs/S5/S5-H2S1T24K5-FB50.json	ef83f4e19fe78eb7668975cf571c6cd2343119e6a4bf8d7bc12456eacd79d9be	BANK:FB:S5:50	dev	-	--step2-miss-mode efficiency_corrected --bootstrap-member 3 --bootstrap-seed 2035254540
S5-H2S1T24K5-FB50-b4	../../../final_design/configs/S5/S5-H2S1T24K5-FB50.json	ef83f4e19fe78eb7668975cf571c6cd2343119e6a4bf8d7bc12456eacd79d9be	BANK:FB:S5:50	dev	-	--step2-miss-mode efficiency_corrected --bootstrap-member 4 --bootstrap-seed 2035254540
S5-H2S1T24K5-FB50-b5	../../../final_design/configs/S5/S5-H2S1T24K5-FB50.json	ef83f4e19fe78eb7668975cf571c6cd2343119e6a4bf8d7bc12456eacd79d9be	BANK:FB:S5:50	dev	-	--step2-miss-mode efficiency_corrected --bootstrap-member 5 --bootstrap-seed 2035254540
S5-H2S1T24K5-FB50-b6	../../../final_design/configs/S5/S5-H2S1T24K5-FB50.json	ef83f4e19fe78eb7668975cf571c6cd2343119e6a4bf8d7bc12456eacd79d9be	BANK:FB:S5:50	dev	-	--step2-miss-mode efficiency_corrected --bootstrap-member 6 --bootstrap-seed 2035254540
S5-H2S1T24K5-FB51-b1	../../../final_design/configs/S5/S5-H2S1T24K5-FB51.json	7fb382d6f6fad127fcf03dc97517c7d0fa544a228e9d85128c816f64437d1854	BANK:FB:S5:51	dev	-	--step2-miss-mode efficiency_corrected --bootstrap-member 1 --bootstrap-seed 593589644
S5-H2S1T24K5-FB51-b2	../../../final_design/configs/S5/S5-H2S1T24K5-FB51.json	7fb382d6f6fad127fcf03dc97517c7d0fa544a228e9d85128c816f64437d1854	BANK:FB:S5:51	dev	-	--step2-miss-mode efficiency_corrected --bootstrap-member 2 --bootstrap-seed 593589644
S5-H2S1T24K5-FB51-b3	../../../final_design/configs/S5/S5-H2S1T24K5-FB51.json	7fb382d6f6fad127fcf03dc97517c7d0fa544a228e9d85128c816f64437d1854	BANK:FB:S5:51	dev	-	--step2-miss-mode efficiency_corrected --bootstrap-member 3 --bootstrap-seed 593589644
S5-H2S1T24K5-FB51-b4	../../../final_design/configs/S5/S5-H2S1T24K5-FB51.json	7fb382d6f6fad127fcf03dc97517c7d0fa544a228e9d85128c816f64437d1854	BANK:FB:S5:51	dev	-	--step2-miss-mode efficiency_corrected --bootstrap-member 4 --bootstrap-seed 593589644
S5-H2S1T24K5-FB51-b5	../../../final_design/configs/S5/S5-H2S1T24K5-FB51.json	7fb382d6f6fad127fcf03dc97517c7d0fa544a228e9d85128c816f64437d1854	BANK:FB:S5:51	dev	-	--step2-miss-mode efficiency_corrected --bootstrap-member 5 --bootstrap-seed 593589644
S5-H2S1T24K5-FB51-b6	../../../final_design/configs/S5/S5-H2S1T24K5-FB51.json	7fb382d6f6fad127fcf03dc97517c7d0fa544a228e9d85128c816f64437d1854	BANK:FB:S5:51	dev	-	--step2-miss-mode efficiency_corrected --bootstrap-member 6 --bootstrap-seed 593589644
S5-H2S1T24K5-FB52-b1	../../../final_design/configs/S5/S5-H2S1T24K5-FB52.json	2b2796b0a9dc32d006eea073255f45bd43d596ce5fd1309dc2b46e517d14bf80	BANK:FB:S5:52	dev	-	--step2-miss-mode efficiency_corrected --bootstrap-member 1 --bootstrap-seed 276389944
S5-H2S1T24K5-FB52-b2	../../../final_design/configs/S5/S5-H2S1T24K5-FB52.json	2b2796b0a9dc32d006eea073255f45bd43d596ce5fd1309dc2b46e517d14bf80	BANK:FB:S5:52	dev	-	--step2-miss-mode efficiency_corrected --bootstrap-member 2 --bootstrap-seed 276389944
S5-H2S1T24K5-FB52-b3	../../../final_design/configs/S5/S5-H2S1T24K5-FB52.json	2b2796b0a9dc32d006eea073255f45bd43d596ce5fd1309dc2b46e517d14bf80	BANK:FB:S5:52	dev	-	--step2-miss-mode efficiency_corrected --bootstrap-member 3 --bootstrap-seed 276389944
S5-H2S1T24K5-FB52-b4	../../../final_design/configs/S5/S5-H2S1T24K5-FB52.json	2b2796b0a9dc32d006eea073255f45bd43d596ce5fd1309dc2b46e517d14bf80	BANK:FB:S5:52	dev	-	--step2-miss-mode efficiency_corrected --bootstrap-member 4 --bootstrap-seed 276389944
S5-H2S1T24K5-FB52-b5	../../../final_design/configs/S5/S5-H2S1T24K5-FB52.json	2b2796b0a9dc32d006eea073255f45bd43d596ce5fd1309dc2b46e517d14bf80	BANK:FB:S5:52	dev	-	--step2-miss-mode efficiency_corrected --bootstrap-member 5 --bootstrap-seed 276389944
S5-H2S1T24K5-FB52-b6	../../../final_design/configs/S5/S5-H2S1T24K5-FB52.json	2b2796b0a9dc32d006eea073255f45bd43d596ce5fd1309dc2b46e517d14bf80	BANK:FB:S5:52	dev	-	--step2-miss-mode efficiency_corrected --bootstrap-member 6 --bootstrap-seed 276389944
S5-H2S1T24K5-FB53-b1	../../../final_design/configs/S5/S5-H2S1T24K5-FB53.json	2143dcc41176ce9d7a6a77af31ddb2f5c7deb43c58ee6407e67258e10fc6356f	BANK:FB:S5:53	dev	-	--step2-miss-mode efficiency_corrected --bootstrap-member 1 --bootstrap-seed 1571779590
S5-H2S1T24K5-FB53-b2	../../../final_design/configs/S5/S5-H2S1T24K5-FB53.json	2143dcc41176ce9d7a6a77af31ddb2f5c7deb43c58ee6407e67258e10fc6356f	BANK:FB:S5:53	dev	-	--step2-miss-mode efficiency_corrected --bootstrap-member 2 --bootstrap-seed 1571779590
S5-H2S1T24K5-FB53-b3	../../../final_design/configs/S5/S5-H2S1T24K5-FB53.json	2143dcc41176ce9d7a6a77af31ddb2f5c7deb43c58ee6407e67258e10fc6356f	BANK:FB:S5:53	dev	-	--step2-miss-mode efficiency_corrected --bootstrap-member 3 --bootstrap-seed 1571779590
S5-H2S1T24K5-FB53-b4	../../../final_design/configs/S5/S5-H2S1T24K5-FB53.json	2143dcc41176ce9d7a6a77af31ddb2f5c7deb43c58ee6407e67258e10fc6356f	BANK:FB:S5:53	dev	-	--step2-miss-mode efficiency_corrected --bootstrap-member 4 --bootstrap-seed 1571779590
S5-H2S1T24K5-FB53-b5	../../../final_design/configs/S5/S5-H2S1T24K5-FB53.json	2143dcc41176ce9d7a6a77af31ddb2f5c7deb43c58ee6407e67258e10fc6356f	BANK:FB:S5:53	dev	-	--step2-miss-mode efficiency_corrected --bootstrap-member 5 --bootstrap-seed 1571779590
S5-H2S1T24K5-FB53-b6	../../../final_design/configs/S5/S5-H2S1T24K5-FB53.json	2143dcc41176ce9d7a6a77af31ddb2f5c7deb43c58ee6407e67258e10fc6356f	BANK:FB:S5:53	dev	-	--step2-miss-mode efficiency_corrected --bootstrap-member 6 --bootstrap-seed 1571779590
S5-H2S1T24K5-FB54-b1	../../../final_design/configs/S5/S5-H2S1T24K5-FB54.json	f96f6b1bfea739cf67eb7df9b140161d8c381afa1fc264f13325ab1b910aba54	BANK:FB:S5:54	dev	-	--step2-miss-mode efficiency_corrected --bootstrap-member 1 --bootstrap-seed 430269152
S5-H2S1T24K5-FB54-b2	../../../final_design/configs/S5/S5-H2S1T24K5-FB54.json	f96f6b1bfea739cf67eb7df9b140161d8c381afa1fc264f13325ab1b910aba54	BANK:FB:S5:54	dev	-	--step2-miss-mode efficiency_corrected --bootstrap-member 2 --bootstrap-seed 430269152
S5-H2S1T24K5-FB54-b3	../../../final_design/configs/S5/S5-H2S1T24K5-FB54.json	f96f6b1bfea739cf67eb7df9b140161d8c381afa1fc264f13325ab1b910aba54	BANK:FB:S5:54	dev	-	--step2-miss-mode efficiency_corrected --bootstrap-member 3 --bootstrap-seed 430269152
S5-H2S1T24K5-FB54-b4	../../../final_design/configs/S5/S5-H2S1T24K5-FB54.json	f96f6b1bfea739cf67eb7df9b140161d8c381afa1fc264f13325ab1b910aba54	BANK:FB:S5:54	dev	-	--step2-miss-mode efficiency_corrected --bootstrap-member 4 --bootstrap-seed 430269152
S5-H2S1T24K5-FB54-b5	../../../final_design/configs/S5/S5-H2S1T24K5-FB54.json	f96f6b1bfea739cf67eb7df9b140161d8c381afa1fc264f13325ab1b910aba54	BANK:FB:S5:54	dev	-	--step2-miss-mode efficiency_corrected --bootstrap-member 5 --bootstrap-seed 430269152
S5-H2S1T24K5-FB54-b6	../../../final_design/configs/S5/S5-H2S1T24K5-FB54.json	f96f6b1bfea739cf67eb7df9b140161d8c381afa1fc264f13325ab1b910aba54	BANK:FB:S5:54	dev	-	--step2-miss-mode efficiency_corrected --bootstrap-member 6 --bootstrap-seed 430269152
S5-H2S1T24K5-FB55-b1	../../../final_design/configs/S5/S5-H2S1T24K5-FB55.json	a133e74cd12e3cb882199fac8dd4567ea1c2555e814d4d45cfb76088d7af82bc	BANK:FB:S5:55	dev	-	--step2-miss-mode efficiency_corrected --bootstrap-member 1 --bootstrap-seed 1105462995
S5-H2S1T24K5-FB55-b2	../../../final_design/configs/S5/S5-H2S1T24K5-FB55.json	a133e74cd12e3cb882199fac8dd4567ea1c2555e814d4d45cfb76088d7af82bc	BANK:FB:S5:55	dev	-	--step2-miss-mode efficiency_corrected --bootstrap-member 2 --bootstrap-seed 1105462995
S5-H2S1T24K5-FB55-b3	../../../final_design/configs/S5/S5-H2S1T24K5-FB55.json	a133e74cd12e3cb882199fac8dd4567ea1c2555e814d4d45cfb76088d7af82bc	BANK:FB:S5:55	dev	-	--step2-miss-mode efficiency_corrected --bootstrap-member 3 --bootstrap-seed 1105462995
S5-H2S1T24K5-FB55-b4	../../../final_design/configs/S5/S5-H2S1T24K5-FB55.json	a133e74cd12e3cb882199fac8dd4567ea1c2555e814d4d45cfb76088d7af82bc	BANK:FB:S5:55	dev	-	--step2-miss-mode efficiency_corrected --bootstrap-member 4 --bootstrap-seed 1105462995
S5-H2S1T24K5-FB55-b5	../../../final_design/configs/S5/S5-H2S1T24K5-FB55.json	a133e74cd12e3cb882199fac8dd4567ea1c2555e814d4d45cfb76088d7af82bc	BANK:FB:S5:55	dev	-	--step2-miss-mode efficiency_corrected --bootstrap-member 5 --bootstrap-seed 1105462995
S5-H2S1T24K5-FB55-b6	../../../final_design/configs/S5/S5-H2S1T24K5-FB55.json	a133e74cd12e3cb882199fac8dd4567ea1c2555e814d4d45cfb76088d7af82bc	BANK:FB:S5:55	dev	-	--step2-miss-mode efficiency_corrected --bootstrap-member 6 --bootstrap-seed 1105462995
S5-H2S1T24K5-FB56-b1	../../../final_design/configs/S5/S5-H2S1T24K5-FB56.json	e4d62eff03fc7ca124918bfc91ecd44d6c2daeae36186b1f23ef9b729d9a2e7e	BANK:FB:S5:56	dev	-	--step2-miss-mode efficiency_corrected --bootstrap-member 1 --bootstrap-seed 754737753
S5-H2S1T24K5-FB56-b2	../../../final_design/configs/S5/S5-H2S1T24K5-FB56.json	e4d62eff03fc7ca124918bfc91ecd44d6c2daeae36186b1f23ef9b729d9a2e7e	BANK:FB:S5:56	dev	-	--step2-miss-mode efficiency_corrected --bootstrap-member 2 --bootstrap-seed 754737753
S5-H2S1T24K5-FB56-b3	../../../final_design/configs/S5/S5-H2S1T24K5-FB56.json	e4d62eff03fc7ca124918bfc91ecd44d6c2daeae36186b1f23ef9b729d9a2e7e	BANK:FB:S5:56	dev	-	--step2-miss-mode efficiency_corrected --bootstrap-member 3 --bootstrap-seed 754737753
S5-H2S1T24K5-FB56-b4	../../../final_design/configs/S5/S5-H2S1T24K5-FB56.json	e4d62eff03fc7ca124918bfc91ecd44d6c2daeae36186b1f23ef9b729d9a2e7e	BANK:FB:S5:56	dev	-	--step2-miss-mode efficiency_corrected --bootstrap-member 4 --bootstrap-seed 754737753
S5-H2S1T24K5-FB56-b5	../../../final_design/configs/S5/S5-H2S1T24K5-FB56.json	e4d62eff03fc7ca124918bfc91ecd44d6c2daeae36186b1f23ef9b729d9a2e7e	BANK:FB:S5:56	dev	-	--step2-miss-mode efficiency_corrected --bootstrap-member 5 --bootstrap-seed 754737753
S5-H2S1T24K5-FB56-b6	../../../final_design/configs/S5/S5-H2S1T24K5-FB56.json	e4d62eff03fc7ca124918bfc91ecd44d6c2daeae36186b1f23ef9b729d9a2e7e	BANK:FB:S5:56	dev	-	--step2-miss-mode efficiency_corrected --bootstrap-member 6 --bootstrap-seed 754737753
S5-H2S1T24K5-FB57-b1	../../../final_design/configs/S5/S5-H2S1T24K5-FB57.json	8d68148a772f2c9383aef0354ad6be6a42ed97416ebf9be17b0f4f6426905ff6	BANK:FB:S5:57	dev	-	--step2-miss-mode efficiency_corrected --bootstrap-member 1 --bootstrap-seed 1844775619
S5-H2S1T24K5-FB57-b2	../../../final_design/configs/S5/S5-H2S1T24K5-FB57.json	8d68148a772f2c9383aef0354ad6be6a42ed97416ebf9be17b0f4f6426905ff6	BANK:FB:S5:57	dev	-	--step2-miss-mode efficiency_corrected --bootstrap-member 2 --bootstrap-seed 1844775619
S5-H2S1T24K5-FB57-b3	../../../final_design/configs/S5/S5-H2S1T24K5-FB57.json	8d68148a772f2c9383aef0354ad6be6a42ed97416ebf9be17b0f4f6426905ff6	BANK:FB:S5:57	dev	-	--step2-miss-mode efficiency_corrected --bootstrap-member 3 --bootstrap-seed 1844775619
S5-H2S1T24K5-FB57-b4	../../../final_design/configs/S5/S5-H2S1T24K5-FB57.json	8d68148a772f2c9383aef0354ad6be6a42ed97416ebf9be17b0f4f6426905ff6	BANK:FB:S5:57	dev	-	--step2-miss-mode efficiency_corrected --bootstrap-member 4 --bootstrap-seed 1844775619
S5-H2S1T24K5-FB57-b5	../../../final_design/configs/S5/S5-H2S1T24K5-FB57.json	8d68148a772f2c9383aef0354ad6be6a42ed97416ebf9be17b0f4f6426905ff6	BANK:FB:S5:57	dev	-	--step2-miss-mode efficiency_corrected --bootstrap-member 5 --bootstrap-seed 1844775619
S5-H2S1T24K5-FB57-b6	../../../final_design/configs/S5/S5-H2S1T24K5-FB57.json	8d68148a772f2c9383aef0354ad6be6a42ed97416ebf9be17b0f4f6426905ff6	BANK:FB:S5:57	dev	-	--step2-miss-mode efficiency_corrected --bootstrap-member 6 --bootstrap-seed 1844775619
S5-H2S1T24K5-FB58-b1	../../../final_design/configs/S5/S5-H2S1T24K5-FB58.json	baec11fc87428034862b8ae8381701714cd9cdb3debb816a2eb174575c538ef7	BANK:FB:S5:58	dev	-	--step2-miss-mode efficiency_corrected --bootstrap-member 1 --bootstrap-seed 1187478566
S5-H2S1T24K5-FB58-b2	../../../final_design/configs/S5/S5-H2S1T24K5-FB58.json	baec11fc87428034862b8ae8381701714cd9cdb3debb816a2eb174575c538ef7	BANK:FB:S5:58	dev	-	--step2-miss-mode efficiency_corrected --bootstrap-member 2 --bootstrap-seed 1187478566
S5-H2S1T24K5-FB58-b3	../../../final_design/configs/S5/S5-H2S1T24K5-FB58.json	baec11fc87428034862b8ae8381701714cd9cdb3debb816a2eb174575c538ef7	BANK:FB:S5:58	dev	-	--step2-miss-mode efficiency_corrected --bootstrap-member 3 --bootstrap-seed 1187478566
S5-H2S1T24K5-FB58-b4	../../../final_design/configs/S5/S5-H2S1T24K5-FB58.json	baec11fc87428034862b8ae8381701714cd9cdb3debb816a2eb174575c538ef7	BANK:FB:S5:58	dev	-	--step2-miss-mode efficiency_corrected --bootstrap-member 4 --bootstrap-seed 1187478566
S5-H2S1T24K5-FB58-b5	../../../final_design/configs/S5/S5-H2S1T24K5-FB58.json	baec11fc87428034862b8ae8381701714cd9cdb3debb816a2eb174575c538ef7	BANK:FB:S5:58	dev	-	--step2-miss-mode efficiency_corrected --bootstrap-member 5 --bootstrap-seed 1187478566
S5-H2S1T24K5-FB58-b6	../../../final_design/configs/S5/S5-H2S1T24K5-FB58.json	baec11fc87428034862b8ae8381701714cd9cdb3debb816a2eb174575c538ef7	BANK:FB:S5:58	dev	-	--step2-miss-mode efficiency_corrected --bootstrap-member 6 --bootstrap-seed 1187478566
S5-H2S1T24K5-FB59-b1	../../../final_design/configs/S5/S5-H2S1T24K5-FB59.json	24e0137ce85c72df6936db15e2ecfdba8899680400fc59a15081d4da4ddc987c	BANK:FB:S5:59	dev	-	--step2-miss-mode efficiency_corrected --bootstrap-member 1 --bootstrap-seed 1155800757
S5-H2S1T24K5-FB59-b2	../../../final_design/configs/S5/S5-H2S1T24K5-FB59.json	24e0137ce85c72df6936db15e2ecfdba8899680400fc59a15081d4da4ddc987c	BANK:FB:S5:59	dev	-	--step2-miss-mode efficiency_corrected --bootstrap-member 2 --bootstrap-seed 1155800757
S5-H2S1T24K5-FB59-b3	../../../final_design/configs/S5/S5-H2S1T24K5-FB59.json	24e0137ce85c72df6936db15e2ecfdba8899680400fc59a15081d4da4ddc987c	BANK:FB:S5:59	dev	-	--step2-miss-mode efficiency_corrected --bootstrap-member 3 --bootstrap-seed 1155800757
S5-H2S1T24K5-FB59-b4	../../../final_design/configs/S5/S5-H2S1T24K5-FB59.json	24e0137ce85c72df6936db15e2ecfdba8899680400fc59a15081d4da4ddc987c	BANK:FB:S5:59	dev	-	--step2-miss-mode efficiency_corrected --bootstrap-member 4 --bootstrap-seed 1155800757
S5-H2S1T24K5-FB59-b5	../../../final_design/configs/S5/S5-H2S1T24K5-FB59.json	24e0137ce85c72df6936db15e2ecfdba8899680400fc59a15081d4da4ddc987c	BANK:FB:S5:59	dev	-	--step2-miss-mode efficiency_corrected --bootstrap-member 5 --bootstrap-seed 1155800757
S5-H2S1T24K5-FB59-b6	../../../final_design/configs/S5/S5-H2S1T24K5-FB59.json	24e0137ce85c72df6936db15e2ecfdba8899680400fc59a15081d4da4ddc987c	BANK:FB:S5:59	dev	-	--step2-miss-mode efficiency_corrected --bootstrap-member 6 --bootstrap-seed 1155800757
S5-H2S1T24K5-FB60-b1	../../../final_design/configs/S5/S5-H2S1T24K5-FB60.json	ba0d4f62b35d91da5fc8c8c62f4fa526eb832ba6ea1aad2d96b90126dbbd97a0	BANK:FB:S5:60	dev	-	--step2-miss-mode efficiency_corrected --bootstrap-member 1 --bootstrap-seed 1786842607
S5-H2S1T24K5-FB60-b2	../../../final_design/configs/S5/S5-H2S1T24K5-FB60.json	ba0d4f62b35d91da5fc8c8c62f4fa526eb832ba6ea1aad2d96b90126dbbd97a0	BANK:FB:S5:60	dev	-	--step2-miss-mode efficiency_corrected --bootstrap-member 2 --bootstrap-seed 1786842607
S5-H2S1T24K5-FB60-b3	../../../final_design/configs/S5/S5-H2S1T24K5-FB60.json	ba0d4f62b35d91da5fc8c8c62f4fa526eb832ba6ea1aad2d96b90126dbbd97a0	BANK:FB:S5:60	dev	-	--step2-miss-mode efficiency_corrected --bootstrap-member 3 --bootstrap-seed 1786842607
S5-H2S1T24K5-FB60-b4	../../../final_design/configs/S5/S5-H2S1T24K5-FB60.json	ba0d4f62b35d91da5fc8c8c62f4fa526eb832ba6ea1aad2d96b90126dbbd97a0	BANK:FB:S5:60	dev	-	--step2-miss-mode efficiency_corrected --bootstrap-member 4 --bootstrap-seed 1786842607
S5-H2S1T24K5-FB60-b5	../../../final_design/configs/S5/S5-H2S1T24K5-FB60.json	ba0d4f62b35d91da5fc8c8c62f4fa526eb832ba6ea1aad2d96b90126dbbd97a0	BANK:FB:S5:60	dev	-	--step2-miss-mode efficiency_corrected --bootstrap-member 5 --bootstrap-seed 1786842607
S5-H2S1T24K5-FB60-b6	../../../final_design/configs/S5/S5-H2S1T24K5-FB60.json	ba0d4f62b35d91da5fc8c8c62f4fa526eb832ba6ea1aad2d96b90126dbbd97a0	BANK:FB:S5:60	dev	-	--step2-miss-mode efficiency_corrected --bootstrap-member 6 --bootstrap-seed 1786842607
S5-H2S1T24K5-FB61-b1	../../../final_design/configs/S5/S5-H2S1T24K5-FB61.json	5928de570c851905d10ad21e7555f04262d9dd96b14cbc111e51c047280e22a7	BANK:FB:S5:61	dev	-	--step2-miss-mode efficiency_corrected --bootstrap-member 1 --bootstrap-seed 1457462883
S5-H2S1T24K5-FB61-b2	../../../final_design/configs/S5/S5-H2S1T24K5-FB61.json	5928de570c851905d10ad21e7555f04262d9dd96b14cbc111e51c047280e22a7	BANK:FB:S5:61	dev	-	--step2-miss-mode efficiency_corrected --bootstrap-member 2 --bootstrap-seed 1457462883
S5-H2S1T24K5-FB61-b3	../../../final_design/configs/S5/S5-H2S1T24K5-FB61.json	5928de570c851905d10ad21e7555f04262d9dd96b14cbc111e51c047280e22a7	BANK:FB:S5:61	dev	-	--step2-miss-mode efficiency_corrected --bootstrap-member 3 --bootstrap-seed 1457462883
S5-H2S1T24K5-FB61-b4	../../../final_design/configs/S5/S5-H2S1T24K5-FB61.json	5928de570c851905d10ad21e7555f04262d9dd96b14cbc111e51c047280e22a7	BANK:FB:S5:61	dev	-	--step2-miss-mode efficiency_corrected --bootstrap-member 4 --bootstrap-seed 1457462883
S5-H2S1T24K5-FB61-b5	../../../final_design/configs/S5/S5-H2S1T24K5-FB61.json	5928de570c851905d10ad21e7555f04262d9dd96b14cbc111e51c047280e22a7	BANK:FB:S5:61	dev	-	--step2-miss-mode efficiency_corrected --bootstrap-member 5 --bootstrap-seed 1457462883
S5-H2S1T24K5-FB61-b6	../../../final_design/configs/S5/S5-H2S1T24K5-FB61.json	5928de570c851905d10ad21e7555f04262d9dd96b14cbc111e51c047280e22a7	BANK:FB:S5:61	dev	-	--step2-miss-mode efficiency_corrected --bootstrap-member 6 --bootstrap-seed 1457462883
S5-H2S1T24K5-FB62-b1	../../../final_design/configs/S5/S5-H2S1T24K5-FB62.json	10b047cf2c44760ce4a06211ea8df9e2dbb454ce76518a9a0314ca54d75aae2e	BANK:FB:S5:62	dev	-	--step2-miss-mode efficiency_corrected --bootstrap-member 1 --bootstrap-seed 112893656
S5-H2S1T24K5-FB62-b2	../../../final_design/configs/S5/S5-H2S1T24K5-FB62.json	10b047cf2c44760ce4a06211ea8df9e2dbb454ce76518a9a0314ca54d75aae2e	BANK:FB:S5:62	dev	-	--step2-miss-mode efficiency_corrected --bootstrap-member 2 --bootstrap-seed 112893656
S5-H2S1T24K5-FB62-b3	../../../final_design/configs/S5/S5-H2S1T24K5-FB62.json	10b047cf2c44760ce4a06211ea8df9e2dbb454ce76518a9a0314ca54d75aae2e	BANK:FB:S5:62	dev	-	--step2-miss-mode efficiency_corrected --bootstrap-member 3 --bootstrap-seed 112893656
S5-H2S1T24K5-FB62-b4	../../../final_design/configs/S5/S5-H2S1T24K5-FB62.json	10b047cf2c44760ce4a06211ea8df9e2dbb454ce76518a9a0314ca54d75aae2e	BANK:FB:S5:62	dev	-	--step2-miss-mode efficiency_corrected --bootstrap-member 4 --bootstrap-seed 112893656
S5-H2S1T24K5-FB62-b5	../../../final_design/configs/S5/S5-H2S1T24K5-FB62.json	10b047cf2c44760ce4a06211ea8df9e2dbb454ce76518a9a0314ca54d75aae2e	BANK:FB:S5:62	dev	-	--step2-miss-mode efficiency_corrected --bootstrap-member 5 --bootstrap-seed 112893656
S5-H2S1T24K5-FB62-b6	../../../final_design/configs/S5/S5-H2S1T24K5-FB62.json	10b047cf2c44760ce4a06211ea8df9e2dbb454ce76518a9a0314ca54d75aae2e	BANK:FB:S5:62	dev	-	--step2-miss-mode efficiency_corrected --bootstrap-member 6 --bootstrap-seed 112893656
S5-H2S1T24K5-FB63-b1	../../../final_design/configs/S5/S5-H2S1T24K5-FB63.json	f2f40c33b44db7e8a46d31e086c9ebdc3d1bf664573b990f2a2fd328327bfc84	BANK:FB:S5:63	dev	-	--step2-miss-mode efficiency_corrected --bootstrap-member 1 --bootstrap-seed 1481998198
S5-H2S1T24K5-FB63-b2	../../../final_design/configs/S5/S5-H2S1T24K5-FB63.json	f2f40c33b44db7e8a46d31e086c9ebdc3d1bf664573b990f2a2fd328327bfc84	BANK:FB:S5:63	dev	-	--step2-miss-mode efficiency_corrected --bootstrap-member 2 --bootstrap-seed 1481998198
S5-H2S1T24K5-FB63-b3	../../../final_design/configs/S5/S5-H2S1T24K5-FB63.json	f2f40c33b44db7e8a46d31e086c9ebdc3d1bf664573b990f2a2fd328327bfc84	BANK:FB:S5:63	dev	-	--step2-miss-mode efficiency_corrected --bootstrap-member 3 --bootstrap-seed 1481998198
S5-H2S1T24K5-FB63-b4	../../../final_design/configs/S5/S5-H2S1T24K5-FB63.json	f2f40c33b44db7e8a46d31e086c9ebdc3d1bf664573b990f2a2fd328327bfc84	BANK:FB:S5:63	dev	-	--step2-miss-mode efficiency_corrected --bootstrap-member 4 --bootstrap-seed 1481998198
S5-H2S1T24K5-FB63-b5	../../../final_design/configs/S5/S5-H2S1T24K5-FB63.json	f2f40c33b44db7e8a46d31e086c9ebdc3d1bf664573b990f2a2fd328327bfc84	BANK:FB:S5:63	dev	-	--step2-miss-mode efficiency_corrected --bootstrap-member 5 --bootstrap-seed 1481998198
S5-H2S1T24K5-FB63-b6	../../../final_design/configs/S5/S5-H2S1T24K5-FB63.json	f2f40c33b44db7e8a46d31e086c9ebdc3d1bf664573b990f2a2fd328327bfc84	BANK:FB:S5:63	dev	-	--step2-miss-mode efficiency_corrected --bootstrap-member 6 --bootstrap-seed 1481998198
S5-H2S1T24K5-FB64-b1	../../../final_design/configs/S5/S5-H2S1T24K5-FB64.json	953cdbfd0d8eb68e17904d8f06c4bb642f4b3dff036edde76a700a87748cbb1b	BANK:FB:S5:64	dev	-	--step2-miss-mode efficiency_corrected --bootstrap-member 1 --bootstrap-seed 1623448167
S5-H2S1T24K5-FB64-b2	../../../final_design/configs/S5/S5-H2S1T24K5-FB64.json	953cdbfd0d8eb68e17904d8f06c4bb642f4b3dff036edde76a700a87748cbb1b	BANK:FB:S5:64	dev	-	--step2-miss-mode efficiency_corrected --bootstrap-member 2 --bootstrap-seed 1623448167
S5-H2S1T24K5-FB64-b3	../../../final_design/configs/S5/S5-H2S1T24K5-FB64.json	953cdbfd0d8eb68e17904d8f06c4bb642f4b3dff036edde76a700a87748cbb1b	BANK:FB:S5:64	dev	-	--step2-miss-mode efficiency_corrected --bootstrap-member 3 --bootstrap-seed 1623448167
S5-H2S1T24K5-FB64-b4	../../../final_design/configs/S5/S5-H2S1T24K5-FB64.json	953cdbfd0d8eb68e17904d8f06c4bb642f4b3dff036edde76a700a87748cbb1b	BANK:FB:S5:64	dev	-	--step2-miss-mode efficiency_corrected --bootstrap-member 4 --bootstrap-seed 1623448167
S5-H2S1T24K5-FB64-b5	../../../final_design/configs/S5/S5-H2S1T24K5-FB64.json	953cdbfd0d8eb68e17904d8f06c4bb642f4b3dff036edde76a700a87748cbb1b	BANK:FB:S5:64	dev	-	--step2-miss-mode efficiency_corrected --bootstrap-member 5 --bootstrap-seed 1623448167
S5-H2S1T24K5-FB64-b6	../../../final_design/configs/S5/S5-H2S1T24K5-FB64.json	953cdbfd0d8eb68e17904d8f06c4bb642f4b3dff036edde76a700a87748cbb1b	BANK:FB:S5:64	dev	-	--step2-miss-mode efficiency_corrected --bootstrap-member 6 --bootstrap-seed 1623448167
S5-H2S1T24K5-FB65-b1	../../../final_design/configs/S5/S5-H2S1T24K5-FB65.json	ccbd9597ea274f4bc40cf47a203d9ca5a57839c81d2cc484d313241cfa323dc3	BANK:FB:S5:65	dev	-	--step2-miss-mode efficiency_corrected --bootstrap-member 1 --bootstrap-seed 979275008
S5-H2S1T24K5-FB65-b2	../../../final_design/configs/S5/S5-H2S1T24K5-FB65.json	ccbd9597ea274f4bc40cf47a203d9ca5a57839c81d2cc484d313241cfa323dc3	BANK:FB:S5:65	dev	-	--step2-miss-mode efficiency_corrected --bootstrap-member 2 --bootstrap-seed 979275008
S5-H2S1T24K5-FB65-b3	../../../final_design/configs/S5/S5-H2S1T24K5-FB65.json	ccbd9597ea274f4bc40cf47a203d9ca5a57839c81d2cc484d313241cfa323dc3	BANK:FB:S5:65	dev	-	--step2-miss-mode efficiency_corrected --bootstrap-member 3 --bootstrap-seed 979275008
S5-H2S1T24K5-FB65-b4	../../../final_design/configs/S5/S5-H2S1T24K5-FB65.json	ccbd9597ea274f4bc40cf47a203d9ca5a57839c81d2cc484d313241cfa323dc3	BANK:FB:S5:65	dev	-	--step2-miss-mode efficiency_corrected --bootstrap-member 4 --bootstrap-seed 979275008
S5-H2S1T24K5-FB65-b5	../../../final_design/configs/S5/S5-H2S1T24K5-FB65.json	ccbd9597ea274f4bc40cf47a203d9ca5a57839c81d2cc484d313241cfa323dc3	BANK:FB:S5:65	dev	-	--step2-miss-mode efficiency_corrected --bootstrap-member 5 --bootstrap-seed 979275008
S5-H2S1T24K5-FB65-b6	../../../final_design/configs/S5/S5-H2S1T24K5-FB65.json	ccbd9597ea274f4bc40cf47a203d9ca5a57839c81d2cc484d313241cfa323dc3	BANK:FB:S5:65	dev	-	--step2-miss-mode efficiency_corrected --bootstrap-member 6 --bootstrap-seed 979275008
S5-H2S1T24K5-FB66-b1	../../../final_design/configs/S5/S5-H2S1T24K5-FB66.json	188e6bfb689b933d9d7f41ac76e6ab830c657e6d708542488586b5b51a4c1fe4	BANK:FB:S5:66	dev	-	--step2-miss-mode efficiency_corrected --bootstrap-member 1 --bootstrap-seed 806257791
S5-H2S1T24K5-FB66-b2	../../../final_design/configs/S5/S5-H2S1T24K5-FB66.json	188e6bfb689b933d9d7f41ac76e6ab830c657e6d708542488586b5b51a4c1fe4	BANK:FB:S5:66	dev	-	--step2-miss-mode efficiency_corrected --bootstrap-member 2 --bootstrap-seed 806257791
S5-H2S1T24K5-FB66-b3	../../../final_design/configs/S5/S5-H2S1T24K5-FB66.json	188e6bfb689b933d9d7f41ac76e6ab830c657e6d708542488586b5b51a4c1fe4	BANK:FB:S5:66	dev	-	--step2-miss-mode efficiency_corrected --bootstrap-member 3 --bootstrap-seed 806257791
S5-H2S1T24K5-FB66-b4	../../../final_design/configs/S5/S5-H2S1T24K5-FB66.json	188e6bfb689b933d9d7f41ac76e6ab830c657e6d708542488586b5b51a4c1fe4	BANK:FB:S5:66	dev	-	--step2-miss-mode efficiency_corrected --bootstrap-member 4 --bootstrap-seed 806257791
S5-H2S1T24K5-FB66-b5	../../../final_design/configs/S5/S5-H2S1T24K5-FB66.json	188e6bfb689b933d9d7f41ac76e6ab830c657e6d708542488586b5b51a4c1fe4	BANK:FB:S5:66	dev	-	--step2-miss-mode efficiency_corrected --bootstrap-member 5 --bootstrap-seed 806257791
S5-H2S1T24K5-FB66-b6	../../../final_design/configs/S5/S5-H2S1T24K5-FB66.json	188e6bfb689b933d9d7f41ac76e6ab830c657e6d708542488586b5b51a4c1fe4	BANK:FB:S5:66	dev	-	--step2-miss-mode efficiency_corrected --bootstrap-member 6 --bootstrap-seed 806257791
S5-H2S1T24K5-FB67-b1	../../../final_design/configs/S5/S5-H2S1T24K5-FB67.json	58b6ea71852619b2f37e8e98da3214df35521029a0cc4a9235305e30b6306907	BANK:FB:S5:67	dev	-	--step2-miss-mode efficiency_corrected --bootstrap-member 1 --bootstrap-seed 2062419927
S5-H2S1T24K5-FB67-b2	../../../final_design/configs/S5/S5-H2S1T24K5-FB67.json	58b6ea71852619b2f37e8e98da3214df35521029a0cc4a9235305e30b6306907	BANK:FB:S5:67	dev	-	--step2-miss-mode efficiency_corrected --bootstrap-member 2 --bootstrap-seed 2062419927
S5-H2S1T24K5-FB67-b3	../../../final_design/configs/S5/S5-H2S1T24K5-FB67.json	58b6ea71852619b2f37e8e98da3214df35521029a0cc4a9235305e30b6306907	BANK:FB:S5:67	dev	-	--step2-miss-mode efficiency_corrected --bootstrap-member 3 --bootstrap-seed 2062419927
S5-H2S1T24K5-FB67-b4	../../../final_design/configs/S5/S5-H2S1T24K5-FB67.json	58b6ea71852619b2f37e8e98da3214df35521029a0cc4a9235305e30b6306907	BANK:FB:S5:67	dev	-	--step2-miss-mode efficiency_corrected --bootstrap-member 4 --bootstrap-seed 2062419927
S5-H2S1T24K5-FB67-b5	../../../final_design/configs/S5/S5-H2S1T24K5-FB67.json	58b6ea71852619b2f37e8e98da3214df35521029a0cc4a9235305e30b6306907	BANK:FB:S5:67	dev	-	--step2-miss-mode efficiency_corrected --bootstrap-member 5 --bootstrap-seed 2062419927
S5-H2S1T24K5-FB67-b6	../../../final_design/configs/S5/S5-H2S1T24K5-FB67.json	58b6ea71852619b2f37e8e98da3214df35521029a0cc4a9235305e30b6306907	BANK:FB:S5:67	dev	-	--step2-miss-mode efficiency_corrected --bootstrap-member 6 --bootstrap-seed 2062419927
S5-H2S1T24K5-FB68-b1	../../../final_design/configs/S5/S5-H2S1T24K5-FB68.json	9d0f0169b2ce3de87c42d655f2a07060ea8a1dfe20e1b0f577c3384b42fc3d93	BANK:FB:S5:68	dev	-	--step2-miss-mode efficiency_corrected --bootstrap-member 1 --bootstrap-seed 392716434
S5-H2S1T24K5-FB68-b2	../../../final_design/configs/S5/S5-H2S1T24K5-FB68.json	9d0f0169b2ce3de87c42d655f2a07060ea8a1dfe20e1b0f577c3384b42fc3d93	BANK:FB:S5:68	dev	-	--step2-miss-mode efficiency_corrected --bootstrap-member 2 --bootstrap-seed 392716434
S5-H2S1T24K5-FB68-b3	../../../final_design/configs/S5/S5-H2S1T24K5-FB68.json	9d0f0169b2ce3de87c42d655f2a07060ea8a1dfe20e1b0f577c3384b42fc3d93	BANK:FB:S5:68	dev	-	--step2-miss-mode efficiency_corrected --bootstrap-member 3 --bootstrap-seed 392716434
S5-H2S1T24K5-FB68-b4	../../../final_design/configs/S5/S5-H2S1T24K5-FB68.json	9d0f0169b2ce3de87c42d655f2a07060ea8a1dfe20e1b0f577c3384b42fc3d93	BANK:FB:S5:68	dev	-	--step2-miss-mode efficiency_corrected --bootstrap-member 4 --bootstrap-seed 392716434
S5-H2S1T24K5-FB68-b5	../../../final_design/configs/S5/S5-H2S1T24K5-FB68.json	9d0f0169b2ce3de87c42d655f2a07060ea8a1dfe20e1b0f577c3384b42fc3d93	BANK:FB:S5:68	dev	-	--step2-miss-mode efficiency_corrected --bootstrap-member 5 --bootstrap-seed 392716434
S5-H2S1T24K5-FB68-b6	../../../final_design/configs/S5/S5-H2S1T24K5-FB68.json	9d0f0169b2ce3de87c42d655f2a07060ea8a1dfe20e1b0f577c3384b42fc3d93	BANK:FB:S5:68	dev	-	--step2-miss-mode efficiency_corrected --bootstrap-member 6 --bootstrap-seed 392716434
S5-H2S1T24K5-FB69-b1	../../../final_design/configs/S5/S5-H2S1T24K5-FB69.json	efad6130b95919aefc4a84964c7c5870d49812f359e22a3de57e942ad427b66a	BANK:FB:S5:69	dev	-	--step2-miss-mode efficiency_corrected --bootstrap-member 1 --bootstrap-seed 381468291
S5-H2S1T24K5-FB69-b2	../../../final_design/configs/S5/S5-H2S1T24K5-FB69.json	efad6130b95919aefc4a84964c7c5870d49812f359e22a3de57e942ad427b66a	BANK:FB:S5:69	dev	-	--step2-miss-mode efficiency_corrected --bootstrap-member 2 --bootstrap-seed 381468291
S5-H2S1T24K5-FB69-b3	../../../final_design/configs/S5/S5-H2S1T24K5-FB69.json	efad6130b95919aefc4a84964c7c5870d49812f359e22a3de57e942ad427b66a	BANK:FB:S5:69	dev	-	--step2-miss-mode efficiency_corrected --bootstrap-member 3 --bootstrap-seed 381468291
S5-H2S1T24K5-FB69-b4	../../../final_design/configs/S5/S5-H2S1T24K5-FB69.json	efad6130b95919aefc4a84964c7c5870d49812f359e22a3de57e942ad427b66a	BANK:FB:S5:69	dev	-	--step2-miss-mode efficiency_corrected --bootstrap-member 4 --bootstrap-seed 381468291
S5-H2S1T24K5-FB69-b5	../../../final_design/configs/S5/S5-H2S1T24K5-FB69.json	efad6130b95919aefc4a84964c7c5870d49812f359e22a3de57e942ad427b66a	BANK:FB:S5:69	dev	-	--step2-miss-mode efficiency_corrected --bootstrap-member 5 --bootstrap-seed 381468291
S5-H2S1T24K5-FB69-b6	../../../final_design/configs/S5/S5-H2S1T24K5-FB69.json	efad6130b95919aefc4a84964c7c5870d49812f359e22a3de57e942ad427b66a	BANK:FB:S5:69	dev	-	--step2-miss-mode efficiency_corrected --bootstrap-member 6 --bootstrap-seed 381468291
S5-H2S1T24K5-FB70-b1	../../../final_design/configs/S5/S5-H2S1T24K5-FB70.json	8edcb299640cc334c28a4924b8137401cebcaf8222a8157a3c8553a66a8367b4	BANK:FB:S5:70	dev	-	--step2-miss-mode efficiency_corrected --bootstrap-member 1 --bootstrap-seed 2130739798
S5-H2S1T24K5-FB70-b2	../../../final_design/configs/S5/S5-H2S1T24K5-FB70.json	8edcb299640cc334c28a4924b8137401cebcaf8222a8157a3c8553a66a8367b4	BANK:FB:S5:70	dev	-	--step2-miss-mode efficiency_corrected --bootstrap-member 2 --bootstrap-seed 2130739798
S5-H2S1T24K5-FB70-b3	../../../final_design/configs/S5/S5-H2S1T24K5-FB70.json	8edcb299640cc334c28a4924b8137401cebcaf8222a8157a3c8553a66a8367b4	BANK:FB:S5:70	dev	-	--step2-miss-mode efficiency_corrected --bootstrap-member 3 --bootstrap-seed 2130739798
S5-H2S1T24K5-FB70-b4	../../../final_design/configs/S5/S5-H2S1T24K5-FB70.json	8edcb299640cc334c28a4924b8137401cebcaf8222a8157a3c8553a66a8367b4	BANK:FB:S5:70	dev	-	--step2-miss-mode efficiency_corrected --bootstrap-member 4 --bootstrap-seed 2130739798
S5-H2S1T24K5-FB70-b5	../../../final_design/configs/S5/S5-H2S1T24K5-FB70.json	8edcb299640cc334c28a4924b8137401cebcaf8222a8157a3c8553a66a8367b4	BANK:FB:S5:70	dev	-	--step2-miss-mode efficiency_corrected --bootstrap-member 5 --bootstrap-seed 2130739798
S5-H2S1T24K5-FB70-b6	../../../final_design/configs/S5/S5-H2S1T24K5-FB70.json	8edcb299640cc334c28a4924b8137401cebcaf8222a8157a3c8553a66a8367b4	BANK:FB:S5:70	dev	-	--step2-miss-mode efficiency_corrected --bootstrap-member 6 --bootstrap-seed 2130739798
S5-H2S1T24K5-FB71-b1	../../../final_design/configs/S5/S5-H2S1T24K5-FB71.json	e6ddf25ac60e45553579d147aa13d9903742541c6a9118092aebcab776fd9f3f	BANK:FB:S5:71	dev	-	--step2-miss-mode efficiency_corrected --bootstrap-member 1 --bootstrap-seed 1604145293
S5-H2S1T24K5-FB71-b2	../../../final_design/configs/S5/S5-H2S1T24K5-FB71.json	e6ddf25ac60e45553579d147aa13d9903742541c6a9118092aebcab776fd9f3f	BANK:FB:S5:71	dev	-	--step2-miss-mode efficiency_corrected --bootstrap-member 2 --bootstrap-seed 1604145293
S5-H2S1T24K5-FB71-b3	../../../final_design/configs/S5/S5-H2S1T24K5-FB71.json	e6ddf25ac60e45553579d147aa13d9903742541c6a9118092aebcab776fd9f3f	BANK:FB:S5:71	dev	-	--step2-miss-mode efficiency_corrected --bootstrap-member 3 --bootstrap-seed 1604145293
S5-H2S1T24K5-FB71-b4	../../../final_design/configs/S5/S5-H2S1T24K5-FB71.json	e6ddf25ac60e45553579d147aa13d9903742541c6a9118092aebcab776fd9f3f	BANK:FB:S5:71	dev	-	--step2-miss-mode efficiency_corrected --bootstrap-member 4 --bootstrap-seed 1604145293
S5-H2S1T24K5-FB71-b5	../../../final_design/configs/S5/S5-H2S1T24K5-FB71.json	e6ddf25ac60e45553579d147aa13d9903742541c6a9118092aebcab776fd9f3f	BANK:FB:S5:71	dev	-	--step2-miss-mode efficiency_corrected --bootstrap-member 5 --bootstrap-seed 1604145293
S5-H2S1T24K5-FB71-b6	../../../final_design/configs/S5/S5-H2S1T24K5-FB71.json	e6ddf25ac60e45553579d147aa13d9903742541c6a9118092aebcab776fd9f3f	BANK:FB:S5:71	dev	-	--step2-miss-mode efficiency_corrected --bootstrap-member 6 --bootstrap-seed 1604145293
S5-H2S1T24K5-FB72-b1	../../../final_design/configs/S5/S5-H2S1T24K5-FB72.json	4b9011d2b278434f841d364f04592f429b8a5d909edf49750ead8c424dc2e26a	BANK:FB:S5:72	dev	-	--step2-miss-mode efficiency_corrected --bootstrap-member 1 --bootstrap-seed 2055003894
S5-H2S1T24K5-FB72-b2	../../../final_design/configs/S5/S5-H2S1T24K5-FB72.json	4b9011d2b278434f841d364f04592f429b8a5d909edf49750ead8c424dc2e26a	BANK:FB:S5:72	dev	-	--step2-miss-mode efficiency_corrected --bootstrap-member 2 --bootstrap-seed 2055003894
S5-H2S1T24K5-FB72-b3	../../../final_design/configs/S5/S5-H2S1T24K5-FB72.json	4b9011d2b278434f841d364f04592f429b8a5d909edf49750ead8c424dc2e26a	BANK:FB:S5:72	dev	-	--step2-miss-mode efficiency_corrected --bootstrap-member 3 --bootstrap-seed 2055003894
S5-H2S1T24K5-FB72-b4	../../../final_design/configs/S5/S5-H2S1T24K5-FB72.json	4b9011d2b278434f841d364f04592f429b8a5d909edf49750ead8c424dc2e26a	BANK:FB:S5:72	dev	-	--step2-miss-mode efficiency_corrected --bootstrap-member 4 --bootstrap-seed 2055003894
S5-H2S1T24K5-FB72-b5	../../../final_design/configs/S5/S5-H2S1T24K5-FB72.json	4b9011d2b278434f841d364f04592f429b8a5d909edf49750ead8c424dc2e26a	BANK:FB:S5:72	dev	-	--step2-miss-mode efficiency_corrected --bootstrap-member 5 --bootstrap-seed 2055003894
S5-H2S1T24K5-FB72-b6	../../../final_design/configs/S5/S5-H2S1T24K5-FB72.json	4b9011d2b278434f841d364f04592f429b8a5d909edf49750ead8c424dc2e26a	BANK:FB:S5:72	dev	-	--step2-miss-mode efficiency_corrected --bootstrap-member 6 --bootstrap-seed 2055003894
S5-H2S1T24K5-FB73-b1	../../../final_design/configs/S5/S5-H2S1T24K5-FB73.json	ec3cb428ad5be00aff7479400d8cc80897a193e2376b53763165378fac011156	BANK:FB:S5:73	dev	-	--step2-miss-mode efficiency_corrected --bootstrap-member 1 --bootstrap-seed 714970353
S5-H2S1T24K5-FB73-b2	../../../final_design/configs/S5/S5-H2S1T24K5-FB73.json	ec3cb428ad5be00aff7479400d8cc80897a193e2376b53763165378fac011156	BANK:FB:S5:73	dev	-	--step2-miss-mode efficiency_corrected --bootstrap-member 2 --bootstrap-seed 714970353
S5-H2S1T24K5-FB73-b3	../../../final_design/configs/S5/S5-H2S1T24K5-FB73.json	ec3cb428ad5be00aff7479400d8cc80897a193e2376b53763165378fac011156	BANK:FB:S5:73	dev	-	--step2-miss-mode efficiency_corrected --bootstrap-member 3 --bootstrap-seed 714970353
S5-H2S1T24K5-FB73-b4	../../../final_design/configs/S5/S5-H2S1T24K5-FB73.json	ec3cb428ad5be00aff7479400d8cc80897a193e2376b53763165378fac011156	BANK:FB:S5:73	dev	-	--step2-miss-mode efficiency_corrected --bootstrap-member 4 --bootstrap-seed 714970353
S5-H2S1T24K5-FB73-b5	../../../final_design/configs/S5/S5-H2S1T24K5-FB73.json	ec3cb428ad5be00aff7479400d8cc80897a193e2376b53763165378fac011156	BANK:FB:S5:73	dev	-	--step2-miss-mode efficiency_corrected --bootstrap-member 5 --bootstrap-seed 714970353
S5-H2S1T24K5-FB73-b6	../../../final_design/configs/S5/S5-H2S1T24K5-FB73.json	ec3cb428ad5be00aff7479400d8cc80897a193e2376b53763165378fac011156	BANK:FB:S5:73	dev	-	--step2-miss-mode efficiency_corrected --bootstrap-member 6 --bootstrap-seed 714970353
S5-H2S1T24K5-FB74-b1	../../../final_design/configs/S5/S5-H2S1T24K5-FB74.json	1ef90b4b857079a5131afbed6fa5fa0b86c946917965d6548352771ac159a507	BANK:FB:S5:74	dev	-	--step2-miss-mode efficiency_corrected --bootstrap-member 1 --bootstrap-seed 1537180241
S5-H2S1T24K5-FB74-b2	../../../final_design/configs/S5/S5-H2S1T24K5-FB74.json	1ef90b4b857079a5131afbed6fa5fa0b86c946917965d6548352771ac159a507	BANK:FB:S5:74	dev	-	--step2-miss-mode efficiency_corrected --bootstrap-member 2 --bootstrap-seed 1537180241
S5-H2S1T24K5-FB74-b3	../../../final_design/configs/S5/S5-H2S1T24K5-FB74.json	1ef90b4b857079a5131afbed6fa5fa0b86c946917965d6548352771ac159a507	BANK:FB:S5:74	dev	-	--step2-miss-mode efficiency_corrected --bootstrap-member 3 --bootstrap-seed 1537180241
S5-H2S1T24K5-FB74-b4	../../../final_design/configs/S5/S5-H2S1T24K5-FB74.json	1ef90b4b857079a5131afbed6fa5fa0b86c946917965d6548352771ac159a507	BANK:FB:S5:74	dev	-	--step2-miss-mode efficiency_corrected --bootstrap-member 4 --bootstrap-seed 1537180241
S5-H2S1T24K5-FB74-b5	../../../final_design/configs/S5/S5-H2S1T24K5-FB74.json	1ef90b4b857079a5131afbed6fa5fa0b86c946917965d6548352771ac159a507	BANK:FB:S5:74	dev	-	--step2-miss-mode efficiency_corrected --bootstrap-member 5 --bootstrap-seed 1537180241
S5-H2S1T24K5-FB74-b6	../../../final_design/configs/S5/S5-H2S1T24K5-FB74.json	1ef90b4b857079a5131afbed6fa5fa0b86c946917965d6548352771ac159a507	BANK:FB:S5:74	dev	-	--step2-miss-mode efficiency_corrected --bootstrap-member 6 --bootstrap-seed 1537180241
S5-H2S1T24K5-FB75-b1	../../../final_design/configs/S5/S5-H2S1T24K5-FB75.json	433ed8ae8f5c46b2e53d8ec9d23b58b64643a7ff30c842e2036dbc33e0784c86	BANK:FB:S5:75	dev	-	--step2-miss-mode efficiency_corrected --bootstrap-member 1 --bootstrap-seed 556522735
S5-H2S1T24K5-FB75-b2	../../../final_design/configs/S5/S5-H2S1T24K5-FB75.json	433ed8ae8f5c46b2e53d8ec9d23b58b64643a7ff30c842e2036dbc33e0784c86	BANK:FB:S5:75	dev	-	--step2-miss-mode efficiency_corrected --bootstrap-member 2 --bootstrap-seed 556522735
S5-H2S1T24K5-FB75-b3	../../../final_design/configs/S5/S5-H2S1T24K5-FB75.json	433ed8ae8f5c46b2e53d8ec9d23b58b64643a7ff30c842e2036dbc33e0784c86	BANK:FB:S5:75	dev	-	--step2-miss-mode efficiency_corrected --bootstrap-member 3 --bootstrap-seed 556522735
S5-H2S1T24K5-FB75-b4	../../../final_design/configs/S5/S5-H2S1T24K5-FB75.json	433ed8ae8f5c46b2e53d8ec9d23b58b64643a7ff30c842e2036dbc33e0784c86	BANK:FB:S5:75	dev	-	--step2-miss-mode efficiency_corrected --bootstrap-member 4 --bootstrap-seed 556522735
S5-H2S1T24K5-FB75-b5	../../../final_design/configs/S5/S5-H2S1T24K5-FB75.json	433ed8ae8f5c46b2e53d8ec9d23b58b64643a7ff30c842e2036dbc33e0784c86	BANK:FB:S5:75	dev	-	--step2-miss-mode efficiency_corrected --bootstrap-member 5 --bootstrap-seed 556522735
S5-H2S1T24K5-FB75-b6	../../../final_design/configs/S5/S5-H2S1T24K5-FB75.json	433ed8ae8f5c46b2e53d8ec9d23b58b64643a7ff30c842e2036dbc33e0784c86	BANK:FB:S5:75	dev	-	--step2-miss-mode efficiency_corrected --bootstrap-member 6 --bootstrap-seed 556522735
S5-H2S1T24K5-FB76-b1	../../../final_design/configs/S5/S5-H2S1T24K5-FB76.json	cb73ee768d624c165c30b500a4c316e53e3abb394a5aac8ee549a81dedf47930	BANK:FB:S5:76	dev	-	--step2-miss-mode efficiency_corrected --bootstrap-member 1 --bootstrap-seed 1011897057
S5-H2S1T24K5-FB76-b2	../../../final_design/configs/S5/S5-H2S1T24K5-FB76.json	cb73ee768d624c165c30b500a4c316e53e3abb394a5aac8ee549a81dedf47930	BANK:FB:S5:76	dev	-	--step2-miss-mode efficiency_corrected --bootstrap-member 2 --bootstrap-seed 1011897057
S5-H2S1T24K5-FB76-b3	../../../final_design/configs/S5/S5-H2S1T24K5-FB76.json	cb73ee768d624c165c30b500a4c316e53e3abb394a5aac8ee549a81dedf47930	BANK:FB:S5:76	dev	-	--step2-miss-mode efficiency_corrected --bootstrap-member 3 --bootstrap-seed 1011897057
S5-H2S1T24K5-FB76-b4	../../../final_design/configs/S5/S5-H2S1T24K5-FB76.json	cb73ee768d624c165c30b500a4c316e53e3abb394a5aac8ee549a81dedf47930	BANK:FB:S5:76	dev	-	--step2-miss-mode efficiency_corrected --bootstrap-member 4 --bootstrap-seed 1011897057
S5-H2S1T24K5-FB76-b5	../../../final_design/configs/S5/S5-H2S1T24K5-FB76.json	cb73ee768d624c165c30b500a4c316e53e3abb394a5aac8ee549a81dedf47930	BANK:FB:S5:76	dev	-	--step2-miss-mode efficiency_corrected --bootstrap-member 5 --bootstrap-seed 1011897057
S5-H2S1T24K5-FB76-b6	../../../final_design/configs/S5/S5-H2S1T24K5-FB76.json	cb73ee768d624c165c30b500a4c316e53e3abb394a5aac8ee549a81dedf47930	BANK:FB:S5:76	dev	-	--step2-miss-mode efficiency_corrected --bootstrap-member 6 --bootstrap-seed 1011897057
S5-H2S1T24K5-FB77-b1	../../../final_design/configs/S5/S5-H2S1T24K5-FB77.json	64ba96448fabb5576a80a37d4d905527e833038bd687768b8f4467ceb2f96e9b	BANK:FB:S5:77	dev	-	--step2-miss-mode efficiency_corrected --bootstrap-member 1 --bootstrap-seed 464649827
S5-H2S1T24K5-FB77-b2	../../../final_design/configs/S5/S5-H2S1T24K5-FB77.json	64ba96448fabb5576a80a37d4d905527e833038bd687768b8f4467ceb2f96e9b	BANK:FB:S5:77	dev	-	--step2-miss-mode efficiency_corrected --bootstrap-member 2 --bootstrap-seed 464649827
S5-H2S1T24K5-FB77-b3	../../../final_design/configs/S5/S5-H2S1T24K5-FB77.json	64ba96448fabb5576a80a37d4d905527e833038bd687768b8f4467ceb2f96e9b	BANK:FB:S5:77	dev	-	--step2-miss-mode efficiency_corrected --bootstrap-member 3 --bootstrap-seed 464649827
S5-H2S1T24K5-FB77-b4	../../../final_design/configs/S5/S5-H2S1T24K5-FB77.json	64ba96448fabb5576a80a37d4d905527e833038bd687768b8f4467ceb2f96e9b	BANK:FB:S5:77	dev	-	--step2-miss-mode efficiency_corrected --bootstrap-member 4 --bootstrap-seed 464649827
S5-H2S1T24K5-FB77-b5	../../../final_design/configs/S5/S5-H2S1T24K5-FB77.json	64ba96448fabb5576a80a37d4d905527e833038bd687768b8f4467ceb2f96e9b	BANK:FB:S5:77	dev	-	--step2-miss-mode efficiency_corrected --bootstrap-member 5 --bootstrap-seed 464649827
S5-H2S1T24K5-FB77-b6	../../../final_design/configs/S5/S5-H2S1T24K5-FB77.json	64ba96448fabb5576a80a37d4d905527e833038bd687768b8f4467ceb2f96e9b	BANK:FB:S5:77	dev	-	--step2-miss-mode efficiency_corrected --bootstrap-member 6 --bootstrap-seed 464649827
S5-H2S1T24K5-FB78-b1	../../../final_design/configs/S5/S5-H2S1T24K5-FB78.json	5e5e3e2e660178cb80095ca8e3903a4501ba6fb1442eaa25969a75f1e4c33239	BANK:FB:S5:78	dev	-	--step2-miss-mode efficiency_corrected --bootstrap-member 1 --bootstrap-seed 565614755
S5-H2S1T24K5-FB78-b2	../../../final_design/configs/S5/S5-H2S1T24K5-FB78.json	5e5e3e2e660178cb80095ca8e3903a4501ba6fb1442eaa25969a75f1e4c33239	BANK:FB:S5:78	dev	-	--step2-miss-mode efficiency_corrected --bootstrap-member 2 --bootstrap-seed 565614755
S5-H2S1T24K5-FB78-b3	../../../final_design/configs/S5/S5-H2S1T24K5-FB78.json	5e5e3e2e660178cb80095ca8e3903a4501ba6fb1442eaa25969a75f1e4c33239	BANK:FB:S5:78	dev	-	--step2-miss-mode efficiency_corrected --bootstrap-member 3 --bootstrap-seed 565614755
S5-H2S1T24K5-FB78-b4	../../../final_design/configs/S5/S5-H2S1T24K5-FB78.json	5e5e3e2e660178cb80095ca8e3903a4501ba6fb1442eaa25969a75f1e4c33239	BANK:FB:S5:78	dev	-	--step2-miss-mode efficiency_corrected --bootstrap-member 4 --bootstrap-seed 565614755
S5-H2S1T24K5-FB78-b5	../../../final_design/configs/S5/S5-H2S1T24K5-FB78.json	5e5e3e2e660178cb80095ca8e3903a4501ba6fb1442eaa25969a75f1e4c33239	BANK:FB:S5:78	dev	-	--step2-miss-mode efficiency_corrected --bootstrap-member 5 --bootstrap-seed 565614755
S5-H2S1T24K5-FB78-b6	../../../final_design/configs/S5/S5-H2S1T24K5-FB78.json	5e5e3e2e660178cb80095ca8e3903a4501ba6fb1442eaa25969a75f1e4c33239	BANK:FB:S5:78	dev	-	--step2-miss-mode efficiency_corrected --bootstrap-member 6 --bootstrap-seed 565614755
S5-H2S1T24K5-FB79-b1	../../../final_design/configs/S5/S5-H2S1T24K5-FB79.json	7a45130ff293fb321f4b2118930233aef58039a63d3a5d39946561996028406a	BANK:FB:S5:79	dev	-	--step2-miss-mode efficiency_corrected --bootstrap-member 1 --bootstrap-seed 912663328
S5-H2S1T24K5-FB79-b2	../../../final_design/configs/S5/S5-H2S1T24K5-FB79.json	7a45130ff293fb321f4b2118930233aef58039a63d3a5d39946561996028406a	BANK:FB:S5:79	dev	-	--step2-miss-mode efficiency_corrected --bootstrap-member 2 --bootstrap-seed 912663328
S5-H2S1T24K5-FB79-b3	../../../final_design/configs/S5/S5-H2S1T24K5-FB79.json	7a45130ff293fb321f4b2118930233aef58039a63d3a5d39946561996028406a	BANK:FB:S5:79	dev	-	--step2-miss-mode efficiency_corrected --bootstrap-member 3 --bootstrap-seed 912663328
S5-H2S1T24K5-FB79-b4	../../../final_design/configs/S5/S5-H2S1T24K5-FB79.json	7a45130ff293fb321f4b2118930233aef58039a63d3a5d39946561996028406a	BANK:FB:S5:79	dev	-	--step2-miss-mode efficiency_corrected --bootstrap-member 4 --bootstrap-seed 912663328
S5-H2S1T24K5-FB79-b5	../../../final_design/configs/S5/S5-H2S1T24K5-FB79.json	7a45130ff293fb321f4b2118930233aef58039a63d3a5d39946561996028406a	BANK:FB:S5:79	dev	-	--step2-miss-mode efficiency_corrected --bootstrap-member 5 --bootstrap-seed 912663328
S5-H2S1T24K5-FB79-b6	../../../final_design/configs/S5/S5-H2S1T24K5-FB79.json	7a45130ff293fb321f4b2118930233aef58039a63d3a5d39946561996028406a	BANK:FB:S5:79	dev	-	--step2-miss-mode efficiency_corrected --bootstrap-member 6 --bootstrap-seed 912663328
S5-H2S1T24K5-FB80-b1	../../../final_design/configs/S5/S5-H2S1T24K5-FB80.json	76032010e4e265c92d7c4b5759beb0a454240481b65537c708731a66b43f8734	BANK:FB:S5:80	dev	-	--step2-miss-mode efficiency_corrected --bootstrap-member 1 --bootstrap-seed 1376049440
S5-H2S1T24K5-FB80-b2	../../../final_design/configs/S5/S5-H2S1T24K5-FB80.json	76032010e4e265c92d7c4b5759beb0a454240481b65537c708731a66b43f8734	BANK:FB:S5:80	dev	-	--step2-miss-mode efficiency_corrected --bootstrap-member 2 --bootstrap-seed 1376049440
S5-H2S1T24K5-FB80-b3	../../../final_design/configs/S5/S5-H2S1T24K5-FB80.json	76032010e4e265c92d7c4b5759beb0a454240481b65537c708731a66b43f8734	BANK:FB:S5:80	dev	-	--step2-miss-mode efficiency_corrected --bootstrap-member 3 --bootstrap-seed 1376049440
S5-H2S1T24K5-FB80-b4	../../../final_design/configs/S5/S5-H2S1T24K5-FB80.json	76032010e4e265c92d7c4b5759beb0a454240481b65537c708731a66b43f8734	BANK:FB:S5:80	dev	-	--step2-miss-mode efficiency_corrected --bootstrap-member 4 --bootstrap-seed 1376049440
S5-H2S1T24K5-FB80-b5	../../../final_design/configs/S5/S5-H2S1T24K5-FB80.json	76032010e4e265c92d7c4b5759beb0a454240481b65537c708731a66b43f8734	BANK:FB:S5:80	dev	-	--step2-miss-mode efficiency_corrected --bootstrap-member 5 --bootstrap-seed 1376049440
S5-H2S1T24K5-FB80-b6	../../../final_design/configs/S5/S5-H2S1T24K5-FB80.json	76032010e4e265c92d7c4b5759beb0a454240481b65537c708731a66b43f8734	BANK:FB:S5:80	dev	-	--step2-miss-mode efficiency_corrected --bootstrap-member 6 --bootstrap-seed 1376049440
S5-H2S1T24K5-FB81-b1	../../../final_design/configs/S5/S5-H2S1T24K5-FB81.json	04e9d139e922b88df86c8b734bfa1cad2408b5317f1fc580a10516ed41dbba3b	BANK:FB:S5:81	dev	-	--step2-miss-mode efficiency_corrected --bootstrap-member 1 --bootstrap-seed 218549078
S5-H2S1T24K5-FB81-b2	../../../final_design/configs/S5/S5-H2S1T24K5-FB81.json	04e9d139e922b88df86c8b734bfa1cad2408b5317f1fc580a10516ed41dbba3b	BANK:FB:S5:81	dev	-	--step2-miss-mode efficiency_corrected --bootstrap-member 2 --bootstrap-seed 218549078
S5-H2S1T24K5-FB81-b3	../../../final_design/configs/S5/S5-H2S1T24K5-FB81.json	04e9d139e922b88df86c8b734bfa1cad2408b5317f1fc580a10516ed41dbba3b	BANK:FB:S5:81	dev	-	--step2-miss-mode efficiency_corrected --bootstrap-member 3 --bootstrap-seed 218549078
S5-H2S1T24K5-FB81-b4	../../../final_design/configs/S5/S5-H2S1T24K5-FB81.json	04e9d139e922b88df86c8b734bfa1cad2408b5317f1fc580a10516ed41dbba3b	BANK:FB:S5:81	dev	-	--step2-miss-mode efficiency_corrected --bootstrap-member 4 --bootstrap-seed 218549078
S5-H2S1T24K5-FB81-b5	../../../final_design/configs/S5/S5-H2S1T24K5-FB81.json	04e9d139e922b88df86c8b734bfa1cad2408b5317f1fc580a10516ed41dbba3b	BANK:FB:S5:81	dev	-	--step2-miss-mode efficiency_corrected --bootstrap-member 5 --bootstrap-seed 218549078
S5-H2S1T24K5-FB81-b6	../../../final_design/configs/S5/S5-H2S1T24K5-FB81.json	04e9d139e922b88df86c8b734bfa1cad2408b5317f1fc580a10516ed41dbba3b	BANK:FB:S5:81	dev	-	--step2-miss-mode efficiency_corrected --bootstrap-member 6 --bootstrap-seed 218549078
S5-H2S1T24K5-FB82-b1	../../../final_design/configs/S5/S5-H2S1T24K5-FB82.json	2d8b95a24933ed732fc51c6ae7ac896e8b99f7be154be6f5f2bb8591eb9f2801	BANK:FB:S5:82	dev	-	--step2-miss-mode efficiency_corrected --bootstrap-member 1 --bootstrap-seed 793633436
S5-H2S1T24K5-FB82-b2	../../../final_design/configs/S5/S5-H2S1T24K5-FB82.json	2d8b95a24933ed732fc51c6ae7ac896e8b99f7be154be6f5f2bb8591eb9f2801	BANK:FB:S5:82	dev	-	--step2-miss-mode efficiency_corrected --bootstrap-member 2 --bootstrap-seed 793633436
S5-H2S1T24K5-FB82-b3	../../../final_design/configs/S5/S5-H2S1T24K5-FB82.json	2d8b95a24933ed732fc51c6ae7ac896e8b99f7be154be6f5f2bb8591eb9f2801	BANK:FB:S5:82	dev	-	--step2-miss-mode efficiency_corrected --bootstrap-member 3 --bootstrap-seed 793633436
S5-H2S1T24K5-FB82-b4	../../../final_design/configs/S5/S5-H2S1T24K5-FB82.json	2d8b95a24933ed732fc51c6ae7ac896e8b99f7be154be6f5f2bb8591eb9f2801	BANK:FB:S5:82	dev	-	--step2-miss-mode efficiency_corrected --bootstrap-member 4 --bootstrap-seed 793633436
S5-H2S1T24K5-FB82-b5	../../../final_design/configs/S5/S5-H2S1T24K5-FB82.json	2d8b95a24933ed732fc51c6ae7ac896e8b99f7be154be6f5f2bb8591eb9f2801	BANK:FB:S5:82	dev	-	--step2-miss-mode efficiency_corrected --bootstrap-member 5 --bootstrap-seed 793633436
S5-H2S1T24K5-FB82-b6	../../../final_design/configs/S5/S5-H2S1T24K5-FB82.json	2d8b95a24933ed732fc51c6ae7ac896e8b99f7be154be6f5f2bb8591eb9f2801	BANK:FB:S5:82	dev	-	--step2-miss-mode efficiency_corrected --bootstrap-member 6 --bootstrap-seed 793633436
S5-H2S1T24K5-FB83-b1	../../../final_design/configs/S5/S5-H2S1T24K5-FB83.json	31d07ac47bcfc0804f023848eb6d331bf7c872ea7bbbd6a83729cee6fa83ef66	BANK:FB:S5:83	dev	-	--step2-miss-mode efficiency_corrected --bootstrap-member 1 --bootstrap-seed 546098384
S5-H2S1T24K5-FB83-b2	../../../final_design/configs/S5/S5-H2S1T24K5-FB83.json	31d07ac47bcfc0804f023848eb6d331bf7c872ea7bbbd6a83729cee6fa83ef66	BANK:FB:S5:83	dev	-	--step2-miss-mode efficiency_corrected --bootstrap-member 2 --bootstrap-seed 546098384
S5-H2S1T24K5-FB83-b3	../../../final_design/configs/S5/S5-H2S1T24K5-FB83.json	31d07ac47bcfc0804f023848eb6d331bf7c872ea7bbbd6a83729cee6fa83ef66	BANK:FB:S5:83	dev	-	--step2-miss-mode efficiency_corrected --bootstrap-member 3 --bootstrap-seed 546098384
S5-H2S1T24K5-FB83-b4	../../../final_design/configs/S5/S5-H2S1T24K5-FB83.json	31d07ac47bcfc0804f023848eb6d331bf7c872ea7bbbd6a83729cee6fa83ef66	BANK:FB:S5:83	dev	-	--step2-miss-mode efficiency_corrected --bootstrap-member 4 --bootstrap-seed 546098384
S5-H2S1T24K5-FB83-b5	../../../final_design/configs/S5/S5-H2S1T24K5-FB83.json	31d07ac47bcfc0804f023848eb6d331bf7c872ea7bbbd6a83729cee6fa83ef66	BANK:FB:S5:83	dev	-	--step2-miss-mode efficiency_corrected --bootstrap-member 5 --bootstrap-seed 546098384
S5-H2S1T24K5-FB83-b6	../../../final_design/configs/S5/S5-H2S1T24K5-FB83.json	31d07ac47bcfc0804f023848eb6d331bf7c872ea7bbbd6a83729cee6fa83ef66	BANK:FB:S5:83	dev	-	--step2-miss-mode efficiency_corrected --bootstrap-member 6 --bootstrap-seed 546098384
S5-H2S1T24K5-FB84-b1	../../../final_design/configs/S5/S5-H2S1T24K5-FB84.json	29e8142cb9f79d5bf71e883e66448860a126dbaf0266282da948a06f7f070d28	BANK:FB:S5:84	dev	-	--step2-miss-mode efficiency_corrected --bootstrap-member 1 --bootstrap-seed 1682844293
S5-H2S1T24K5-FB84-b2	../../../final_design/configs/S5/S5-H2S1T24K5-FB84.json	29e8142cb9f79d5bf71e883e66448860a126dbaf0266282da948a06f7f070d28	BANK:FB:S5:84	dev	-	--step2-miss-mode efficiency_corrected --bootstrap-member 2 --bootstrap-seed 1682844293
S5-H2S1T24K5-FB84-b3	../../../final_design/configs/S5/S5-H2S1T24K5-FB84.json	29e8142cb9f79d5bf71e883e66448860a126dbaf0266282da948a06f7f070d28	BANK:FB:S5:84	dev	-	--step2-miss-mode efficiency_corrected --bootstrap-member 3 --bootstrap-seed 1682844293
S5-H2S1T24K5-FB84-b4	../../../final_design/configs/S5/S5-H2S1T24K5-FB84.json	29e8142cb9f79d5bf71e883e66448860a126dbaf0266282da948a06f7f070d28	BANK:FB:S5:84	dev	-	--step2-miss-mode efficiency_corrected --bootstrap-member 4 --bootstrap-seed 1682844293
S5-H2S1T24K5-FB84-b5	../../../final_design/configs/S5/S5-H2S1T24K5-FB84.json	29e8142cb9f79d5bf71e883e66448860a126dbaf0266282da948a06f7f070d28	BANK:FB:S5:84	dev	-	--step2-miss-mode efficiency_corrected --bootstrap-member 5 --bootstrap-seed 1682844293
S5-H2S1T24K5-FB84-b6	../../../final_design/configs/S5/S5-H2S1T24K5-FB84.json	29e8142cb9f79d5bf71e883e66448860a126dbaf0266282da948a06f7f070d28	BANK:FB:S5:84	dev	-	--step2-miss-mode efficiency_corrected --bootstrap-member 6 --bootstrap-seed 1682844293
S5-H2S1T24K5-FB85-b1	../../../final_design/configs/S5/S5-H2S1T24K5-FB85.json	73b9a066c892ed76d09c650e7ae60166802c620123eb0e43b478ef982f45a323	BANK:FB:S5:85	dev	-	--step2-miss-mode efficiency_corrected --bootstrap-member 1 --bootstrap-seed 2086388165
S5-H2S1T24K5-FB85-b2	../../../final_design/configs/S5/S5-H2S1T24K5-FB85.json	73b9a066c892ed76d09c650e7ae60166802c620123eb0e43b478ef982f45a323	BANK:FB:S5:85	dev	-	--step2-miss-mode efficiency_corrected --bootstrap-member 2 --bootstrap-seed 2086388165
S5-H2S1T24K5-FB85-b3	../../../final_design/configs/S5/S5-H2S1T24K5-FB85.json	73b9a066c892ed76d09c650e7ae60166802c620123eb0e43b478ef982f45a323	BANK:FB:S5:85	dev	-	--step2-miss-mode efficiency_corrected --bootstrap-member 3 --bootstrap-seed 2086388165
S5-H2S1T24K5-FB85-b4	../../../final_design/configs/S5/S5-H2S1T24K5-FB85.json	73b9a066c892ed76d09c650e7ae60166802c620123eb0e43b478ef982f45a323	BANK:FB:S5:85	dev	-	--step2-miss-mode efficiency_corrected --bootstrap-member 4 --bootstrap-seed 2086388165
S5-H2S1T24K5-FB85-b5	../../../final_design/configs/S5/S5-H2S1T24K5-FB85.json	73b9a066c892ed76d09c650e7ae60166802c620123eb0e43b478ef982f45a323	BANK:FB:S5:85	dev	-	--step2-miss-mode efficiency_corrected --bootstrap-member 5 --bootstrap-seed 2086388165
S5-H2S1T24K5-FB85-b6	../../../final_design/configs/S5/S5-H2S1T24K5-FB85.json	73b9a066c892ed76d09c650e7ae60166802c620123eb0e43b478ef982f45a323	BANK:FB:S5:85	dev	-	--step2-miss-mode efficiency_corrected --bootstrap-member 6 --bootstrap-seed 2086388165
S5-H2S1T24K5-FB86-b1	../../../final_design/configs/S5/S5-H2S1T24K5-FB86.json	9e26c44ec3789b75927df0c17cc2d79d4f7dd883ac6a07cb69c82ba579f2404c	BANK:FB:S5:86	dev	-	--step2-miss-mode efficiency_corrected --bootstrap-member 1 --bootstrap-seed 903548874
S5-H2S1T24K5-FB86-b2	../../../final_design/configs/S5/S5-H2S1T24K5-FB86.json	9e26c44ec3789b75927df0c17cc2d79d4f7dd883ac6a07cb69c82ba579f2404c	BANK:FB:S5:86	dev	-	--step2-miss-mode efficiency_corrected --bootstrap-member 2 --bootstrap-seed 903548874
S5-H2S1T24K5-FB86-b3	../../../final_design/configs/S5/S5-H2S1T24K5-FB86.json	9e26c44ec3789b75927df0c17cc2d79d4f7dd883ac6a07cb69c82ba579f2404c	BANK:FB:S5:86	dev	-	--step2-miss-mode efficiency_corrected --bootstrap-member 3 --bootstrap-seed 903548874
S5-H2S1T24K5-FB86-b4	../../../final_design/configs/S5/S5-H2S1T24K5-FB86.json	9e26c44ec3789b75927df0c17cc2d79d4f7dd883ac6a07cb69c82ba579f2404c	BANK:FB:S5:86	dev	-	--step2-miss-mode efficiency_corrected --bootstrap-member 4 --bootstrap-seed 903548874
S5-H2S1T24K5-FB86-b5	../../../final_design/configs/S5/S5-H2S1T24K5-FB86.json	9e26c44ec3789b75927df0c17cc2d79d4f7dd883ac6a07cb69c82ba579f2404c	BANK:FB:S5:86	dev	-	--step2-miss-mode efficiency_corrected --bootstrap-member 5 --bootstrap-seed 903548874
S5-H2S1T24K5-FB86-b6	../../../final_design/configs/S5/S5-H2S1T24K5-FB86.json	9e26c44ec3789b75927df0c17cc2d79d4f7dd883ac6a07cb69c82ba579f2404c	BANK:FB:S5:86	dev	-	--step2-miss-mode efficiency_corrected --bootstrap-member 6 --bootstrap-seed 903548874
S5-H2S1T24K5-FB87-b1	../../../final_design/configs/S5/S5-H2S1T24K5-FB87.json	391b3c98cde596c78a4439b37946d7189e108f0c984fa794f8b085d4935e482e	BANK:FB:S5:87	dev	-	--step2-miss-mode efficiency_corrected --bootstrap-member 1 --bootstrap-seed 1186741799
S5-H2S1T24K5-FB87-b2	../../../final_design/configs/S5/S5-H2S1T24K5-FB87.json	391b3c98cde596c78a4439b37946d7189e108f0c984fa794f8b085d4935e482e	BANK:FB:S5:87	dev	-	--step2-miss-mode efficiency_corrected --bootstrap-member 2 --bootstrap-seed 1186741799
S5-H2S1T24K5-FB87-b3	../../../final_design/configs/S5/S5-H2S1T24K5-FB87.json	391b3c98cde596c78a4439b37946d7189e108f0c984fa794f8b085d4935e482e	BANK:FB:S5:87	dev	-	--step2-miss-mode efficiency_corrected --bootstrap-member 3 --bootstrap-seed 1186741799
S5-H2S1T24K5-FB87-b4	../../../final_design/configs/S5/S5-H2S1T24K5-FB87.json	391b3c98cde596c78a4439b37946d7189e108f0c984fa794f8b085d4935e482e	BANK:FB:S5:87	dev	-	--step2-miss-mode efficiency_corrected --bootstrap-member 4 --bootstrap-seed 1186741799
S5-H2S1T24K5-FB87-b5	../../../final_design/configs/S5/S5-H2S1T24K5-FB87.json	391b3c98cde596c78a4439b37946d7189e108f0c984fa794f8b085d4935e482e	BANK:FB:S5:87	dev	-	--step2-miss-mode efficiency_corrected --bootstrap-member 5 --bootstrap-seed 1186741799
S5-H2S1T24K5-FB87-b6	../../../final_design/configs/S5/S5-H2S1T24K5-FB87.json	391b3c98cde596c78a4439b37946d7189e108f0c984fa794f8b085d4935e482e	BANK:FB:S5:87	dev	-	--step2-miss-mode efficiency_corrected --bootstrap-member 6 --bootstrap-seed 1186741799
S5-H2S1T24K5-FB88-b1	../../../final_design/configs/S5/S5-H2S1T24K5-FB88.json	949ec28063c2df6fbbff7cdc00670ad8aad2d7e3aed0085c3f5ff60175bdd963	BANK:FB:S5:88	dev	-	--step2-miss-mode efficiency_corrected --bootstrap-member 1 --bootstrap-seed 807443003
S5-H2S1T24K5-FB88-b2	../../../final_design/configs/S5/S5-H2S1T24K5-FB88.json	949ec28063c2df6fbbff7cdc00670ad8aad2d7e3aed0085c3f5ff60175bdd963	BANK:FB:S5:88	dev	-	--step2-miss-mode efficiency_corrected --bootstrap-member 2 --bootstrap-seed 807443003
S5-H2S1T24K5-FB88-b3	../../../final_design/configs/S5/S5-H2S1T24K5-FB88.json	949ec28063c2df6fbbff7cdc00670ad8aad2d7e3aed0085c3f5ff60175bdd963	BANK:FB:S5:88	dev	-	--step2-miss-mode efficiency_corrected --bootstrap-member 3 --bootstrap-seed 807443003
S5-H2S1T24K5-FB88-b4	../../../final_design/configs/S5/S5-H2S1T24K5-FB88.json	949ec28063c2df6fbbff7cdc00670ad8aad2d7e3aed0085c3f5ff60175bdd963	BANK:FB:S5:88	dev	-	--step2-miss-mode efficiency_corrected --bootstrap-member 4 --bootstrap-seed 807443003
S5-H2S1T24K5-FB88-b5	../../../final_design/configs/S5/S5-H2S1T24K5-FB88.json	949ec28063c2df6fbbff7cdc00670ad8aad2d7e3aed0085c3f5ff60175bdd963	BANK:FB:S5:88	dev	-	--step2-miss-mode efficiency_corrected --bootstrap-member 5 --bootstrap-seed 807443003
S5-H2S1T24K5-FB88-b6	../../../final_design/configs/S5/S5-H2S1T24K5-FB88.json	949ec28063c2df6fbbff7cdc00670ad8aad2d7e3aed0085c3f5ff60175bdd963	BANK:FB:S5:88	dev	-	--step2-miss-mode efficiency_corrected --bootstrap-member 6 --bootstrap-seed 807443003
S5-H2S1T24K5-FB89-b1	../../../final_design/configs/S5/S5-H2S1T24K5-FB89.json	ab22f2080094d4d35a168888d0e759813a65ce666cf5d05598b2406304570dd9	BANK:FB:S5:89	dev	-	--step2-miss-mode efficiency_corrected --bootstrap-member 1 --bootstrap-seed 1795766646
S5-H2S1T24K5-FB89-b2	../../../final_design/configs/S5/S5-H2S1T24K5-FB89.json	ab22f2080094d4d35a168888d0e759813a65ce666cf5d05598b2406304570dd9	BANK:FB:S5:89	dev	-	--step2-miss-mode efficiency_corrected --bootstrap-member 2 --bootstrap-seed 1795766646
S5-H2S1T24K5-FB89-b3	../../../final_design/configs/S5/S5-H2S1T24K5-FB89.json	ab22f2080094d4d35a168888d0e759813a65ce666cf5d05598b2406304570dd9	BANK:FB:S5:89	dev	-	--step2-miss-mode efficiency_corrected --bootstrap-member 3 --bootstrap-seed 1795766646
S5-H2S1T24K5-FB89-b4	../../../final_design/configs/S5/S5-H2S1T24K5-FB89.json	ab22f2080094d4d35a168888d0e759813a65ce666cf5d05598b2406304570dd9	BANK:FB:S5:89	dev	-	--step2-miss-mode efficiency_corrected --bootstrap-member 4 --bootstrap-seed 1795766646
S5-H2S1T24K5-FB89-b5	../../../final_design/configs/S5/S5-H2S1T24K5-FB89.json	ab22f2080094d4d35a168888d0e759813a65ce666cf5d05598b2406304570dd9	BANK:FB:S5:89	dev	-	--step2-miss-mode efficiency_corrected --bootstrap-member 5 --bootstrap-seed 1795766646
S5-H2S1T24K5-FB89-b6	../../../final_design/configs/S5/S5-H2S1T24K5-FB89.json	ab22f2080094d4d35a168888d0e759813a65ce666cf5d05598b2406304570dd9	BANK:FB:S5:89	dev	-	--step2-miss-mode efficiency_corrected --bootstrap-member 6 --bootstrap-seed 1795766646
S5-H2S1T24K5-FB90-b1	../../../final_design/configs/S5/S5-H2S1T24K5-FB90.json	54b15ca59d44cf7d3c0b1687f019fa7a3514c53ea69b598663f9af6ebf96d57f	BANK:FB:S5:90	dev	-	--step2-miss-mode efficiency_corrected --bootstrap-member 1 --bootstrap-seed 1508568013
S5-H2S1T24K5-FB90-b2	../../../final_design/configs/S5/S5-H2S1T24K5-FB90.json	54b15ca59d44cf7d3c0b1687f019fa7a3514c53ea69b598663f9af6ebf96d57f	BANK:FB:S5:90	dev	-	--step2-miss-mode efficiency_corrected --bootstrap-member 2 --bootstrap-seed 1508568013
S5-H2S1T24K5-FB90-b3	../../../final_design/configs/S5/S5-H2S1T24K5-FB90.json	54b15ca59d44cf7d3c0b1687f019fa7a3514c53ea69b598663f9af6ebf96d57f	BANK:FB:S5:90	dev	-	--step2-miss-mode efficiency_corrected --bootstrap-member 3 --bootstrap-seed 1508568013
S5-H2S1T24K5-FB90-b4	../../../final_design/configs/S5/S5-H2S1T24K5-FB90.json	54b15ca59d44cf7d3c0b1687f019fa7a3514c53ea69b598663f9af6ebf96d57f	BANK:FB:S5:90	dev	-	--step2-miss-mode efficiency_corrected --bootstrap-member 4 --bootstrap-seed 1508568013
S5-H2S1T24K5-FB90-b5	../../../final_design/configs/S5/S5-H2S1T24K5-FB90.json	54b15ca59d44cf7d3c0b1687f019fa7a3514c53ea69b598663f9af6ebf96d57f	BANK:FB:S5:90	dev	-	--step2-miss-mode efficiency_corrected --bootstrap-member 5 --bootstrap-seed 1508568013
S5-H2S1T24K5-FB90-b6	../../../final_design/configs/S5/S5-H2S1T24K5-FB90.json	54b15ca59d44cf7d3c0b1687f019fa7a3514c53ea69b598663f9af6ebf96d57f	BANK:FB:S5:90	dev	-	--step2-miss-mode efficiency_corrected --bootstrap-member 6 --bootstrap-seed 1508568013
S5-H2S1T24K5-FB91-b1	../../../final_design/configs/S5/S5-H2S1T24K5-FB91.json	dd17df87780b5329bafd19fcdd2c25f65ecee20f1863b8d998d1f9496a269d3b	BANK:FB:S5:91	dev	-	--step2-miss-mode efficiency_corrected --bootstrap-member 1 --bootstrap-seed 1766891875
S5-H2S1T24K5-FB91-b2	../../../final_design/configs/S5/S5-H2S1T24K5-FB91.json	dd17df87780b5329bafd19fcdd2c25f65ecee20f1863b8d998d1f9496a269d3b	BANK:FB:S5:91	dev	-	--step2-miss-mode efficiency_corrected --bootstrap-member 2 --bootstrap-seed 1766891875
S5-H2S1T24K5-FB91-b3	../../../final_design/configs/S5/S5-H2S1T24K5-FB91.json	dd17df87780b5329bafd19fcdd2c25f65ecee20f1863b8d998d1f9496a269d3b	BANK:FB:S5:91	dev	-	--step2-miss-mode efficiency_corrected --bootstrap-member 3 --bootstrap-seed 1766891875
S5-H2S1T24K5-FB91-b4	../../../final_design/configs/S5/S5-H2S1T24K5-FB91.json	dd17df87780b5329bafd19fcdd2c25f65ecee20f1863b8d998d1f9496a269d3b	BANK:FB:S5:91	dev	-	--step2-miss-mode efficiency_corrected --bootstrap-member 4 --bootstrap-seed 1766891875
S5-H2S1T24K5-FB91-b5	../../../final_design/configs/S5/S5-H2S1T24K5-FB91.json	dd17df87780b5329bafd19fcdd2c25f65ecee20f1863b8d998d1f9496a269d3b	BANK:FB:S5:91	dev	-	--step2-miss-mode efficiency_corrected --bootstrap-member 5 --bootstrap-seed 1766891875
S5-H2S1T24K5-FB91-b6	../../../final_design/configs/S5/S5-H2S1T24K5-FB91.json	dd17df87780b5329bafd19fcdd2c25f65ecee20f1863b8d998d1f9496a269d3b	BANK:FB:S5:91	dev	-	--step2-miss-mode efficiency_corrected --bootstrap-member 6 --bootstrap-seed 1766891875
S5-H2S1T24K5-FB92-b1	../../../final_design/configs/S5/S5-H2S1T24K5-FB92.json	93a83ab00a80cb2d9fc18260f0a1708ac2be3614ab63ca61a7d4c8e04f8b68b4	BANK:FB:S5:92	dev	-	--step2-miss-mode efficiency_corrected --bootstrap-member 1 --bootstrap-seed 1152176995
S5-H2S1T24K5-FB92-b2	../../../final_design/configs/S5/S5-H2S1T24K5-FB92.json	93a83ab00a80cb2d9fc18260f0a1708ac2be3614ab63ca61a7d4c8e04f8b68b4	BANK:FB:S5:92	dev	-	--step2-miss-mode efficiency_corrected --bootstrap-member 2 --bootstrap-seed 1152176995
S5-H2S1T24K5-FB92-b3	../../../final_design/configs/S5/S5-H2S1T24K5-FB92.json	93a83ab00a80cb2d9fc18260f0a1708ac2be3614ab63ca61a7d4c8e04f8b68b4	BANK:FB:S5:92	dev	-	--step2-miss-mode efficiency_corrected --bootstrap-member 3 --bootstrap-seed 1152176995
S5-H2S1T24K5-FB92-b4	../../../final_design/configs/S5/S5-H2S1T24K5-FB92.json	93a83ab00a80cb2d9fc18260f0a1708ac2be3614ab63ca61a7d4c8e04f8b68b4	BANK:FB:S5:92	dev	-	--step2-miss-mode efficiency_corrected --bootstrap-member 4 --bootstrap-seed 1152176995
S5-H2S1T24K5-FB92-b5	../../../final_design/configs/S5/S5-H2S1T24K5-FB92.json	93a83ab00a80cb2d9fc18260f0a1708ac2be3614ab63ca61a7d4c8e04f8b68b4	BANK:FB:S5:92	dev	-	--step2-miss-mode efficiency_corrected --bootstrap-member 5 --bootstrap-seed 1152176995
S5-H2S1T24K5-FB92-b6	../../../final_design/configs/S5/S5-H2S1T24K5-FB92.json	93a83ab00a80cb2d9fc18260f0a1708ac2be3614ab63ca61a7d4c8e04f8b68b4	BANK:FB:S5:92	dev	-	--step2-miss-mode efficiency_corrected --bootstrap-member 6 --bootstrap-seed 1152176995
S5-H2S1T24K5-FB93-b1	../../../final_design/configs/S5/S5-H2S1T24K5-FB93.json	99f667e69c460ea944996968938e95753c58b5857dd22b7be7a22b7618a106b0	BANK:FB:S5:93	dev	-	--step2-miss-mode efficiency_corrected --bootstrap-member 1 --bootstrap-seed 1860557465
S5-H2S1T24K5-FB93-b2	../../../final_design/configs/S5/S5-H2S1T24K5-FB93.json	99f667e69c460ea944996968938e95753c58b5857dd22b7be7a22b7618a106b0	BANK:FB:S5:93	dev	-	--step2-miss-mode efficiency_corrected --bootstrap-member 2 --bootstrap-seed 1860557465
S5-H2S1T24K5-FB93-b3	../../../final_design/configs/S5/S5-H2S1T24K5-FB93.json	99f667e69c460ea944996968938e95753c58b5857dd22b7be7a22b7618a106b0	BANK:FB:S5:93	dev	-	--step2-miss-mode efficiency_corrected --bootstrap-member 3 --bootstrap-seed 1860557465
S5-H2S1T24K5-FB93-b4	../../../final_design/configs/S5/S5-H2S1T24K5-FB93.json	99f667e69c460ea944996968938e95753c58b5857dd22b7be7a22b7618a106b0	BANK:FB:S5:93	dev	-	--step2-miss-mode efficiency_corrected --bootstrap-member 4 --bootstrap-seed 1860557465
S5-H2S1T24K5-FB93-b5	../../../final_design/configs/S5/S5-H2S1T24K5-FB93.json	99f667e69c460ea944996968938e95753c58b5857dd22b7be7a22b7618a106b0	BANK:FB:S5:93	dev	-	--step2-miss-mode efficiency_corrected --bootstrap-member 5 --bootstrap-seed 1860557465
S5-H2S1T24K5-FB93-b6	../../../final_design/configs/S5/S5-H2S1T24K5-FB93.json	99f667e69c460ea944996968938e95753c58b5857dd22b7be7a22b7618a106b0	BANK:FB:S5:93	dev	-	--step2-miss-mode efficiency_corrected --bootstrap-member 6 --bootstrap-seed 1860557465
S5-H2S1T24K5-FB94-b1	../../../final_design/configs/S5/S5-H2S1T24K5-FB94.json	39a82d9441933579881c901f9d3055d6d0cff499d9b73270ba155ab83a6a47a0	BANK:FB:S5:94	dev	-	--step2-miss-mode efficiency_corrected --bootstrap-member 1 --bootstrap-seed 1093023677
S5-H2S1T24K5-FB94-b2	../../../final_design/configs/S5/S5-H2S1T24K5-FB94.json	39a82d9441933579881c901f9d3055d6d0cff499d9b73270ba155ab83a6a47a0	BANK:FB:S5:94	dev	-	--step2-miss-mode efficiency_corrected --bootstrap-member 2 --bootstrap-seed 1093023677
S5-H2S1T24K5-FB94-b3	../../../final_design/configs/S5/S5-H2S1T24K5-FB94.json	39a82d9441933579881c901f9d3055d6d0cff499d9b73270ba155ab83a6a47a0	BANK:FB:S5:94	dev	-	--step2-miss-mode efficiency_corrected --bootstrap-member 3 --bootstrap-seed 1093023677
S5-H2S1T24K5-FB94-b4	../../../final_design/configs/S5/S5-H2S1T24K5-FB94.json	39a82d9441933579881c901f9d3055d6d0cff499d9b73270ba155ab83a6a47a0	BANK:FB:S5:94	dev	-	--step2-miss-mode efficiency_corrected --bootstrap-member 4 --bootstrap-seed 1093023677
S5-H2S1T24K5-FB94-b5	../../../final_design/configs/S5/S5-H2S1T24K5-FB94.json	39a82d9441933579881c901f9d3055d6d0cff499d9b73270ba155ab83a6a47a0	BANK:FB:S5:94	dev	-	--step2-miss-mode efficiency_corrected --bootstrap-member 5 --bootstrap-seed 1093023677
S5-H2S1T24K5-FB94-b6	../../../final_design/configs/S5/S5-H2S1T24K5-FB94.json	39a82d9441933579881c901f9d3055d6d0cff499d9b73270ba155ab83a6a47a0	BANK:FB:S5:94	dev	-	--step2-miss-mode efficiency_corrected --bootstrap-member 6 --bootstrap-seed 1093023677
S5-H2S1T24K5-FB95-b1	../../../final_design/configs/S5/S5-H2S1T24K5-FB95.json	1bd3f3d25b32bd633996be9c2ec21321501c62ec256cbff8b6098c2d37c865ac	BANK:FB:S5:95	dev	-	--step2-miss-mode efficiency_corrected --bootstrap-member 1 --bootstrap-seed 1354509866
S5-H2S1T24K5-FB95-b2	../../../final_design/configs/S5/S5-H2S1T24K5-FB95.json	1bd3f3d25b32bd633996be9c2ec21321501c62ec256cbff8b6098c2d37c865ac	BANK:FB:S5:95	dev	-	--step2-miss-mode efficiency_corrected --bootstrap-member 2 --bootstrap-seed 1354509866
S5-H2S1T24K5-FB95-b3	../../../final_design/configs/S5/S5-H2S1T24K5-FB95.json	1bd3f3d25b32bd633996be9c2ec21321501c62ec256cbff8b6098c2d37c865ac	BANK:FB:S5:95	dev	-	--step2-miss-mode efficiency_corrected --bootstrap-member 3 --bootstrap-seed 1354509866
S5-H2S1T24K5-FB95-b4	../../../final_design/configs/S5/S5-H2S1T24K5-FB95.json	1bd3f3d25b32bd633996be9c2ec21321501c62ec256cbff8b6098c2d37c865ac	BANK:FB:S5:95	dev	-	--step2-miss-mode efficiency_corrected --bootstrap-member 4 --bootstrap-seed 1354509866
S5-H2S1T24K5-FB95-b5	../../../final_design/configs/S5/S5-H2S1T24K5-FB95.json	1bd3f3d25b32bd633996be9c2ec21321501c62ec256cbff8b6098c2d37c865ac	BANK:FB:S5:95	dev	-	--step2-miss-mode efficiency_corrected --bootstrap-member 5 --bootstrap-seed 1354509866
S5-H2S1T24K5-FB95-b6	../../../final_design/configs/S5/S5-H2S1T24K5-FB95.json	1bd3f3d25b32bd633996be9c2ec21321501c62ec256cbff8b6098c2d37c865ac	BANK:FB:S5:95	dev	-	--step2-miss-mode efficiency_corrected --bootstrap-member 6 --bootstrap-seed 1354509866
S5-H2S1T24K5-FB96-b1	../../../final_design/configs/S5/S5-H2S1T24K5-FB96.json	574985702e39873c43f4a9d2f5ec00a17f7bf214beaae251ac04c4aaf58967d8	BANK:FB:S5:96	dev	-	--step2-miss-mode efficiency_corrected --bootstrap-member 1 --bootstrap-seed 1405524318
S5-H2S1T24K5-FB96-b2	../../../final_design/configs/S5/S5-H2S1T24K5-FB96.json	574985702e39873c43f4a9d2f5ec00a17f7bf214beaae251ac04c4aaf58967d8	BANK:FB:S5:96	dev	-	--step2-miss-mode efficiency_corrected --bootstrap-member 2 --bootstrap-seed 1405524318
S5-H2S1T24K5-FB96-b3	../../../final_design/configs/S5/S5-H2S1T24K5-FB96.json	574985702e39873c43f4a9d2f5ec00a17f7bf214beaae251ac04c4aaf58967d8	BANK:FB:S5:96	dev	-	--step2-miss-mode efficiency_corrected --bootstrap-member 3 --bootstrap-seed 1405524318
S5-H2S1T24K5-FB96-b4	../../../final_design/configs/S5/S5-H2S1T24K5-FB96.json	574985702e39873c43f4a9d2f5ec00a17f7bf214beaae251ac04c4aaf58967d8	BANK:FB:S5:96	dev	-	--step2-miss-mode efficiency_corrected --bootstrap-member 4 --bootstrap-seed 1405524318
S5-H2S1T24K5-FB96-b5	../../../final_design/configs/S5/S5-H2S1T24K5-FB96.json	574985702e39873c43f4a9d2f5ec00a17f7bf214beaae251ac04c4aaf58967d8	BANK:FB:S5:96	dev	-	--step2-miss-mode efficiency_corrected --bootstrap-member 5 --bootstrap-seed 1405524318
S5-H2S1T24K5-FB96-b6	../../../final_design/configs/S5/S5-H2S1T24K5-FB96.json	574985702e39873c43f4a9d2f5ec00a17f7bf214beaae251ac04c4aaf58967d8	BANK:FB:S5:96	dev	-	--step2-miss-mode efficiency_corrected --bootstrap-member 6 --bootstrap-seed 1405524318
S5-H2S1T24K5-FB97-b1	../../../final_design/configs/S5/S5-H2S1T24K5-FB97.json	431d9a6d39e3b3944f561ff6826413cb479e1461196655be0ebcff3997c70059	BANK:FB:S5:97	dev	-	--step2-miss-mode efficiency_corrected --bootstrap-member 1 --bootstrap-seed 1956015718
S5-H2S1T24K5-FB97-b2	../../../final_design/configs/S5/S5-H2S1T24K5-FB97.json	431d9a6d39e3b3944f561ff6826413cb479e1461196655be0ebcff3997c70059	BANK:FB:S5:97	dev	-	--step2-miss-mode efficiency_corrected --bootstrap-member 2 --bootstrap-seed 1956015718
S5-H2S1T24K5-FB97-b3	../../../final_design/configs/S5/S5-H2S1T24K5-FB97.json	431d9a6d39e3b3944f561ff6826413cb479e1461196655be0ebcff3997c70059	BANK:FB:S5:97	dev	-	--step2-miss-mode efficiency_corrected --bootstrap-member 3 --bootstrap-seed 1956015718
S5-H2S1T24K5-FB97-b4	../../../final_design/configs/S5/S5-H2S1T24K5-FB97.json	431d9a6d39e3b3944f561ff6826413cb479e1461196655be0ebcff3997c70059	BANK:FB:S5:97	dev	-	--step2-miss-mode efficiency_corrected --bootstrap-member 4 --bootstrap-seed 1956015718
S5-H2S1T24K5-FB97-b5	../../../final_design/configs/S5/S5-H2S1T24K5-FB97.json	431d9a6d39e3b3944f561ff6826413cb479e1461196655be0ebcff3997c70059	BANK:FB:S5:97	dev	-	--step2-miss-mode efficiency_corrected --bootstrap-member 5 --bootstrap-seed 1956015718
S5-H2S1T24K5-FB97-b6	../../../final_design/configs/S5/S5-H2S1T24K5-FB97.json	431d9a6d39e3b3944f561ff6826413cb479e1461196655be0ebcff3997c70059	BANK:FB:S5:97	dev	-	--step2-miss-mode efficiency_corrected --bootstrap-member 6 --bootstrap-seed 1956015718
S5-H2S1T24K5-FB98-b1	../../../final_design/configs/S5/S5-H2S1T24K5-FB98.json	bbdc8a7915023489f80f4baf3ded5e65640d6e411627e9d8d16256b2d2cf9f82	BANK:FB:S5:98	dev	-	--step2-miss-mode efficiency_corrected --bootstrap-member 1 --bootstrap-seed 1753524955
S5-H2S1T24K5-FB98-b2	../../../final_design/configs/S5/S5-H2S1T24K5-FB98.json	bbdc8a7915023489f80f4baf3ded5e65640d6e411627e9d8d16256b2d2cf9f82	BANK:FB:S5:98	dev	-	--step2-miss-mode efficiency_corrected --bootstrap-member 2 --bootstrap-seed 1753524955
S5-H2S1T24K5-FB98-b3	../../../final_design/configs/S5/S5-H2S1T24K5-FB98.json	bbdc8a7915023489f80f4baf3ded5e65640d6e411627e9d8d16256b2d2cf9f82	BANK:FB:S5:98	dev	-	--step2-miss-mode efficiency_corrected --bootstrap-member 3 --bootstrap-seed 1753524955
S5-H2S1T24K5-FB98-b4	../../../final_design/configs/S5/S5-H2S1T24K5-FB98.json	bbdc8a7915023489f80f4baf3ded5e65640d6e411627e9d8d16256b2d2cf9f82	BANK:FB:S5:98	dev	-	--step2-miss-mode efficiency_corrected --bootstrap-member 4 --bootstrap-seed 1753524955
S5-H2S1T24K5-FB98-b5	../../../final_design/configs/S5/S5-H2S1T24K5-FB98.json	bbdc8a7915023489f80f4baf3ded5e65640d6e411627e9d8d16256b2d2cf9f82	BANK:FB:S5:98	dev	-	--step2-miss-mode efficiency_corrected --bootstrap-member 5 --bootstrap-seed 1753524955
S5-H2S1T24K5-FB98-b6	../../../final_design/configs/S5/S5-H2S1T24K5-FB98.json	bbdc8a7915023489f80f4baf3ded5e65640d6e411627e9d8d16256b2d2cf9f82	BANK:FB:S5:98	dev	-	--step2-miss-mode efficiency_corrected --bootstrap-member 6 --bootstrap-seed 1753524955
S5-H2S1T24K5-FB99-b1	../../../final_design/configs/S5/S5-H2S1T24K5-FB99.json	195455c86bf4f19414581afbaa14644e51da2c853239fb47885ff68aa635ec1f	BANK:FB:S5:99	dev	-	--step2-miss-mode efficiency_corrected --bootstrap-member 1 --bootstrap-seed 2119428804
S5-H2S1T24K5-FB99-b2	../../../final_design/configs/S5/S5-H2S1T24K5-FB99.json	195455c86bf4f19414581afbaa14644e51da2c853239fb47885ff68aa635ec1f	BANK:FB:S5:99	dev	-	--step2-miss-mode efficiency_corrected --bootstrap-member 2 --bootstrap-seed 2119428804
S5-H2S1T24K5-FB99-b3	../../../final_design/configs/S5/S5-H2S1T24K5-FB99.json	195455c86bf4f19414581afbaa14644e51da2c853239fb47885ff68aa635ec1f	BANK:FB:S5:99	dev	-	--step2-miss-mode efficiency_corrected --bootstrap-member 3 --bootstrap-seed 2119428804
S5-H2S1T24K5-FB99-b4	../../../final_design/configs/S5/S5-H2S1T24K5-FB99.json	195455c86bf4f19414581afbaa14644e51da2c853239fb47885ff68aa635ec1f	BANK:FB:S5:99	dev	-	--step2-miss-mode efficiency_corrected --bootstrap-member 4 --bootstrap-seed 2119428804
S5-H2S1T24K5-FB99-b5	../../../final_design/configs/S5/S5-H2S1T24K5-FB99.json	195455c86bf4f19414581afbaa14644e51da2c853239fb47885ff68aa635ec1f	BANK:FB:S5:99	dev	-	--step2-miss-mode efficiency_corrected --bootstrap-member 5 --bootstrap-seed 2119428804
S5-H2S1T24K5-FB99-b6	../../../final_design/configs/S5/S5-H2S1T24K5-FB99.json	195455c86bf4f19414581afbaa14644e51da2c853239fb47885ff68aa635ec1f	BANK:FB:S5:99	dev	-	--step2-miss-mode efficiency_corrected --bootstrap-member 6 --bootstrap-seed 2119428804
S5-H2S1T24K5-FB100-b1	../../../final_design/configs/S5/S5-H2S1T24K5-FB100.json	41b4f781145c7bf8d9e716ee39f4385d8796d4bb389c69dce2fe6747c5341cba	BANK:FB:S5:100	dev	-	--step2-miss-mode efficiency_corrected --bootstrap-member 1 --bootstrap-seed 1409887316
S5-H2S1T24K5-FB100-b2	../../../final_design/configs/S5/S5-H2S1T24K5-FB100.json	41b4f781145c7bf8d9e716ee39f4385d8796d4bb389c69dce2fe6747c5341cba	BANK:FB:S5:100	dev	-	--step2-miss-mode efficiency_corrected --bootstrap-member 2 --bootstrap-seed 1409887316
S5-H2S1T24K5-FB100-b3	../../../final_design/configs/S5/S5-H2S1T24K5-FB100.json	41b4f781145c7bf8d9e716ee39f4385d8796d4bb389c69dce2fe6747c5341cba	BANK:FB:S5:100	dev	-	--step2-miss-mode efficiency_corrected --bootstrap-member 3 --bootstrap-seed 1409887316
S5-H2S1T24K5-FB100-b4	../../../final_design/configs/S5/S5-H2S1T24K5-FB100.json	41b4f781145c7bf8d9e716ee39f4385d8796d4bb389c69dce2fe6747c5341cba	BANK:FB:S5:100	dev	-	--step2-miss-mode efficiency_corrected --bootstrap-member 4 --bootstrap-seed 1409887316
S5-H2S1T24K5-FB100-b5	../../../final_design/configs/S5/S5-H2S1T24K5-FB100.json	41b4f781145c7bf8d9e716ee39f4385d8796d4bb389c69dce2fe6747c5341cba	BANK:FB:S5:100	dev	-	--step2-miss-mode efficiency_corrected --bootstrap-member 5 --bootstrap-seed 1409887316
S5-H2S1T24K5-FB100-b6	../../../final_design/configs/S5/S5-H2S1T24K5-FB100.json	41b4f781145c7bf8d9e716ee39f4385d8796d4bb389c69dce2fe6747c5341cba	BANK:FB:S5:100	dev	-	--step2-miss-mode efficiency_corrected --bootstrap-member 6 --bootstrap-seed 1409887316
S5-H2S1T24K5-FB101-b1	../../../final_design/configs/S5/S5-H2S1T24K5-FB101.json	a62a9c5e476bd1e8523f3c144ba5e65aca78329bbb213c39ed78211e48d0be23	BANK:FB:S5:101	dev	-	--step2-miss-mode efficiency_corrected --bootstrap-member 1 --bootstrap-seed 689089140
S5-H2S1T24K5-FB101-b2	../../../final_design/configs/S5/S5-H2S1T24K5-FB101.json	a62a9c5e476bd1e8523f3c144ba5e65aca78329bbb213c39ed78211e48d0be23	BANK:FB:S5:101	dev	-	--step2-miss-mode efficiency_corrected --bootstrap-member 2 --bootstrap-seed 689089140
S5-H2S1T24K5-FB101-b3	../../../final_design/configs/S5/S5-H2S1T24K5-FB101.json	a62a9c5e476bd1e8523f3c144ba5e65aca78329bbb213c39ed78211e48d0be23	BANK:FB:S5:101	dev	-	--step2-miss-mode efficiency_corrected --bootstrap-member 3 --bootstrap-seed 689089140
S5-H2S1T24K5-FB101-b4	../../../final_design/configs/S5/S5-H2S1T24K5-FB101.json	a62a9c5e476bd1e8523f3c144ba5e65aca78329bbb213c39ed78211e48d0be23	BANK:FB:S5:101	dev	-	--step2-miss-mode efficiency_corrected --bootstrap-member 4 --bootstrap-seed 689089140
S5-H2S1T24K5-FB101-b5	../../../final_design/configs/S5/S5-H2S1T24K5-FB101.json	a62a9c5e476bd1e8523f3c144ba5e65aca78329bbb213c39ed78211e48d0be23	BANK:FB:S5:101	dev	-	--step2-miss-mode efficiency_corrected --bootstrap-member 5 --bootstrap-seed 689089140
S5-H2S1T24K5-FB101-b6	../../../final_design/configs/S5/S5-H2S1T24K5-FB101.json	a62a9c5e476bd1e8523f3c144ba5e65aca78329bbb213c39ed78211e48d0be23	BANK:FB:S5:101	dev	-	--step2-miss-mode efficiency_corrected --bootstrap-member 6 --bootstrap-seed 689089140
S5-H2S1T24K5-FB102-b1	../../../final_design/configs/S5/S5-H2S1T24K5-FB102.json	cc4d9a825d07d16df512fcddcafb65825ccc6aaacab81b0f0b1268fa4a377a8d	BANK:FB:S5:102	dev	-	--step2-miss-mode efficiency_corrected --bootstrap-member 1 --bootstrap-seed 1913294092
S5-H2S1T24K5-FB102-b2	../../../final_design/configs/S5/S5-H2S1T24K5-FB102.json	cc4d9a825d07d16df512fcddcafb65825ccc6aaacab81b0f0b1268fa4a377a8d	BANK:FB:S5:102	dev	-	--step2-miss-mode efficiency_corrected --bootstrap-member 2 --bootstrap-seed 1913294092
S5-H2S1T24K5-FB102-b3	../../../final_design/configs/S5/S5-H2S1T24K5-FB102.json	cc4d9a825d07d16df512fcddcafb65825ccc6aaacab81b0f0b1268fa4a377a8d	BANK:FB:S5:102	dev	-	--step2-miss-mode efficiency_corrected --bootstrap-member 3 --bootstrap-seed 1913294092
S5-H2S1T24K5-FB102-b4	../../../final_design/configs/S5/S5-H2S1T24K5-FB102.json	cc4d9a825d07d16df512fcddcafb65825ccc6aaacab81b0f0b1268fa4a377a8d	BANK:FB:S5:102	dev	-	--step2-miss-mode efficiency_corrected --bootstrap-member 4 --bootstrap-seed 1913294092
S5-H2S1T24K5-FB102-b5	../../../final_design/configs/S5/S5-H2S1T24K5-FB102.json	cc4d9a825d07d16df512fcddcafb65825ccc6aaacab81b0f0b1268fa4a377a8d	BANK:FB:S5:102	dev	-	--step2-miss-mode efficiency_corrected --bootstrap-member 5 --bootstrap-seed 1913294092
S5-H2S1T24K5-FB102-b6	../../../final_design/configs/S5/S5-H2S1T24K5-FB102.json	cc4d9a825d07d16df512fcddcafb65825ccc6aaacab81b0f0b1268fa4a377a8d	BANK:FB:S5:102	dev	-	--step2-miss-mode efficiency_corrected --bootstrap-member 6 --bootstrap-seed 1913294092
S5-H2S1T24K5-FB103-b1	../../../final_design/configs/S5/S5-H2S1T24K5-FB103.json	cad2359f20fbcbc015e29da0a4440446fd01f83a9d7d3194bdf813a7f18bf5c2	BANK:FB:S5:103	dev	-	--step2-miss-mode efficiency_corrected --bootstrap-member 1 --bootstrap-seed 1941443420
S5-H2S1T24K5-FB103-b2	../../../final_design/configs/S5/S5-H2S1T24K5-FB103.json	cad2359f20fbcbc015e29da0a4440446fd01f83a9d7d3194bdf813a7f18bf5c2	BANK:FB:S5:103	dev	-	--step2-miss-mode efficiency_corrected --bootstrap-member 2 --bootstrap-seed 1941443420
S5-H2S1T24K5-FB103-b3	../../../final_design/configs/S5/S5-H2S1T24K5-FB103.json	cad2359f20fbcbc015e29da0a4440446fd01f83a9d7d3194bdf813a7f18bf5c2	BANK:FB:S5:103	dev	-	--step2-miss-mode efficiency_corrected --bootstrap-member 3 --bootstrap-seed 1941443420
S5-H2S1T24K5-FB103-b4	../../../final_design/configs/S5/S5-H2S1T24K5-FB103.json	cad2359f20fbcbc015e29da0a4440446fd01f83a9d7d3194bdf813a7f18bf5c2	BANK:FB:S5:103	dev	-	--step2-miss-mode efficiency_corrected --bootstrap-member 4 --bootstrap-seed 1941443420
S5-H2S1T24K5-FB103-b5	../../../final_design/configs/S5/S5-H2S1T24K5-FB103.json	cad2359f20fbcbc015e29da0a4440446fd01f83a9d7d3194bdf813a7f18bf5c2	BANK:FB:S5:103	dev	-	--step2-miss-mode efficiency_corrected --bootstrap-member 5 --bootstrap-seed 1941443420
S5-H2S1T24K5-FB103-b6	../../../final_design/configs/S5/S5-H2S1T24K5-FB103.json	cad2359f20fbcbc015e29da0a4440446fd01f83a9d7d3194bdf813a7f18bf5c2	BANK:FB:S5:103	dev	-	--step2-miss-mode efficiency_corrected --bootstrap-member 6 --bootstrap-seed 1941443420
S5-H2S1T24K5-FB104-b1	../../../final_design/configs/S5/S5-H2S1T24K5-FB104.json	eb4cb18e20e6ec80aa706181a601adf5293e8f310d0617331c9537da2cc353a3	BANK:FB:S5:104	dev	-	--step2-miss-mode efficiency_corrected --bootstrap-member 1 --bootstrap-seed 193365148
S5-H2S1T24K5-FB104-b2	../../../final_design/configs/S5/S5-H2S1T24K5-FB104.json	eb4cb18e20e6ec80aa706181a601adf5293e8f310d0617331c9537da2cc353a3	BANK:FB:S5:104	dev	-	--step2-miss-mode efficiency_corrected --bootstrap-member 2 --bootstrap-seed 193365148
S5-H2S1T24K5-FB104-b3	../../../final_design/configs/S5/S5-H2S1T24K5-FB104.json	eb4cb18e20e6ec80aa706181a601adf5293e8f310d0617331c9537da2cc353a3	BANK:FB:S5:104	dev	-	--step2-miss-mode efficiency_corrected --bootstrap-member 3 --bootstrap-seed 193365148
S5-H2S1T24K5-FB104-b4	../../../final_design/configs/S5/S5-H2S1T24K5-FB104.json	eb4cb18e20e6ec80aa706181a601adf5293e8f310d0617331c9537da2cc353a3	BANK:FB:S5:104	dev	-	--step2-miss-mode efficiency_corrected --bootstrap-member 4 --bootstrap-seed 193365148
S5-H2S1T24K5-FB104-b5	../../../final_design/configs/S5/S5-H2S1T24K5-FB104.json	eb4cb18e20e6ec80aa706181a601adf5293e8f310d0617331c9537da2cc353a3	BANK:FB:S5:104	dev	-	--step2-miss-mode efficiency_corrected --bootstrap-member 5 --bootstrap-seed 193365148
S5-H2S1T24K5-FB104-b6	../../../final_design/configs/S5/S5-H2S1T24K5-FB104.json	eb4cb18e20e6ec80aa706181a601adf5293e8f310d0617331c9537da2cc353a3	BANK:FB:S5:104	dev	-	--step2-miss-mode efficiency_corrected --bootstrap-member 6 --bootstrap-seed 193365148
S5-H2S1T24K5-FB105-b1	../../../final_design/configs/S5/S5-H2S1T24K5-FB105.json	c1002f9edd37de17b9790e04ec6f804681c5942b1ebac1739fdcde4f8a2f5af1	BANK:FB:S5:105	dev	-	--step2-miss-mode efficiency_corrected --bootstrap-member 1 --bootstrap-seed 2109153668
S5-H2S1T24K5-FB105-b2	../../../final_design/configs/S5/S5-H2S1T24K5-FB105.json	c1002f9edd37de17b9790e04ec6f804681c5942b1ebac1739fdcde4f8a2f5af1	BANK:FB:S5:105	dev	-	--step2-miss-mode efficiency_corrected --bootstrap-member 2 --bootstrap-seed 2109153668
S5-H2S1T24K5-FB105-b3	../../../final_design/configs/S5/S5-H2S1T24K5-FB105.json	c1002f9edd37de17b9790e04ec6f804681c5942b1ebac1739fdcde4f8a2f5af1	BANK:FB:S5:105	dev	-	--step2-miss-mode efficiency_corrected --bootstrap-member 3 --bootstrap-seed 2109153668
S5-H2S1T24K5-FB105-b4	../../../final_design/configs/S5/S5-H2S1T24K5-FB105.json	c1002f9edd37de17b9790e04ec6f804681c5942b1ebac1739fdcde4f8a2f5af1	BANK:FB:S5:105	dev	-	--step2-miss-mode efficiency_corrected --bootstrap-member 4 --bootstrap-seed 2109153668
S5-H2S1T24K5-FB105-b5	../../../final_design/configs/S5/S5-H2S1T24K5-FB105.json	c1002f9edd37de17b9790e04ec6f804681c5942b1ebac1739fdcde4f8a2f5af1	BANK:FB:S5:105	dev	-	--step2-miss-mode efficiency_corrected --bootstrap-member 5 --bootstrap-seed 2109153668
S5-H2S1T24K5-FB105-b6	../../../final_design/configs/S5/S5-H2S1T24K5-FB105.json	c1002f9edd37de17b9790e04ec6f804681c5942b1ebac1739fdcde4f8a2f5af1	BANK:FB:S5:105	dev	-	--step2-miss-mode efficiency_corrected --bootstrap-member 6 --bootstrap-seed 2109153668
S5-H2S1T24K5-FB106-b1	../../../final_design/configs/S5/S5-H2S1T24K5-FB106.json	dccc8350d569e5af18fcbd0d2dcadbd75c9863907db03ef1e0bde55c2f325c8b	BANK:FB:S5:106	dev	-	--step2-miss-mode efficiency_corrected --bootstrap-member 1 --bootstrap-seed 967820600
S5-H2S1T24K5-FB106-b2	../../../final_design/configs/S5/S5-H2S1T24K5-FB106.json	dccc8350d569e5af18fcbd0d2dcadbd75c9863907db03ef1e0bde55c2f325c8b	BANK:FB:S5:106	dev	-	--step2-miss-mode efficiency_corrected --bootstrap-member 2 --bootstrap-seed 967820600
S5-H2S1T24K5-FB106-b3	../../../final_design/configs/S5/S5-H2S1T24K5-FB106.json	dccc8350d569e5af18fcbd0d2dcadbd75c9863907db03ef1e0bde55c2f325c8b	BANK:FB:S5:106	dev	-	--step2-miss-mode efficiency_corrected --bootstrap-member 3 --bootstrap-seed 967820600
S5-H2S1T24K5-FB106-b4	../../../final_design/configs/S5/S5-H2S1T24K5-FB106.json	dccc8350d569e5af18fcbd0d2dcadbd75c9863907db03ef1e0bde55c2f325c8b	BANK:FB:S5:106	dev	-	--step2-miss-mode efficiency_corrected --bootstrap-member 4 --bootstrap-seed 967820600
S5-H2S1T24K5-FB106-b5	../../../final_design/configs/S5/S5-H2S1T24K5-FB106.json	dccc8350d569e5af18fcbd0d2dcadbd75c9863907db03ef1e0bde55c2f325c8b	BANK:FB:S5:106	dev	-	--step2-miss-mode efficiency_corrected --bootstrap-member 5 --bootstrap-seed 967820600
S5-H2S1T24K5-FB106-b6	../../../final_design/configs/S5/S5-H2S1T24K5-FB106.json	dccc8350d569e5af18fcbd0d2dcadbd75c9863907db03ef1e0bde55c2f325c8b	BANK:FB:S5:106	dev	-	--step2-miss-mode efficiency_corrected --bootstrap-member 6 --bootstrap-seed 967820600
S5-H2S1T24K5-FB107-b1	../../../final_design/configs/S5/S5-H2S1T24K5-FB107.json	457ecb902cc5ef479dfad834ef72706bbf1f9c29e49158b87c103dcddb3b5142	BANK:FB:S5:107	dev	-	--step2-miss-mode efficiency_corrected --bootstrap-member 1 --bootstrap-seed 2052335532
S5-H2S1T24K5-FB107-b2	../../../final_design/configs/S5/S5-H2S1T24K5-FB107.json	457ecb902cc5ef479dfad834ef72706bbf1f9c29e49158b87c103dcddb3b5142	BANK:FB:S5:107	dev	-	--step2-miss-mode efficiency_corrected --bootstrap-member 2 --bootstrap-seed 2052335532
S5-H2S1T24K5-FB107-b3	../../../final_design/configs/S5/S5-H2S1T24K5-FB107.json	457ecb902cc5ef479dfad834ef72706bbf1f9c29e49158b87c103dcddb3b5142	BANK:FB:S5:107	dev	-	--step2-miss-mode efficiency_corrected --bootstrap-member 3 --bootstrap-seed 2052335532
S5-H2S1T24K5-FB107-b4	../../../final_design/configs/S5/S5-H2S1T24K5-FB107.json	457ecb902cc5ef479dfad834ef72706bbf1f9c29e49158b87c103dcddb3b5142	BANK:FB:S5:107	dev	-	--step2-miss-mode efficiency_corrected --bootstrap-member 4 --bootstrap-seed 2052335532
S5-H2S1T24K5-FB107-b5	../../../final_design/configs/S5/S5-H2S1T24K5-FB107.json	457ecb902cc5ef479dfad834ef72706bbf1f9c29e49158b87c103dcddb3b5142	BANK:FB:S5:107	dev	-	--step2-miss-mode efficiency_corrected --bootstrap-member 5 --bootstrap-seed 2052335532
S5-H2S1T24K5-FB107-b6	../../../final_design/configs/S5/S5-H2S1T24K5-FB107.json	457ecb902cc5ef479dfad834ef72706bbf1f9c29e49158b87c103dcddb3b5142	BANK:FB:S5:107	dev	-	--step2-miss-mode efficiency_corrected --bootstrap-member 6 --bootstrap-seed 2052335532
S5-H2S1T24K5-FB108-b1	../../../final_design/configs/S5/S5-H2S1T24K5-FB108.json	c5f2ba5de6e4d5508db1ebe1cccfb7bdd56614e65ab3c6367cc8a55a9f0f7fe0	BANK:FB:S5:108	dev	-	--step2-miss-mode efficiency_corrected --bootstrap-member 1 --bootstrap-seed 49473665
S5-H2S1T24K5-FB108-b2	../../../final_design/configs/S5/S5-H2S1T24K5-FB108.json	c5f2ba5de6e4d5508db1ebe1cccfb7bdd56614e65ab3c6367cc8a55a9f0f7fe0	BANK:FB:S5:108	dev	-	--step2-miss-mode efficiency_corrected --bootstrap-member 2 --bootstrap-seed 49473665
S5-H2S1T24K5-FB108-b3	../../../final_design/configs/S5/S5-H2S1T24K5-FB108.json	c5f2ba5de6e4d5508db1ebe1cccfb7bdd56614e65ab3c6367cc8a55a9f0f7fe0	BANK:FB:S5:108	dev	-	--step2-miss-mode efficiency_corrected --bootstrap-member 3 --bootstrap-seed 49473665
S5-H2S1T24K5-FB108-b4	../../../final_design/configs/S5/S5-H2S1T24K5-FB108.json	c5f2ba5de6e4d5508db1ebe1cccfb7bdd56614e65ab3c6367cc8a55a9f0f7fe0	BANK:FB:S5:108	dev	-	--step2-miss-mode efficiency_corrected --bootstrap-member 4 --bootstrap-seed 49473665
S5-H2S1T24K5-FB108-b5	../../../final_design/configs/S5/S5-H2S1T24K5-FB108.json	c5f2ba5de6e4d5508db1ebe1cccfb7bdd56614e65ab3c6367cc8a55a9f0f7fe0	BANK:FB:S5:108	dev	-	--step2-miss-mode efficiency_corrected --bootstrap-member 5 --bootstrap-seed 49473665
S5-H2S1T24K5-FB108-b6	../../../final_design/configs/S5/S5-H2S1T24K5-FB108.json	c5f2ba5de6e4d5508db1ebe1cccfb7bdd56614e65ab3c6367cc8a55a9f0f7fe0	BANK:FB:S5:108	dev	-	--step2-miss-mode efficiency_corrected --bootstrap-member 6 --bootstrap-seed 49473665
S5-H2S1T24K5-FB109-b1	../../../final_design/configs/S5/S5-H2S1T24K5-FB109.json	44e85a996db42aa4de0dc2cf745f81d0d62d5bc476fbc79d54c5da6d3286f38f	BANK:FB:S5:109	dev	-	--step2-miss-mode efficiency_corrected --bootstrap-member 1 --bootstrap-seed 703790687
S5-H2S1T24K5-FB109-b2	../../../final_design/configs/S5/S5-H2S1T24K5-FB109.json	44e85a996db42aa4de0dc2cf745f81d0d62d5bc476fbc79d54c5da6d3286f38f	BANK:FB:S5:109	dev	-	--step2-miss-mode efficiency_corrected --bootstrap-member 2 --bootstrap-seed 703790687
S5-H2S1T24K5-FB109-b3	../../../final_design/configs/S5/S5-H2S1T24K5-FB109.json	44e85a996db42aa4de0dc2cf745f81d0d62d5bc476fbc79d54c5da6d3286f38f	BANK:FB:S5:109	dev	-	--step2-miss-mode efficiency_corrected --bootstrap-member 3 --bootstrap-seed 703790687
S5-H2S1T24K5-FB109-b4	../../../final_design/configs/S5/S5-H2S1T24K5-FB109.json	44e85a996db42aa4de0dc2cf745f81d0d62d5bc476fbc79d54c5da6d3286f38f	BANK:FB:S5:109	dev	-	--step2-miss-mode efficiency_corrected --bootstrap-member 4 --bootstrap-seed 703790687
S5-H2S1T24K5-FB109-b5	../../../final_design/configs/S5/S5-H2S1T24K5-FB109.json	44e85a996db42aa4de0dc2cf745f81d0d62d5bc476fbc79d54c5da6d3286f38f	BANK:FB:S5:109	dev	-	--step2-miss-mode efficiency_corrected --bootstrap-member 5 --bootstrap-seed 703790687
S5-H2S1T24K5-FB109-b6	../../../final_design/configs/S5/S5-H2S1T24K5-FB109.json	44e85a996db42aa4de0dc2cf745f81d0d62d5bc476fbc79d54c5da6d3286f38f	BANK:FB:S5:109	dev	-	--step2-miss-mode efficiency_corrected --bootstrap-member 6 --bootstrap-seed 703790687
S5-H2S1T24K5-FB110-b1	../../../final_design/configs/S5/S5-H2S1T24K5-FB110.json	172bb86e0e1f7f95cb6dae8041a50e60d348c15c276a22fe687ad43915f79962	BANK:FB:S5:110	dev	-	--step2-miss-mode efficiency_corrected --bootstrap-member 1 --bootstrap-seed 1836984716
S5-H2S1T24K5-FB110-b2	../../../final_design/configs/S5/S5-H2S1T24K5-FB110.json	172bb86e0e1f7f95cb6dae8041a50e60d348c15c276a22fe687ad43915f79962	BANK:FB:S5:110	dev	-	--step2-miss-mode efficiency_corrected --bootstrap-member 2 --bootstrap-seed 1836984716
S5-H2S1T24K5-FB110-b3	../../../final_design/configs/S5/S5-H2S1T24K5-FB110.json	172bb86e0e1f7f95cb6dae8041a50e60d348c15c276a22fe687ad43915f79962	BANK:FB:S5:110	dev	-	--step2-miss-mode efficiency_corrected --bootstrap-member 3 --bootstrap-seed 1836984716
S5-H2S1T24K5-FB110-b4	../../../final_design/configs/S5/S5-H2S1T24K5-FB110.json	172bb86e0e1f7f95cb6dae8041a50e60d348c15c276a22fe687ad43915f79962	BANK:FB:S5:110	dev	-	--step2-miss-mode efficiency_corrected --bootstrap-member 4 --bootstrap-seed 1836984716
S5-H2S1T24K5-FB110-b5	../../../final_design/configs/S5/S5-H2S1T24K5-FB110.json	172bb86e0e1f7f95cb6dae8041a50e60d348c15c276a22fe687ad43915f79962	BANK:FB:S5:110	dev	-	--step2-miss-mode efficiency_corrected --bootstrap-member 5 --bootstrap-seed 1836984716
S5-H2S1T24K5-FB110-b6	../../../final_design/configs/S5/S5-H2S1T24K5-FB110.json	172bb86e0e1f7f95cb6dae8041a50e60d348c15c276a22fe687ad43915f79962	BANK:FB:S5:110	dev	-	--step2-miss-mode efficiency_corrected --bootstrap-member 6 --bootstrap-seed 1836984716
S5-H2S1T24K5-FB111-b1	../../../final_design/configs/S5/S5-H2S1T24K5-FB111.json	c25097cd93960d6e814647f203f137f6031854623cdc953580a6ba18e9017a2f	BANK:FB:S5:111	dev	-	--step2-miss-mode efficiency_corrected --bootstrap-member 1 --bootstrap-seed 1824691923
S5-H2S1T24K5-FB111-b2	../../../final_design/configs/S5/S5-H2S1T24K5-FB111.json	c25097cd93960d6e814647f203f137f6031854623cdc953580a6ba18e9017a2f	BANK:FB:S5:111	dev	-	--step2-miss-mode efficiency_corrected --bootstrap-member 2 --bootstrap-seed 1824691923
S5-H2S1T24K5-FB111-b3	../../../final_design/configs/S5/S5-H2S1T24K5-FB111.json	c25097cd93960d6e814647f203f137f6031854623cdc953580a6ba18e9017a2f	BANK:FB:S5:111	dev	-	--step2-miss-mode efficiency_corrected --bootstrap-member 3 --bootstrap-seed 1824691923
S5-H2S1T24K5-FB111-b4	../../../final_design/configs/S5/S5-H2S1T24K5-FB111.json	c25097cd93960d6e814647f203f137f6031854623cdc953580a6ba18e9017a2f	BANK:FB:S5:111	dev	-	--step2-miss-mode efficiency_corrected --bootstrap-member 4 --bootstrap-seed 1824691923
S5-H2S1T24K5-FB111-b5	../../../final_design/configs/S5/S5-H2S1T24K5-FB111.json	c25097cd93960d6e814647f203f137f6031854623cdc953580a6ba18e9017a2f	BANK:FB:S5:111	dev	-	--step2-miss-mode efficiency_corrected --bootstrap-member 5 --bootstrap-seed 1824691923
S5-H2S1T24K5-FB111-b6	../../../final_design/configs/S5/S5-H2S1T24K5-FB111.json	c25097cd93960d6e814647f203f137f6031854623cdc953580a6ba18e9017a2f	BANK:FB:S5:111	dev	-	--step2-miss-mode efficiency_corrected --bootstrap-member 6 --bootstrap-seed 1824691923
S5-H2S1T24K5-FB112-b1	../../../final_design/configs/S5/S5-H2S1T24K5-FB112.json	47f6417543fc0bb7b88a930a30ba050a3bd4a14989fbad4580bbcc44a181425c	BANK:FB:S5:112	dev	-	--step2-miss-mode efficiency_corrected --bootstrap-member 1 --bootstrap-seed 586457242
S5-H2S1T24K5-FB112-b2	../../../final_design/configs/S5/S5-H2S1T24K5-FB112.json	47f6417543fc0bb7b88a930a30ba050a3bd4a14989fbad4580bbcc44a181425c	BANK:FB:S5:112	dev	-	--step2-miss-mode efficiency_corrected --bootstrap-member 2 --bootstrap-seed 586457242
S5-H2S1T24K5-FB112-b3	../../../final_design/configs/S5/S5-H2S1T24K5-FB112.json	47f6417543fc0bb7b88a930a30ba050a3bd4a14989fbad4580bbcc44a181425c	BANK:FB:S5:112	dev	-	--step2-miss-mode efficiency_corrected --bootstrap-member 3 --bootstrap-seed 586457242
S5-H2S1T24K5-FB112-b4	../../../final_design/configs/S5/S5-H2S1T24K5-FB112.json	47f6417543fc0bb7b88a930a30ba050a3bd4a14989fbad4580bbcc44a181425c	BANK:FB:S5:112	dev	-	--step2-miss-mode efficiency_corrected --bootstrap-member 4 --bootstrap-seed 586457242
S5-H2S1T24K5-FB112-b5	../../../final_design/configs/S5/S5-H2S1T24K5-FB112.json	47f6417543fc0bb7b88a930a30ba050a3bd4a14989fbad4580bbcc44a181425c	BANK:FB:S5:112	dev	-	--step2-miss-mode efficiency_corrected --bootstrap-member 5 --bootstrap-seed 586457242
S5-H2S1T24K5-FB112-b6	../../../final_design/configs/S5/S5-H2S1T24K5-FB112.json	47f6417543fc0bb7b88a930a30ba050a3bd4a14989fbad4580bbcc44a181425c	BANK:FB:S5:112	dev	-	--step2-miss-mode efficiency_corrected --bootstrap-member 6 --bootstrap-seed 586457242
S5-H2S1T24K5-FB113-b1	../../../final_design/configs/S5/S5-H2S1T24K5-FB113.json	825adf531d79059979f6e796fa19fd81b424d1d9876f6a95675c90ab73749aeb	BANK:FB:S5:113	dev	-	--step2-miss-mode efficiency_corrected --bootstrap-member 1 --bootstrap-seed 695134870
S5-H2S1T24K5-FB113-b2	../../../final_design/configs/S5/S5-H2S1T24K5-FB113.json	825adf531d79059979f6e796fa19fd81b424d1d9876f6a95675c90ab73749aeb	BANK:FB:S5:113	dev	-	--step2-miss-mode efficiency_corrected --bootstrap-member 2 --bootstrap-seed 695134870
S5-H2S1T24K5-FB113-b3	../../../final_design/configs/S5/S5-H2S1T24K5-FB113.json	825adf531d79059979f6e796fa19fd81b424d1d9876f6a95675c90ab73749aeb	BANK:FB:S5:113	dev	-	--step2-miss-mode efficiency_corrected --bootstrap-member 3 --bootstrap-seed 695134870
S5-H2S1T24K5-FB113-b4	../../../final_design/configs/S5/S5-H2S1T24K5-FB113.json	825adf531d79059979f6e796fa19fd81b424d1d9876f6a95675c90ab73749aeb	BANK:FB:S5:113	dev	-	--step2-miss-mode efficiency_corrected --bootstrap-member 4 --bootstrap-seed 695134870
S5-H2S1T24K5-FB113-b5	../../../final_design/configs/S5/S5-H2S1T24K5-FB113.json	825adf531d79059979f6e796fa19fd81b424d1d9876f6a95675c90ab73749aeb	BANK:FB:S5:113	dev	-	--step2-miss-mode efficiency_corrected --bootstrap-member 5 --bootstrap-seed 695134870
S5-H2S1T24K5-FB113-b6	../../../final_design/configs/S5/S5-H2S1T24K5-FB113.json	825adf531d79059979f6e796fa19fd81b424d1d9876f6a95675c90ab73749aeb	BANK:FB:S5:113	dev	-	--step2-miss-mode efficiency_corrected --bootstrap-member 6 --bootstrap-seed 695134870
S5-H2S1T24K5-FB114-b1	../../../final_design/configs/S5/S5-H2S1T24K5-FB114.json	62560dbede3eadf05d402c3c7a5cd50a88b8c34b4e8a9ef7cde8b731106bd707	BANK:FB:S5:114	dev	-	--step2-miss-mode efficiency_corrected --bootstrap-member 1 --bootstrap-seed 260584095
S5-H2S1T24K5-FB114-b2	../../../final_design/configs/S5/S5-H2S1T24K5-FB114.json	62560dbede3eadf05d402c3c7a5cd50a88b8c34b4e8a9ef7cde8b731106bd707	BANK:FB:S5:114	dev	-	--step2-miss-mode efficiency_corrected --bootstrap-member 2 --bootstrap-seed 260584095
S5-H2S1T24K5-FB114-b3	../../../final_design/configs/S5/S5-H2S1T24K5-FB114.json	62560dbede3eadf05d402c3c7a5cd50a88b8c34b4e8a9ef7cde8b731106bd707	BANK:FB:S5:114	dev	-	--step2-miss-mode efficiency_corrected --bootstrap-member 3 --bootstrap-seed 260584095
S5-H2S1T24K5-FB114-b4	../../../final_design/configs/S5/S5-H2S1T24K5-FB114.json	62560dbede3eadf05d402c3c7a5cd50a88b8c34b4e8a9ef7cde8b731106bd707	BANK:FB:S5:114	dev	-	--step2-miss-mode efficiency_corrected --bootstrap-member 4 --bootstrap-seed 260584095
S5-H2S1T24K5-FB114-b5	../../../final_design/configs/S5/S5-H2S1T24K5-FB114.json	62560dbede3eadf05d402c3c7a5cd50a88b8c34b4e8a9ef7cde8b731106bd707	BANK:FB:S5:114	dev	-	--step2-miss-mode efficiency_corrected --bootstrap-member 5 --bootstrap-seed 260584095
S5-H2S1T24K5-FB114-b6	../../../final_design/configs/S5/S5-H2S1T24K5-FB114.json	62560dbede3eadf05d402c3c7a5cd50a88b8c34b4e8a9ef7cde8b731106bd707	BANK:FB:S5:114	dev	-	--step2-miss-mode efficiency_corrected --bootstrap-member 6 --bootstrap-seed 260584095
S5-H2S1T24K5-FB115-b1	../../../final_design/configs/S5/S5-H2S1T24K5-FB115.json	b201623d9eb36bd8927abf83d7cebedc9d14c5f1500bfb06fef875e3a905df24	BANK:FB:S5:115	dev	-	--step2-miss-mode efficiency_corrected --bootstrap-member 1 --bootstrap-seed 1647525668
S5-H2S1T24K5-FB115-b2	../../../final_design/configs/S5/S5-H2S1T24K5-FB115.json	b201623d9eb36bd8927abf83d7cebedc9d14c5f1500bfb06fef875e3a905df24	BANK:FB:S5:115	dev	-	--step2-miss-mode efficiency_corrected --bootstrap-member 2 --bootstrap-seed 1647525668
S5-H2S1T24K5-FB115-b3	../../../final_design/configs/S5/S5-H2S1T24K5-FB115.json	b201623d9eb36bd8927abf83d7cebedc9d14c5f1500bfb06fef875e3a905df24	BANK:FB:S5:115	dev	-	--step2-miss-mode efficiency_corrected --bootstrap-member 3 --bootstrap-seed 1647525668
S5-H2S1T24K5-FB115-b4	../../../final_design/configs/S5/S5-H2S1T24K5-FB115.json	b201623d9eb36bd8927abf83d7cebedc9d14c5f1500bfb06fef875e3a905df24	BANK:FB:S5:115	dev	-	--step2-miss-mode efficiency_corrected --bootstrap-member 4 --bootstrap-seed 1647525668
S5-H2S1T24K5-FB115-b5	../../../final_design/configs/S5/S5-H2S1T24K5-FB115.json	b201623d9eb36bd8927abf83d7cebedc9d14c5f1500bfb06fef875e3a905df24	BANK:FB:S5:115	dev	-	--step2-miss-mode efficiency_corrected --bootstrap-member 5 --bootstrap-seed 1647525668
S5-H2S1T24K5-FB115-b6	../../../final_design/configs/S5/S5-H2S1T24K5-FB115.json	b201623d9eb36bd8927abf83d7cebedc9d14c5f1500bfb06fef875e3a905df24	BANK:FB:S5:115	dev	-	--step2-miss-mode efficiency_corrected --bootstrap-member 6 --bootstrap-seed 1647525668
S5-H2S1T24K5-FB116-b1	../../../final_design/configs/S5/S5-H2S1T24K5-FB116.json	5628b45c27287eaa553bee73033352d8da199c4a237653c8f7b5e30d1840a262	BANK:FB:S5:116	dev	-	--step2-miss-mode efficiency_corrected --bootstrap-member 1 --bootstrap-seed 1420932666
S5-H2S1T24K5-FB116-b2	../../../final_design/configs/S5/S5-H2S1T24K5-FB116.json	5628b45c27287eaa553bee73033352d8da199c4a237653c8f7b5e30d1840a262	BANK:FB:S5:116	dev	-	--step2-miss-mode efficiency_corrected --bootstrap-member 2 --bootstrap-seed 1420932666
S5-H2S1T24K5-FB116-b3	../../../final_design/configs/S5/S5-H2S1T24K5-FB116.json	5628b45c27287eaa553bee73033352d8da199c4a237653c8f7b5e30d1840a262	BANK:FB:S5:116	dev	-	--step2-miss-mode efficiency_corrected --bootstrap-member 3 --bootstrap-seed 1420932666
S5-H2S1T24K5-FB116-b4	../../../final_design/configs/S5/S5-H2S1T24K5-FB116.json	5628b45c27287eaa553bee73033352d8da199c4a237653c8f7b5e30d1840a262	BANK:FB:S5:116	dev	-	--step2-miss-mode efficiency_corrected --bootstrap-member 4 --bootstrap-seed 1420932666
S5-H2S1T24K5-FB116-b5	../../../final_design/configs/S5/S5-H2S1T24K5-FB116.json	5628b45c27287eaa553bee73033352d8da199c4a237653c8f7b5e30d1840a262	BANK:FB:S5:116	dev	-	--step2-miss-mode efficiency_corrected --bootstrap-member 5 --bootstrap-seed 1420932666
S5-H2S1T24K5-FB116-b6	../../../final_design/configs/S5/S5-H2S1T24K5-FB116.json	5628b45c27287eaa553bee73033352d8da199c4a237653c8f7b5e30d1840a262	BANK:FB:S5:116	dev	-	--step2-miss-mode efficiency_corrected --bootstrap-member 6 --bootstrap-seed 1420932666
S5-H2S1T24K5-FB117-b1	../../../final_design/configs/S5/S5-H2S1T24K5-FB117.json	5dda8bddcae3a81dbdc220bd5e504b96e450488532478e49f0fec9a5ca8c6022	BANK:FB:S5:117	dev	-	--step2-miss-mode efficiency_corrected --bootstrap-member 1 --bootstrap-seed 778748463
S5-H2S1T24K5-FB117-b2	../../../final_design/configs/S5/S5-H2S1T24K5-FB117.json	5dda8bddcae3a81dbdc220bd5e504b96e450488532478e49f0fec9a5ca8c6022	BANK:FB:S5:117	dev	-	--step2-miss-mode efficiency_corrected --bootstrap-member 2 --bootstrap-seed 778748463
S5-H2S1T24K5-FB117-b3	../../../final_design/configs/S5/S5-H2S1T24K5-FB117.json	5dda8bddcae3a81dbdc220bd5e504b96e450488532478e49f0fec9a5ca8c6022	BANK:FB:S5:117	dev	-	--step2-miss-mode efficiency_corrected --bootstrap-member 3 --bootstrap-seed 778748463
S5-H2S1T24K5-FB117-b4	../../../final_design/configs/S5/S5-H2S1T24K5-FB117.json	5dda8bddcae3a81dbdc220bd5e504b96e450488532478e49f0fec9a5ca8c6022	BANK:FB:S5:117	dev	-	--step2-miss-mode efficiency_corrected --bootstrap-member 4 --bootstrap-seed 778748463
S5-H2S1T24K5-FB117-b5	../../../final_design/configs/S5/S5-H2S1T24K5-FB117.json	5dda8bddcae3a81dbdc220bd5e504b96e450488532478e49f0fec9a5ca8c6022	BANK:FB:S5:117	dev	-	--step2-miss-mode efficiency_corrected --bootstrap-member 5 --bootstrap-seed 778748463
S5-H2S1T24K5-FB117-b6	../../../final_design/configs/S5/S5-H2S1T24K5-FB117.json	5dda8bddcae3a81dbdc220bd5e504b96e450488532478e49f0fec9a5ca8c6022	BANK:FB:S5:117	dev	-	--step2-miss-mode efficiency_corrected --bootstrap-member 6 --bootstrap-seed 778748463
S5-H2S1T24K5-FB118-b1	../../../final_design/configs/S5/S5-H2S1T24K5-FB118.json	95a01de07db4a2a4ab0f822b0d1a19baeec9bea501dbed73d0e13a26c1079d73	BANK:FB:S5:118	dev	-	--step2-miss-mode efficiency_corrected --bootstrap-member 1 --bootstrap-seed 784212768
S5-H2S1T24K5-FB118-b2	../../../final_design/configs/S5/S5-H2S1T24K5-FB118.json	95a01de07db4a2a4ab0f822b0d1a19baeec9bea501dbed73d0e13a26c1079d73	BANK:FB:S5:118	dev	-	--step2-miss-mode efficiency_corrected --bootstrap-member 2 --bootstrap-seed 784212768
S5-H2S1T24K5-FB118-b3	../../../final_design/configs/S5/S5-H2S1T24K5-FB118.json	95a01de07db4a2a4ab0f822b0d1a19baeec9bea501dbed73d0e13a26c1079d73	BANK:FB:S5:118	dev	-	--step2-miss-mode efficiency_corrected --bootstrap-member 3 --bootstrap-seed 784212768
S5-H2S1T24K5-FB118-b4	../../../final_design/configs/S5/S5-H2S1T24K5-FB118.json	95a01de07db4a2a4ab0f822b0d1a19baeec9bea501dbed73d0e13a26c1079d73	BANK:FB:S5:118	dev	-	--step2-miss-mode efficiency_corrected --bootstrap-member 4 --bootstrap-seed 784212768
S5-H2S1T24K5-FB118-b5	../../../final_design/configs/S5/S5-H2S1T24K5-FB118.json	95a01de07db4a2a4ab0f822b0d1a19baeec9bea501dbed73d0e13a26c1079d73	BANK:FB:S5:118	dev	-	--step2-miss-mode efficiency_corrected --bootstrap-member 5 --bootstrap-seed 784212768
S5-H2S1T24K5-FB118-b6	../../../final_design/configs/S5/S5-H2S1T24K5-FB118.json	95a01de07db4a2a4ab0f822b0d1a19baeec9bea501dbed73d0e13a26c1079d73	BANK:FB:S5:118	dev	-	--step2-miss-mode efficiency_corrected --bootstrap-member 6 --bootstrap-seed 784212768
S5-H2S1T24K5-FB119-b1	../../../final_design/configs/S5/S5-H2S1T24K5-FB119.json	d2996715f796835d381c60518c88ebf3a118ba6b11dae809f16b1c4ddc2e44a6	BANK:FB:S5:119	dev	-	--step2-miss-mode efficiency_corrected --bootstrap-member 1 --bootstrap-seed 814235289
S5-H2S1T24K5-FB119-b2	../../../final_design/configs/S5/S5-H2S1T24K5-FB119.json	d2996715f796835d381c60518c88ebf3a118ba6b11dae809f16b1c4ddc2e44a6	BANK:FB:S5:119	dev	-	--step2-miss-mode efficiency_corrected --bootstrap-member 2 --bootstrap-seed 814235289
S5-H2S1T24K5-FB119-b3	../../../final_design/configs/S5/S5-H2S1T24K5-FB119.json	d2996715f796835d381c60518c88ebf3a118ba6b11dae809f16b1c4ddc2e44a6	BANK:FB:S5:119	dev	-	--step2-miss-mode efficiency_corrected --bootstrap-member 3 --bootstrap-seed 814235289
S5-H2S1T24K5-FB119-b4	../../../final_design/configs/S5/S5-H2S1T24K5-FB119.json	d2996715f796835d381c60518c88ebf3a118ba6b11dae809f16b1c4ddc2e44a6	BANK:FB:S5:119	dev	-	--step2-miss-mode efficiency_corrected --bootstrap-member 4 --bootstrap-seed 814235289
S5-H2S1T24K5-FB119-b5	../../../final_design/configs/S5/S5-H2S1T24K5-FB119.json	d2996715f796835d381c60518c88ebf3a118ba6b11dae809f16b1c4ddc2e44a6	BANK:FB:S5:119	dev	-	--step2-miss-mode efficiency_corrected --bootstrap-member 5 --bootstrap-seed 814235289
S5-H2S1T24K5-FB119-b6	../../../final_design/configs/S5/S5-H2S1T24K5-FB119.json	d2996715f796835d381c60518c88ebf3a118ba6b11dae809f16b1c4ddc2e44a6	BANK:FB:S5:119	dev	-	--step2-miss-mode efficiency_corrected --bootstrap-member 6 --bootstrap-seed 814235289
