49	Data/Playlist1A/MasterAnaDev_data_AnaTuple_run00006038_Playlist.root
53	Data/Playlist1A/MasterAnaDev_data_AnaTuple_run00006039_Playlist.root
70	Data/Playlist1A/MasterAnaDev_data_AnaTuple_run00006040_Playlist.root
84	Data/Playlist1A/MasterAnaDev_data_AnaTuple_run00006041_Playlist.root
102	Data/Playlist1A/MasterAnaDev_data_AnaTuple_run00006042_Playlist.root
138	Data/Playlist1A/MasterAnaDev_data_AnaTuple_run00006043_Playlist.root
157	Data/Playlist1A/MasterAnaDev_data_AnaTuple_run00006044_Playlist.root
165	Data/Playlist1A/MasterAnaDev_data_AnaTuple_run00006045_Playlist.root
181	Data/Playlist1A/MasterAnaDev_data_AnaTuple_run00006046_Playlist.root
195	Data/Playlist1A/MasterAnaDev_data_AnaTuple_run00006047_Playlist.root
201	Data/Playlist1A/MasterAnaDev_data_AnaTuple_run00006048_Playlist.root
220	Data/Playlist1A/MasterAnaDev_data_AnaTuple_run00006051_Playlist.root
228	Data/Playlist1A/MasterAnaDev_data_AnaTuple_run00006052_Playlist.root
236	Data/Playlist1A/MasterAnaDev_data_AnaTuple_run00006057_Playlist.root
264	Data/Playlist1A/MasterAnaDev_data_AnaTuple_run00006058_Playlist.root
290	Data/Playlist1A/MasterAnaDev_data_AnaTuple_run00006059_Playlist.root
284	Data/Playlist1A/MasterAnaDev_data_AnaTuple_run00006060_Playlist.root
275	Data/Playlist1A/MasterAnaDev_data_AnaTuple_run00006061_Playlist.root
293	Data/Playlist1A/MasterAnaDev_data_AnaTuple_run00006062_Playlist.root
346	Data/Playlist1A/MasterAnaDev_data_AnaTuple_run00006063_Playlist.root
349	Data/Playlist1A/MasterAnaDev_data_AnaTuple_run00006064_Playlist.root
367	Data/Playlist1A/MasterAnaDev_data_AnaTuple_run00006065_Playlist.root
5	Data/Playlist1A/MasterAnaDev_data_AnaTuple_run00006066_Playlist.root
16	Data/Playlist1A/MasterAnaDev_data_AnaTuple_run00006067_Playlist.root
30	Data/Playlist1A/MasterAnaDev_data_AnaTuple_run00006068_Playlist.root
38	Data/Playlist1A/MasterAnaDev_data_AnaTuple_run00006069_Playlist.root
48	Data/Playlist1A/MasterAnaDev_data_AnaTuple_run00006070_Playlist.root
233	Data/Playlist1A/MasterAnaDev_data_AnaTuple_run00006071_Playlist.root
240	Data/Playlist1A/MasterAnaDev_data_AnaTuple_run00006072_Playlist.root
242	Data/Playlist1A/MasterAnaDev_data_AnaTuple_run00006073_Playlist.root
247	Data/Playlist1A/MasterAnaDev_data_AnaTuple_run00006074_Playlist.root
336	Data/Playlist1A/MasterAnaDev_data_AnaTuple_run00006075_Playlist.root
313	Data/Playlist1A/MasterAnaDev_data_AnaTuple_run00006076_Playlist.root
311	Data/Playlist1A/MasterAnaDev_data_AnaTuple_run00006077_Playlist.root
43	Data/Playlist1A/MasterAnaDev_data_AnaTuple_run00006078_Playlist.root
55	Data/Playlist1A/MasterAnaDev_data_AnaTuple_run00006079_Playlist.root
62	Data/Playlist1A/MasterAnaDev_data_AnaTuple_run00006080_Playlist.root
74	Data/Playlist1A/MasterAnaDev_data_AnaTuple_run00006081_Playlist.root
89	Data/Playlist1A/MasterAnaDev_data_AnaTuple_run00006082_Playlist.root
131	Data/Playlist1A/MasterAnaDev_data_AnaTuple_run00006083_Playlist.root
154	Data/Playlist1A/MasterAnaDev_data_AnaTuple_run00006084_Playlist.root
159	Data/Playlist1A/MasterAnaDev_data_AnaTuple_run00006085_Playlist.root
170	Data/Playlist1A/MasterAnaDev_data_AnaTuple_run00006086_Playlist.root
184	Data/Playlist1A/MasterAnaDev_data_AnaTuple_run00006087_Playlist.root
196	Data/Playlist1A/MasterAnaDev_data_AnaTuple_run00006088_Playlist.root
217	Data/Playlist1A/MasterAnaDev_data_AnaTuple_run00006089_Playlist.root
235	Data/Playlist1A/MasterAnaDev_data_AnaTuple_run00006090_Playlist.root
251	Data/Playlist1A/MasterAnaDev_data_AnaTuple_run00006091_Playlist.root
253	Data/Playlist1A/MasterAnaDev_data_AnaTuple_run00006092_Playlist.root
263	Data/Playlist1A/MasterAnaDev_data_AnaTuple_run00006093_Playlist.root
264	Data/Playlist1A/MasterAnaDev_data_AnaTuple_run00006094_Playlist.root
271	Data/Playlist1A/MasterAnaDev_data_AnaTuple_run00006095_Playlist.root
274	Data/Playlist1A/MasterAnaDev_data_AnaTuple_run00006112_Playlist.root
296	Data/Playlist1A/MasterAnaDev_data_AnaTuple_run00006113_Playlist.root
286	Data/Playlist1A/MasterAnaDev_data_AnaTuple_run00006114_Playlist.root
312	Data/Playlist1A/MasterAnaDev_data_AnaTuple_run00006115_Playlist.root
344	Data/Playlist1A/MasterAnaDev_data_AnaTuple_run00006116_Playlist.root
328	Data/Playlist1A/MasterAnaDev_data_AnaTuple_run00006117_Playlist.root
347	Data/Playlist1A/MasterAnaDev_data_AnaTuple_run00006118_Playlist.root
363	Data/Playlist1A/MasterAnaDev_data_AnaTuple_run00006119_Playlist.root
7	Data/Playlist1A/MasterAnaDev_data_AnaTuple_run00006120_Playlist.root
25	Data/Playlist1A/MasterAnaDev_data_AnaTuple_run00006121_Playlist.root
33	Data/Playlist1A/MasterAnaDev_data_AnaTuple_run00006128_Playlist.root
53	Data/Playlist1A/MasterAnaDev_data_AnaTuple_run00006129_Playlist.root
65	Data/Playlist1A/MasterAnaDev_data_AnaTuple_run00006130_Playlist.root
97	Data/Playlist1A/MasterAnaDev_data_AnaTuple_run00006131_Playlist.root
106	Data/Playlist1A/MasterAnaDev_data_AnaTuple_run00006132_Playlist.root
129	Data/Playlist1A/MasterAnaDev_data_AnaTuple_run00006133_Playlist.root
152	Data/Playlist1A/MasterAnaDev_data_AnaTuple_run00006134_Playlist.root
182	Data/Playlist1A/MasterAnaDev_data_AnaTuple_run00006135_Playlist.root
196	Data/Playlist1A/MasterAnaDev_data_AnaTuple_run00006136_Playlist.root
216	Data/Playlist1A/MasterAnaDev_data_AnaTuple_run00006137_Playlist.root
226	Data/Playlist1A/MasterAnaDev_data_AnaTuple_run00006138_Playlist.root
235	Data/Playlist1A/MasterAnaDev_data_AnaTuple_run00006139_Playlist.root
240	Data/Playlist1A/MasterAnaDev_data_AnaTuple_run00006140_Playlist.root
242	Data/Playlist1A/MasterAnaDev_data_AnaTuple_run00006141_Playlist.root
244	Data/Playlist1A/MasterAnaDev_data_AnaTuple_run00006142_Playlist.root
249	Data/Playlist1A/MasterAnaDev_data_AnaTuple_run00006143_Playlist.root
254	Data/Playlist1A/MasterAnaDev_data_AnaTuple_run00006144_Playlist.root
266	Data/Playlist1A/MasterAnaDev_data_AnaTuple_run00006145_Playlist.root
294	Data/Playlist1A/MasterAnaDev_data_AnaTuple_run00006151_Playlist.root
290	Data/Playlist1A/MasterAnaDev_data_AnaTuple_run00006152_Playlist.root
285	Data/Playlist1A/MasterAnaDev_data_AnaTuple_run00006153_Playlist.root
329	Data/Playlist1A/MasterAnaDev_data_AnaTuple_run00006154_Playlist.root
337	Data/Playlist1A/MasterAnaDev_data_AnaTuple_run00006155_Playlist.root
19	Data/Playlist1A/MasterAnaDev_data_AnaTuple_run00006156_Playlist.root
56	Data/Playlist1A/MasterAnaDev_data_AnaTuple_run00006157_Playlist.root
84	Data/Playlist1A/MasterAnaDev_data_AnaTuple_run00006158_Playlist.root
108	Data/Playlist1A/MasterAnaDev_data_AnaTuple_run00006159_Playlist.root
120	Data/Playlist1A/MasterAnaDev_data_AnaTuple_run00006160_Playlist.root
128	Data/Playlist1A/MasterAnaDev_data_AnaTuple_run00006166_Playlist.root
144	Data/Playlist1A/MasterAnaDev_data_AnaTuple_run00006167_Playlist.root
164	Data/Playlist1A/MasterAnaDev_data_AnaTuple_run00006168_Playlist.root
193	Data/Playlist1A/MasterAnaDev_data_AnaTuple_run00006169_Playlist.root
200	Data/Playlist1A/MasterAnaDev_data_AnaTuple_run00006170_Playlist.root
223	Data/Playlist1A/MasterAnaDev_data_AnaTuple_run00006171_Playlist.root
254	Data/Playlist1A/MasterAnaDev_data_AnaTuple_run00006172_Playlist.root
270	Data/Playlist1A/MasterAnaDev_data_AnaTuple_run00006173_Playlist.root
320	Data/Playlist1A/MasterAnaDev_data_AnaTuple_run00006174_Playlist.root
310	Data/Playlist1A/MasterAnaDev_data_AnaTuple_run00006175_Playlist.root
308	Data/Playlist1A/MasterAnaDev_data_AnaTuple_run00006176_Playlist.root
350	Data/Playlist1A/MasterAnaDev_data_AnaTuple_run00006177_Playlist.root
330	Data/Playlist1A/MasterAnaDev_data_AnaTuple_run00006178_Playlist.root
369	Data/Playlist1A/MasterAnaDev_data_AnaTuple_run00006182_Playlist.root
299	Data/Playlist1A/MasterAnaDev_data_AnaTuple_run00006183_Playlist.root
305	Data/Playlist1A/MasterAnaDev_data_AnaTuple_run00006184_Playlist.root
14	Data/Playlist1A/MasterAnaDev_data_AnaTuple_run00006185_Playlist.root
18	Data/Playlist1A/MasterAnaDev_data_AnaTuple_run00006186_Playlist.root
30	Data/Playlist1A/MasterAnaDev_data_AnaTuple_run00006187_Playlist.root
33	Data/Playlist1A/MasterAnaDev_data_AnaTuple_run00006188_Playlist.root
36	Data/Playlist1A/MasterAnaDev_data_AnaTuple_run00006189_Playlist.root
47	Data/Playlist1A/MasterAnaDev_data_AnaTuple_run00006190_Playlist.root
57	Data/Playlist1A/MasterAnaDev_data_AnaTuple_run00006191_Playlist.root
89	Data/Playlist1A/MasterAnaDev_data_AnaTuple_run00006192_Playlist.root
145	Data/Playlist1A/MasterAnaDev_data_AnaTuple_run00006193_Playlist.root
175	Data/Playlist1A/MasterAnaDev_data_AnaTuple_run00006194_Playlist.root
179	Data/Playlist1A/MasterAnaDev_data_AnaTuple_run00006195_Playlist.root
182	Data/Playlist1A/MasterAnaDev_data_AnaTuple_run00006196_Playlist.root
196	Data/Playlist1A/MasterAnaDev_data_AnaTuple_run00006197_Playlist.root
205	Data/Playlist1A/MasterAnaDev_data_AnaTuple_run00006198_Playlist.root
216	Data/Playlist1A/MasterAnaDev_data_AnaTuple_run00006199_Playlist.root
227	Data/Playlist1A/MasterAnaDev_data_AnaTuple_run00006200_Playlist.root
232	Data/Playlist1A/MasterAnaDev_data_AnaTuple_run00006201_Playlist.root
290	Data/Playlist1A/MasterAnaDev_data_AnaTuple_run00006202_Playlist.root
275	Data/Playlist1A/MasterAnaDev_data_AnaTuple_run00006203_Playlist.root
298	Data/Playlist1A/MasterAnaDev_data_AnaTuple_run00006204_Playlist.root
306	Data/Playlist1A/MasterAnaDev_data_AnaTuple_run00006205_Playlist.root
328	Data/Playlist1A/MasterAnaDev_data_AnaTuple_run00006206_Playlist.root
349	Data/Playlist1A/MasterAnaDev_data_AnaTuple_run00006207_Playlist.root
6	Data/Playlist1A/MasterAnaDev_data_AnaTuple_run00006208_Playlist.root
11	Data/Playlist1A/MasterAnaDev_data_AnaTuple_run00006209_Playlist.root
12	Data/Playlist1A/MasterAnaDev_data_AnaTuple_run00006210_Playlist.root
17	Data/Playlist1A/MasterAnaDev_data_AnaTuple_run00006211_Playlist.root
18	Data/Playlist1A/MasterAnaDev_data_AnaTuple_run00006212_Playlist.root
27	Data/Playlist1A/MasterAnaDev_data_AnaTuple_run00006213_Playlist.root
39	Data/Playlist1A/MasterAnaDev_data_AnaTuple_run00006218_Playlist.root
52	Data/Playlist1A/MasterAnaDev_data_AnaTuple_run00006220_Playlist.root
64	Data/Playlist1A/MasterAnaDev_data_AnaTuple_run00006221_Playlist.root
90	Data/Playlist1A/MasterAnaDev_data_AnaTuple_run00006222_Playlist.root
106	Data/Playlist1A/MasterAnaDev_data_AnaTuple_run00006223_Playlist.root
112	Data/Playlist1A/MasterAnaDev_data_AnaTuple_run00006224_Playlist.root
117	Data/Playlist1A/MasterAnaDev_data_AnaTuple_run00006225_Playlist.root
129	Data/Playlist1A/MasterAnaDev_data_AnaTuple_run00006226_Playlist.root
130	Data/Playlist1A/MasterAnaDev_data_AnaTuple_run00006227_Playlist.root
170	Data/Playlist1A/MasterAnaDev_data_AnaTuple_run00006228_Playlist.root
195	Data/Playlist1A/MasterAnaDev_data_AnaTuple_run00006229_Playlist.root
199	Data/Playlist1A/MasterAnaDev_data_AnaTuple_run00006230_Playlist.root
201	Data/Playlist1A/MasterAnaDev_data_AnaTuple_run00006231_Playlist.root
214	Data/Playlist1A/MasterAnaDev_data_AnaTuple_run00006232_Playlist.root
256	Data/Playlist1A/MasterAnaDev_data_AnaTuple_run00006233_Playlist.root
259	Data/Playlist1A/MasterAnaDev_data_AnaTuple_run00006234_Playlist.root
261	Data/Playlist1A/MasterAnaDev_data_AnaTuple_run00006235_Playlist.root
276	Data/Playlist1A/MasterAnaDev_data_AnaTuple_run00006236_Playlist.root
292	Data/Playlist1A/MasterAnaDev_data_AnaTuple_run00006237_Playlist.root
356	Data/Playlist1A/MasterAnaDev_data_AnaTuple_run00006238_Playlist.root
344	Data/Playlist1A/MasterAnaDev_data_AnaTuple_run00006239_Playlist.root
346	Data/Playlist1A/MasterAnaDev_data_AnaTuple_run00006240_Playlist.root
317	Data/Playlist1A/MasterAnaDev_data_AnaTuple_run00006241_Playlist.root
341	Data/Playlist1A/MasterAnaDev_data_AnaTuple_run00006243_Playlist.root
331	Data/Playlist1A/MasterAnaDev_data_AnaTuple_run00006244_Playlist.root
48	Data/Playlist1A/MasterAnaDev_data_AnaTuple_run00006245_Playlist.root
65	Data/Playlist1A/MasterAnaDev_data_AnaTuple_run00006246_Playlist.root
82	Data/Playlist1A/MasterAnaDev_data_AnaTuple_run00006247_Playlist.root
95	Data/Playlist1A/MasterAnaDev_data_AnaTuple_run00006248_Playlist.root
117	Data/Playlist1A/MasterAnaDev_data_AnaTuple_run00006249_Playlist.root
195	Data/Playlist1A/MasterAnaDev_data_AnaTuple_run00006250_Playlist.root
196	Data/Playlist1A/MasterAnaDev_data_AnaTuple_run00006251_Playlist.root
217	Data/Playlist1A/MasterAnaDev_data_AnaTuple_run00006252_Playlist.root
256	Data/Playlist1A/MasterAnaDev_data_AnaTuple_run00006253_Playlist.root
266	Data/Playlist1A/MasterAnaDev_data_AnaTuple_run00006254_Playlist.root
275	Data/Playlist1A/MasterAnaDev_data_AnaTuple_run00006255_Playlist.root
356	Data/Playlist1A/MasterAnaDev_data_AnaTuple_run00006256_Playlist.root
308	Data/Playlist1A/MasterAnaDev_data_AnaTuple_run00008000_Playlist.root
342	Data/Playlist1A/MasterAnaDev_data_AnaTuple_run00008001_Playlist.root
306	Data/Playlist1A/MasterAnaDev_data_AnaTuple_run00008002_Playlist.root
334	Data/Playlist1A/MasterAnaDev_data_AnaTuple_run00008003_Playlist.root
309	Data/Playlist1A/MasterAnaDev_data_AnaTuple_run00008004_Playlist.root
4	Data/Playlist1A/MasterAnaDev_data_AnaTuple_run00008005_Playlist.root
33	Data/Playlist1A/MasterAnaDev_data_AnaTuple_run00008006_Playlist.root
43	Data/Playlist1A/MasterAnaDev_data_AnaTuple_run00008007_Playlist.root
53	Data/Playlist1A/MasterAnaDev_data_AnaTuple_run00008011_Playlist.root
64	Data/Playlist1A/MasterAnaDev_data_AnaTuple_run00008012_Playlist.root
66	Data/Playlist1A/MasterAnaDev_data_AnaTuple_run00008013_Playlist.root
79	Data/Playlist1A/MasterAnaDev_data_AnaTuple_run00008014_Playlist.root
84	Data/Playlist1A/MasterAnaDev_data_AnaTuple_run00008015_Playlist.root
89	Data/Playlist1A/MasterAnaDev_data_AnaTuple_run00008029_Playlist.root
92	Data/Playlist1A/MasterAnaDev_data_AnaTuple_run00008030_Playlist.root
100	Data/Playlist1A/MasterAnaDev_data_AnaTuple_run00008031_Playlist.root
108	Data/Playlist1A/MasterAnaDev_data_AnaTuple_run00008032_Playlist.root
121	Data/Playlist1A/MasterAnaDev_data_AnaTuple_run00008033_Playlist.root
135	Data/Playlist1A/MasterAnaDev_data_AnaTuple_run00008034_Playlist.root
138	Data/Playlist1A/MasterAnaDev_data_AnaTuple_run00010000_Playlist.root
149	Data/Playlist1A/MasterAnaDev_data_AnaTuple_run00010001_Playlist.root
156	Data/Playlist1A/MasterAnaDev_data_AnaTuple_run00010002_Playlist.root
206	Data/Playlist1A/MasterAnaDev_data_AnaTuple_run00010003_Playlist.root
215	Data/Playlist1A/MasterAnaDev_data_AnaTuple_run00010004_Playlist.root
219	Data/Playlist1A/MasterAnaDev_data_AnaTuple_run00010005_Playlist.root
237	Data/Playlist1A/MasterAnaDev_data_AnaTuple_run00010006_Playlist.root
244	Data/Playlist1A/MasterAnaDev_data_AnaTuple_run00010007_Playlist.root
271	Data/Playlist1A/MasterAnaDev_data_AnaTuple_run00010008_Playlist.root
286	Data/Playlist1A/MasterAnaDev_data_AnaTuple_run00010010_Playlist.root
314	Data/Playlist1A/MasterAnaDev_data_AnaTuple_run00010011_Playlist.root
364	Data/Playlist1A/MasterAnaDev_data_AnaTuple_run00010012_Playlist.root
350	Data/Playlist1A/MasterAnaDev_data_AnaTuple_run00010013_Playlist.root
330	Data/Playlist1A/MasterAnaDev_data_AnaTuple_run00010014_Playlist.root
119	Data/Playlist1A/MasterAnaDev_data_AnaTuple_run00010015_Playlist.root
127	Data/Playlist1A/MasterAnaDev_data_AnaTuple_run00010016_Playlist.root
135	Data/Playlist1A/MasterAnaDev_data_AnaTuple_run00010017_Playlist.root
150	Data/Playlist1A/MasterAnaDev_data_AnaTuple_run00010018_Playlist.root
177	Data/Playlist1A/MasterAnaDev_data_AnaTuple_run00010019_Playlist.root
182	Data/Playlist1A/MasterAnaDev_data_AnaTuple_run00010020_Playlist.root
187	Data/Playlist1A/MasterAnaDev_data_AnaTuple_run00010021_Playlist.root
219	Data/Playlist1A/MasterAnaDev_data_AnaTuple_run00010022_Playlist.root
231	Data/Playlist1A/MasterAnaDev_data_AnaTuple_run00010023_Playlist.root
242	Data/Playlist1A/MasterAnaDev_data_AnaTuple_run00010024_Playlist.root
307	Data/Playlist1A/MasterAnaDev_data_AnaTuple_run00010025_Playlist.root
315	Data/Playlist1A/MasterAnaDev_data_AnaTuple_run00010026_Playlist.root
331	Data/Playlist1A/MasterAnaDev_data_AnaTuple_run00010027_Playlist.root
53	Data/Playlist1A/MasterAnaDev_data_AnaTuple_run00010028_Playlist.root
80	Data/Playlist1A/MasterAnaDev_data_AnaTuple_run00010031_Playlist.root
89	Data/Playlist1A/MasterAnaDev_data_AnaTuple_run00010032_Playlist.root
102	Data/Playlist1A/MasterAnaDev_data_AnaTuple_run00010034_Playlist.root
107	Data/Playlist1A/MasterAnaDev_data_AnaTuple_run00010035_Playlist.root
108	Data/Playlist1A/MasterAnaDev_data_AnaTuple_run00010036_Playlist.root
128	Data/Playlist1A/MasterAnaDev_data_AnaTuple_run00010037_Playlist.root
169	Data/Playlist1A/MasterAnaDev_data_AnaTuple_run00010038_Playlist.root
220	Data/Playlist1A/MasterAnaDev_data_AnaTuple_run00010039_Playlist.root
242	Data/Playlist1A/MasterAnaDev_data_AnaTuple_run00010040_Playlist.root
273	Data/Playlist1A/MasterAnaDev_data_AnaTuple_run00010041_Playlist.root
279	Data/Playlist1A/MasterAnaDev_data_AnaTuple_run00010042_Playlist.root
316	Data/Playlist1A/MasterAnaDev_data_AnaTuple_run00010043_Playlist.root
318	Data/Playlist1A/MasterAnaDev_data_AnaTuple_run00010044_Playlist.root
317	Data/Playlist1A/MasterAnaDev_data_AnaTuple_run00010045_Playlist.root
363	Data/Playlist1A/MasterAnaDev_data_AnaTuple_run00010046_Playlist.root
24	Data/Playlist1A/MasterAnaDev_data_AnaTuple_run00010047_Playlist.root
25	Data/Playlist1A/MasterAnaDev_data_AnaTuple_run00010048_Playlist.root
29	Data/Playlist1A/MasterAnaDev_data_AnaTuple_run00010049_Playlist.root
36	Data/Playlist1A/MasterAnaDev_data_AnaTuple_run00010050_Playlist.root
51	Data/Playlist1A/MasterAnaDev_data_AnaTuple_run00010051_Playlist.root
58	Data/Playlist1A/MasterAnaDev_data_AnaTuple_run00010052_Playlist.root
62	Data/Playlist1A/MasterAnaDev_data_AnaTuple_run00010053_Playlist.root
65	Data/Playlist1A/MasterAnaDev_data_AnaTuple_run00010054_Playlist.root
67	Data/Playlist1A/MasterAnaDev_data_AnaTuple_run00010056_Playlist.root
78	Data/Playlist1A/MasterAnaDev_data_AnaTuple_run00010057_Playlist.root
86	Data/Playlist1A/MasterAnaDev_data_AnaTuple_run00010058_Playlist.root
97	Data/Playlist1A/MasterAnaDev_data_AnaTuple_run00010059_Playlist.root
99	Data/Playlist1A/MasterAnaDev_data_AnaTuple_run00010060_Playlist.root
133	Data/Playlist1A/MasterAnaDev_data_AnaTuple_run00010061_Playlist.root
213	Data/Playlist1A/MasterAnaDev_data_AnaTuple_run00010062_Playlist.root
224	Data/Playlist1A/MasterAnaDev_data_AnaTuple_run00010063_Playlist.root
240	Data/Playlist1A/MasterAnaDev_data_AnaTuple_run00010064_Playlist.root
262	Data/Playlist1A/MasterAnaDev_data_AnaTuple_run00010065_Playlist.root
343	Data/Playlist1A/MasterAnaDev_data_AnaTuple_run00010066_Playlist.root
121	Data/Playlist1B/MasterAnaDev_data_AnaTuple_run00010068_Playlist.root
135	Data/Playlist1B/MasterAnaDev_data_AnaTuple_run00010069_Playlist.root
142	Data/Playlist1B/MasterAnaDev_data_AnaTuple_run00010070_Playlist.root
144	Data/Playlist1B/MasterAnaDev_data_AnaTuple_run00010071_Playlist.root
156	Data/Playlist1B/MasterAnaDev_data_AnaTuple_run00010072_Playlist.root
163	Data/Playlist1B/MasterAnaDev_data_AnaTuple_run00010073_Playlist.root
173	Data/Playlist1B/MasterAnaDev_data_AnaTuple_run00010074_Playlist.root
177	Data/Playlist1B/MasterAnaDev_data_AnaTuple_run00010075_Playlist.root
183	Data/Playlist1B/MasterAnaDev_data_AnaTuple_run00010076_Playlist.root
190	Data/Playlist1B/MasterAnaDev_data_AnaTuple_run00010077_Playlist.root
196	Data/Playlist1B/MasterAnaDev_data_AnaTuple_run00010079_Playlist.root
201	Data/Playlist1B/MasterAnaDev_data_AnaTuple_run00010080_Playlist.root
203	Data/Playlist1B/MasterAnaDev_data_AnaTuple_run00010081_Playlist.root
232	Data/Playlist1B/MasterAnaDev_data_AnaTuple_run00010082_Playlist.root
241	Data/Playlist1B/MasterAnaDev_data_AnaTuple_run00010083_Playlist.root
246	Data/Playlist1B/MasterAnaDev_data_AnaTuple_run00010084_Playlist.root
251	Data/Playlist1B/MasterAnaDev_data_AnaTuple_run00010085_Playlist.root
257	Data/Playlist1B/MasterAnaDev_data_AnaTuple_run00010086_Playlist.root
259	Data/Playlist1B/MasterAnaDev_data_AnaTuple_run00010088_Playlist.root
260	Data/Playlist1B/MasterAnaDev_data_AnaTuple_run00010089_Playlist.root
12	Data/Playlist1B/MasterAnaDev_data_AnaTuple_run00010091_Playlist.root
212	Data/Playlist1B/MasterAnaDev_data_AnaTuple_run00010095_Playlist.root
264	Data/Playlist1B/MasterAnaDev_data_AnaTuple_run00010096_Playlist.root
266	Data/Playlist1B/MasterAnaDev_data_AnaTuple_run00010097_Playlist.root
271	Data/Playlist1B/MasterAnaDev_data_AnaTuple_run00010098_Playlist.root
288	Data/Playlist1B/MasterAnaDev_data_AnaTuple_run00010099_Playlist.root
284	Data/Playlist1B/MasterAnaDev_data_AnaTuple_run00010100_Playlist.root
295	Data/Playlist1B/MasterAnaDev_data_AnaTuple_run00010101_Playlist.root
297	Data/Playlist1B/MasterAnaDev_data_AnaTuple_run00010106_Playlist.root
291	Data/Playlist1B/MasterAnaDev_data_AnaTuple_run00010109_Playlist.root
287	Data/Playlist1B/MasterAnaDev_data_AnaTuple_run00010110_Playlist.root
368	Data/Playlist1B/MasterAnaDev_data_AnaTuple_run00010111_Playlist.root
298	Data/Playlist1B/MasterAnaDev_data_AnaTuple_run00010112_Playlist.root
360	Data/Playlist1B/MasterAnaDev_data_AnaTuple_run00010113_Playlist.root
316	Data/Playlist1B/MasterAnaDev_data_AnaTuple_run00010114_Playlist.root
204	Data/Playlist1B/MasterAnaDev_data_AnaTuple_run00010115_Playlist.root
208	Data/Playlist1B/MasterAnaDev_data_AnaTuple_run00010116_Playlist.root
340	Data/Playlist1B/MasterAnaDev_data_AnaTuple_run00010117_Playlist.root
250	Data/Playlist1B/MasterAnaDev_data_AnaTuple_run00010118_Playlist.root
254	Data/Playlist1B/MasterAnaDev_data_AnaTuple_run00010119_Playlist.root
139	Data/Playlist1B/MasterAnaDev_data_AnaTuple_run00010120_Playlist.root
201	Data/Playlist1B/MasterAnaDev_data_AnaTuple_run00010121_Playlist.root
257	Data/Playlist1B/MasterAnaDev_data_AnaTuple_run00010122_Playlist.root
319	Data/Playlist1B/MasterAnaDev_data_AnaTuple_run00010123_Playlist.root
58	Data/Playlist1B/MasterAnaDev_data_AnaTuple_run00010124_Playlist.root
38	Data/Playlist1B/MasterAnaDev_data_AnaTuple_run00010125_Playlist.root
93	Data/Playlist1B/MasterAnaDev_data_AnaTuple_run00010128_Playlist.root
334	Data/Playlist1C/MasterAnaDev_data_AnaTuple_run00010129_Playlist.root
366	Data/Playlist1C/MasterAnaDev_data_AnaTuple_run00010130_Playlist.root
145	Data/Playlist1C/MasterAnaDev_data_AnaTuple_run00010131_Playlist.root
147	Data/Playlist1C/MasterAnaDev_data_AnaTuple_run00010132_Playlist.root
149	Data/Playlist1C/MasterAnaDev_data_AnaTuple_run00010133_Playlist.root
150	Data/Playlist1C/MasterAnaDev_data_AnaTuple_run00010134_Playlist.root
167	Data/Playlist1C/MasterAnaDev_data_AnaTuple_run00010135_Playlist.root
169	Data/Playlist1C/MasterAnaDev_data_AnaTuple_run00010136_Playlist.root
170	Data/Playlist1C/MasterAnaDev_data_AnaTuple_run00010137_Playlist.root
171	Data/Playlist1C/MasterAnaDev_data_AnaTuple_run00010138_Playlist.root
174	Data/Playlist1C/MasterAnaDev_data_AnaTuple_run00010139_Playlist.root
175	Data/Playlist1C/MasterAnaDev_data_AnaTuple_run00010140_Playlist.root
178	Data/Playlist1C/MasterAnaDev_data_AnaTuple_run00010141_Playlist.root
182	Data/Playlist1C/MasterAnaDev_data_AnaTuple_run00010144_Playlist.root
184	Data/Playlist1C/MasterAnaDev_data_AnaTuple_run00010145_Playlist.root
186	Data/Playlist1C/MasterAnaDev_data_AnaTuple_run00010146_Playlist.root
187	Data/Playlist1C/MasterAnaDev_data_AnaTuple_run00010147_Playlist.root
190	Data/Playlist1C/MasterAnaDev_data_AnaTuple_run00010148_Playlist.root
194	Data/Playlist1C/MasterAnaDev_data_AnaTuple_run00010149_Playlist.root
196	Data/Playlist1C/MasterAnaDev_data_AnaTuple_run00010150_Playlist.root
198	Data/Playlist1C/MasterAnaDev_data_AnaTuple_run00010151_Playlist.root
202	Data/Playlist1C/MasterAnaDev_data_AnaTuple_run00010159_Playlist.root
205	Data/Playlist1C/MasterAnaDev_data_AnaTuple_run00010161_Playlist.root
208	Data/Playlist1C/MasterAnaDev_data_AnaTuple_run00010162_Playlist.root
210	Data/Playlist1C/MasterAnaDev_data_AnaTuple_run00010163_Playlist.root
214	Data/Playlist1C/MasterAnaDev_data_AnaTuple_run00010164_Playlist.root
218	Data/Playlist1C/MasterAnaDev_data_AnaTuple_run00010165_Playlist.root
221	Data/Playlist1C/MasterAnaDev_data_AnaTuple_run00010166_Playlist.root
224	Data/Playlist1C/MasterAnaDev_data_AnaTuple_run00010167_Playlist.root
228	Data/Playlist1C/MasterAnaDev_data_AnaTuple_run00010168_Playlist.root
231	Data/Playlist1C/MasterAnaDev_data_AnaTuple_run00010169_Playlist.root
233	Data/Playlist1C/MasterAnaDev_data_AnaTuple_run00010170_Playlist.root
236	Data/Playlist1C/MasterAnaDev_data_AnaTuple_run00010171_Playlist.root
238	Data/Playlist1C/MasterAnaDev_data_AnaTuple_run00010172_Playlist.root
242	Data/Playlist1C/MasterAnaDev_data_AnaTuple_run00010173_Playlist.root
257	Data/Playlist1C/MasterAnaDev_data_AnaTuple_run00010174_Playlist.root
264	Data/Playlist1C/MasterAnaDev_data_AnaTuple_run00010175_Playlist.root
267	Data/Playlist1C/MasterAnaDev_data_AnaTuple_run00010176_Playlist.root
286	Data/Playlist1C/MasterAnaDev_data_AnaTuple_run00010177_Playlist.root
338	Data/Playlist1C/MasterAnaDev_data_AnaTuple_run00010178_Playlist.root
313	Data/Playlist1C/MasterAnaDev_data_AnaTuple_run00010179_Playlist.root
2	Data/Playlist1C/MasterAnaDev_data_AnaTuple_run00010180_Playlist.root
29	Data/Playlist1C/MasterAnaDev_data_AnaTuple_run00010181_Playlist.root
50	Data/Playlist1C/MasterAnaDev_data_AnaTuple_run00010182_Playlist.root
73	Data/Playlist1C/MasterAnaDev_data_AnaTuple_run00010183_Playlist.root
95	Data/Playlist1C/MasterAnaDev_data_AnaTuple_run00010184_Playlist.root
114	Data/Playlist1C/MasterAnaDev_data_AnaTuple_run00010185_Playlist.root
170	Data/Playlist1C/MasterAnaDev_data_AnaTuple_run00010186_Playlist.root
191	Data/Playlist1C/MasterAnaDev_data_AnaTuple_run00010187_Playlist.root
213	Data/Playlist1C/MasterAnaDev_data_AnaTuple_run00010188_Playlist.root
229	Data/Playlist1C/MasterAnaDev_data_AnaTuple_run00010189_Playlist.root
237	Data/Playlist1C/MasterAnaDev_data_AnaTuple_run00010190_Playlist.root
245	Data/Playlist1C/MasterAnaDev_data_AnaTuple_run00010191_Playlist.root
254	Data/Playlist1C/MasterAnaDev_data_AnaTuple_run00010192_Playlist.root
263	Data/Playlist1C/MasterAnaDev_data_AnaTuple_run00010193_Playlist.root
272	Data/Playlist1C/MasterAnaDev_data_AnaTuple_run00010194_Playlist.root
296	Data/Playlist1C/MasterAnaDev_data_AnaTuple_run00010195_Playlist.root
338	Data/Playlist1C/MasterAnaDev_data_AnaTuple_run00010196_Playlist.root
313	Data/Playlist1C/MasterAnaDev_data_AnaTuple_run00010197_Playlist.root
0	Data/Playlist1C/MasterAnaDev_data_AnaTuple_run00010198_Playlist.root
19	Data/Playlist1C/MasterAnaDev_data_AnaTuple_run00010199_Playlist.root
25	Data/Playlist1C/MasterAnaDev_data_AnaTuple_run00010200_Playlist.root
31	Data/Playlist1C/MasterAnaDev_data_AnaTuple_run00010201_Playlist.root
38	Data/Playlist1C/MasterAnaDev_data_AnaTuple_run00010202_Playlist.root
44	Data/Playlist1C/MasterAnaDev_data_AnaTuple_run00010203_Playlist.root
49	Data/Playlist1C/MasterAnaDev_data_AnaTuple_run00010205_Playlist.root
85	Data/Playlist1C/MasterAnaDev_data_AnaTuple_run00010206_Playlist.root
107	Data/Playlist1C/MasterAnaDev_data_AnaTuple_run00010207_Playlist.root
165	Data/Playlist1C/MasterAnaDev_data_AnaTuple_run00010208_Playlist.root
196	Data/Playlist1C/MasterAnaDev_data_AnaTuple_run00010209_Playlist.root
219	Data/Playlist1C/MasterAnaDev_data_AnaTuple_run00010210_Playlist.root
254	Data/Playlist1C/MasterAnaDev_data_AnaTuple_run00010211_Playlist.root
274	Data/Playlist1C/MasterAnaDev_data_AnaTuple_run00010212_Playlist.root
346	Data/Playlist1C/MasterAnaDev_data_AnaTuple_run00010213_Playlist.root
357	Data/Playlist1C/MasterAnaDev_data_AnaTuple_run00010214_Playlist.root
11	Data/Playlist1C/MasterAnaDev_data_AnaTuple_run00010215_Playlist.root
48	Data/Playlist1C/MasterAnaDev_data_AnaTuple_run00010216_Playlist.root
77	Data/Playlist1C/MasterAnaDev_data_AnaTuple_run00010217_Playlist.root
100	Data/Playlist1C/MasterAnaDev_data_AnaTuple_run00010218_Playlist.root
119	Data/Playlist1C/MasterAnaDev_data_AnaTuple_run00010219_Playlist.root
125	Data/Playlist1C/MasterAnaDev_data_AnaTuple_run00010229_Playlist.root
170	Data/Playlist1C/MasterAnaDev_data_AnaTuple_run00010230_Playlist.root
197	Data/Playlist1C/MasterAnaDev_data_AnaTuple_run00010231_Playlist.root
234	Data/Playlist1C/MasterAnaDev_data_AnaTuple_run00010232_Playlist.root
254	Data/Playlist1C/MasterAnaDev_data_AnaTuple_run00010233_Playlist.root
282	Data/Playlist1C/MasterAnaDev_data_AnaTuple_run00010234_Playlist.root
348	Data/Playlist1C/MasterAnaDev_data_AnaTuple_run00010235_Playlist.root
340	Data/Playlist1C/MasterAnaDev_data_AnaTuple_run00010236_Playlist.root
347	Data/Playlist1C/MasterAnaDev_data_AnaTuple_run00010237_Playlist.root
193	Data/Playlist1C/MasterAnaDev_data_AnaTuple_run00010238_Playlist.root
212	Data/Playlist1C/MasterAnaDev_data_AnaTuple_run00010239_Playlist.root
246	Data/Playlist1C/MasterAnaDev_data_AnaTuple_run00010240_Playlist.root
296	Data/Playlist1C/MasterAnaDev_data_AnaTuple_run00010241_Playlist.root
281	Data/Playlist1C/MasterAnaDev_data_AnaTuple_run00010246_Playlist.root
306	Data/Playlist1C/MasterAnaDev_data_AnaTuple_run00010247_Playlist.root
325	Data/Playlist1C/MasterAnaDev_data_AnaTuple_run00010248_Playlist.root
4	Data/Playlist1C/MasterAnaDev_data_AnaTuple_run00010249_Playlist.root
26	Data/Playlist1C/MasterAnaDev_data_AnaTuple_run00010250_Playlist.root
51	Data/Playlist1C/MasterAnaDev_data_AnaTuple_run00010251_Playlist.root
73	Data/Playlist1C/MasterAnaDev_data_AnaTuple_run00010252_Playlist.root
104	Data/Playlist1C/MasterAnaDev_data_AnaTuple_run00010253_Playlist.root
110	Data/Playlist1C/MasterAnaDev_data_AnaTuple_run00010254_Playlist.root
267	Data/Playlist1D/MasterAnaDev_data_AnaTuple_run00010255_Playlist.root
274	Data/Playlist1D/MasterAnaDev_data_AnaTuple_run00010256_Playlist.root
277	Data/Playlist1D/MasterAnaDev_data_AnaTuple_run00010257_Playlist.root
358	Data/Playlist1D/MasterAnaDev_data_AnaTuple_run00010259_Playlist.root
342	Data/Playlist1D/MasterAnaDev_data_AnaTuple_run00010260_Playlist.root
350	Data/Playlist1D/MasterAnaDev_data_AnaTuple_run00010261_Playlist.root
330	Data/Playlist1D/MasterAnaDev_data_AnaTuple_run00010262_Playlist.root
321	Data/Playlist1D/MasterAnaDev_data_AnaTuple_run00010263_Playlist.root
329	Data/Playlist1D/MasterAnaDev_data_AnaTuple_run00010264_Playlist.root
311	Data/Playlist1D/MasterAnaDev_data_AnaTuple_run00010265_Playlist.root
315	Data/Playlist1D/MasterAnaDev_data_AnaTuple_run00010266_Playlist.root
11	Data/Playlist1D/MasterAnaDev_data_AnaTuple_run00010267_Playlist.root
28	Data/Playlist1D/MasterAnaDev_data_AnaTuple_run00010268_Playlist.root
35	Data/Playlist1D/MasterAnaDev_data_AnaTuple_run00010269_Playlist.root
48	Data/Playlist1D/MasterAnaDev_data_AnaTuple_run00010270_Playlist.root
84	Data/Playlist1D/MasterAnaDev_data_AnaTuple_run00010271_Playlist.root
104	Data/Playlist1D/MasterAnaDev_data_AnaTuple_run00010272_Playlist.root
108	Data/Playlist1D/MasterAnaDev_data_AnaTuple_run00010273_Playlist.root
113	Data/Playlist1D/MasterAnaDev_data_AnaTuple_run00010274_Playlist.root
131	Data/Playlist1D/MasterAnaDev_data_AnaTuple_run00010275_Playlist.root
147	Data/Playlist1D/MasterAnaDev_data_AnaTuple_run00010276_Playlist.root
169	Data/Playlist1D/MasterAnaDev_data_AnaTuple_run00010277_Playlist.root
176	Data/Playlist1D/MasterAnaDev_data_AnaTuple_run00010278_Playlist.root
188	Data/Playlist1D/MasterAnaDev_data_AnaTuple_run00010279_Playlist.root
238	Data/Playlist1D/MasterAnaDev_data_AnaTuple_run00010280_Playlist.root
245	Data/Playlist1D/MasterAnaDev_data_AnaTuple_run00010281_Playlist.root
266	Data/Playlist1D/MasterAnaDev_data_AnaTuple_run00010282_Playlist.root
274	Data/Playlist1D/MasterAnaDev_data_AnaTuple_run00010283_Playlist.root
312	Data/Playlist1D/MasterAnaDev_data_AnaTuple_run00010284_Playlist.root
336	Data/Playlist1D/MasterAnaDev_data_AnaTuple_run00010285_Playlist.root
330	Data/Playlist1D/MasterAnaDev_data_AnaTuple_run00010286_Playlist.root
325	Data/Playlist1D/MasterAnaDev_data_AnaTuple_run00010287_Playlist.root
367	Data/Playlist1D/MasterAnaDev_data_AnaTuple_run00010288_Playlist.root
1	Data/Playlist1D/MasterAnaDev_data_AnaTuple_run00010289_Playlist.root
33	Data/Playlist1D/MasterAnaDev_data_AnaTuple_run00010290_Playlist.root
36	Data/Playlist1D/MasterAnaDev_data_AnaTuple_run00010291_Playlist.root
71	Data/Playlist1D/MasterAnaDev_data_AnaTuple_run00010292_Playlist.root
80	Data/Playlist1D/MasterAnaDev_data_AnaTuple_run00010293_Playlist.root
116	Data/Playlist1D/MasterAnaDev_data_AnaTuple_run00010294_Playlist.root
131	Data/Playlist1D/MasterAnaDev_data_AnaTuple_run00010295_Playlist.root
133	Data/Playlist1D/MasterAnaDev_data_AnaTuple_run00010296_Playlist.root
135	Data/Playlist1D/MasterAnaDev_data_AnaTuple_run00010297_Playlist.root
138	Data/Playlist1D/MasterAnaDev_data_AnaTuple_run00010298_Playlist.root
142	Data/Playlist1D/MasterAnaDev_data_AnaTuple_run00010299_Playlist.root
147	Data/Playlist1D/MasterAnaDev_data_AnaTuple_run00010300_Playlist.root
150	Data/Playlist1D/MasterAnaDev_data_AnaTuple_run00010301_Playlist.root
157	Data/Playlist1D/MasterAnaDev_data_AnaTuple_run00010302_Playlist.root
162	Data/Playlist1D/MasterAnaDev_data_AnaTuple_run00010303_Playlist.root
165	Data/Playlist1D/MasterAnaDev_data_AnaTuple_run00010304_Playlist.root
169	Data/Playlist1D/MasterAnaDev_data_AnaTuple_run00010305_Playlist.root
174	Data/Playlist1D/MasterAnaDev_data_AnaTuple_run00010306_Playlist.root
180	Data/Playlist1D/MasterAnaDev_data_AnaTuple_run00010307_Playlist.root
187	Data/Playlist1D/MasterAnaDev_data_AnaTuple_run00010308_Playlist.root
199	Data/Playlist1D/MasterAnaDev_data_AnaTuple_run00010309_Playlist.root
217	Data/Playlist1D/MasterAnaDev_data_AnaTuple_run00010310_Playlist.root
225	Data/Playlist1D/MasterAnaDev_data_AnaTuple_run00010311_Playlist.root
231	Data/Playlist1D/MasterAnaDev_data_AnaTuple_run00010312_Playlist.root
235	Data/Playlist1D/MasterAnaDev_data_AnaTuple_run00010313_Playlist.root
238	Data/Playlist1D/MasterAnaDev_data_AnaTuple_run00010314_Playlist.root
248	Data/Playlist1D/MasterAnaDev_data_AnaTuple_run00010315_Playlist.root
253	Data/Playlist1D/MasterAnaDev_data_AnaTuple_run00010316_Playlist.root
259	Data/Playlist1D/MasterAnaDev_data_AnaTuple_run00010317_Playlist.root
263	Data/Playlist1D/MasterAnaDev_data_AnaTuple_run00010318_Playlist.root
266	Data/Playlist1D/MasterAnaDev_data_AnaTuple_run00010319_Playlist.root
270	Data/Playlist1D/MasterAnaDev_data_AnaTuple_run00010332_Playlist.root
276	Data/Playlist1D/MasterAnaDev_data_AnaTuple_run00010333_Playlist.root
282	Data/Playlist1D/MasterAnaDev_data_AnaTuple_run00010334_Playlist.root
292	Data/Playlist1D/MasterAnaDev_data_AnaTuple_run00010335_Playlist.root
285	Data/Playlist1D/MasterAnaDev_data_AnaTuple_run00010336_Playlist.root
301	Data/Playlist1D/MasterAnaDev_data_AnaTuple_run00010337_Playlist.root
317	Data/Playlist1D/MasterAnaDev_data_AnaTuple_run00010338_Playlist.root
347	Data/Playlist1D/MasterAnaDev_data_AnaTuple_run00010339_Playlist.root
363	Data/Playlist1D/MasterAnaDev_data_AnaTuple_run00010340_Playlist.root
7	Data/Playlist1D/MasterAnaDev_data_AnaTuple_run00010341_Playlist.root
19	Data/Playlist1D/MasterAnaDev_data_AnaTuple_run00010342_Playlist.root
23	Data/Playlist1D/MasterAnaDev_data_AnaTuple_run00010343_Playlist.root
30	Data/Playlist1D/MasterAnaDev_data_AnaTuple_run00010344_Playlist.root
36	Data/Playlist1D/MasterAnaDev_data_AnaTuple_run00010345_Playlist.root
42	Data/Playlist1D/MasterAnaDev_data_AnaTuple_run00010346_Playlist.root
45	Data/Playlist1D/MasterAnaDev_data_AnaTuple_run00010347_Playlist.root
51	Data/Playlist1D/MasterAnaDev_data_AnaTuple_run00010348_Playlist.root
58	Data/Playlist1D/MasterAnaDev_data_AnaTuple_run00010349_Playlist.root
63	Data/Playlist1D/MasterAnaDev_data_AnaTuple_run00010350_Playlist.root
72	Data/Playlist1D/MasterAnaDev_data_AnaTuple_run00010351_Playlist.root
76	Data/Playlist1D/MasterAnaDev_data_AnaTuple_run00010353_Playlist.root
80	Data/Playlist1D/MasterAnaDev_data_AnaTuple_run00010354_Playlist.root
88	Data/Playlist1D/MasterAnaDev_data_AnaTuple_run00010355_Playlist.root
89	Data/Playlist1D/MasterAnaDev_data_AnaTuple_run00010356_Playlist.root
94	Data/Playlist1D/MasterAnaDev_data_AnaTuple_run00010357_Playlist.root
98	Data/Playlist1D/MasterAnaDev_data_AnaTuple_run00010358_Playlist.root
105	Data/Playlist1D/MasterAnaDev_data_AnaTuple_run00010359_Playlist.root
110	Data/Playlist1D/MasterAnaDev_data_AnaTuple_run00010360_Playlist.root
119	Data/Playlist1D/MasterAnaDev_data_AnaTuple_run00010361_Playlist.root
137	Data/Playlist1D/MasterAnaDev_data_AnaTuple_run00010362_Playlist.root
145	Data/Playlist1D/MasterAnaDev_data_AnaTuple_run00010363_Playlist.root
149	Data/Playlist1D/MasterAnaDev_data_AnaTuple_run00010364_Playlist.root
106	Data/Playlist1D/MasterAnaDev_data_AnaTuple_run00010365_Playlist.root
119	Data/Playlist1D/MasterAnaDev_data_AnaTuple_run00010366_Playlist.root
126	Data/Playlist1D/MasterAnaDev_data_AnaTuple_run00010367_Playlist.root
129	Data/Playlist1D/MasterAnaDev_data_AnaTuple_run00010368_Playlist.root
132	Data/Playlist1D/MasterAnaDev_data_AnaTuple_run00010369_Playlist.root
166	Data/Playlist1D/MasterAnaDev_data_AnaTuple_run00010370_Playlist.root
199	Data/Playlist1D/MasterAnaDev_data_AnaTuple_run00010371_Playlist.root
201	Data/Playlist1D/MasterAnaDev_data_AnaTuple_run00010372_Playlist.root
222	Data/Playlist1D/MasterAnaDev_data_AnaTuple_run00010373_Playlist.root
223	Data/Playlist1D/MasterAnaDev_data_AnaTuple_run00010374_Playlist.root
228	Data/Playlist1D/MasterAnaDev_data_AnaTuple_run00010375_Playlist.root
235	Data/Playlist1D/MasterAnaDev_data_AnaTuple_run00010376_Playlist.root
254	Data/Playlist1D/MasterAnaDev_data_AnaTuple_run00010377_Playlist.root
290	Data/Playlist1D/MasterAnaDev_data_AnaTuple_run00010378_Playlist.root
295	Data/Playlist1D/MasterAnaDev_data_AnaTuple_run00010379_Playlist.root
291	Data/Playlist1D/MasterAnaDev_data_AnaTuple_run00010380_Playlist.root
281	Data/Playlist1D/MasterAnaDev_data_AnaTuple_run00010381_Playlist.root
310	Data/Playlist1D/MasterAnaDev_data_AnaTuple_run00010382_Playlist.root
308	Data/Playlist1D/MasterAnaDev_data_AnaTuple_run00010383_Playlist.root
350	Data/Playlist1D/MasterAnaDev_data_AnaTuple_run00010385_Playlist.root
340	Data/Playlist1D/MasterAnaDev_data_AnaTuple_run00010386_Playlist.root
332	Data/Playlist1D/MasterAnaDev_data_AnaTuple_run00010387_Playlist.root
369	Data/Playlist1D/MasterAnaDev_data_AnaTuple_run00010388_Playlist.root
323	Data/Playlist1D/MasterAnaDev_data_AnaTuple_run00010389_Playlist.root
79	Data/Playlist1D/MasterAnaDev_data_AnaTuple_run00010390_Playlist.root
161	Data/Playlist1D/MasterAnaDev_data_AnaTuple_run00010391_Playlist.root
165	Data/Playlist1D/MasterAnaDev_data_AnaTuple_run00010392_Playlist.root
170	Data/Playlist1D/MasterAnaDev_data_AnaTuple_run00010393_Playlist.root
179	Data/Playlist1D/MasterAnaDev_data_AnaTuple_run00010394_Playlist.root
185	Data/Playlist1D/MasterAnaDev_data_AnaTuple_run00010395_Playlist.root
192	Data/Playlist1D/MasterAnaDev_data_AnaTuple_run00010396_Playlist.root
198	Data/Playlist1D/MasterAnaDev_data_AnaTuple_run00010397_Playlist.root
205	Data/Playlist1D/MasterAnaDev_data_AnaTuple_run00010398_Playlist.root
211	Data/Playlist1D/MasterAnaDev_data_AnaTuple_run00010399_Playlist.root
216	Data/Playlist1D/MasterAnaDev_data_AnaTuple_run00010400_Playlist.root
221	Data/Playlist1D/MasterAnaDev_data_AnaTuple_run00010401_Playlist.root
222	Data/Playlist1D/MasterAnaDev_data_AnaTuple_run00010402_Playlist.root
228	Data/Playlist1D/MasterAnaDev_data_AnaTuple_run00010403_Playlist.root
237	Data/Playlist1D/MasterAnaDev_data_AnaTuple_run00010404_Playlist.root
244	Data/Playlist1D/MasterAnaDev_data_AnaTuple_run00010405_Playlist.root
248	Data/Playlist1D/MasterAnaDev_data_AnaTuple_run00010406_Playlist.root
250	Data/Playlist1D/MasterAnaDev_data_AnaTuple_run00010407_Playlist.root
257	Data/Playlist1D/MasterAnaDev_data_AnaTuple_run00010408_Playlist.root
263	Data/Playlist1D/MasterAnaDev_data_AnaTuple_run00010409_Playlist.root
273	Data/Playlist1D/MasterAnaDev_data_AnaTuple_run00010410_Playlist.root
276	Data/Playlist1D/MasterAnaDev_data_AnaTuple_run00010411_Playlist.root
287	Data/Playlist1D/MasterAnaDev_data_AnaTuple_run00010412_Playlist.root
368	Data/Playlist1D/MasterAnaDev_data_AnaTuple_run00010413_Playlist.root
298	Data/Playlist1D/MasterAnaDev_data_AnaTuple_run00010414_Playlist.root
308	Data/Playlist1D/MasterAnaDev_data_AnaTuple_run00010415_Playlist.root
304	Data/Playlist1D/MasterAnaDev_data_AnaTuple_run00010416_Playlist.root
351	Data/Playlist1D/MasterAnaDev_data_AnaTuple_run00010417_Playlist.root
325	Data/Playlist1D/MasterAnaDev_data_AnaTuple_run00010418_Playlist.root
349	Data/Playlist1D/MasterAnaDev_data_AnaTuple_run00010419_Playlist.root
337	Data/Playlist1D/MasterAnaDev_data_AnaTuple_run00010420_Playlist.root
347	Data/Playlist1D/MasterAnaDev_data_AnaTuple_run00010421_Playlist.root
363	Data/Playlist1D/MasterAnaDev_data_AnaTuple_run00010422_Playlist.root
2	Data/Playlist1D/MasterAnaDev_data_AnaTuple_run00010423_Playlist.root
8	Data/Playlist1D/MasterAnaDev_data_AnaTuple_run00010424_Playlist.root
11	Data/Playlist1D/MasterAnaDev_data_AnaTuple_run00010425_Playlist.root
18	Data/Playlist1D/MasterAnaDev_data_AnaTuple_run00010426_Playlist.root
21	Data/Playlist1D/MasterAnaDev_data_AnaTuple_run00010427_Playlist.root
25	Data/Playlist1D/MasterAnaDev_data_AnaTuple_run00010428_Playlist.root
34	Data/Playlist1D/MasterAnaDev_data_AnaTuple_run00010429_Playlist.root
36	Data/Playlist1D/MasterAnaDev_data_AnaTuple_run00010430_Playlist.root
40	Data/Playlist1D/MasterAnaDev_data_AnaTuple_run00010431_Playlist.root
42	Data/Playlist1D/MasterAnaDev_data_AnaTuple_run00010433_Playlist.root
52	Data/Playlist1D/MasterAnaDev_data_AnaTuple_run00010434_Playlist.root
56	Data/Playlist1D/MasterAnaDev_data_AnaTuple_run00010435_Playlist.root
62	Data/Playlist1D/MasterAnaDev_data_AnaTuple_run00010436_Playlist.root
65	Data/Playlist1D/MasterAnaDev_data_AnaTuple_run00010437_Playlist.root
66	Data/Playlist1D/MasterAnaDev_data_AnaTuple_run00010500_Playlist.root
69	Data/Playlist1D/MasterAnaDev_data_AnaTuple_run00010501_Playlist.root
78	Data/Playlist1D/MasterAnaDev_data_AnaTuple_run00010502_Playlist.root
81	Data/Playlist1D/MasterAnaDev_data_AnaTuple_run00010503_Playlist.root
102	Data/Playlist1D/MasterAnaDev_data_AnaTuple_run00010504_Playlist.root
128	Data/Playlist1D/MasterAnaDev_data_AnaTuple_run00010505_Playlist.root
131	Data/Playlist1D/MasterAnaDev_data_AnaTuple_run00010506_Playlist.root
135	Data/Playlist1D/MasterAnaDev_data_AnaTuple_run00010508_Playlist.root
139	Data/Playlist1D/MasterAnaDev_data_AnaTuple_run00010509_Playlist.root
143	Data/Playlist1D/MasterAnaDev_data_AnaTuple_run00010511_Playlist.root
151	Data/Playlist1D/MasterAnaDev_data_AnaTuple_run00010512_Playlist.root
155	Data/Playlist1D/MasterAnaDev_data_AnaTuple_run00010513_Playlist.root
161	Data/Playlist1D/MasterAnaDev_data_AnaTuple_run00010514_Playlist.root
167	Data/Playlist1D/MasterAnaDev_data_AnaTuple_run00010515_Playlist.root
172	Data/Playlist1D/MasterAnaDev_data_AnaTuple_run00010516_Playlist.root
175	Data/Playlist1D/MasterAnaDev_data_AnaTuple_run00010517_Playlist.root
182	Data/Playlist1D/MasterAnaDev_data_AnaTuple_run00010518_Playlist.root
188	Data/Playlist1D/MasterAnaDev_data_AnaTuple_run00010519_Playlist.root
208	Data/Playlist1D/MasterAnaDev_data_AnaTuple_run00010520_Playlist.root
211	Data/Playlist1D/MasterAnaDev_data_AnaTuple_run00010521_Playlist.root
217	Data/Playlist1D/MasterAnaDev_data_AnaTuple_run00010522_Playlist.root
220	Data/Playlist1D/MasterAnaDev_data_AnaTuple_run00010523_Playlist.root
226	Data/Playlist1D/MasterAnaDev_data_AnaTuple_run00010524_Playlist.root
230	Data/Playlist1D/MasterAnaDev_data_AnaTuple_run00010525_Playlist.root
234	Data/Playlist1D/MasterAnaDev_data_AnaTuple_run00010526_Playlist.root
239	Data/Playlist1D/MasterAnaDev_data_AnaTuple_run00010527_Playlist.root
243	Data/Playlist1D/MasterAnaDev_data_AnaTuple_run00010529_Playlist.root
247	Data/Playlist1D/MasterAnaDev_data_AnaTuple_run00010530_Playlist.root
253	Data/Playlist1D/MasterAnaDev_data_AnaTuple_run00010531_Playlist.root
258	Data/Playlist1D/MasterAnaDev_data_AnaTuple_run00010532_Playlist.root
261	Data/Playlist1D/MasterAnaDev_data_AnaTuple_run00010533_Playlist.root
264	Data/Playlist1D/MasterAnaDev_data_AnaTuple_run00010534_Playlist.root
267	Data/Playlist1D/MasterAnaDev_data_AnaTuple_run00010535_Playlist.root
324	Data/Playlist1D/MasterAnaDev_data_AnaTuple_run00010536_Playlist.root
334	Data/Playlist1D/MasterAnaDev_data_AnaTuple_run00010537_Playlist.root
343	Data/Playlist1D/MasterAnaDev_data_AnaTuple_run00010538_Playlist.root
323	Data/Playlist1D/MasterAnaDev_data_AnaTuple_run00010556_Playlist.root
345	Data/Playlist1D/MasterAnaDev_data_AnaTuple_run00010557_Playlist.root
4	Data/Playlist1D/MasterAnaDev_data_AnaTuple_run00010558_Playlist.root
6	Data/Playlist1D/MasterAnaDev_data_AnaTuple_run00010559_Playlist.root
12	Data/Playlist1D/MasterAnaDev_data_AnaTuple_run00010560_Playlist.root
35	Data/Playlist1D/MasterAnaDev_data_AnaTuple_run00010561_Playlist.root
38	Data/Playlist1D/MasterAnaDev_data_AnaTuple_run00010562_Playlist.root
43	Data/Playlist1D/MasterAnaDev_data_AnaTuple_run00010563_Playlist.root
45	Data/Playlist1D/MasterAnaDev_data_AnaTuple_run00010586_Playlist.root
48	Data/Playlist1D/MasterAnaDev_data_AnaTuple_run00010587_Playlist.root
52	Data/Playlist1D/MasterAnaDev_data_AnaTuple_run00010588_Playlist.root
57	Data/Playlist1D/MasterAnaDev_data_AnaTuple_run00010589_Playlist.root
63	Data/Playlist1D/MasterAnaDev_data_AnaTuple_run00010590_Playlist.root
70	Data/Playlist1D/MasterAnaDev_data_AnaTuple_run00010591_Playlist.root
73	Data/Playlist1D/MasterAnaDev_data_AnaTuple_run00010592_Playlist.root
77	Data/Playlist1D/MasterAnaDev_data_AnaTuple_run00010593_Playlist.root
81	Data/Playlist1D/MasterAnaDev_data_AnaTuple_run00010594_Playlist.root
86	Data/Playlist1D/MasterAnaDev_data_AnaTuple_run00010595_Playlist.root
102	Data/Playlist1D/MasterAnaDev_data_AnaTuple_run00010596_Playlist.root
113	Data/Playlist1D/MasterAnaDev_data_AnaTuple_run00010597_Playlist.root
119	Data/Playlist1D/MasterAnaDev_data_AnaTuple_run00010598_Playlist.root
127	Data/Playlist1D/MasterAnaDev_data_AnaTuple_run00010599_Playlist.root
131	Data/Playlist1D/MasterAnaDev_data_AnaTuple_run00010600_Playlist.root
135	Data/Playlist1D/MasterAnaDev_data_AnaTuple_run00010601_Playlist.root
141	Data/Playlist1D/MasterAnaDev_data_AnaTuple_run00010602_Playlist.root
151	Data/Playlist1D/MasterAnaDev_data_AnaTuple_run00010603_Playlist.root
153	Data/Playlist1D/MasterAnaDev_data_AnaTuple_run00010604_Playlist.root
188	Data/Playlist1D/MasterAnaDev_data_AnaTuple_run00010605_Playlist.root
195	Data/Playlist1D/MasterAnaDev_data_AnaTuple_run00010606_Playlist.root
203	Data/Playlist1D/MasterAnaDev_data_AnaTuple_run00010607_Playlist.root
209	Data/Playlist1D/MasterAnaDev_data_AnaTuple_run00010608_Playlist.root
213	Data/Playlist1D/MasterAnaDev_data_AnaTuple_run00010609_Playlist.root
219	Data/Playlist1D/MasterAnaDev_data_AnaTuple_run00010610_Playlist.root
225	Data/Playlist1D/MasterAnaDev_data_AnaTuple_run00010611_Playlist.root
236	Data/Playlist1D/MasterAnaDev_data_AnaTuple_run00010612_Playlist.root
246	Data/Playlist1D/MasterAnaDev_data_AnaTuple_run00010613_Playlist.root
255	Data/Playlist1D/MasterAnaDev_data_AnaTuple_run00010614_Playlist.root
259	Data/Playlist1D/MasterAnaDev_data_AnaTuple_run00010615_Playlist.root
269	Data/Playlist1D/MasterAnaDev_data_AnaTuple_run00010617_Playlist.root
276	Data/Playlist1D/MasterAnaDev_data_AnaTuple_run00010618_Playlist.root
282	Data/Playlist1D/MasterAnaDev_data_AnaTuple_run00010619_Playlist.root
297	Data/Playlist1D/MasterAnaDev_data_AnaTuple_run00010620_Playlist.root
293	Data/Playlist1D/MasterAnaDev_data_AnaTuple_run00010621_Playlist.root
287	Data/Playlist1D/MasterAnaDev_data_AnaTuple_run00010622_Playlist.root
320	Data/Playlist1D/MasterAnaDev_data_AnaTuple_run00010623_Playlist.root
314	Data/Playlist1D/MasterAnaDev_data_AnaTuple_run00010624_Playlist.root
338	Data/Playlist1D/MasterAnaDev_data_AnaTuple_run00010625_Playlist.root
16	Data/Playlist1D/MasterAnaDev_data_AnaTuple_run00010626_Playlist.root
127	Data/Playlist1D/MasterAnaDev_data_AnaTuple_run00010627_Playlist.root
143	Data/Playlist1D/MasterAnaDev_data_AnaTuple_run00010628_Playlist.root
149	Data/Playlist1D/MasterAnaDev_data_AnaTuple_run00010629_Playlist.root
164	Data/Playlist1D/MasterAnaDev_data_AnaTuple_run00010630_Playlist.root
175	Data/Playlist1D/MasterAnaDev_data_AnaTuple_run00010631_Playlist.root
183	Data/Playlist1D/MasterAnaDev_data_AnaTuple_run00010636_Playlist.root
200	Data/Playlist1D/MasterAnaDev_data_AnaTuple_run00010637_Playlist.root
207	Data/Playlist1D/MasterAnaDev_data_AnaTuple_run00010638_Playlist.root
224	Data/Playlist1D/MasterAnaDev_data_AnaTuple_run00010639_Playlist.root
239	Data/Playlist1D/MasterAnaDev_data_AnaTuple_run00010640_Playlist.root
252	Data/Playlist1D/MasterAnaDev_data_AnaTuple_run00010641_Playlist.root
18	Data/Playlist1D/MasterAnaDev_data_AnaTuple_run00010642_Playlist.root
84	Data/Playlist1D/MasterAnaDev_data_AnaTuple_run00010643_Playlist.root
88	Data/Playlist1D/MasterAnaDev_data_AnaTuple_run00010644_Playlist.root
95	Data/Playlist1D/MasterAnaDev_data_AnaTuple_run00010645_Playlist.root
99	Data/Playlist1D/MasterAnaDev_data_AnaTuple_run00010646_Playlist.root
101	Data/Playlist1D/MasterAnaDev_data_AnaTuple_run00010647_Playlist.root
109	Data/Playlist1D/MasterAnaDev_data_AnaTuple_run00010648_Playlist.root
113	Data/Playlist1D/MasterAnaDev_data_AnaTuple_run00010649_Playlist.root
119	Data/Playlist1D/MasterAnaDev_data_AnaTuple_run00010650_Playlist.root
123	Data/Playlist1D/MasterAnaDev_data_AnaTuple_run00010651_Playlist.root
127	Data/Playlist1D/MasterAnaDev_data_AnaTuple_run00010652_Playlist.root
134	Data/Playlist1D/MasterAnaDev_data_AnaTuple_run00010653_Playlist.root
140	Data/Playlist1D/MasterAnaDev_data_AnaTuple_run00010654_Playlist.root
144	Data/Playlist1D/MasterAnaDev_data_AnaTuple_run00010655_Playlist.root
161	Data/Playlist1D/MasterAnaDev_data_AnaTuple_run00010656_Playlist.root
177	Data/Playlist1D/MasterAnaDev_data_AnaTuple_run00010657_Playlist.root
204	Data/Playlist1D/MasterAnaDev_data_AnaTuple_run00010658_Playlist.root
210	Data/Playlist1D/MasterAnaDev_data_AnaTuple_run00010659_Playlist.root
220	Data/Playlist1D/MasterAnaDev_data_AnaTuple_run00010660_Playlist.root
226	Data/Playlist1D/MasterAnaDev_data_AnaTuple_run00010661_Playlist.root
233	Data/Playlist1D/MasterAnaDev_data_AnaTuple_run00010662_Playlist.root
366	Data/Playlist1E/MasterAnaDev_data_AnaTuple_run00016003_Playlist.root
359	Data/Playlist1E/MasterAnaDev_data_AnaTuple_run00016004_Playlist.root
321	Data/Playlist1E/MasterAnaDev_data_AnaTuple_run00016005_Playlist.root
329	Data/Playlist1E/MasterAnaDev_data_AnaTuple_run00016006_Playlist.root
361	Data/Playlist1E/MasterAnaDev_data_AnaTuple_run00016007_Playlist.root
365	Data/Playlist1E/MasterAnaDev_data_AnaTuple_run00016008_Playlist.root
345	Data/Playlist1E/MasterAnaDev_data_AnaTuple_run00016009_Playlist.root
301	Data/Playlist1E/MasterAnaDev_data_AnaTuple_run00016010_Playlist.root
307	Data/Playlist1E/MasterAnaDev_data_AnaTuple_run00016011_Playlist.root
357	Data/Playlist1E/MasterAnaDev_data_AnaTuple_run00016012_Playlist.root
305	Data/Playlist1E/MasterAnaDev_data_AnaTuple_run00016013_Playlist.root
335	Data/Playlist1E/MasterAnaDev_data_AnaTuple_run00016015_Playlist.root
317	Data/Playlist1E/MasterAnaDev_data_AnaTuple_run00016016_Playlist.root
347	Data/Playlist1E/MasterAnaDev_data_AnaTuple_run00016017_Playlist.root
0	Data/Playlist1E/MasterAnaDev_data_AnaTuple_run00016018_Playlist.root
3	Data/Playlist1E/MasterAnaDev_data_AnaTuple_run00016019_Playlist.root
5	Data/Playlist1E/MasterAnaDev_data_AnaTuple_run00016020_Playlist.root
9	Data/Playlist1E/MasterAnaDev_data_AnaTuple_run00016021_Playlist.root
10	Data/Playlist1E/MasterAnaDev_data_AnaTuple_run00016022_Playlist.root
12	Data/Playlist1E/MasterAnaDev_data_AnaTuple_run00016023_Playlist.root
14	Data/Playlist1E/MasterAnaDev_data_AnaTuple_run00016024_Playlist.root
27	Data/Playlist1E/MasterAnaDev_data_AnaTuple_run00016025_Playlist.root
37	Data/Playlist1E/MasterAnaDev_data_AnaTuple_run00016026_Playlist.root
39	Data/Playlist1E/MasterAnaDev_data_AnaTuple_run00016027_Playlist.root
40	Data/Playlist1E/MasterAnaDev_data_AnaTuple_run00016028_Playlist.root
41	Data/Playlist1E/MasterAnaDev_data_AnaTuple_run00016029_Playlist.root
42	Data/Playlist1E/MasterAnaDev_data_AnaTuple_run00016030_Playlist.root
47	Data/Playlist1E/MasterAnaDev_data_AnaTuple_run00016031_Playlist.root
51	Data/Playlist1E/MasterAnaDev_data_AnaTuple_run00016032_Playlist.root
54	Data/Playlist1E/MasterAnaDev_data_AnaTuple_run00016036_Playlist.root
56	Data/Playlist1E/MasterAnaDev_data_AnaTuple_run00016040_Playlist.root
57	Data/Playlist1E/MasterAnaDev_data_AnaTuple_run00016041_Playlist.root
58	Data/Playlist1E/MasterAnaDev_data_AnaTuple_run00016042_Playlist.root
60	Data/Playlist1E/MasterAnaDev_data_AnaTuple_run00016043_Playlist.root
63	Data/Playlist1E/MasterAnaDev_data_AnaTuple_run00016044_Playlist.root
65	Data/Playlist1E/MasterAnaDev_data_AnaTuple_run00016045_Playlist.root
73	Data/Playlist1E/MasterAnaDev_data_AnaTuple_run00016046_Playlist.root
81	Data/Playlist1E/MasterAnaDev_data_AnaTuple_run00016047_Playlist.root
86	Data/Playlist1E/MasterAnaDev_data_AnaTuple_run00016048_Playlist.root
88	Data/Playlist1E/MasterAnaDev_data_AnaTuple_run00016049_Playlist.root
99	Data/Playlist1E/MasterAnaDev_data_AnaTuple_run00016050_Playlist.root
103	Data/Playlist1E/MasterAnaDev_data_AnaTuple_run00016051_Playlist.root
106	Data/Playlist1E/MasterAnaDev_data_AnaTuple_run00016052_Playlist.root
108	Data/Playlist1E/MasterAnaDev_data_AnaTuple_run00016053_Playlist.root
109	Data/Playlist1E/MasterAnaDev_data_AnaTuple_run00016054_Playlist.root
113	Data/Playlist1E/MasterAnaDev_data_AnaTuple_run00016055_Playlist.root
114	Data/Playlist1E/MasterAnaDev_data_AnaTuple_run00016056_Playlist.root
115	Data/Playlist1E/MasterAnaDev_data_AnaTuple_run00016057_Playlist.root
119	Data/Playlist1E/MasterAnaDev_data_AnaTuple_run00016058_Playlist.root
125	Data/Playlist1E/MasterAnaDev_data_AnaTuple_run00016059_Playlist.root
133	Data/Playlist1E/MasterAnaDev_data_AnaTuple_run00016060_Playlist.root
136	Data/Playlist1E/MasterAnaDev_data_AnaTuple_run00016061_Playlist.root
139	Data/Playlist1E/MasterAnaDev_data_AnaTuple_run00016062_Playlist.root
142	Data/Playlist1E/MasterAnaDev_data_AnaTuple_run00016063_Playlist.root
145	Data/Playlist1E/MasterAnaDev_data_AnaTuple_run00016064_Playlist.root
147	Data/Playlist1E/MasterAnaDev_data_AnaTuple_run00016065_Playlist.root
150	Data/Playlist1E/MasterAnaDev_data_AnaTuple_run00016070_Playlist.root
153	Data/Playlist1E/MasterAnaDev_data_AnaTuple_run00016071_Playlist.root
158	Data/Playlist1E/MasterAnaDev_data_AnaTuple_run00016072_Playlist.root
160	Data/Playlist1E/MasterAnaDev_data_AnaTuple_run00016073_Playlist.root
207	Data/Playlist1E/MasterAnaDev_data_AnaTuple_run00016074_Playlist.root
366	Data/Playlist1E/MasterAnaDev_data_AnaTuple_run00016075_Playlist.root
67	Data/Playlist1E/MasterAnaDev_data_AnaTuple_run00016076_Playlist.root
104	Data/Playlist1E/MasterAnaDev_data_AnaTuple_run00016077_Playlist.root
162	Data/Playlist1E/MasterAnaDev_data_AnaTuple_run00016078_Playlist.root
234	Data/Playlist1E/MasterAnaDev_data_AnaTuple_run00016079_Playlist.root
368	Data/Playlist1E/MasterAnaDev_data_AnaTuple_run00016080_Playlist.root
325	Data/Playlist1E/MasterAnaDev_data_AnaTuple_run00016081_Playlist.root
35	Data/Playlist1E/MasterAnaDev_data_AnaTuple_run00016082_Playlist.root
101	Data/Playlist1E/MasterAnaDev_data_AnaTuple_run00016083_Playlist.root
203	Data/Playlist1E/MasterAnaDev_data_AnaTuple_run00016084_Playlist.root
209	Data/Playlist1E/MasterAnaDev_data_AnaTuple_run00016085_Playlist.root
210	Data/Playlist1E/MasterAnaDev_data_AnaTuple_run00016086_Playlist.root
214	Data/Playlist1E/MasterAnaDev_data_AnaTuple_run00016087_Playlist.root
216	Data/Playlist1E/MasterAnaDev_data_AnaTuple_run00016088_Playlist.root
265	Data/Playlist1E/MasterAnaDev_data_AnaTuple_run00016089_Playlist.root
282	Data/Playlist1E/MasterAnaDev_data_AnaTuple_run00016090_Playlist.root
286	Data/Playlist1E/MasterAnaDev_data_AnaTuple_run00016091_Playlist.root
278	Data/Playlist1E/MasterAnaDev_data_AnaTuple_run00016092_Playlist.root
281	Data/Playlist1E/MasterAnaDev_data_AnaTuple_run00016093_Playlist.root
348	Data/Playlist1E/MasterAnaDev_data_AnaTuple_run00016094_Playlist.root
336	Data/Playlist1E/MasterAnaDev_data_AnaTuple_run00016095_Playlist.root
364	Data/Playlist1E/MasterAnaDev_data_AnaTuple_run00016096_Playlist.root
304	Data/Playlist1E/MasterAnaDev_data_AnaTuple_run00016097_Playlist.root
330	Data/Playlist1E/MasterAnaDev_data_AnaTuple_run00016098_Playlist.root
329	Data/Playlist1E/MasterAnaDev_data_AnaTuple_run00016099_Playlist.root
325	Data/Playlist1E/MasterAnaDev_data_AnaTuple_run00016100_Playlist.root
323	Data/Playlist1E/MasterAnaDev_data_AnaTuple_run00016101_Playlist.root
311	Data/Playlist1E/MasterAnaDev_data_AnaTuple_run00016102_Playlist.root
345	Data/Playlist1E/MasterAnaDev_data_AnaTuple_run00016103_Playlist.root
299	Data/Playlist1E/MasterAnaDev_data_AnaTuple_run00016104_Playlist.root
337	Data/Playlist1E/MasterAnaDev_data_AnaTuple_run00016105_Playlist.root
303	Data/Playlist1E/MasterAnaDev_data_AnaTuple_run00016106_Playlist.root
305	Data/Playlist1E/MasterAnaDev_data_AnaTuple_run00016107_Playlist.root
317	Data/Playlist1E/MasterAnaDev_data_AnaTuple_run00016108_Playlist.root
367	Data/Playlist1E/MasterAnaDev_data_AnaTuple_run00016109_Playlist.root
315	Data/Playlist1E/MasterAnaDev_data_AnaTuple_run00016118_Playlist.root
347	Data/Playlist1E/MasterAnaDev_data_AnaTuple_run00016119_Playlist.root
331	Data/Playlist1E/MasterAnaDev_data_AnaTuple_run00016120_Playlist.root
6	Data/Playlist1E/MasterAnaDev_data_AnaTuple_run00016121_Playlist.root
7	Data/Playlist1E/MasterAnaDev_data_AnaTuple_run00016122_Playlist.root
10	Data/Playlist1E/MasterAnaDev_data_AnaTuple_run00016123_Playlist.root
13	Data/Playlist1E/MasterAnaDev_data_AnaTuple_run00016124_Playlist.root
17	Data/Playlist1E/MasterAnaDev_data_AnaTuple_run00016125_Playlist.root
21	Data/Playlist1E/MasterAnaDev_data_AnaTuple_run00016126_Playlist.root
23	Data/Playlist1E/MasterAnaDev_data_AnaTuple_run00016127_Playlist.root
27	Data/Playlist1E/MasterAnaDev_data_AnaTuple_run00016128_Playlist.root
3	Data/Playlist1E/MasterAnaDev_data_AnaTuple_run00016129_Playlist.root
16	Data/Playlist1E/MasterAnaDev_data_AnaTuple_run00016131_Playlist.root
278	Data/Playlist1E/MasterAnaDev_data_AnaTuple_run00016132_Playlist.root
269	Data/Playlist1E/MasterAnaDev_data_AnaTuple_run00016133_Playlist.root
283	Data/Playlist1E/MasterAnaDev_data_AnaTuple_run00016134_Playlist.root
322	Data/Playlist1E/MasterAnaDev_data_AnaTuple_run00016135_Playlist.root
351	Data/Playlist1E/MasterAnaDev_data_AnaTuple_run00016136_Playlist.root
48	Data/Playlist1E/MasterAnaDev_data_AnaTuple_run00016137_Playlist.root
58	Data/Playlist1E/MasterAnaDev_data_AnaTuple_run00016138_Playlist.root
60	Data/Playlist1E/MasterAnaDev_data_AnaTuple_run00016139_Playlist.root
61	Data/Playlist1E/MasterAnaDev_data_AnaTuple_run00016140_Playlist.root
96	Data/Playlist1E/MasterAnaDev_data_AnaTuple_run00016141_Playlist.root
148	Data/Playlist1E/MasterAnaDev_data_AnaTuple_run00016142_Playlist.root
216	Data/Playlist1E/MasterAnaDev_data_AnaTuple_run00016143_Playlist.root
12	Data/Playlist1E/MasterAnaDev_data_AnaTuple_run00016144_Playlist.root
104	Data/Playlist1E/MasterAnaDev_data_AnaTuple_run00016145_Playlist.root
150	Data/Playlist1E/MasterAnaDev_data_AnaTuple_run00016146_Playlist.root
206	Data/Playlist1E/MasterAnaDev_data_AnaTuple_run00016147_Playlist.root
270	Data/Playlist1E/MasterAnaDev_data_AnaTuple_run00016148_Playlist.root
9	Data/Playlist1E/MasterAnaDev_data_AnaTuple_run00016149_Playlist.root
137	Data/Playlist1E/MasterAnaDev_data_AnaTuple_run00016150_Playlist.root
282	Data/Playlist1E/MasterAnaDev_data_AnaTuple_run00016151_Playlist.root
318	Data/Playlist1E/MasterAnaDev_data_AnaTuple_run00016152_Playlist.root
299	Data/Playlist1E/MasterAnaDev_data_AnaTuple_run00016153_Playlist.root
156	Data/Playlist1E/MasterAnaDev_data_AnaTuple_run00016154_Playlist.root
208	Data/Playlist1E/MasterAnaDev_data_AnaTuple_run00016155_Playlist.root
253	Data/Playlist1E/MasterAnaDev_data_AnaTuple_run00016156_Playlist.root
275	Data/Playlist1E/MasterAnaDev_data_AnaTuple_run00016157_Playlist.root
307	Data/Playlist1E/MasterAnaDev_data_AnaTuple_run00016158_Playlist.root
36	Data/Playlist1E/MasterAnaDev_data_AnaTuple_run00016159_Playlist.root
82	Data/Playlist1E/MasterAnaDev_data_AnaTuple_run00016160_Playlist.root
288	Data/Playlist1E/MasterAnaDev_data_AnaTuple_run00016161_Playlist.root
284	Data/Playlist1E/MasterAnaDev_data_AnaTuple_run00016162_Playlist.root
297	Data/Playlist1E/MasterAnaDev_data_AnaTuple_run00016163_Playlist.root
275	Data/Playlist1E/MasterAnaDev_data_AnaTuple_run00016164_Playlist.root
291	Data/Playlist1E/MasterAnaDev_data_AnaTuple_run00016165_Playlist.root
293	Data/Playlist1E/MasterAnaDev_data_AnaTuple_run00016166_Playlist.root
287	Data/Playlist1E/MasterAnaDev_data_AnaTuple_run00016167_Playlist.root
320	Data/Playlist1E/MasterAnaDev_data_AnaTuple_run00016168_Playlist.root
310	Data/Playlist1E/MasterAnaDev_data_AnaTuple_run00016169_Playlist.root
364	Data/Playlist1E/MasterAnaDev_data_AnaTuple_run00016170_Playlist.root
362	Data/Playlist1E/MasterAnaDev_data_AnaTuple_run00016171_Playlist.root
332	Data/Playlist1E/MasterAnaDev_data_AnaTuple_run00016172_Playlist.root
334	Data/Playlist1E/MasterAnaDev_data_AnaTuple_run00016173_Playlist.root
321	Data/Playlist1E/MasterAnaDev_data_AnaTuple_run00016174_Playlist.root
331	Data/Playlist1E/MasterAnaDev_data_AnaTuple_run00016175_Playlist.root
363	Data/Playlist1E/MasterAnaDev_data_AnaTuple_run00016176_Playlist.root
2	Data/Playlist1E/MasterAnaDev_data_AnaTuple_run00016177_Playlist.root
9	Data/Playlist1E/MasterAnaDev_data_AnaTuple_run00016178_Playlist.root
11	Data/Playlist1E/MasterAnaDev_data_AnaTuple_run00016179_Playlist.root
17	Data/Playlist1E/MasterAnaDev_data_AnaTuple_run00016180_Playlist.root
19	Data/Playlist1E/MasterAnaDev_data_AnaTuple_run00016181_Playlist.root
20	Data/Playlist1E/MasterAnaDev_data_AnaTuple_run00016182_Playlist.root
24	Data/Playlist1E/MasterAnaDev_data_AnaTuple_run00016183_Playlist.root
29	Data/Playlist1E/MasterAnaDev_data_AnaTuple_run00016184_Playlist.root
32	Data/Playlist1E/MasterAnaDev_data_AnaTuple_run00016185_Playlist.root
34	Data/Playlist1E/MasterAnaDev_data_AnaTuple_run00016186_Playlist.root
40	Data/Playlist1E/MasterAnaDev_data_AnaTuple_run00016187_Playlist.root
74	Data/Playlist1E/MasterAnaDev_data_AnaTuple_run00016188_Playlist.root
98	Data/Playlist1E/MasterAnaDev_data_AnaTuple_run00016189_Playlist.root
111	Data/Playlist1E/MasterAnaDev_data_AnaTuple_run00016190_Playlist.root
116	Data/Playlist1E/MasterAnaDev_data_AnaTuple_run00016191_Playlist.root
125	Data/Playlist1E/MasterAnaDev_data_AnaTuple_run00016192_Playlist.root
188	Data/Playlist1E/MasterAnaDev_data_AnaTuple_run00016193_Playlist.root
293	Data/Playlist1E/MasterAnaDev_data_AnaTuple_run00016194_Playlist.root
363	Data/Playlist1E/MasterAnaDev_data_AnaTuple_run00016195_Playlist.root
44	Data/Playlist1E/MasterAnaDev_data_AnaTuple_run00016196_Playlist.root
89	Data/Playlist1E/MasterAnaDev_data_AnaTuple_run00016197_Playlist.root
138	Data/Playlist1E/MasterAnaDev_data_AnaTuple_run00016198_Playlist.root
185	Data/Playlist1E/MasterAnaDev_data_AnaTuple_run00016199_Playlist.root
274	Data/Playlist1E/MasterAnaDev_data_AnaTuple_run00016200_Playlist.root
313	Data/Playlist1E/MasterAnaDev_data_AnaTuple_run00016201_Playlist.root
319	Data/Playlist1E/MasterAnaDev_data_AnaTuple_run00016202_Playlist.root
0	Data/Playlist1E/MasterAnaDev_data_AnaTuple_run00016203_Playlist.root
3	Data/Playlist1E/MasterAnaDev_data_AnaTuple_run00016204_Playlist.root
14	Data/Playlist1E/MasterAnaDev_data_AnaTuple_run00016205_Playlist.root
16	Data/Playlist1E/MasterAnaDev_data_AnaTuple_run00016206_Playlist.root
17	Data/Playlist1E/MasterAnaDev_data_AnaTuple_run00016207_Playlist.root
24	Data/Playlist1E/MasterAnaDev_data_AnaTuple_run00016208_Playlist.root
28	Data/Playlist1E/MasterAnaDev_data_AnaTuple_run00016209_Playlist.root
31	Data/Playlist1E/MasterAnaDev_data_AnaTuple_run00016210_Playlist.root
44	Data/Playlist1E/MasterAnaDev_data_AnaTuple_run00016211_Playlist.root
48	Data/Playlist1E/MasterAnaDev_data_AnaTuple_run00016212_Playlist.root
52	Data/Playlist1E/MasterAnaDev_data_AnaTuple_run00016213_Playlist.root
54	Data/Playlist1E/MasterAnaDev_data_AnaTuple_run00016214_Playlist.root
57	Data/Playlist1E/MasterAnaDev_data_AnaTuple_run00016402_Playlist.root
58	Data/Playlist1E/MasterAnaDev_data_AnaTuple_run00016403_Playlist.root
66	Data/Playlist1E/MasterAnaDev_data_AnaTuple_run00016404_Playlist.root
69	Data/Playlist1E/MasterAnaDev_data_AnaTuple_run00016405_Playlist.root
76	Data/Playlist1E/MasterAnaDev_data_AnaTuple_run00016406_Playlist.root
77	Data/Playlist1E/MasterAnaDev_data_AnaTuple_run00016407_Playlist.root
80	Data/Playlist1E/MasterAnaDev_data_AnaTuple_run00016500_Playlist.root
84	Data/Playlist1E/MasterAnaDev_data_AnaTuple_run00016501_Playlist.root
96	Data/Playlist1E/MasterAnaDev_data_AnaTuple_run00016502_Playlist.root
101	Data/Playlist1E/MasterAnaDev_data_AnaTuple_run00016503_Playlist.root
103	Data/Playlist1E/MasterAnaDev_data_AnaTuple_run00016505_Playlist.root
105	Data/Playlist1E/MasterAnaDev_data_AnaTuple_run00016506_Playlist.root
109	Data/Playlist1E/MasterAnaDev_data_AnaTuple_run00016507_Playlist.root
111	Data/Playlist1E/MasterAnaDev_data_AnaTuple_run00016508_Playlist.root
115	Data/Playlist1E/MasterAnaDev_data_AnaTuple_run00016510_Playlist.root
118	Data/Playlist1E/MasterAnaDev_data_AnaTuple_run00016511_Playlist.root
123	Data/Playlist1E/MasterAnaDev_data_AnaTuple_run00016512_Playlist.root
130	Data/Playlist1E/MasterAnaDev_data_AnaTuple_run00016513_Playlist.root
132	Data/Playlist1E/MasterAnaDev_data_AnaTuple_run00016514_Playlist.root
135	Data/Playlist1E/MasterAnaDev_data_AnaTuple_run00016515_Playlist.root
138	Data/Playlist1E/MasterAnaDev_data_AnaTuple_run00016516_Playlist.root
147	Data/Playlist1E/MasterAnaDev_data_AnaTuple_run00016517_Playlist.root
153	Data/Playlist1E/MasterAnaDev_data_AnaTuple_run00016518_Playlist.root
158	Data/Playlist1E/MasterAnaDev_data_AnaTuple_run00016519_Playlist.root
159	Data/Playlist1E/MasterAnaDev_data_AnaTuple_run00016520_Playlist.root
161	Data/Playlist1E/MasterAnaDev_data_AnaTuple_run00016521_Playlist.root
227	Data/Playlist1E/MasterAnaDev_data_AnaTuple_run00016522_Playlist.root
26	Data/Playlist1F/MasterAnaDev_data_AnaTuple_run00016523_Playlist.root
29	Data/Playlist1F/MasterAnaDev_data_AnaTuple_run00016525_Playlist.root
31	Data/Playlist1F/MasterAnaDev_data_AnaTuple_run00016526_Playlist.root
43	Data/Playlist1F/MasterAnaDev_data_AnaTuple_run00016528_Playlist.root
44	Data/Playlist1F/MasterAnaDev_data_AnaTuple_run00016529_Playlist.root
291	Data/Playlist1F/MasterAnaDev_data_AnaTuple_run00016530_Playlist.root
197	Data/Playlist1F/MasterAnaDev_data_AnaTuple_run00016531_Playlist.root
60	Data/Playlist1F/MasterAnaDev_data_AnaTuple_run00016532_Playlist.root
63	Data/Playlist1F/MasterAnaDev_data_AnaTuple_run00016533_Playlist.root
66	Data/Playlist1F/MasterAnaDev_data_AnaTuple_run00016534_Playlist.root
70	Data/Playlist1F/MasterAnaDev_data_AnaTuple_run00016535_Playlist.root
78	Data/Playlist1F/MasterAnaDev_data_AnaTuple_run00016536_Playlist.root
82	Data/Playlist1F/MasterAnaDev_data_AnaTuple_run00016537_Playlist.root
89	Data/Playlist1F/MasterAnaDev_data_AnaTuple_run00016538_Playlist.root
93	Data/Playlist1F/MasterAnaDev_data_AnaTuple_run00016539_Playlist.root
97	Data/Playlist1F/MasterAnaDev_data_AnaTuple_run00016540_Playlist.root
100	Data/Playlist1F/MasterAnaDev_data_AnaTuple_run00016541_Playlist.root
101	Data/Playlist1F/MasterAnaDev_data_AnaTuple_run00016542_Playlist.root
106	Data/Playlist1F/MasterAnaDev_data_AnaTuple_run00016543_Playlist.root
118	Data/Playlist1F/MasterAnaDev_data_AnaTuple_run00016544_Playlist.root
187	Data/Playlist1F/MasterAnaDev_data_AnaTuple_run00016545_Playlist.root
195	Data/Playlist1F/MasterAnaDev_data_AnaTuple_run00016546_Playlist.root
204	Data/Playlist1F/MasterAnaDev_data_AnaTuple_run00016547_Playlist.root
212	Data/Playlist1F/MasterAnaDev_data_AnaTuple_run00016553_Playlist.root
234	Data/Playlist1F/MasterAnaDev_data_AnaTuple_run00016554_Playlist.root
324	Data/Playlist1F/MasterAnaDev_data_AnaTuple_run00016555_Playlist.root
316	Data/Playlist1F/MasterAnaDev_data_AnaTuple_run00016556_Playlist.root
344	Data/Playlist1F/MasterAnaDev_data_AnaTuple_run00016557_Playlist.root
342	Data/Playlist1F/MasterAnaDev_data_AnaTuple_run00016558_Playlist.root
362	Data/Playlist1F/MasterAnaDev_data_AnaTuple_run00016559_Playlist.root
304	Data/Playlist1F/MasterAnaDev_data_AnaTuple_run00016560_Playlist.root
328	Data/Playlist1F/MasterAnaDev_data_AnaTuple_run00016561_Playlist.root
366	Data/Playlist1F/MasterAnaDev_data_AnaTuple_run00016562_Playlist.root
343	Data/Playlist1F/MasterAnaDev_data_AnaTuple_run00016563_Playlist.root
319	Data/Playlist1F/MasterAnaDev_data_AnaTuple_run00016564_Playlist.root
301	Data/Playlist1F/MasterAnaDev_data_AnaTuple_run00016565_Playlist.root
307	Data/Playlist1F/MasterAnaDev_data_AnaTuple_run00016566_Playlist.root
305	Data/Playlist1F/MasterAnaDev_data_AnaTuple_run00016567_Playlist.root
341	Data/Playlist1F/MasterAnaDev_data_AnaTuple_run00016568_Playlist.root
347	Data/Playlist1F/MasterAnaDev_data_AnaTuple_run00016569_Playlist.root
331	Data/Playlist1F/MasterAnaDev_data_AnaTuple_run00016570_Playlist.root
363	Data/Playlist1F/MasterAnaDev_data_AnaTuple_run00016571_Playlist.root
1	Data/Playlist1F/MasterAnaDev_data_AnaTuple_run00016572_Playlist.root
7	Data/Playlist1F/MasterAnaDev_data_AnaTuple_run00016573_Playlist.root
12	Data/Playlist1F/MasterAnaDev_data_AnaTuple_run00016574_Playlist.root
17	Data/Playlist1F/MasterAnaDev_data_AnaTuple_run00016575_Playlist.root
24	Data/Playlist1F/MasterAnaDev_data_AnaTuple_run00016576_Playlist.root
27	Data/Playlist1F/MasterAnaDev_data_AnaTuple_run00016577_Playlist.root
31	Data/Playlist1F/MasterAnaDev_data_AnaTuple_run00016578_Playlist.root
34	Data/Playlist1F/MasterAnaDev_data_AnaTuple_run00016581_Playlist.root
36	Data/Playlist1F/MasterAnaDev_data_AnaTuple_run00016582_Playlist.root
38	Data/Playlist1F/MasterAnaDev_data_AnaTuple_run00016583_Playlist.root
46	Data/Playlist1F/MasterAnaDev_data_AnaTuple_run00016584_Playlist.root
51	Data/Playlist1F/MasterAnaDev_data_AnaTuple_run00016585_Playlist.root
55	Data/Playlist1F/MasterAnaDev_data_AnaTuple_run00016586_Playlist.root
57	Data/Playlist1F/MasterAnaDev_data_AnaTuple_run00016587_Playlist.root
61	Data/Playlist1F/MasterAnaDev_data_AnaTuple_run00016588_Playlist.root
63	Data/Playlist1F/MasterAnaDev_data_AnaTuple_run00016589_Playlist.root
67	Data/Playlist1F/MasterAnaDev_data_AnaTuple_run00016590_Playlist.root
73	Data/Playlist1F/MasterAnaDev_data_AnaTuple_run00016591_Playlist.root
76	Data/Playlist1F/MasterAnaDev_data_AnaTuple_run00016592_Playlist.root
77	Data/Playlist1F/MasterAnaDev_data_AnaTuple_run00016593_Playlist.root
86	Data/Playlist1F/MasterAnaDev_data_AnaTuple_run00016594_Playlist.root
91	Data/Playlist1F/MasterAnaDev_data_AnaTuple_run00016597_Playlist.root
98	Data/Playlist1F/MasterAnaDev_data_AnaTuple_run00016598_Playlist.root
103	Data/Playlist1F/MasterAnaDev_data_AnaTuple_run00016599_Playlist.root
106	Data/Playlist1F/MasterAnaDev_data_AnaTuple_run00016600_Playlist.root
119	Data/Playlist1F/MasterAnaDev_data_AnaTuple_run00016601_Playlist.root
121	Data/Playlist1F/MasterAnaDev_data_AnaTuple_run00016602_Playlist.root
122	Data/Playlist1F/MasterAnaDev_data_AnaTuple_run00016603_Playlist.root
123	Data/Playlist1F/MasterAnaDev_data_AnaTuple_run00016604_Playlist.root
125	Data/Playlist1F/MasterAnaDev_data_AnaTuple_run00016605_Playlist.root
130	Data/Playlist1F/MasterAnaDev_data_AnaTuple_run00016606_Playlist.root
133	Data/Playlist1F/MasterAnaDev_data_AnaTuple_run00016607_Playlist.root
139	Data/Playlist1F/MasterAnaDev_data_AnaTuple_run00016608_Playlist.root
141	Data/Playlist1F/MasterAnaDev_data_AnaTuple_run00016609_Playlist.root
146	Data/Playlist1F/MasterAnaDev_data_AnaTuple_run00016610_Playlist.root
150	Data/Playlist1F/MasterAnaDev_data_AnaTuple_run00016611_Playlist.root
170	Data/Playlist1F/MasterAnaDev_data_AnaTuple_run00016612_Playlist.root
180	Data/Playlist1F/MasterAnaDev_data_AnaTuple_run00016613_Playlist.root
193	Data/Playlist1F/MasterAnaDev_data_AnaTuple_run00016614_Playlist.root
212	Data/Playlist1F/MasterAnaDev_data_AnaTuple_run00016619_Playlist.root
215	Data/Playlist1F/MasterAnaDev_data_AnaTuple_run00016623_Playlist.root
218	Data/Playlist1F/MasterAnaDev_data_AnaTuple_run00016624_Playlist.root
222	Data/Playlist1F/MasterAnaDev_data_AnaTuple_run00016625_Playlist.root
230	Data/Playlist1F/MasterAnaDev_data_AnaTuple_run00016626_Playlist.root
237	Data/Playlist1F/MasterAnaDev_data_AnaTuple_run00016627_Playlist.root
239	Data/Playlist1F/MasterAnaDev_data_AnaTuple_run00016628_Playlist.root
256	Data/Playlist1F/MasterAnaDev_data_AnaTuple_run00016629_Playlist.root
262	Data/Playlist1F/MasterAnaDev_data_AnaTuple_run00016630_Playlist.root
265	Data/Playlist1F/MasterAnaDev_data_AnaTuple_run00016631_Playlist.root
271	Data/Playlist1F/MasterAnaDev_data_AnaTuple_run00016632_Playlist.root
280	Data/Playlist1F/MasterAnaDev_data_AnaTuple_run00016633_Playlist.root
290	Data/Playlist1F/MasterAnaDev_data_AnaTuple_run00016634_Playlist.root
284	Data/Playlist1F/MasterAnaDev_data_AnaTuple_run00016635_Playlist.root
285	Data/Playlist1F/MasterAnaDev_data_AnaTuple_run00016636_Playlist.root
275	Data/Playlist1F/MasterAnaDev_data_AnaTuple_run00016637_Playlist.root
115	Data/Playlist1F/MasterAnaDev_data_AnaTuple_run00016638_Playlist.root
122	Data/Playlist1F/MasterAnaDev_data_AnaTuple_run00016639_Playlist.root
171	Data/Playlist1F/MasterAnaDev_data_AnaTuple_run00016640_Playlist.root
184	Data/Playlist1F/MasterAnaDev_data_AnaTuple_run00016641_Playlist.root
187	Data/Playlist1F/MasterAnaDev_data_AnaTuple_run00016642_Playlist.root
194	Data/Playlist1F/MasterAnaDev_data_AnaTuple_run00016643_Playlist.root
198	Data/Playlist1F/MasterAnaDev_data_AnaTuple_run00016644_Playlist.root
208	Data/Playlist1F/MasterAnaDev_data_AnaTuple_run00016645_Playlist.root
210	Data/Playlist1F/MasterAnaDev_data_AnaTuple_run00016649_Playlist.root
213	Data/Playlist1F/MasterAnaDev_data_AnaTuple_run00016650_Playlist.root
216	Data/Playlist1F/MasterAnaDev_data_AnaTuple_run00016651_Playlist.root
232	Data/Playlist1F/MasterAnaDev_data_AnaTuple_run00016652_Playlist.root
237	Data/Playlist1F/MasterAnaDev_data_AnaTuple_run00016653_Playlist.root
243	Data/Playlist1F/MasterAnaDev_data_AnaTuple_run00016654_Playlist.root
257	Data/Playlist1F/MasterAnaDev_data_AnaTuple_run00016655_Playlist.root
259	Data/Playlist1F/MasterAnaDev_data_AnaTuple_run00016656_Playlist.root
263	Data/Playlist1F/MasterAnaDev_data_AnaTuple_run00016657_Playlist.root
271	Data/Playlist1F/MasterAnaDev_data_AnaTuple_run00016658_Playlist.root
294	Data/Playlist1F/MasterAnaDev_data_AnaTuple_run00016659_Playlist.root
280	Data/Playlist1F/MasterAnaDev_data_AnaTuple_run00016660_Playlist.root
296	Data/Playlist1F/MasterAnaDev_data_AnaTuple_run00016661_Playlist.root
279	Data/Playlist1F/MasterAnaDev_data_AnaTuple_run00016662_Playlist.root
320	Data/Playlist1F/MasterAnaDev_data_AnaTuple_run00016663_Playlist.root
302	Data/Playlist1F/MasterAnaDev_data_AnaTuple_run00016664_Playlist.root
369	Data/Playlist1F/MasterAnaDev_data_AnaTuple_run00016665_Playlist.root
323	Data/Playlist1F/MasterAnaDev_data_AnaTuple_run00016666_Playlist.root
301	Data/Playlist1F/MasterAnaDev_data_AnaTuple_run00016668_Playlist.root
305	Data/Playlist1F/MasterAnaDev_data_AnaTuple_run00016669_Playlist.root
317	Data/Playlist1F/MasterAnaDev_data_AnaTuple_run00016670_Playlist.root
315	Data/Playlist1F/MasterAnaDev_data_AnaTuple_run00016671_Playlist.root
331	Data/Playlist1F/MasterAnaDev_data_AnaTuple_run00016672_Playlist.root
2	Data/Playlist1F/MasterAnaDev_data_AnaTuple_run00016675_Playlist.root
6	Data/Playlist1F/MasterAnaDev_data_AnaTuple_run00016676_Playlist.root
9	Data/Playlist1F/MasterAnaDev_data_AnaTuple_run00016677_Playlist.root
10	Data/Playlist1F/MasterAnaDev_data_AnaTuple_run00016681_Playlist.root
27	Data/Playlist1F/MasterAnaDev_data_AnaTuple_run00016682_Playlist.root
31	Data/Playlist1F/MasterAnaDev_data_AnaTuple_run00016683_Playlist.root
33	Data/Playlist1F/MasterAnaDev_data_AnaTuple_run00016684_Playlist.root
36	Data/Playlist1F/MasterAnaDev_data_AnaTuple_run00016685_Playlist.root
40	Data/Playlist1F/MasterAnaDev_data_AnaTuple_run00016686_Playlist.root
43	Data/Playlist1F/MasterAnaDev_data_AnaTuple_run00016687_Playlist.root
47	Data/Playlist1F/MasterAnaDev_data_AnaTuple_run00016688_Playlist.root
54	Data/Playlist1F/MasterAnaDev_data_AnaTuple_run00016689_Playlist.root
59	Data/Playlist1F/MasterAnaDev_data_AnaTuple_run00016690_Playlist.root
62	Data/Playlist1F/MasterAnaDev_data_AnaTuple_run00016691_Playlist.root
64	Data/Playlist1F/MasterAnaDev_data_AnaTuple_run00016692_Playlist.root
87	Data/Playlist1F/MasterAnaDev_data_AnaTuple_run00016693_Playlist.root
90	Data/Playlist1F/MasterAnaDev_data_AnaTuple_run00016694_Playlist.root
95	Data/Playlist1F/MasterAnaDev_data_AnaTuple_run00016695_Playlist.root
117	Data/Playlist1F/MasterAnaDev_data_AnaTuple_run00016696_Playlist.root
129	Data/Playlist1F/MasterAnaDev_data_AnaTuple_run00016697_Playlist.root
132	Data/Playlist1F/MasterAnaDev_data_AnaTuple_run00016698_Playlist.root
133	Data/Playlist1F/MasterAnaDev_data_AnaTuple_run00016699_Playlist.root
137	Data/Playlist1F/MasterAnaDev_data_AnaTuple_run00016700_Playlist.root
144	Data/Playlist1F/MasterAnaDev_data_AnaTuple_run00016701_Playlist.root
150	Data/Playlist1F/MasterAnaDev_data_AnaTuple_run00016702_Playlist.root
151	Data/Playlist1F/MasterAnaDev_data_AnaTuple_run00016706_Playlist.root
153	Data/Playlist1F/MasterAnaDev_data_AnaTuple_run00016707_Playlist.root
162	Data/Playlist1F/MasterAnaDev_data_AnaTuple_run00016708_Playlist.root
172	Data/Playlist1F/MasterAnaDev_data_AnaTuple_run00016709_Playlist.root
175	Data/Playlist1F/MasterAnaDev_data_AnaTuple_run00016710_Playlist.root
176	Data/Playlist1F/MasterAnaDev_data_AnaTuple_run00016711_Playlist.root
177	Data/Playlist1F/MasterAnaDev_data_AnaTuple_run00016712_Playlist.root
179	Data/Playlist1F/MasterAnaDev_data_AnaTuple_run00016713_Playlist.root
181	Data/Playlist1F/MasterAnaDev_data_AnaTuple_run00016715_Playlist.root
186	Data/Playlist1F/MasterAnaDev_data_AnaTuple_run00016716_Playlist.root
188	Data/Playlist1F/MasterAnaDev_data_AnaTuple_run00016717_Playlist.root
189	Data/Playlist1F/MasterAnaDev_data_AnaTuple_run00016718_Playlist.root
194	Data/Playlist1F/MasterAnaDev_data_AnaTuple_run00016719_Playlist.root
198	Data/Playlist1F/MasterAnaDev_data_AnaTuple_run00016720_Playlist.root
201	Data/Playlist1F/MasterAnaDev_data_AnaTuple_run00016721_Playlist.root
203	Data/Playlist1F/MasterAnaDev_data_AnaTuple_run00016722_Playlist.root
205	Data/Playlist1F/MasterAnaDev_data_AnaTuple_run00016723_Playlist.root
206	Data/Playlist1F/MasterAnaDev_data_AnaTuple_run00016724_Playlist.root
208	Data/Playlist1F/MasterAnaDev_data_AnaTuple_run00016725_Playlist.root
214	Data/Playlist1F/MasterAnaDev_data_AnaTuple_run00016726_Playlist.root
215	Data/Playlist1F/MasterAnaDev_data_AnaTuple_run00016727_Playlist.root
217	Data/Playlist1F/MasterAnaDev_data_AnaTuple_run00016728_Playlist.root
220	Data/Playlist1F/MasterAnaDev_data_AnaTuple_run00016729_Playlist.root
284	Data/Playlist1F/MasterAnaDev_data_AnaTuple_run00016730_Playlist.root
291	Data/Playlist1F/MasterAnaDev_data_AnaTuple_run00016731_Playlist.root
320	Data/Playlist1F/MasterAnaDev_data_AnaTuple_run00016732_Playlist.root
360	Data/Playlist1F/MasterAnaDev_data_AnaTuple_run00016736_Playlist.root
310	Data/Playlist1F/MasterAnaDev_data_AnaTuple_run00016737_Playlist.root
344	Data/Playlist1F/MasterAnaDev_data_AnaTuple_run00016738_Playlist.root
364	Data/Playlist1F/MasterAnaDev_data_AnaTuple_run00016739_Playlist.root
362	Data/Playlist1F/MasterAnaDev_data_AnaTuple_run00016740_Playlist.root
366	Data/Playlist1F/MasterAnaDev_data_AnaTuple_run00016741_Playlist.root
321	Data/Playlist1F/MasterAnaDev_data_AnaTuple_run00016742_Playlist.root
301	Data/Playlist1F/MasterAnaDev_data_AnaTuple_run00016743_Playlist.root
5	Data/Playlist1F/MasterAnaDev_data_AnaTuple_run00016744_Playlist.root
16	Data/Playlist1F/MasterAnaDev_data_AnaTuple_run00016745_Playlist.root
21	Data/Playlist1F/MasterAnaDev_data_AnaTuple_run00016746_Playlist.root
23	Data/Playlist1F/MasterAnaDev_data_AnaTuple_run00016747_Playlist.root
27	Data/Playlist1F/MasterAnaDev_data_AnaTuple_run00016748_Playlist.root
31	Data/Playlist1F/MasterAnaDev_data_AnaTuple_run00016749_Playlist.root
33	Data/Playlist1F/MasterAnaDev_data_AnaTuple_run00016750_Playlist.root
42	Data/Playlist1F/MasterAnaDev_data_AnaTuple_run00016751_Playlist.root
43	Data/Playlist1F/MasterAnaDev_data_AnaTuple_run00016752_Playlist.root
44	Data/Playlist1F/MasterAnaDev_data_AnaTuple_run00016753_Playlist.root
46	Data/Playlist1F/MasterAnaDev_data_AnaTuple_run00016754_Playlist.root
47	Data/Playlist1F/MasterAnaDev_data_AnaTuple_run00016755_Playlist.root
52	Data/Playlist1F/MasterAnaDev_data_AnaTuple_run00016756_Playlist.root
56	Data/Playlist1F/MasterAnaDev_data_AnaTuple_run00016757_Playlist.root
61	Data/Playlist1F/MasterAnaDev_data_AnaTuple_run00016758_Playlist.root
68	Data/Playlist1F/MasterAnaDev_data_AnaTuple_run00016759_Playlist.root
76	Data/Playlist1F/MasterAnaDev_data_AnaTuple_run00016760_Playlist.root
78	Data/Playlist1F/MasterAnaDev_data_AnaTuple_run00016761_Playlist.root
81	Data/Playlist1F/MasterAnaDev_data_AnaTuple_run00016781_Playlist.root
83	Data/Playlist1F/MasterAnaDev_data_AnaTuple_run00016782_Playlist.root
89	Data/Playlist1F/MasterAnaDev_data_AnaTuple_run00016783_Playlist.root
92	Data/Playlist1F/MasterAnaDev_data_AnaTuple_run00016784_Playlist.root
96	Data/Playlist1F/MasterAnaDev_data_AnaTuple_run00016785_Playlist.root
110	Data/Playlist1F/MasterAnaDev_data_AnaTuple_run00016786_Playlist.root
112	Data/Playlist1F/MasterAnaDev_data_AnaTuple_run00016787_Playlist.root
326	Data/Playlist1F/MasterAnaDev_data_AnaTuple_run00016788_Playlist.root
15	Data/Playlist1F/MasterAnaDev_data_AnaTuple_run00016789_Playlist.root
144	Data/Playlist1F/MasterAnaDev_data_AnaTuple_run00016790_Playlist.root
149	Data/Playlist1F/MasterAnaDev_data_AnaTuple_run00016791_Playlist.root
152	Data/Playlist1F/MasterAnaDev_data_AnaTuple_run00016792_Playlist.root
156	Data/Playlist1F/MasterAnaDev_data_AnaTuple_run00016793_Playlist.root
157	Data/Playlist1F/MasterAnaDev_data_AnaTuple_run00016794_Playlist.root
162	Data/Playlist1F/MasterAnaDev_data_AnaTuple_run00016795_Playlist.root
166	Data/Playlist1F/MasterAnaDev_data_AnaTuple_run00016796_Playlist.root
169	Data/Playlist1F/MasterAnaDev_data_AnaTuple_run00016797_Playlist.root
177	Data/Playlist1F/MasterAnaDev_data_AnaTuple_run00016798_Playlist.root
181	Data/Playlist1F/MasterAnaDev_data_AnaTuple_run00016799_Playlist.root
185	Data/Playlist1F/MasterAnaDev_data_AnaTuple_run00016800_Playlist.root
188	Data/Playlist1F/MasterAnaDev_data_AnaTuple_run00016801_Playlist.root
192	Data/Playlist1F/MasterAnaDev_data_AnaTuple_run00016802_Playlist.root
193	Data/Playlist1F/MasterAnaDev_data_AnaTuple_run00016803_Playlist.root
194	Data/Playlist1F/MasterAnaDev_data_AnaTuple_run00016805_Playlist.root
201	Data/Playlist1F/MasterAnaDev_data_AnaTuple_run00016806_Playlist.root
208	Data/Playlist1F/MasterAnaDev_data_AnaTuple_run00016807_Playlist.root
214	Data/Playlist1F/MasterAnaDev_data_AnaTuple_run00016808_Playlist.root
219	Data/Playlist1F/MasterAnaDev_data_AnaTuple_run00016809_Playlist.root
224	Data/Playlist1F/MasterAnaDev_data_AnaTuple_run00016811_Playlist.root
226	Data/Playlist1F/MasterAnaDev_data_AnaTuple_run00016816_Playlist.root
232	Data/Playlist1F/MasterAnaDev_data_AnaTuple_run00016817_Playlist.root
235	Data/Playlist1F/MasterAnaDev_data_AnaTuple_run00016818_Playlist.root
240	Data/Playlist1F/MasterAnaDev_data_AnaTuple_run00016819_Playlist.root
247	Data/Playlist1F/MasterAnaDev_data_AnaTuple_run00016820_Playlist.root
256	Data/Playlist1F/MasterAnaDev_data_AnaTuple_run00016821_Playlist.root
263	Data/Playlist1F/MasterAnaDev_data_AnaTuple_run00016822_Playlist.root
268	Data/Playlist1F/MasterAnaDev_data_AnaTuple_run00016823_Playlist.root
271	Data/Playlist1F/MasterAnaDev_data_AnaTuple_run00016824_Playlist.root
280	Data/Playlist1F/MasterAnaDev_data_AnaTuple_run00016825_Playlist.root
300	Data/Playlist1F/MasterAnaDev_data_AnaTuple_run00016826_Playlist.root
345	Data/Playlist1F/MasterAnaDev_data_AnaTuple_run00016827_Playlist.root
12	Data/Playlist1F/MasterAnaDev_data_AnaTuple_run00016828_Playlist.root
144	Data/Playlist1F/MasterAnaDev_data_AnaTuple_run00016829_Playlist.root
190	Data/Playlist1F/MasterAnaDev_data_AnaTuple_run00016830_Playlist.root
201	Data/Playlist1F/MasterAnaDev_data_AnaTuple_run00016831_Playlist.root
204	Data/Playlist1F/MasterAnaDev_data_AnaTuple_run00016832_Playlist.root
209	Data/Playlist1F/MasterAnaDev_data_AnaTuple_run00016833_Playlist.root
215	Data/Playlist1F/MasterAnaDev_data_AnaTuple_run00016834_Playlist.root
224	Data/Playlist1F/MasterAnaDev_data_AnaTuple_run00016835_Playlist.root
230	Data/Playlist1F/MasterAnaDev_data_AnaTuple_run00016836_Playlist.root
242	Data/Playlist1F/MasterAnaDev_data_AnaTuple_run00016837_Playlist.root
247	Data/Playlist1F/MasterAnaDev_data_AnaTuple_run00016839_Playlist.root
267	Data/Playlist1F/MasterAnaDev_data_AnaTuple_run00016840_Playlist.root
55	Data/Playlist1F/MasterAnaDev_data_AnaTuple_run00016841_Playlist.root
189	Data/Playlist1F/MasterAnaDev_data_AnaTuple_run00016843_Playlist.root
290	Data/Playlist1G/MasterAnaDev_data_AnaTuple_run00018668_Playlist.root
326	Data/Playlist1G/MasterAnaDev_data_AnaTuple_run00018669_Playlist.root
362	Data/Playlist1G/MasterAnaDev_data_AnaTuple_run00018670_Playlist.root
361	Data/Playlist1G/MasterAnaDev_data_AnaTuple_run00018671_Playlist.root
331	Data/Playlist1G/MasterAnaDev_data_AnaTuple_run00018672_Playlist.root
14	Data/Playlist1G/MasterAnaDev_data_AnaTuple_run00018673_Playlist.root
52	Data/Playlist1G/MasterAnaDev_data_AnaTuple_run00018674_Playlist.root
68	Data/Playlist1G/MasterAnaDev_data_AnaTuple_run00018676_Playlist.root
111	Data/Playlist1G/MasterAnaDev_data_AnaTuple_run00018677_Playlist.root
127	Data/Playlist1G/MasterAnaDev_data_AnaTuple_run00018679_Playlist.root
164	Data/Playlist1G/MasterAnaDev_data_AnaTuple_run00018680_Playlist.root
188	Data/Playlist1G/MasterAnaDev_data_AnaTuple_run00018691_Playlist.root
259	Data/Playlist1G/MasterAnaDev_data_AnaTuple_run00018692_Playlist.root
290	Data/Playlist1G/MasterAnaDev_data_AnaTuple_run00018693_Playlist.root
360	Data/Playlist1G/MasterAnaDev_data_AnaTuple_run00018694_Playlist.root
6	Data/Playlist1G/MasterAnaDev_data_AnaTuple_run00018695_Playlist.root
28	Data/Playlist1G/MasterAnaDev_data_AnaTuple_run00018696_Playlist.root
51	Data/Playlist1G/MasterAnaDev_data_AnaTuple_run00018697_Playlist.root
83	Data/Playlist1G/MasterAnaDev_data_AnaTuple_run00018698_Playlist.root
119	Data/Playlist1G/MasterAnaDev_data_AnaTuple_run00018699_Playlist.root
135	Data/Playlist1G/MasterAnaDev_data_AnaTuple_run00018700_Playlist.root
163	Data/Playlist1G/MasterAnaDev_data_AnaTuple_run00018701_Playlist.root
200	Data/Playlist1G/MasterAnaDev_data_AnaTuple_run00018702_Playlist.root
220	Data/Playlist1G/MasterAnaDev_data_AnaTuple_run00018703_Playlist.root
249	Data/Playlist1G/MasterAnaDev_data_AnaTuple_run00018704_Playlist.root
271	Data/Playlist1G/MasterAnaDev_data_AnaTuple_run00018705_Playlist.root
291	Data/Playlist1G/MasterAnaDev_data_AnaTuple_run00018706_Playlist.root
346	Data/Playlist1G/MasterAnaDev_data_AnaTuple_run00018707_Playlist.root
323	Data/Playlist1G/MasterAnaDev_data_AnaTuple_run00018715_Playlist.root
2	Data/Playlist1G/MasterAnaDev_data_AnaTuple_run00018716_Playlist.root
48	Data/Playlist1G/MasterAnaDev_data_AnaTuple_run00018717_Playlist.root
61	Data/Playlist1G/MasterAnaDev_data_AnaTuple_run00018720_Playlist.root
81	Data/Playlist1G/MasterAnaDev_data_AnaTuple_run00018721_Playlist.root
101	Data/Playlist1G/MasterAnaDev_data_AnaTuple_run00018722_Playlist.root
127	Data/Playlist1G/MasterAnaDev_data_AnaTuple_run00018723_Playlist.root
145	Data/Playlist1G/MasterAnaDev_data_AnaTuple_run00018724_Playlist.root
174	Data/Playlist1G/MasterAnaDev_data_AnaTuple_run00018725_Playlist.root
206	Data/Playlist1G/MasterAnaDev_data_AnaTuple_run00018726_Playlist.root
233	Data/Playlist1G/MasterAnaDev_data_AnaTuple_run00018727_Playlist.root
257	Data/Playlist1G/MasterAnaDev_data_AnaTuple_run00018728_Playlist.root
269	Data/Playlist1G/MasterAnaDev_data_AnaTuple_run00018730_Playlist.root
302	Data/Playlist1G/MasterAnaDev_data_AnaTuple_run00018731_Playlist.root
343	Data/Playlist1G/MasterAnaDev_data_AnaTuple_run00018732_Playlist.root
305	Data/Playlist1G/MasterAnaDev_data_AnaTuple_run00018800_Playlist.root
21	Data/Playlist1G/MasterAnaDev_data_AnaTuple_run00018801_Playlist.root
43	Data/Playlist1G/MasterAnaDev_data_AnaTuple_run00018802_Playlist.root
103	Data/Playlist1G/MasterAnaDev_data_AnaTuple_run00018803_Playlist.root
128	Data/Playlist1G/MasterAnaDev_data_AnaTuple_run00018804_Playlist.root
158	Data/Playlist1G/MasterAnaDev_data_AnaTuple_run00018805_Playlist.root
178	Data/Playlist1G/MasterAnaDev_data_AnaTuple_run00018806_Playlist.root
199	Data/Playlist1G/MasterAnaDev_data_AnaTuple_run00018807_Playlist.root
215	Data/Playlist1G/MasterAnaDev_data_AnaTuple_run00018808_Playlist.root
270	Data/Playlist1G/MasterAnaDev_data_AnaTuple_run00018809_Playlist.root
314	Data/Playlist1G/MasterAnaDev_data_AnaTuple_run00018810_Playlist.root
328	Data/Playlist1G/MasterAnaDev_data_AnaTuple_run00018811_Playlist.root
333	Data/Playlist1G/MasterAnaDev_data_AnaTuple_run00018812_Playlist.root
23	Data/Playlist1G/MasterAnaDev_data_AnaTuple_run00018813_Playlist.root
73	Data/Playlist1G/MasterAnaDev_data_AnaTuple_run00018814_Playlist.root
123	Data/Playlist1G/MasterAnaDev_data_AnaTuple_run00018815_Playlist.root
175	Data/Playlist1G/MasterAnaDev_data_AnaTuple_run00018816_Playlist.root
193	Data/Playlist1G/MasterAnaDev_data_AnaTuple_run00018817_Playlist.root
221	Data/Playlist1G/MasterAnaDev_data_AnaTuple_run00018818_Playlist.root
254	Data/Playlist1G/MasterAnaDev_data_AnaTuple_run00018819_Playlist.root
278	Data/Playlist1G/MasterAnaDev_data_AnaTuple_run00018820_Playlist.root
338	Data/Playlist1G/MasterAnaDev_data_AnaTuple_run00018821_Playlist.root
318	Data/Playlist1G/MasterAnaDev_data_AnaTuple_run00018822_Playlist.root
345	Data/Playlist1G/MasterAnaDev_data_AnaTuple_run00018823_Playlist.root
47	Data/Playlist1G/MasterAnaDev_data_AnaTuple_run00018824_Playlist.root
64	Data/Playlist1G/MasterAnaDev_data_AnaTuple_run00018825_Playlist.root
90	Data/Playlist1G/MasterAnaDev_data_AnaTuple_run00018826_Playlist.root
107	Data/Playlist1G/MasterAnaDev_data_AnaTuple_run00018827_Playlist.root
128	Data/Playlist1G/MasterAnaDev_data_AnaTuple_run00018828_Playlist.root
171	Data/Playlist1G/MasterAnaDev_data_AnaTuple_run00018829_Playlist.root
192	Data/Playlist1G/MasterAnaDev_data_AnaTuple_run00018830_Playlist.root
215	Data/Playlist1G/MasterAnaDev_data_AnaTuple_run00018831_Playlist.root
325	Data/Playlist1G/MasterAnaDev_data_AnaTuple_run00018832_Playlist.root
2	Data/Playlist1G/MasterAnaDev_data_AnaTuple_run00018833_Playlist.root
44	Data/Playlist1G/MasterAnaDev_data_AnaTuple_run00018834_Playlist.root
115	Data/Playlist1G/MasterAnaDev_data_AnaTuple_run00018835_Playlist.root
280	Data/Playlist1G/MasterAnaDev_data_AnaTuple_run00018836_Playlist.root
360	Data/Playlist1G/MasterAnaDev_data_AnaTuple_run00018837_Playlist.root
334	Data/Playlist1G/MasterAnaDev_data_AnaTuple_run00018838_Playlist.root
303	Data/Playlist1G/MasterAnaDev_data_AnaTuple_run00018839_Playlist.root
2	Data/Playlist1G/MasterAnaDev_data_AnaTuple_run00018844_Playlist.root
28	Data/Playlist1G/MasterAnaDev_data_AnaTuple_run00018845_Playlist.root
92	Data/Playlist1G/MasterAnaDev_data_AnaTuple_run00018846_Playlist.root
98	Data/Playlist1G/MasterAnaDev_data_AnaTuple_run00018847_Playlist.root
104	Data/Playlist1G/MasterAnaDev_data_AnaTuple_run00018848_Playlist.root
109	Data/Playlist1G/MasterAnaDev_data_AnaTuple_run00018849_Playlist.root
113	Data/Playlist1G/MasterAnaDev_data_AnaTuple_run00018850_Playlist.root
123	Data/Playlist1G/MasterAnaDev_data_AnaTuple_run00018851_Playlist.root
140	Data/Playlist1G/MasterAnaDev_data_AnaTuple_run00018852_Playlist.root
149	Data/Playlist1G/MasterAnaDev_data_AnaTuple_run00018853_Playlist.root
156	Data/Playlist1G/MasterAnaDev_data_AnaTuple_run00018854_Playlist.root
159	Data/Playlist1G/MasterAnaDev_data_AnaTuple_run00018855_Playlist.root
160	Data/Playlist1G/MasterAnaDev_data_AnaTuple_run00018856_Playlist.root
167	Data/Playlist1G/MasterAnaDev_data_AnaTuple_run00018857_Playlist.root
176	Data/Playlist1G/MasterAnaDev_data_AnaTuple_run00018858_Playlist.root
181	Data/Playlist1G/MasterAnaDev_data_AnaTuple_run00018859_Playlist.root
185	Data/Playlist1G/MasterAnaDev_data_AnaTuple_run00018860_Playlist.root
194	Data/Playlist1G/MasterAnaDev_data_AnaTuple_run00018861_Playlist.root
2	Data/Playlist1G/MasterAnaDev_data_AnaTuple_run00018862_Playlist.root
246	Data/Playlist1G/MasterAnaDev_data_AnaTuple_run00018863_Playlist.root
255	Data/Playlist1G/MasterAnaDev_data_AnaTuple_run00018864_Playlist.root
259	Data/Playlist1G/MasterAnaDev_data_AnaTuple_run00018865_Playlist.root
263	Data/Playlist1G/MasterAnaDev_data_AnaTuple_run00018866_Playlist.root
267	Data/Playlist1G/MasterAnaDev_data_AnaTuple_run00018867_Playlist.root
271	Data/Playlist1G/MasterAnaDev_data_AnaTuple_run00018868_Playlist.root
280	Data/Playlist1G/MasterAnaDev_data_AnaTuple_run00018869_Playlist.root
290	Data/Playlist1G/MasterAnaDev_data_AnaTuple_run00018871_Playlist.root
278	Data/Playlist1G/MasterAnaDev_data_AnaTuple_run00018872_Playlist.root
289	Data/Playlist1G/MasterAnaDev_data_AnaTuple_run00018873_Playlist.root
358	Data/Playlist1G/MasterAnaDev_data_AnaTuple_run00018874_Playlist.root
360	Data/Playlist1G/MasterAnaDev_data_AnaTuple_run00018875_Playlist.root
338	Data/Playlist1G/MasterAnaDev_data_AnaTuple_run00018876_Playlist.root
342	Data/Playlist1G/MasterAnaDev_data_AnaTuple_run00018877_Playlist.root
350	Data/Playlist1G/MasterAnaDev_data_AnaTuple_run00018878_Playlist.root
346	Data/Playlist1G/MasterAnaDev_data_AnaTuple_run00018879_Playlist.root
334	Data/Playlist1G/MasterAnaDev_data_AnaTuple_run00018880_Playlist.root
351	Data/Playlist1G/MasterAnaDev_data_AnaTuple_run00018881_Playlist.root
313	Data/Playlist1G/MasterAnaDev_data_AnaTuple_run00018882_Playlist.root
299	Data/Playlist1G/MasterAnaDev_data_AnaTuple_run00018883_Playlist.root
6	Data/Playlist1G/MasterAnaDev_data_AnaTuple_run00018884_Playlist.root
9	Data/Playlist1G/MasterAnaDev_data_AnaTuple_run00018885_Playlist.root
10	Data/Playlist1G/MasterAnaDev_data_AnaTuple_run00018886_Playlist.root
12	Data/Playlist1G/MasterAnaDev_data_AnaTuple_run00018887_Playlist.root
13	Data/Playlist1G/MasterAnaDev_data_AnaTuple_run00018888_Playlist.root
15	Data/Playlist1G/MasterAnaDev_data_AnaTuple_run00018889_Playlist.root
16	Data/Playlist1G/MasterAnaDev_data_AnaTuple_run00018890_Playlist.root
19	Data/Playlist1G/MasterAnaDev_data_AnaTuple_run00018891_Playlist.root
20	Data/Playlist1G/MasterAnaDev_data_AnaTuple_run00018892_Playlist.root
23	Data/Playlist1G/MasterAnaDev_data_AnaTuple_run00018893_Playlist.root
28	Data/Playlist1G/MasterAnaDev_data_AnaTuple_run00018894_Playlist.root
34	Data/Playlist1G/MasterAnaDev_data_AnaTuple_run00018895_Playlist.root
37	Data/Playlist1G/MasterAnaDev_data_AnaTuple_run00018896_Playlist.root
40	Data/Playlist1G/MasterAnaDev_data_AnaTuple_run00018897_Playlist.root
45	Data/Playlist1G/MasterAnaDev_data_AnaTuple_run00018898_Playlist.root
50	Data/Playlist1G/MasterAnaDev_data_AnaTuple_run00018899_Playlist.root
103	Data/Playlist1G/MasterAnaDev_data_AnaTuple_run00018900_Playlist.root
140	Data/Playlist1G/MasterAnaDev_data_AnaTuple_run00018901_Playlist.root
148	Data/Playlist1G/MasterAnaDev_data_AnaTuple_run00018902_Playlist.root
149	Data/Playlist1G/MasterAnaDev_data_AnaTuple_run00018903_Playlist.root
152	Data/Playlist1G/MasterAnaDev_data_AnaTuple_run00018904_Playlist.root
159	Data/Playlist1G/MasterAnaDev_data_AnaTuple_run00018905_Playlist.root
162	Data/Playlist1G/MasterAnaDev_data_AnaTuple_run00018906_Playlist.root
164	Data/Playlist1G/MasterAnaDev_data_AnaTuple_run00018907_Playlist.root
165	Data/Playlist1G/MasterAnaDev_data_AnaTuple_run00018908_Playlist.root
173	Data/Playlist1G/MasterAnaDev_data_AnaTuple_run00018909_Playlist.root
194	Data/Playlist1G/MasterAnaDev_data_AnaTuple_run00018910_Playlist.root
198	Data/Playlist1G/MasterAnaDev_data_AnaTuple_run00018911_Playlist.root
202	Data/Playlist1G/MasterAnaDev_data_AnaTuple_run00018912_Playlist.root
204	Data/Playlist1G/MasterAnaDev_data_AnaTuple_run00018913_Playlist.root
230	Data/Playlist1G/MasterAnaDev_data_AnaTuple_run00018914_Playlist.root
240	Data/Playlist1G/MasterAnaDev_data_AnaTuple_run00018915_Playlist.root
243	Data/Playlist1G/MasterAnaDev_data_AnaTuple_run00018916_Playlist.root
246	Data/Playlist1G/MasterAnaDev_data_AnaTuple_run00019061_Playlist.root
248	Data/Playlist1G/MasterAnaDev_data_AnaTuple_run00019062_Playlist.root
253	Data/Playlist1G/MasterAnaDev_data_AnaTuple_run00019063_Playlist.root
259	Data/Playlist1G/MasterAnaDev_data_AnaTuple_run00019064_Playlist.root
263	Data/Playlist1G/MasterAnaDev_data_AnaTuple_run00019065_Playlist.root
270	Data/Playlist1G/MasterAnaDev_data_AnaTuple_run00019066_Playlist.root
294	Data/Playlist1G/MasterAnaDev_data_AnaTuple_run00019067_Playlist.root
274	Data/Playlist1G/MasterAnaDev_data_AnaTuple_run00019068_Playlist.root
278	Data/Playlist1G/MasterAnaDev_data_AnaTuple_run00019069_Playlist.root
285	Data/Playlist1G/MasterAnaDev_data_AnaTuple_run00019070_Playlist.root
295	Data/Playlist1G/MasterAnaDev_data_AnaTuple_run00019072_Playlist.root
279	Data/Playlist1G/MasterAnaDev_data_AnaTuple_run00019073_Playlist.root
338	Data/Playlist1G/MasterAnaDev_data_AnaTuple_run00019074_Playlist.root
308	Data/Playlist1G/MasterAnaDev_data_AnaTuple_run00019075_Playlist.root
306	Data/Playlist1G/MasterAnaDev_data_AnaTuple_run00019076_Playlist.root
340	Data/Playlist1G/MasterAnaDev_data_AnaTuple_run00019079_Playlist.root
328	Data/Playlist1G/MasterAnaDev_data_AnaTuple_run00019080_Playlist.root
351	Data/Playlist1G/MasterAnaDev_data_AnaTuple_run00019081_Playlist.root
321	Data/Playlist1G/MasterAnaDev_data_AnaTuple_run00019082_Playlist.root
361	Data/Playlist1G/MasterAnaDev_data_AnaTuple_run00019083_Playlist.root
365	Data/Playlist1G/MasterAnaDev_data_AnaTuple_run00019084_Playlist.root
309	Data/Playlist1G/MasterAnaDev_data_AnaTuple_run00019085_Playlist.root
335	Data/Playlist1G/MasterAnaDev_data_AnaTuple_run00019086_Playlist.root
317	Data/Playlist1G/MasterAnaDev_data_AnaTuple_run00019087_Playlist.root
367	Data/Playlist1G/MasterAnaDev_data_AnaTuple_run00019089_Playlist.root
1	Data/Playlist1G/MasterAnaDev_data_AnaTuple_run00019090_Playlist.root
3	Data/Playlist1G/MasterAnaDev_data_AnaTuple_run00019091_Playlist.root
4	Data/Playlist1G/MasterAnaDev_data_AnaTuple_run00019092_Playlist.root
10	Data/Playlist1G/MasterAnaDev_data_AnaTuple_run00019094_Playlist.root
12	Data/Playlist1G/MasterAnaDev_data_AnaTuple_run00019095_Playlist.root
13	Data/Playlist1G/MasterAnaDev_data_AnaTuple_run00019096_Playlist.root
15	Data/Playlist1G/MasterAnaDev_data_AnaTuple_run00019097_Playlist.root
16	Data/Playlist1G/MasterAnaDev_data_AnaTuple_run00019098_Playlist.root
19	Data/Playlist1G/MasterAnaDev_data_AnaTuple_run00019099_Playlist.root
156	Data/Playlist1G/MasterAnaDev_data_AnaTuple_run00019100_Playlist.root
208	Data/Playlist1G/MasterAnaDev_data_AnaTuple_run00019101_Playlist.root
209	Data/Playlist1G/MasterAnaDev_data_AnaTuple_run00019102_Playlist.root
212	Data/Playlist1G/MasterAnaDev_data_AnaTuple_run00019103_Playlist.root
217	Data/Playlist1G/MasterAnaDev_data_AnaTuple_run00019104_Playlist.root
220	Data/Playlist1G/MasterAnaDev_data_AnaTuple_run00019119_Playlist.root
224	Data/Playlist1G/MasterAnaDev_data_AnaTuple_run00019120_Playlist.root
227	Data/Playlist1G/MasterAnaDev_data_AnaTuple_run00019121_Playlist.root
232	Data/Playlist1G/MasterAnaDev_data_AnaTuple_run00019123_Playlist.root
237	Data/Playlist1G/MasterAnaDev_data_AnaTuple_run00019124_Playlist.root
240	Data/Playlist1G/MasterAnaDev_data_AnaTuple_run00019125_Playlist.root
242	Data/Playlist1G/MasterAnaDev_data_AnaTuple_run00019128_Playlist.root
247	Data/Playlist1G/MasterAnaDev_data_AnaTuple_run00019129_Playlist.root
252	Data/Playlist1G/MasterAnaDev_data_AnaTuple_run00019130_Playlist.root
256	Data/Playlist1G/MasterAnaDev_data_AnaTuple_run00019131_Playlist.root
260	Data/Playlist1G/MasterAnaDev_data_AnaTuple_run00019132_Playlist.root
263	Data/Playlist1G/MasterAnaDev_data_AnaTuple_run00019133_Playlist.root
269	Data/Playlist1G/MasterAnaDev_data_AnaTuple_run00019134_Playlist.root
276	Data/Playlist1G/MasterAnaDev_data_AnaTuple_run00019135_Playlist.root
292	Data/Playlist1G/MasterAnaDev_data_AnaTuple_run00019136_Playlist.root
285	Data/Playlist1G/MasterAnaDev_data_AnaTuple_run00019137_Playlist.root
298	Data/Playlist1G/MasterAnaDev_data_AnaTuple_run00019138_Playlist.root
310	Data/Playlist1G/MasterAnaDev_data_AnaTuple_run00019140_Playlist.root
338	Data/Playlist1G/MasterAnaDev_data_AnaTuple_run00019141_Playlist.root
342	Data/Playlist1G/MasterAnaDev_data_AnaTuple_run00019142_Playlist.root
306	Data/Playlist1G/MasterAnaDev_data_AnaTuple_run00019143_Playlist.root
13	Data/Playlist1G/MasterAnaDev_data_AnaTuple_run00019144_Playlist.root
17	Data/Playlist1G/MasterAnaDev_data_AnaTuple_run00019145_Playlist.root
37	Data/Playlist1G/MasterAnaDev_data_AnaTuple_run00019146_Playlist.root
42	Data/Playlist1G/MasterAnaDev_data_AnaTuple_run00019147_Playlist.root
43	Data/Playlist1G/MasterAnaDev_data_AnaTuple_run00019148_Playlist.root
45	Data/Playlist1G/MasterAnaDev_data_AnaTuple_run00019149_Playlist.root
49	Data/Playlist1G/MasterAnaDev_data_AnaTuple_run00019153_Playlist.root
51	Data/Playlist1G/MasterAnaDev_data_AnaTuple_run00019154_Playlist.root
53	Data/Playlist1G/MasterAnaDev_data_AnaTuple_run00019155_Playlist.root
55	Data/Playlist1G/MasterAnaDev_data_AnaTuple_run00019156_Playlist.root
57	Data/Playlist1G/MasterAnaDev_data_AnaTuple_run00019157_Playlist.root
61	Data/Playlist1G/MasterAnaDev_data_AnaTuple_run00019158_Playlist.root
64	Data/Playlist1G/MasterAnaDev_data_AnaTuple_run00019162_Playlist.root
73	Data/Playlist1G/MasterAnaDev_data_AnaTuple_run00019163_Playlist.root
99	Data/Playlist1G/MasterAnaDev_data_AnaTuple_run00019164_Playlist.root
110	Data/Playlist1G/MasterAnaDev_data_AnaTuple_run00019165_Playlist.root
119	Data/Playlist1G/MasterAnaDev_data_AnaTuple_run00019166_Playlist.root
124	Data/Playlist1G/MasterAnaDev_data_AnaTuple_run00019167_Playlist.root
67	Data/Playlist1L/MasterAnaDev_data_AnaTuple_run00019168_Playlist.root
71	Data/Playlist1L/MasterAnaDev_data_AnaTuple_run00019169_Playlist.root
73	Data/Playlist1L/MasterAnaDev_data_AnaTuple_run00019172_Playlist.root
78	Data/Playlist1L/MasterAnaDev_data_AnaTuple_run00019173_Playlist.root
95	Data/Playlist1L/MasterAnaDev_data_AnaTuple_run00019174_Playlist.root
118	Data/Playlist1L/MasterAnaDev_data_AnaTuple_run00019175_Playlist.root
127	Data/Playlist1L/MasterAnaDev_data_AnaTuple_run00019176_Playlist.root
133	Data/Playlist1L/MasterAnaDev_data_AnaTuple_run00019177_Playlist.root
136	Data/Playlist1L/MasterAnaDev_data_AnaTuple_run00019178_Playlist.root
154	Data/Playlist1L/MasterAnaDev_data_AnaTuple_run00019179_Playlist.root
163	Data/Playlist1L/MasterAnaDev_data_AnaTuple_run00019180_Playlist.root
172	Data/Playlist1L/MasterAnaDev_data_AnaTuple_run00019181_Playlist.root
175	Data/Playlist1L/MasterAnaDev_data_AnaTuple_run00019182_Playlist.root
183	Data/Playlist1L/MasterAnaDev_data_AnaTuple_run00019183_Playlist.root
192	Data/Playlist1L/MasterAnaDev_data_AnaTuple_run00019184_Playlist.root
364	Data/Playlist1M/MasterAnaDev_data_AnaTuple_run00019186_Playlist.root
359	Data/Playlist1M/MasterAnaDev_data_AnaTuple_run00019187_Playlist.root
325	Data/Playlist1M/MasterAnaDev_data_AnaTuple_run00019188_Playlist.root
323	Data/Playlist1M/MasterAnaDev_data_AnaTuple_run00019189_Playlist.root
345	Data/Playlist1M/MasterAnaDev_data_AnaTuple_run00019190_Playlist.root
307	Data/Playlist1M/MasterAnaDev_data_AnaTuple_run00019191_Playlist.root
367	Data/Playlist1M/MasterAnaDev_data_AnaTuple_run00019192_Playlist.root
19	Data/Playlist1M/MasterAnaDev_data_AnaTuple_run00019193_Playlist.root
28	Data/Playlist1M/MasterAnaDev_data_AnaTuple_run00019194_Playlist.root
32	Data/Playlist1M/MasterAnaDev_data_AnaTuple_run00019208_Playlist.root
34	Data/Playlist1M/MasterAnaDev_data_AnaTuple_run00019209_Playlist.root
37	Data/Playlist1M/MasterAnaDev_data_AnaTuple_run00019210_Playlist.root
40	Data/Playlist1M/MasterAnaDev_data_AnaTuple_run00019211_Playlist.root
48	Data/Playlist1M/MasterAnaDev_data_AnaTuple_run00019212_Playlist.root
51	Data/Playlist1M/MasterAnaDev_data_AnaTuple_run00019213_Playlist.root
53	Data/Playlist1M/MasterAnaDev_data_AnaTuple_run00019214_Playlist.root
61	Data/Playlist1M/MasterAnaDev_data_AnaTuple_run00019215_Playlist.root
69	Data/Playlist1M/MasterAnaDev_data_AnaTuple_run00019216_Playlist.root
73	Data/Playlist1M/MasterAnaDev_data_AnaTuple_run00019217_Playlist.root
84	Data/Playlist1M/MasterAnaDev_data_AnaTuple_run00019218_Playlist.root
96	Data/Playlist1M/MasterAnaDev_data_AnaTuple_run00019219_Playlist.root
101	Data/Playlist1M/MasterAnaDev_data_AnaTuple_run00019220_Playlist.root
106	Data/Playlist1M/MasterAnaDev_data_AnaTuple_run00019221_Playlist.root
109	Data/Playlist1M/MasterAnaDev_data_AnaTuple_run00019223_Playlist.root
112	Data/Playlist1M/MasterAnaDev_data_AnaTuple_run00019224_Playlist.root
135	Data/Playlist1M/MasterAnaDev_data_AnaTuple_run00019225_Playlist.root
143	Data/Playlist1M/MasterAnaDev_data_AnaTuple_run00019226_Playlist.root
146	Data/Playlist1M/MasterAnaDev_data_AnaTuple_run00019227_Playlist.root
165	Data/Playlist1M/MasterAnaDev_data_AnaTuple_run00019228_Playlist.root
172	Data/Playlist1M/MasterAnaDev_data_AnaTuple_run00019229_Playlist.root
194	Data/Playlist1M/MasterAnaDev_data_AnaTuple_run00019230_Playlist.root
197	Data/Playlist1M/MasterAnaDev_data_AnaTuple_run00019231_Playlist.root
198	Data/Playlist1M/MasterAnaDev_data_AnaTuple_run00019233_Playlist.root
202	Data/Playlist1M/MasterAnaDev_data_AnaTuple_run00019234_Playlist.root
204	Data/Playlist1M/MasterAnaDev_data_AnaTuple_run00019235_Playlist.root
207	Data/Playlist1M/MasterAnaDev_data_AnaTuple_run00019236_Playlist.root
212	Data/Playlist1M/MasterAnaDev_data_AnaTuple_run00019237_Playlist.root
219	Data/Playlist1M/MasterAnaDev_data_AnaTuple_run00019242_Playlist.root
220	Data/Playlist1M/MasterAnaDev_data_AnaTuple_run00019243_Playlist.root
226	Data/Playlist1M/MasterAnaDev_data_AnaTuple_run00019244_Playlist.root
227	Data/Playlist1M/MasterAnaDev_data_AnaTuple_run00019245_Playlist.root
228	Data/Playlist1M/MasterAnaDev_data_AnaTuple_run00019246_Playlist.root
231	Data/Playlist1M/MasterAnaDev_data_AnaTuple_run00019247_Playlist.root
245	Data/Playlist1M/MasterAnaDev_data_AnaTuple_run00019248_Playlist.root
254	Data/Playlist1M/MasterAnaDev_data_AnaTuple_run00019249_Playlist.root
280	Data/Playlist1M/MasterAnaDev_data_AnaTuple_run00019250_Playlist.root
297	Data/Playlist1M/MasterAnaDev_data_AnaTuple_run00019251_Playlist.root
275	Data/Playlist1M/MasterAnaDev_data_AnaTuple_run00019252_Playlist.root
291	Data/Playlist1M/MasterAnaDev_data_AnaTuple_run00019253_Playlist.root
277	Data/Playlist1M/MasterAnaDev_data_AnaTuple_run00019254_Playlist.root
289	Data/Playlist1M/MasterAnaDev_data_AnaTuple_run00019256_Playlist.root
281	Data/Playlist1M/MasterAnaDev_data_AnaTuple_run00019257_Playlist.root
322	Data/Playlist1M/MasterAnaDev_data_AnaTuple_run00019258_Playlist.root
331	Data/Playlist1M/MasterAnaDev_data_AnaTuple_run00019259_Playlist.root
6	Data/Playlist1M/MasterAnaDev_data_AnaTuple_run00019260_Playlist.root
11	Data/Playlist1M/MasterAnaDev_data_AnaTuple_run00019261_Playlist.root
13	Data/Playlist1M/MasterAnaDev_data_AnaTuple_run00019263_Playlist.root
16	Data/Playlist1M/MasterAnaDev_data_AnaTuple_run00019264_Playlist.root
19	Data/Playlist1M/MasterAnaDev_data_AnaTuple_run00019265_Playlist.root
20	Data/Playlist1M/MasterAnaDev_data_AnaTuple_run00019266_Playlist.root
22	Data/Playlist1M/MasterAnaDev_data_AnaTuple_run00019268_Playlist.root
27	Data/Playlist1M/MasterAnaDev_data_AnaTuple_run00019269_Playlist.root
29	Data/Playlist1M/MasterAnaDev_data_AnaTuple_run00019270_Playlist.root
32	Data/Playlist1M/MasterAnaDev_data_AnaTuple_run00019271_Playlist.root
34	Data/Playlist1M/MasterAnaDev_data_AnaTuple_run00019272_Playlist.root
37	Data/Playlist1M/MasterAnaDev_data_AnaTuple_run00019273_Playlist.root
39	Data/Playlist1M/MasterAnaDev_data_AnaTuple_run00019274_Playlist.root
40	Data/Playlist1M/MasterAnaDev_data_AnaTuple_run00019275_Playlist.root
41	Data/Playlist1M/MasterAnaDev_data_AnaTuple_run00019282_Playlist.root
43	Data/Playlist1M/MasterAnaDev_data_AnaTuple_run00019283_Playlist.root
51	Data/Playlist1M/MasterAnaDev_data_AnaTuple_run00019284_Playlist.root
52	Data/Playlist1M/MasterAnaDev_data_AnaTuple_run00019285_Playlist.root
57	Data/Playlist1M/MasterAnaDev_data_AnaTuple_run00019286_Playlist.root
64	Data/Playlist1M/MasterAnaDev_data_AnaTuple_run00019287_Playlist.root
78	Data/Playlist1M/MasterAnaDev_data_AnaTuple_run00019288_Playlist.root
91	Data/Playlist1M/MasterAnaDev_data_AnaTuple_run00019289_Playlist.root
209	Data/Playlist1M/MasterAnaDev_data_AnaTuple_run00019294_Playlist.root
294	Data/Playlist1M/MasterAnaDev_data_AnaTuple_run00019295_Playlist.root
290	Data/Playlist1M/MasterAnaDev_data_AnaTuple_run00019297_Playlist.root
274	Data/Playlist1M/MasterAnaDev_data_AnaTuple_run00019298_Playlist.root
296	Data/Playlist1M/MasterAnaDev_data_AnaTuple_run00019299_Playlist.root
285	Data/Playlist1M/MasterAnaDev_data_AnaTuple_run00019300_Playlist.root
281	Data/Playlist1M/MasterAnaDev_data_AnaTuple_run00019301_Playlist.root
320	Data/Playlist1M/MasterAnaDev_data_AnaTuple_run00019302_Playlist.root
324	Data/Playlist1M/MasterAnaDev_data_AnaTuple_run00019306_Playlist.root
8	Data/Playlist1M/MasterAnaDev_data_AnaTuple_run00019307_Playlist.root
13	Data/Playlist1M/MasterAnaDev_data_AnaTuple_run00019308_Playlist.root
19	Data/Playlist1M/MasterAnaDev_data_AnaTuple_run00019309_Playlist.root
22	Data/Playlist1M/MasterAnaDev_data_AnaTuple_run00019310_Playlist.root
31	Data/Playlist1M/MasterAnaDev_data_AnaTuple_run00019311_Playlist.root
38	Data/Playlist1M/MasterAnaDev_data_AnaTuple_run00019312_Playlist.root
42	Data/Playlist1M/MasterAnaDev_data_AnaTuple_run00019313_Playlist.root
47	Data/Playlist1M/MasterAnaDev_data_AnaTuple_run00019314_Playlist.root
127	Data/Playlist1M/MasterAnaDev_data_AnaTuple_run00019315_Playlist.root
130	Data/Playlist1M/MasterAnaDev_data_AnaTuple_run00019316_Playlist.root
135	Data/Playlist1M/MasterAnaDev_data_AnaTuple_run00019317_Playlist.root
136	Data/Playlist1M/MasterAnaDev_data_AnaTuple_run00019318_Playlist.root
141	Data/Playlist1M/MasterAnaDev_data_AnaTuple_run00019319_Playlist.root
148	Data/Playlist1M/MasterAnaDev_data_AnaTuple_run00019322_Playlist.root
149	Data/Playlist1M/MasterAnaDev_data_AnaTuple_run00019323_Playlist.root
151	Data/Playlist1M/MasterAnaDev_data_AnaTuple_run00019325_Playlist.root
155	Data/Playlist1M/MasterAnaDev_data_AnaTuple_run00019326_Playlist.root
158	Data/Playlist1M/MasterAnaDev_data_AnaTuple_run00019327_Playlist.root
349	Data/Playlist1M/MasterAnaDev_data_AnaTuple_run00019328_Playlist.root
305	Data/Playlist1M/MasterAnaDev_data_AnaTuple_run00019329_Playlist.root
327	Data/Playlist1M/MasterAnaDev_data_AnaTuple_run00019330_Playlist.root
1	Data/Playlist1M/MasterAnaDev_data_AnaTuple_run00019331_Playlist.root
5	Data/Playlist1M/MasterAnaDev_data_AnaTuple_run00019332_Playlist.root
7	Data/Playlist1M/MasterAnaDev_data_AnaTuple_run00019333_Playlist.root
8	Data/Playlist1M/MasterAnaDev_data_AnaTuple_run00019334_Playlist.root
10	Data/Playlist1M/MasterAnaDev_data_AnaTuple_run00019335_Playlist.root
11	Data/Playlist1M/MasterAnaDev_data_AnaTuple_run00019336_Playlist.root
12	Data/Playlist1M/MasterAnaDev_data_AnaTuple_run00019337_Playlist.root
13	Data/Playlist1M/MasterAnaDev_data_AnaTuple_run00019338_Playlist.root
17	Data/Playlist1M/MasterAnaDev_data_AnaTuple_run00019339_Playlist.root
23	Data/Playlist1M/MasterAnaDev_data_AnaTuple_run00019340_Playlist.root
28	Data/Playlist1M/MasterAnaDev_data_AnaTuple_run00019341_Playlist.root
36	Data/Playlist1M/MasterAnaDev_data_AnaTuple_run00019342_Playlist.root
41	Data/Playlist1M/MasterAnaDev_data_AnaTuple_run00019343_Playlist.root
171	Data/Playlist1M/MasterAnaDev_data_AnaTuple_run00019344_Playlist.root
177	Data/Playlist1M/MasterAnaDev_data_AnaTuple_run00019345_Playlist.root
180	Data/Playlist1M/MasterAnaDev_data_AnaTuple_run00019346_Playlist.root
189	Data/Playlist1M/MasterAnaDev_data_AnaTuple_run00019347_Playlist.root
195	Data/Playlist1M/MasterAnaDev_data_AnaTuple_run00019348_Playlist.root
199	Data/Playlist1M/MasterAnaDev_data_AnaTuple_run00019349_Playlist.root
204	Data/Playlist1M/MasterAnaDev_data_AnaTuple_run00019350_Playlist.root
212	Data/Playlist1M/MasterAnaDev_data_AnaTuple_run00019351_Playlist.root
221	Data/Playlist1M/MasterAnaDev_data_AnaTuple_run00019352_Playlist.root
226	Data/Playlist1M/MasterAnaDev_data_AnaTuple_run00019353_Playlist.root
235	Data/Playlist1M/MasterAnaDev_data_AnaTuple_run00019354_Playlist.root
243	Data/Playlist1M/MasterAnaDev_data_AnaTuple_run00019355_Playlist.root
259	Data/Playlist1M/MasterAnaDev_data_AnaTuple_run00019356_Playlist.root
296	Data/Playlist1M/MasterAnaDev_data_AnaTuple_run00019357_Playlist.root
275	Data/Playlist1M/MasterAnaDev_data_AnaTuple_run00019358_Playlist.root
281	Data/Playlist1M/MasterAnaDev_data_AnaTuple_run00019359_Playlist.root
312	Data/Playlist1M/MasterAnaDev_data_AnaTuple_run00019360_Playlist.root
360	Data/Playlist1M/MasterAnaDev_data_AnaTuple_run00019361_Playlist.root
362	Data/Playlist1M/MasterAnaDev_data_AnaTuple_run00019362_Playlist.root
16	Data/Playlist1M/MasterAnaDev_data_AnaTuple_run00019363_Playlist.root
79	Data/Playlist1M/MasterAnaDev_data_AnaTuple_run00019364_Playlist.root
84	Data/Playlist1M/MasterAnaDev_data_AnaTuple_run00019365_Playlist.root
91	Data/Playlist1M/MasterAnaDev_data_AnaTuple_run00019366_Playlist.root
98	Data/Playlist1M/MasterAnaDev_data_AnaTuple_run00019367_Playlist.root
336	Data/Playlist1M/MasterAnaDev_data_AnaTuple_run00019368_Playlist.root
300	Data/Playlist1M/MasterAnaDev_data_AnaTuple_run00019369_Playlist.root
346	Data/Playlist1M/MasterAnaDev_data_AnaTuple_run00019370_Playlist.root
359	Data/Playlist1M/MasterAnaDev_data_AnaTuple_run00019371_Playlist.root
323	Data/Playlist1M/MasterAnaDev_data_AnaTuple_run00019372_Playlist.root
33	Data/Playlist1M/MasterAnaDev_data_AnaTuple_run00019373_Playlist.root
42	Data/Playlist1M/MasterAnaDev_data_AnaTuple_run00019374_Playlist.root
46	Data/Playlist1M/MasterAnaDev_data_AnaTuple_run00019375_Playlist.root
57	Data/Playlist1M/MasterAnaDev_data_AnaTuple_run00019376_Playlist.root
106	Data/Playlist1M/MasterAnaDev_data_AnaTuple_run00019377_Playlist.root
110	Data/Playlist1M/MasterAnaDev_data_AnaTuple_run00019378_Playlist.root
155	Data/Playlist1M/MasterAnaDev_data_AnaTuple_run00019379_Playlist.root
179	Data/Playlist1M/MasterAnaDev_data_AnaTuple_run00019380_Playlist.root
184	Data/Playlist1M/MasterAnaDev_data_AnaTuple_run00019381_Playlist.root
200	Data/Playlist1M/MasterAnaDev_data_AnaTuple_run00019382_Playlist.root
203	Data/Playlist1M/MasterAnaDev_data_AnaTuple_run00019440_Playlist.root
210	Data/Playlist1M/MasterAnaDev_data_AnaTuple_run00019441_Playlist.root
282	Data/Playlist1M/MasterAnaDev_data_AnaTuple_run00019442_Playlist.root
297	Data/Playlist1M/MasterAnaDev_data_AnaTuple_run00019443_Playlist.root
283	Data/Playlist1M/MasterAnaDev_data_AnaTuple_run00019444_Playlist.root
334	Data/Playlist1M/MasterAnaDev_data_AnaTuple_run00019445_Playlist.root
26	Data/Playlist1M/MasterAnaDev_data_AnaTuple_run00019446_Playlist.root
30	Data/Playlist1M/MasterAnaDev_data_AnaTuple_run00019447_Playlist.root
45	Data/Playlist1M/MasterAnaDev_data_AnaTuple_run00019448_Playlist.root
52	Data/Playlist1M/MasterAnaDev_data_AnaTuple_run00019449_Playlist.root
59	Data/Playlist1M/MasterAnaDev_data_AnaTuple_run00019450_Playlist.root
67	Data/Playlist1M/MasterAnaDev_data_AnaTuple_run00019451_Playlist.root
76	Data/Playlist1M/MasterAnaDev_data_AnaTuple_run00019452_Playlist.root
138	Data/Playlist1M/MasterAnaDev_data_AnaTuple_run00019453_Playlist.root
145	Data/Playlist1M/MasterAnaDev_data_AnaTuple_run00019454_Playlist.root
163	Data/Playlist1M/MasterAnaDev_data_AnaTuple_run00019455_Playlist.root
178	Data/Playlist1M/MasterAnaDev_data_AnaTuple_run00019456_Playlist.root
181	Data/Playlist1M/MasterAnaDev_data_AnaTuple_run00019457_Playlist.root
188	Data/Playlist1M/MasterAnaDev_data_AnaTuple_run00019458_Playlist.root
108	Data/Playlist1M/MasterAnaDev_data_AnaTuple_run00019459_Playlist.root
345	Data/Playlist1M/MasterAnaDev_data_AnaTuple_run00019460_Playlist.root
96	Data/Playlist1M/MasterAnaDev_data_AnaTuple_run00019461_Playlist.root
110	Data/Playlist1M/MasterAnaDev_data_AnaTuple_run00019462_Playlist.root
122	Data/Playlist1M/MasterAnaDev_data_AnaTuple_run00019463_Playlist.root
180	Data/Playlist1M/MasterAnaDev_data_AnaTuple_run00019464_Playlist.root
206	Data/Playlist1M/MasterAnaDev_data_AnaTuple_run00019465_Playlist.root
212	Data/Playlist1M/MasterAnaDev_data_AnaTuple_run00019466_Playlist.root
270	Data/Playlist1M/MasterAnaDev_data_AnaTuple_run00019467_Playlist.root
295	Data/Playlist1M/MasterAnaDev_data_AnaTuple_run00019468_Playlist.root
281	Data/Playlist1M/MasterAnaDev_data_AnaTuple_run00019469_Playlist.root
312	Data/Playlist1M/MasterAnaDev_data_AnaTuple_run00019470_Playlist.root
308	Data/Playlist1M/MasterAnaDev_data_AnaTuple_run00019471_Playlist.root
359	Data/Playlist1M/MasterAnaDev_data_AnaTuple_run00019472_Playlist.root
22	Data/Playlist1M/MasterAnaDev_data_AnaTuple_run00019473_Playlist.root
32	Data/Playlist1M/MasterAnaDev_data_AnaTuple_run00019474_Playlist.root
47	Data/Playlist1M/MasterAnaDev_data_AnaTuple_run00019475_Playlist.root
55	Data/Playlist1M/MasterAnaDev_data_AnaTuple_run00019476_Playlist.root
65	Data/Playlist1M/MasterAnaDev_data_AnaTuple_run00019477_Playlist.root
74	Data/Playlist1M/MasterAnaDev_data_AnaTuple_run00019478_Playlist.root
83	Data/Playlist1M/MasterAnaDev_data_AnaTuple_run00019479_Playlist.root
147	Data/Playlist1M/MasterAnaDev_data_AnaTuple_run00019480_Playlist.root
163	Data/Playlist1M/MasterAnaDev_data_AnaTuple_run00019481_Playlist.root
175	Data/Playlist1M/MasterAnaDev_data_AnaTuple_run00019482_Playlist.root
366	Data/Playlist1M/MasterAnaDev_data_AnaTuple_run00019483_Playlist.root
317	Data/Playlist1N/MasterAnaDev_data_AnaTuple_run00020328_Playlist.root
341	Data/Playlist1N/MasterAnaDev_data_AnaTuple_run00020329_Playlist.root
339	Data/Playlist1N/MasterAnaDev_data_AnaTuple_run00020330_Playlist.root
327	Data/Playlist1N/MasterAnaDev_data_AnaTuple_run00020331_Playlist.root
331	Data/Playlist1N/MasterAnaDev_data_AnaTuple_run00020332_Playlist.root
333	Data/Playlist1N/MasterAnaDev_data_AnaTuple_run00020334_Playlist.root
2	Data/Playlist1N/MasterAnaDev_data_AnaTuple_run00020335_Playlist.root
6	Data/Playlist1N/MasterAnaDev_data_AnaTuple_run00020350_Playlist.root
8	Data/Playlist1N/MasterAnaDev_data_AnaTuple_run00020351_Playlist.root
12	Data/Playlist1N/MasterAnaDev_data_AnaTuple_run00020352_Playlist.root
17	Data/Playlist1N/MasterAnaDev_data_AnaTuple_run00020353_Playlist.root
19	Data/Playlist1N/MasterAnaDev_data_AnaTuple_run00020354_Playlist.root
29	Data/Playlist1N/MasterAnaDev_data_AnaTuple_run00020364_Playlist.root
37	Data/Playlist1N/MasterAnaDev_data_AnaTuple_run00020365_Playlist.root
38	Data/Playlist1N/MasterAnaDev_data_AnaTuple_run00020366_Playlist.root
40	Data/Playlist1N/MasterAnaDev_data_AnaTuple_run00020367_Playlist.root
47	Data/Playlist1N/MasterAnaDev_data_AnaTuple_run00020368_Playlist.root
49	Data/Playlist1N/MasterAnaDev_data_AnaTuple_run00020370_Playlist.root
52	Data/Playlist1N/MasterAnaDev_data_AnaTuple_run00020371_Playlist.root
53	Data/Playlist1N/MasterAnaDev_data_AnaTuple_run00020381_Playlist.root
57	Data/Playlist1N/MasterAnaDev_data_AnaTuple_run00020382_Playlist.root
64	Data/Playlist1N/MasterAnaDev_data_AnaTuple_run00020383_Playlist.root
68	Data/Playlist1N/MasterAnaDev_data_AnaTuple_run00020384_Playlist.root
71	Data/Playlist1N/MasterAnaDev_data_AnaTuple_run00020385_Playlist.root
76	Data/Playlist1N/MasterAnaDev_data_AnaTuple_run00020386_Playlist.root
82	Data/Playlist1N/MasterAnaDev_data_AnaTuple_run00020387_Playlist.root
85	Data/Playlist1N/MasterAnaDev_data_AnaTuple_run00020388_Playlist.root
87	Data/Playlist1N/MasterAnaDev_data_AnaTuple_run00020389_Playlist.root
94	Data/Playlist1N/MasterAnaDev_data_AnaTuple_run00020390_Playlist.root
98	Data/Playlist1N/MasterAnaDev_data_AnaTuple_run00020391_Playlist.root
101	Data/Playlist1N/MasterAnaDev_data_AnaTuple_run00020392_Playlist.root
106	Data/Playlist1N/MasterAnaDev_data_AnaTuple_run00020393_Playlist.root
83	Data/Playlist1N/MasterAnaDev_data_AnaTuple_run00020394_Playlist.root
87	Data/Playlist1N/MasterAnaDev_data_AnaTuple_run00020395_Playlist.root
103	Data/Playlist1N/MasterAnaDev_data_AnaTuple_run00020396_Playlist.root
110	Data/Playlist1N/MasterAnaDev_data_AnaTuple_run00020397_Playlist.root
119	Data/Playlist1N/MasterAnaDev_data_AnaTuple_run00020398_Playlist.root
120	Data/Playlist1N/MasterAnaDev_data_AnaTuple_run00020399_Playlist.root
122	Data/Playlist1N/MasterAnaDev_data_AnaTuple_run00020400_Playlist.root
130	Data/Playlist1N/MasterAnaDev_data_AnaTuple_run00020401_Playlist.root
133	Data/Playlist1N/MasterAnaDev_data_AnaTuple_run00020404_Playlist.root
134	Data/Playlist1N/MasterAnaDev_data_AnaTuple_run00020405_Playlist.root
137	Data/Playlist1N/MasterAnaDev_data_AnaTuple_run00020407_Playlist.root
142	Data/Playlist1N/MasterAnaDev_data_AnaTuple_run00020408_Playlist.root
145	Data/Playlist1N/MasterAnaDev_data_AnaTuple_run00020409_Playlist.root
146	Data/Playlist1N/MasterAnaDev_data_AnaTuple_run00020410_Playlist.root
147	Data/Playlist1N/MasterAnaDev_data_AnaTuple_run00020411_Playlist.root
148	Data/Playlist1N/MasterAnaDev_data_AnaTuple_run00020412_Playlist.root
150	Data/Playlist1N/MasterAnaDev_data_AnaTuple_run00020413_Playlist.root
152	Data/Playlist1N/MasterAnaDev_data_AnaTuple_run00020414_Playlist.root
153	Data/Playlist1N/MasterAnaDev_data_AnaTuple_run00020441_Playlist.root
154	Data/Playlist1N/MasterAnaDev_data_AnaTuple_run00020442_Playlist.root
156	Data/Playlist1N/MasterAnaDev_data_AnaTuple_run00020443_Playlist.root
158	Data/Playlist1N/MasterAnaDev_data_AnaTuple_run00020444_Playlist.root
160	Data/Playlist1N/MasterAnaDev_data_AnaTuple_run00020445_Playlist.root
162	Data/Playlist1N/MasterAnaDev_data_AnaTuple_run00020446_Playlist.root
166	Data/Playlist1N/MasterAnaDev_data_AnaTuple_run00020447_Playlist.root
171	Data/Playlist1N/MasterAnaDev_data_AnaTuple_run00020448_Playlist.root
177	Data/Playlist1N/MasterAnaDev_data_AnaTuple_run00020449_Playlist.root
180	Data/Playlist1N/MasterAnaDev_data_AnaTuple_run00020450_Playlist.root
183	Data/Playlist1N/MasterAnaDev_data_AnaTuple_run00020451_Playlist.root
186	Data/Playlist1N/MasterAnaDev_data_AnaTuple_run00020452_Playlist.root
192	Data/Playlist1N/MasterAnaDev_data_AnaTuple_run00020453_Playlist.root
209	Data/Playlist1N/MasterAnaDev_data_AnaTuple_run00020454_Playlist.root
213	Data/Playlist1N/MasterAnaDev_data_AnaTuple_run00020455_Playlist.root
28	Data/Playlist1N/MasterAnaDev_data_AnaTuple_run00020457_Playlist.root
42	Data/Playlist1N/MasterAnaDev_data_AnaTuple_run00020458_Playlist.root
130	Data/Playlist1N/MasterAnaDev_data_AnaTuple_run00020459_Playlist.root
209	Data/Playlist1N/MasterAnaDev_data_AnaTuple_run00020460_Playlist.root
213	Data/Playlist1N/MasterAnaDev_data_AnaTuple_run00020461_Playlist.root
217	Data/Playlist1N/MasterAnaDev_data_AnaTuple_run00020462_Playlist.root
223	Data/Playlist1N/MasterAnaDev_data_AnaTuple_run00020463_Playlist.root
225	Data/Playlist1N/MasterAnaDev_data_AnaTuple_run00020464_Playlist.root
227	Data/Playlist1N/MasterAnaDev_data_AnaTuple_run00020465_Playlist.root
233	Data/Playlist1N/MasterAnaDev_data_AnaTuple_run00020466_Playlist.root
239	Data/Playlist1N/MasterAnaDev_data_AnaTuple_run00020467_Playlist.root
247	Data/Playlist1N/MasterAnaDev_data_AnaTuple_run00020468_Playlist.root
251	Data/Playlist1N/MasterAnaDev_data_AnaTuple_run00020469_Playlist.root
259	Data/Playlist1N/MasterAnaDev_data_AnaTuple_run00020470_Playlist.root
262	Data/Playlist1N/MasterAnaDev_data_AnaTuple_run00020471_Playlist.root
264	Data/Playlist1N/MasterAnaDev_data_AnaTuple_run00020472_Playlist.root
270	Data/Playlist1N/MasterAnaDev_data_AnaTuple_run00020473_Playlist.root
312	Data/Playlist1N/MasterAnaDev_data_AnaTuple_run00020474_Playlist.root
324	Data/Playlist1N/MasterAnaDev_data_AnaTuple_run00020475_Playlist.root
314	Data/Playlist1N/MasterAnaDev_data_AnaTuple_run00020476_Playlist.root
308	Data/Playlist1N/MasterAnaDev_data_AnaTuple_run00020477_Playlist.root
350	Data/Playlist1N/MasterAnaDev_data_AnaTuple_run00020478_Playlist.root
362	Data/Playlist1N/MasterAnaDev_data_AnaTuple_run00020479_Playlist.root
321	Data/Playlist1N/MasterAnaDev_data_AnaTuple_run00020480_Playlist.root
329	Data/Playlist1N/MasterAnaDev_data_AnaTuple_run00020481_Playlist.root
325	Data/Playlist1N/MasterAnaDev_data_AnaTuple_run00020482_Playlist.root
361	Data/Playlist1N/MasterAnaDev_data_AnaTuple_run00020483_Playlist.root
349	Data/Playlist1N/MasterAnaDev_data_AnaTuple_run00020484_Playlist.root
299	Data/Playlist1N/MasterAnaDev_data_AnaTuple_run00020485_Playlist.root
337	Data/Playlist1N/MasterAnaDev_data_AnaTuple_run00020486_Playlist.root
367	Data/Playlist1N/MasterAnaDev_data_AnaTuple_run00020487_Playlist.root
339	Data/Playlist1N/MasterAnaDev_data_AnaTuple_run00020488_Playlist.root
333	Data/Playlist1N/MasterAnaDev_data_AnaTuple_run00020489_Playlist.root
3	Data/Playlist1N/MasterAnaDev_data_AnaTuple_run00020490_Playlist.root
6	Data/Playlist1N/MasterAnaDev_data_AnaTuple_run00020491_Playlist.root
13	Data/Playlist1N/MasterAnaDev_data_AnaTuple_run00020492_Playlist.root
16	Data/Playlist1N/MasterAnaDev_data_AnaTuple_run00020493_Playlist.root
20	Data/Playlist1N/MasterAnaDev_data_AnaTuple_run00020494_Playlist.root
23	Data/Playlist1N/MasterAnaDev_data_AnaTuple_run00020495_Playlist.root
25	Data/Playlist1N/MasterAnaDev_data_AnaTuple_run00020496_Playlist.root
42	Data/Playlist1N/MasterAnaDev_data_AnaTuple_run00020497_Playlist.root
44	Data/Playlist1N/MasterAnaDev_data_AnaTuple_run00020498_Playlist.root
48	Data/Playlist1N/MasterAnaDev_data_AnaTuple_run00020499_Playlist.root
49	Data/Playlist1N/MasterAnaDev_data_AnaTuple_run00020500_Playlist.root
53	Data/Playlist1N/MasterAnaDev_data_AnaTuple_run00020501_Playlist.root
57	Data/Playlist1N/MasterAnaDev_data_AnaTuple_run00020502_Playlist.root
67	Data/Playlist1N/MasterAnaDev_data_AnaTuple_run00020503_Playlist.root
72	Data/Playlist1N/MasterAnaDev_data_AnaTuple_run00020504_Playlist.root
78	Data/Playlist1N/MasterAnaDev_data_AnaTuple_run00020505_Playlist.root
99	Data/Playlist1N/MasterAnaDev_data_AnaTuple_run00020506_Playlist.root
117	Data/Playlist1N/MasterAnaDev_data_AnaTuple_run00020507_Playlist.root
121	Data/Playlist1N/MasterAnaDev_data_AnaTuple_run00020508_Playlist.root
128	Data/Playlist1N/MasterAnaDev_data_AnaTuple_run00020509_Playlist.root
130	Data/Playlist1N/MasterAnaDev_data_AnaTuple_run00020510_Playlist.root
132	Data/Playlist1N/MasterAnaDev_data_AnaTuple_run00020511_Playlist.root
134	Data/Playlist1N/MasterAnaDev_data_AnaTuple_run00020512_Playlist.root
135	Data/Playlist1N/MasterAnaDev_data_AnaTuple_run00020513_Playlist.root
136	Data/Playlist1N/MasterAnaDev_data_AnaTuple_run00020514_Playlist.root
137	Data/Playlist1N/MasterAnaDev_data_AnaTuple_run00020602_Playlist.root
141	Data/Playlist1N/MasterAnaDev_data_AnaTuple_run00020603_Playlist.root
145	Data/Playlist1N/MasterAnaDev_data_AnaTuple_run00020604_Playlist.root
153	Data/Playlist1N/MasterAnaDev_data_AnaTuple_run00020605_Playlist.root
160	Data/Playlist1N/MasterAnaDev_data_AnaTuple_run00020606_Playlist.root
165	Data/Playlist1N/MasterAnaDev_data_AnaTuple_run00020607_Playlist.root
168	Data/Playlist1N/MasterAnaDev_data_AnaTuple_run00020608_Playlist.root
335	Data/Playlist1N/MasterAnaDev_data_AnaTuple_run00020609_Playlist.root
339	Data/Playlist1N/MasterAnaDev_data_AnaTuple_run00020610_Playlist.root
333	Data/Playlist1N/MasterAnaDev_data_AnaTuple_run00020611_Playlist.root
0	Data/Playlist1N/MasterAnaDev_data_AnaTuple_run00020612_Playlist.root
4	Data/Playlist1N/MasterAnaDev_data_AnaTuple_run00020613_Playlist.root
7	Data/Playlist1N/MasterAnaDev_data_AnaTuple_run00020616_Playlist.root
8	Data/Playlist1N/MasterAnaDev_data_AnaTuple_run00020617_Playlist.root
9	Data/Playlist1N/MasterAnaDev_data_AnaTuple_run00020618_Playlist.root
360	Data/Playlist1O/MasterAnaDev_data_AnaTuple_run00020619_Playlist.root
349	Data/Playlist1O/MasterAnaDev_data_AnaTuple_run00020620_Playlist.root
36	Data/Playlist1O/MasterAnaDev_data_AnaTuple_run00020621_Playlist.root
75	Data/Playlist1O/MasterAnaDev_data_AnaTuple_run00020622_Playlist.root
96	Data/Playlist1O/MasterAnaDev_data_AnaTuple_run00020623_Playlist.root
131	Data/Playlist1O/MasterAnaDev_data_AnaTuple_run00020624_Playlist.root
154	Data/Playlist1O/MasterAnaDev_data_AnaTuple_run00020625_Playlist.root
242	Data/Playlist1O/MasterAnaDev_data_AnaTuple_run00020626_Playlist.root
269	Data/Playlist1O/MasterAnaDev_data_AnaTuple_run00020627_Playlist.root
287	Data/Playlist1O/MasterAnaDev_data_AnaTuple_run00020628_Playlist.root
305	Data/Playlist1O/MasterAnaDev_data_AnaTuple_run00020629_Playlist.root
21	Data/Playlist1O/MasterAnaDev_data_AnaTuple_run00020630_Playlist.root
54	Data/Playlist1O/MasterAnaDev_data_AnaTuple_run00020631_Playlist.root
80	Data/Playlist1O/MasterAnaDev_data_AnaTuple_run00020632_Playlist.root
97	Data/Playlist1O/MasterAnaDev_data_AnaTuple_run00020633_Playlist.root
113	Data/Playlist1O/MasterAnaDev_data_AnaTuple_run00020634_Playlist.root
121	Data/Playlist1O/MasterAnaDev_data_AnaTuple_run00020644_Playlist.root
190	Data/Playlist1O/MasterAnaDev_data_AnaTuple_run00020645_Playlist.root
267	Data/Playlist1O/MasterAnaDev_data_AnaTuple_run00020646_Playlist.root
320	Data/Playlist1O/MasterAnaDev_data_AnaTuple_run00020647_Playlist.root
326	Data/Playlist1O/MasterAnaDev_data_AnaTuple_run00020648_Playlist.root
342	Data/Playlist1O/MasterAnaDev_data_AnaTuple_run00020649_Playlist.root
313	Data/Playlist1O/MasterAnaDev_data_AnaTuple_run00020650_Playlist.root
363	Data/Playlist1O/MasterAnaDev_data_AnaTuple_run00020651_Playlist.root
93	Data/Playlist1O/MasterAnaDev_data_AnaTuple_run00020652_Playlist.root
148	Data/Playlist1O/MasterAnaDev_data_AnaTuple_run00020653_Playlist.root
329	Data/Playlist1P/MasterAnaDev_data_AnaTuple_run00020800_Playlist.root
319	Data/Playlist1P/MasterAnaDev_data_AnaTuple_run00020801_Playlist.root
341	Data/Playlist1P/MasterAnaDev_data_AnaTuple_run00020802_Playlist.root
9	Data/Playlist1P/MasterAnaDev_data_AnaTuple_run00020803_Playlist.root
62	Data/Playlist1P/MasterAnaDev_data_AnaTuple_run00020804_Playlist.root
72	Data/Playlist1P/MasterAnaDev_data_AnaTuple_run00020805_Playlist.root
85	Data/Playlist1P/MasterAnaDev_data_AnaTuple_run00020806_Playlist.root
92	Data/Playlist1P/MasterAnaDev_data_AnaTuple_run00020807_Playlist.root
97	Data/Playlist1P/MasterAnaDev_data_AnaTuple_run00020808_Playlist.root
106	Data/Playlist1P/MasterAnaDev_data_AnaTuple_run00020809_Playlist.root
115	Data/Playlist1P/MasterAnaDev_data_AnaTuple_run00020810_Playlist.root
122	Data/Playlist1P/MasterAnaDev_data_AnaTuple_run00020811_Playlist.root
136	Data/Playlist1P/MasterAnaDev_data_AnaTuple_run00020812_Playlist.root
152	Data/Playlist1P/MasterAnaDev_data_AnaTuple_run00020813_Playlist.root
160	Data/Playlist1P/MasterAnaDev_data_AnaTuple_run00020814_Playlist.root
233	Data/Playlist1P/MasterAnaDev_data_AnaTuple_run00020815_Playlist.root
244	Data/Playlist1P/MasterAnaDev_data_AnaTuple_run00020816_Playlist.root
260	Data/Playlist1P/MasterAnaDev_data_AnaTuple_run00020817_Playlist.root
263	Data/Playlist1P/MasterAnaDev_data_AnaTuple_run00020818_Playlist.root
364	Data/Playlist1P/MasterAnaDev_data_AnaTuple_run00020819_Playlist.root
325	Data/Playlist1P/MasterAnaDev_data_AnaTuple_run00020820_Playlist.root
345	Data/Playlist1P/MasterAnaDev_data_AnaTuple_run00020821_Playlist.root
357	Data/Playlist1P/MasterAnaDev_data_AnaTuple_run00020822_Playlist.root
327	Data/Playlist1P/MasterAnaDev_data_AnaTuple_run00020823_Playlist.root
3	Data/Playlist1P/MasterAnaDev_data_AnaTuple_run00020824_Playlist.root
13	Data/Playlist1P/MasterAnaDev_data_AnaTuple_run00020825_Playlist.root
24	Data/Playlist1P/MasterAnaDev_data_AnaTuple_run00020826_Playlist.root
29	Data/Playlist1P/MasterAnaDev_data_AnaTuple_run00020827_Playlist.root
38	Data/Playlist1P/MasterAnaDev_data_AnaTuple_run00020828_Playlist.root
52	Data/Playlist1P/MasterAnaDev_data_AnaTuple_run00020829_Playlist.root
64	Data/Playlist1P/MasterAnaDev_data_AnaTuple_run00020830_Playlist.root
72	Data/Playlist1P/MasterAnaDev_data_AnaTuple_run00020831_Playlist.root
79	Data/Playlist1P/MasterAnaDev_data_AnaTuple_run00020832_Playlist.root
89	Data/Playlist1P/MasterAnaDev_data_AnaTuple_run00020833_Playlist.root
93	Data/Playlist1P/MasterAnaDev_data_AnaTuple_run00020834_Playlist.root
98	Data/Playlist1P/MasterAnaDev_data_AnaTuple_run00020835_Playlist.root
188	Data/Playlist1P/MasterAnaDev_data_AnaTuple_run00020836_Playlist.root
195	Data/Playlist1P/MasterAnaDev_data_AnaTuple_run00020837_Playlist.root
201	Data/Playlist1P/MasterAnaDev_data_AnaTuple_run00020838_Playlist.root
220	Data/Playlist1P/MasterAnaDev_data_AnaTuple_run00020839_Playlist.root
21	MATFluxAndReweightFiles/CVS/Repository
22	MATFluxAndReweightFiles/CVS/Root
47	MATFluxAndReweightFiles/Minerva_Planes.txt
46	MATFluxAndReweightFiles/flux/CVS/Entries
80	MATFluxAndReweightFiles/flux/flux-g4numiv6-pdg-12-minervame1D_rearrangedUniverses.root
83	MATFluxAndReweightFiles/flux/flux-g4numiv6-pdg-12-minervame1M_rearrangedUniverses.root
75	MATFluxAndReweightFiles/flux/flux-g4numiv6-pdg-12-minervame1N_rearrangedUniverses.root
122	MATFluxAndReweightFiles/flux/flux-g4numiv6-pdg-14-minervame1D_rearrangedUniverses.root
125	MATFluxAndReweightFiles/flux/flux-g4numiv6-pdg-14-minervame1M_rearrangedUniverses.root
81	MATFluxAndReweightFiles/flux/flux-g4numiv6-pdg-14-minervame1N_rearrangedUniverses.root
93	MATFluxAndReweightFiles/flux/flux-g4numiv6-pdg12-minervame1D_rearrangedUniverses.root
92	MATFluxAndReweightFiles/flux/flux-g4numiv6-pdg12-minervame1M_rearrangedUniverses.root
131	MATFluxAndReweightFiles/flux/flux-g4numiv6-pdg12-minervame1N_rearrangedUniverses.root
102	MATFluxAndReweightFiles/flux/flux-g4numiv6-pdg14-minervame1D.root
85	MATFluxAndReweightFiles/flux/flux-g4numiv6-pdg14-minervame1D_rearrangedUniverses.root
143	MATFluxAndReweightFiles/flux/flux-g4numiv6-pdg14-minervame1M_rearrangedUniverses.root
108	MATFluxAndReweightFiles/flux/flux-g4numiv6-pdg14-minervame1N_rearrangedUniverses.root
103	MATFluxAndReweightFiles/flux/flux-gen2thin-pdg-12-minervame1D_rearrangedUniverses.root
114	MATFluxAndReweightFiles/flux/flux-gen2thin-pdg-12-minervame1M_rearrangedUniverses.root
120	MATFluxAndReweightFiles/flux/flux-gen2thin-pdg-12-minervame1N_rearrangedUniverses.root
106	MATFluxAndReweightFiles/flux/flux-gen2thin-pdg-14-minervame1D_rearrangedUniverses.root
97	MATFluxAndReweightFiles/flux/flux-gen2thin-pdg-14-minervame1M_rearrangedUniverses.root
112	MATFluxAndReweightFiles/flux/flux-gen2thin-pdg-14-minervame1N_rearrangedUniverses.root
118	MATFluxAndReweightFiles/flux/flux-gen2thin-pdg12-minervame1D_rearrangedUniverses.root
107	MATFluxAndReweightFiles/flux/flux-gen2thin-pdg12-minervame1M_rearrangedUniverses.root
128	MATFluxAndReweightFiles/flux/flux-gen2thin-pdg12-minervame1N_rearrangedUniverses.root
149	MATFluxAndReweightFiles/flux/flux-gen2thin-pdg14-minervame1D.root
117	MATFluxAndReweightFiles/flux/flux-gen2thin-pdg14-minervame1D_rearrangedUniverses.root
147	MATFluxAndReweightFiles/flux/flux-gen2thin-pdg14-minervame1M_rearrangedUniverses.root
146	MATFluxAndReweightFiles/flux/flux-gen2thin-pdg14-minervame1N_rearrangedUniverses.root
55	MATFluxAndReweightFiles/flux/sys/Muon_Energy_MnvH1D.root
214	MATFluxAndReweightFiles/hadronReweight/cross_section_neutron_carbon.root
222	MATFluxAndReweightFiles/hadronReweight/cross_section_neutron_carbon_hd.root
212	MATFluxAndReweightFiles/hadronReweight/cross_section_neutron_hydrogen_hd.root
211	MATFluxAndReweightFiles/hadronReweight/cross_section_neutron_iron.root
221	MATFluxAndReweightFiles/hadronReweight/cross_section_neutron_iron_hd.root
223	MATFluxAndReweightFiles/hadronReweight/cross_section_neutron_lead.root
218	MATFluxAndReweightFiles/hadronReweight/cross_section_neutron_lead_hd.root
219	MATFluxAndReweightFiles/hadronReweight/cross_section_pion_carbon.root
213	MATFluxAndReweightFiles/hadronReweight/cross_section_pion_iron.root
220	MATFluxAndReweightFiles/hadronReweight/cross_section_pion_lead.root
210	MATFluxAndReweightFiles/hadronReweight/cross_section_proton_carbon.root
217	MATFluxAndReweightFiles/hadronReweight/cross_section_proton_iron.root
216	MATFluxAndReweightFiles/hadronReweight/cross_section_proton_lead.root
224	MATFluxAndReweightFiles/hadronReweight/new_geant4_xsec.root
230	MATFluxAndReweightFiles/lowNuReweight/lowNuReweight.root
257	MATFluxAndReweightFiles/mhrwKineRenorm/Renorm_Kine_Truth_MinervaME1A_v10_HD_withElastics_RwgtNeutronCV_z5991-8408_a850.root
246	MATFluxAndReweightFiles/mhrwKineRenorm/Renorm_Kine_Truth_MinervaME1B_v10_HD_withElastics_RwgtNeutronCV_z5991-8408_a850.root
368	MATFluxAndReweightFiles/mhrwKineRenorm/Renorm_Kine_Truth_MinervaME1C_v10_HD_withElastics_RwgtNeutronCV_z5991-8408_a850.root
253	MATFluxAndReweightFiles/mhrwKineRenorm/Renorm_Kine_Truth_MinervaME1D_v10_HD_withElastics_RwgtNeutronCV_z5991-8408_a850.root
258	MATFluxAndReweightFiles/mhrwKineRenorm/Renorm_Kine_Truth_MinervaME1E_v10_HD_withElastics_RwgtNeutronCV_z5991-8408_a850.root
334	MATFluxAndReweightFiles/mhrwKineRenorm/Renorm_Kine_Truth_MinervaME1F_v10_HD_withElastics_RwgtNeutronCV_z5991-8408_a850.root
252	MATFluxAndReweightFiles/mhrwKineRenorm/Renorm_Kine_Truth_MinervaME1G_v10_HD_withElastics_RwgtNeutronCV_z5991-8408_a850.root
243	MATFluxAndReweightFiles/mhrwKineRenorm/Renorm_Kine_Truth_MinervaME1L_v10_HD_withElastics_RwgtNeutronCV_z5991-8408_a850.root
249	MATFluxAndReweightFiles/mhrwKineRenorm/Renorm_Kine_Truth_MinervaME1M_v10_HD_withElastics_RwgtNeutronCV_z5991-8408_a850.root
261	MATFluxAndReweightFiles/mhrwKineRenorm/Renorm_Kine_Truth_MinervaME1N_v10_HD_withElastics_RwgtNeutronCV_z5991-8408_a850.root
260	MATFluxAndReweightFiles/mhrwKineRenorm/Renorm_Kine_Truth_MinervaME1O_v10_HD_withElastics_RwgtNeutronCV_z5991-8408_a850.root
241	MATFluxAndReweightFiles/mhrwKineRenorm/Renorm_Kine_Truth_MinervaME1P_v10_HD_withElastics_RwgtNeutronCV_z5991-8408_a850.root
345	MC/StandardMC/Playlist1A/MasterAnaDev_mc_AnaTuple_run00110000_Playlist.root
253	MC/StandardMC/Playlist1A/MasterAnaDev_mc_AnaTuple_run00110001_Playlist.root
178	MC/StandardMC/Playlist1A/MasterAnaDev_mc_AnaTuple_run00110002_Playlist.root
157	MC/StandardMC/Playlist1A/MasterAnaDev_mc_AnaTuple_run00110003_Playlist.root
174	MC/StandardMC/Playlist1A/MasterAnaDev_mc_AnaTuple_run00110004_Playlist.root
292	MC/StandardMC/Playlist1A/MasterAnaDev_mc_AnaTuple_run00110005_Playlist.root
26	MC/StandardMC/Playlist1A/MasterAnaDev_mc_AnaTuple_run00110006_Playlist.root
314	MC/StandardMC/Playlist1A/MasterAnaDev_mc_AnaTuple_run00110007_Playlist.root
125	MC/StandardMC/Playlist1A/MasterAnaDev_mc_AnaTuple_run00110008_Playlist.root
224	MC/StandardMC/Playlist1A/MasterAnaDev_mc_AnaTuple_run00110009_Playlist.root
34	MC/StandardMC/Playlist1A/MasterAnaDev_mc_AnaTuple_run00110010_Playlist.root
332	MC/StandardMC/Playlist1A/MasterAnaDev_mc_AnaTuple_run00110011_Playlist.root
279	MC/StandardMC/Playlist1A/MasterAnaDev_mc_AnaTuple_run00110012_Playlist.root
183	MC/StandardMC/Playlist1A/MasterAnaDev_mc_AnaTuple_run00110013_Playlist.root
301	MC/StandardMC/Playlist1A/MasterAnaDev_mc_AnaTuple_run00110014_Playlist.root
322	MC/StandardMC/Playlist1A/MasterAnaDev_mc_AnaTuple_run00110015_Playlist.root
305	MC/StandardMC/Playlist1A/MasterAnaDev_mc_AnaTuple_run00110016_Playlist.root
203	MC/StandardMC/Playlist1A/MasterAnaDev_mc_AnaTuple_run00110017_Playlist.root
170	MC/StandardMC/Playlist1A/MasterAnaDev_mc_AnaTuple_run00110018_Playlist.root
278	MC/StandardMC/Playlist1A/MasterAnaDev_mc_AnaTuple_run00110019_Playlist.root
173	MC/StandardMC/Playlist1A/MasterAnaDev_mc_AnaTuple_run00110020_Playlist.root
63	MC/StandardMC/Playlist1A/MasterAnaDev_mc_AnaTuple_run00110021_Playlist.root
364	MC/StandardMC/Playlist1A/MasterAnaDev_mc_AnaTuple_run00110022_Playlist.root
281	MC/StandardMC/Playlist1A/MasterAnaDev_mc_AnaTuple_run00110023_Playlist.root
65	MC/StandardMC/Playlist1A/MasterAnaDev_mc_AnaTuple_run00110024_Playlist.root
266	MC/StandardMC/Playlist1A/MasterAnaDev_mc_AnaTuple_run00110025_Playlist.root
240	MC/StandardMC/Playlist1A/MasterAnaDev_mc_AnaTuple_run00110026_Playlist.root
75	MC/StandardMC/Playlist1A/MasterAnaDev_mc_AnaTuple_run00110027_Playlist.root
321	MC/StandardMC/Playlist1A/MasterAnaDev_mc_AnaTuple_run00110028_Playlist.root
293	MC/StandardMC/Playlist1A/MasterAnaDev_mc_AnaTuple_run00110029_Playlist.root
162	MC/StandardMC/Playlist1A/MasterAnaDev_mc_AnaTuple_run00110030_Playlist.root
261	MC/StandardMC/Playlist1A/MasterAnaDev_mc_AnaTuple_run00110031_Playlist.root
108	MC/StandardMC/Playlist1A/MasterAnaDev_mc_AnaTuple_run00110032_Playlist.root
108	MC/StandardMC/Playlist1A/MasterAnaDev_mc_AnaTuple_run00110033_Playlist.root
281	MC/StandardMC/Playlist1A/MasterAnaDev_mc_AnaTuple_run00110034_Playlist.root
277	MC/StandardMC/Playlist1A/MasterAnaDev_mc_AnaTuple_run00110035_Playlist.root
75	MC/StandardMC/Playlist1A/MasterAnaDev_mc_AnaTuple_run00110036_Playlist.root
261	MC/StandardMC/Playlist1A/MasterAnaDev_mc_AnaTuple_run00110037_Playlist.root
78	MC/StandardMC/Playlist1A/MasterAnaDev_mc_AnaTuple_run00110038_Playlist.root
31	MC/StandardMC/Playlist1A/MasterAnaDev_mc_AnaTuple_run00110039_Playlist.root
347	MC/StandardMC/Playlist1A/MasterAnaDev_mc_AnaTuple_run00110040_Playlist.root
340	MC/StandardMC/Playlist1B/MasterAnaDev_mc_AnaTuple_run00111000_Playlist.root
57	MC/StandardMC/Playlist1B/MasterAnaDev_mc_AnaTuple_run00111001_Playlist.root
59	MC/StandardMC/Playlist1B/MasterAnaDev_mc_AnaTuple_run00111002_Playlist.root
158	MC/StandardMC/Playlist1B/MasterAnaDev_mc_AnaTuple_run00111003_Playlist.root
218	MC/StandardMC/Playlist1B/MasterAnaDev_mc_AnaTuple_run00111004_Playlist.root
314	MC/StandardMC/Playlist1B/MasterAnaDev_mc_AnaTuple_run00111005_Playlist.root
42	MC/StandardMC/Playlist1B/MasterAnaDev_mc_AnaTuple_run00111006_Playlist.root
133	MC/StandardMC/Playlist1B/MasterAnaDev_mc_AnaTuple_run00111007_Playlist.root
219	MC/StandardMC/Playlist1B/MasterAnaDev_mc_AnaTuple_run00111008_Playlist.root
41	MC/StandardMC/Playlist1B/MasterAnaDev_mc_AnaTuple_run00111009_Playlist.root
296	MC/StandardMC/Playlist1B/MasterAnaDev_mc_AnaTuple_run00111010_Playlist.root
260	MC/StandardMC/Playlist1C/MasterAnaDev_mc_AnaTuple_run00111030_Playlist.root
129	MC/StandardMC/Playlist1C/MasterAnaDev_mc_AnaTuple_run00111031_Playlist.root
129	MC/StandardMC/Playlist1C/MasterAnaDev_mc_AnaTuple_run00111032_Playlist.root
192	MC/StandardMC/Playlist1C/MasterAnaDev_mc_AnaTuple_run00111033_Playlist.root
264	MC/StandardMC/Playlist1C/MasterAnaDev_mc_AnaTuple_run00111034_Playlist.root
50	MC/StandardMC/Playlist1C/MasterAnaDev_mc_AnaTuple_run00111035_Playlist.root
144	MC/StandardMC/Playlist1C/MasterAnaDev_mc_AnaTuple_run00111036_Playlist.root
278	MC/StandardMC/Playlist1C/MasterAnaDev_mc_AnaTuple_run00111037_Playlist.root
164	MC/StandardMC/Playlist1C/MasterAnaDev_mc_AnaTuple_run00111038_Playlist.root
138	MC/StandardMC/Playlist1C/MasterAnaDev_mc_AnaTuple_run00111039_Playlist.root
63	MC/StandardMC/Playlist1C/MasterAnaDev_mc_AnaTuple_run00111040_Playlist.root
55	MC/StandardMC/Playlist1C/MasterAnaDev_mc_AnaTuple_run00111041_Playlist.root
163	MC/StandardMC/Playlist1C/MasterAnaDev_mc_AnaTuple_run00111042_Playlist.root
91	MC/StandardMC/Playlist1C/MasterAnaDev_mc_AnaTuple_run00111043_Playlist.root
192	MC/StandardMC/Playlist1C/MasterAnaDev_mc_AnaTuple_run00111044_Playlist.root
118	MC/StandardMC/Playlist1C/MasterAnaDev_mc_AnaTuple_run00111045_Playlist.root
271	MC/StandardMC/Playlist1C/MasterAnaDev_mc_AnaTuple_run00111046_Playlist.root
37	MC/StandardMC/Playlist1C/MasterAnaDev_mc_AnaTuple_run00111047_Playlist.root
89	MC/StandardMC/Playlist1C/MasterAnaDev_mc_AnaTuple_run00111048_Playlist.root
160	MC/StandardMC/Playlist1C/MasterAnaDev_mc_AnaTuple_run00111049_Playlist.root
48	MC/StandardMC/Playlist1C/MasterAnaDev_mc_AnaTuple_run00111050_Playlist.root
311	MC/StandardMC/Playlist1D/MasterAnaDev_mc_AnaTuple_run00111100_Playlist.root
21	MC/StandardMC/Playlist1D/MasterAnaDev_mc_AnaTuple_run00111101_Playlist.root
244	MC/StandardMC/Playlist1D/MasterAnaDev_mc_AnaTuple_run00111102_Playlist.root
346	MC/StandardMC/Playlist1D/MasterAnaDev_mc_AnaTuple_run00111103_Playlist.root
47	MC/StandardMC/Playlist1D/MasterAnaDev_mc_AnaTuple_run00111104_Playlist.root
134	MC/StandardMC/Playlist1D/MasterAnaDev_mc_AnaTuple_run00111105_Playlist.root
182	MC/StandardMC/Playlist1D/MasterAnaDev_mc_AnaTuple_run00111106_Playlist.root
219	MC/StandardMC/Playlist1D/MasterAnaDev_mc_AnaTuple_run00111107_Playlist.root
358	MC/StandardMC/Playlist1D/MasterAnaDev_mc_AnaTuple_run00111108_Playlist.root
45	MC/StandardMC/Playlist1D/MasterAnaDev_mc_AnaTuple_run00111109_Playlist.root
103	MC/StandardMC/Playlist1D/MasterAnaDev_mc_AnaTuple_run00111110_Playlist.root
205	MC/StandardMC/Playlist1D/MasterAnaDev_mc_AnaTuple_run00111111_Playlist.root
104	MC/StandardMC/Playlist1D/MasterAnaDev_mc_AnaTuple_run00111112_Playlist.root
125	MC/StandardMC/Playlist1D/MasterAnaDev_mc_AnaTuple_run00111113_Playlist.root
28	MC/StandardMC/Playlist1D/MasterAnaDev_mc_AnaTuple_run00111114_Playlist.root
12	MC/StandardMC/Playlist1D/MasterAnaDev_mc_AnaTuple_run00111115_Playlist.root
81	MC/StandardMC/Playlist1D/MasterAnaDev_mc_AnaTuple_run00111116_Playlist.root
153	MC/StandardMC/Playlist1D/MasterAnaDev_mc_AnaTuple_run00111117_Playlist.root
330	MC/StandardMC/Playlist1D/MasterAnaDev_mc_AnaTuple_run00111118_Playlist.root
284	MC/StandardMC/Playlist1D/MasterAnaDev_mc_AnaTuple_run00111119_Playlist.root
186	MC/StandardMC/Playlist1D/MasterAnaDev_mc_AnaTuple_run00111120_Playlist.root
306	MC/StandardMC/Playlist1D/MasterAnaDev_mc_AnaTuple_run00111121_Playlist.root
23	MC/StandardMC/Playlist1D/MasterAnaDev_mc_AnaTuple_run00111122_Playlist.root
67	MC/StandardMC/Playlist1D/MasterAnaDev_mc_AnaTuple_run00111123_Playlist.root
24	MC/StandardMC/Playlist1D/MasterAnaDev_mc_AnaTuple_run00111124_Playlist.root
102	MC/StandardMC/Playlist1D/MasterAnaDev_mc_AnaTuple_run00111125_Playlist.root
327	MC/StandardMC/Playlist1D/MasterAnaDev_mc_AnaTuple_run00111126_Playlist.root
102	MC/StandardMC/Playlist1D/MasterAnaDev_mc_AnaTuple_run00111127_Playlist.root
158	MC/StandardMC/Playlist1D/MasterAnaDev_mc_AnaTuple_run00111128_Playlist.root
344	MC/StandardMC/Playlist1D/MasterAnaDev_mc_AnaTuple_run00111129_Playlist.root
27	MC/StandardMC/Playlist1D/MasterAnaDev_mc_AnaTuple_run00111130_Playlist.root
274	MC/StandardMC/Playlist1D/MasterAnaDev_mc_AnaTuple_run00111131_Playlist.root
260	MC/StandardMC/Playlist1D/MasterAnaDev_mc_AnaTuple_run00111132_Playlist.root
189	MC/StandardMC/Playlist1D/MasterAnaDev_mc_AnaTuple_run00111133_Playlist.root
265	MC/StandardMC/Playlist1D/MasterAnaDev_mc_AnaTuple_run00111134_Playlist.root
351	MC/StandardMC/Playlist1D/MasterAnaDev_mc_AnaTuple_run00111135_Playlist.root
84	MC/StandardMC/Playlist1D/MasterAnaDev_mc_AnaTuple_run00111136_Playlist.root
5	MC/StandardMC/Playlist1D/MasterAnaDev_mc_AnaTuple_run00111137_Playlist.root
265	MC/StandardMC/Playlist1D/MasterAnaDev_mc_AnaTuple_run00111138_Playlist.root
86	MC/StandardMC/Playlist1D/MasterAnaDev_mc_AnaTuple_run00111139_Playlist.root
296	MC/StandardMC/Playlist1D/MasterAnaDev_mc_AnaTuple_run00111140_Playlist.root
226	MC/StandardMC/Playlist1D/MasterAnaDev_mc_AnaTuple_run00111141_Playlist.root
344	MC/StandardMC/Playlist1D/MasterAnaDev_mc_AnaTuple_run00111142_Playlist.root
315	MC/StandardMC/Playlist1D/MasterAnaDev_mc_AnaTuple_run00111143_Playlist.root
299	MC/StandardMC/Playlist1D/MasterAnaDev_mc_AnaTuple_run00111144_Playlist.root
135	MC/StandardMC/Playlist1D/MasterAnaDev_mc_AnaTuple_run00111145_Playlist.root
73	MC/StandardMC/Playlist1D/MasterAnaDev_mc_AnaTuple_run00111146_Playlist.root
301	MC/StandardMC/Playlist1D/MasterAnaDev_mc_AnaTuple_run00111147_Playlist.root
359	MC/StandardMC/Playlist1D/MasterAnaDev_mc_AnaTuple_run00111148_Playlist.root
310	MC/StandardMC/Playlist1D/MasterAnaDev_mc_AnaTuple_run00111149_Playlist.root
34	MC/StandardMC/Playlist1D/MasterAnaDev_mc_AnaTuple_run00111150_Playlist.root
137	MC/StandardMC/Playlist1D/MasterAnaDev_mc_AnaTuple_run00111151_Playlist.root
300	MC/StandardMC/Playlist1D/MasterAnaDev_mc_AnaTuple_run00111152_Playlist.root
124	MC/StandardMC/Playlist1D/MasterAnaDev_mc_AnaTuple_run00111153_Playlist.root
147	MC/StandardMC/Playlist1D/MasterAnaDev_mc_AnaTuple_run00111154_Playlist.root
317	MC/StandardMC/Playlist1D/MasterAnaDev_mc_AnaTuple_run00111155_Playlist.root
194	MC/StandardMC/Playlist1D/MasterAnaDev_mc_AnaTuple_run00111156_Playlist.root
160	MC/StandardMC/Playlist1D/MasterAnaDev_mc_AnaTuple_run00111157_Playlist.root
259	MC/StandardMC/Playlist1D/MasterAnaDev_mc_AnaTuple_run00111158_Playlist.root
338	MC/StandardMC/Playlist1D/MasterAnaDev_mc_AnaTuple_run00111159_Playlist.root
320	MC/StandardMC/Playlist1D/MasterAnaDev_mc_AnaTuple_run00111160_Playlist.root
361	MC/StandardMC/Playlist1E/MasterAnaDev_mc_AnaTuple_run00111325_Playlist.root
24	MC/StandardMC/Playlist1E/MasterAnaDev_mc_AnaTuple_run00111326_Playlist.root
25	MC/StandardMC/Playlist1E/MasterAnaDev_mc_AnaTuple_run00111327_Playlist.root
145	MC/StandardMC/Playlist1E/MasterAnaDev_mc_AnaTuple_run00111328_Playlist.root
183	MC/StandardMC/Playlist1E/MasterAnaDev_mc_AnaTuple_run00111329_Playlist.root
90	MC/StandardMC/Playlist1E/MasterAnaDev_mc_AnaTuple_run00111330_Playlist.root
146	MC/StandardMC/Playlist1E/MasterAnaDev_mc_AnaTuple_run00111331_Playlist.root
4	MC/StandardMC/Playlist1E/MasterAnaDev_mc_AnaTuple_run00111332_Playlist.root
59	MC/StandardMC/Playlist1E/MasterAnaDev_mc_AnaTuple_run00111333_Playlist.root
109	MC/StandardMC/Playlist1E/MasterAnaDev_mc_AnaTuple_run00111334_Playlist.root
200	MC/StandardMC/Playlist1E/MasterAnaDev_mc_AnaTuple_run00111335_Playlist.root
117	MC/StandardMC/Playlist1E/MasterAnaDev_mc_AnaTuple_run00111336_Playlist.root
182	MC/StandardMC/Playlist1E/MasterAnaDev_mc_AnaTuple_run00111337_Playlist.root
344	MC/StandardMC/Playlist1E/MasterAnaDev_mc_AnaTuple_run00111338_Playlist.root
46	MC/StandardMC/Playlist1E/MasterAnaDev_mc_AnaTuple_run00111339_Playlist.root
315	MC/StandardMC/Playlist1E/MasterAnaDev_mc_AnaTuple_run00111340_Playlist.root
327	MC/StandardMC/Playlist1E/MasterAnaDev_mc_AnaTuple_run00111341_Playlist.root
77	MC/StandardMC/Playlist1E/MasterAnaDev_mc_AnaTuple_run00111342_Playlist.root
104	MC/StandardMC/Playlist1E/MasterAnaDev_mc_AnaTuple_run00111343_Playlist.root
183	MC/StandardMC/Playlist1E/MasterAnaDev_mc_AnaTuple_run00111344_Playlist.root
10	MC/StandardMC/Playlist1E/MasterAnaDev_mc_AnaTuple_run00111345_Playlist.root
266	MC/StandardMC/Playlist1E/MasterAnaDev_mc_AnaTuple_run00111346_Playlist.root
364	MC/StandardMC/Playlist1E/MasterAnaDev_mc_AnaTuple_run00111347_Playlist.root
198	MC/StandardMC/Playlist1E/MasterAnaDev_mc_AnaTuple_run00111348_Playlist.root
151	MC/StandardMC/Playlist1E/MasterAnaDev_mc_AnaTuple_run00111349_Playlist.root
260	MC/StandardMC/Playlist1E/MasterAnaDev_mc_AnaTuple_run00111350_Playlist.root
330	MC/StandardMC/Playlist1E/MasterAnaDev_mc_AnaTuple_run00111351_Playlist.root
33	MC/StandardMC/Playlist1E/MasterAnaDev_mc_AnaTuple_run00111352_Playlist.root
79	MC/StandardMC/Playlist1E/MasterAnaDev_mc_AnaTuple_run00111353_Playlist.root
23	MC/StandardMC/Playlist1E/MasterAnaDev_mc_AnaTuple_run00111354_Playlist.root
358	MC/StandardMC/Playlist1E/MasterAnaDev_mc_AnaTuple_run00111355_Playlist.root
38	MC/StandardMC/Playlist1E/MasterAnaDev_mc_AnaTuple_run00111356_Playlist.root
52	MC/StandardMC/Playlist1E/MasterAnaDev_mc_AnaTuple_run00111357_Playlist.root
297	MC/StandardMC/Playlist1E/MasterAnaDev_mc_AnaTuple_run00111358_Playlist.root
150	MC/StandardMC/Playlist1E/MasterAnaDev_mc_AnaTuple_run00111359_Playlist.root
212	MC/StandardMC/Playlist1E/MasterAnaDev_mc_AnaTuple_run00111360_Playlist.root
316	MC/StandardMC/Playlist1E/MasterAnaDev_mc_AnaTuple_run00111361_Playlist.root
251	MC/StandardMC/Playlist1E/MasterAnaDev_mc_AnaTuple_run00111362_Playlist.root
167	MC/StandardMC/Playlist1E/MasterAnaDev_mc_AnaTuple_run00111363_Playlist.root
28	MC/StandardMC/Playlist1E/MasterAnaDev_mc_AnaTuple_run00111364_Playlist.root
218	MC/StandardMC/Playlist1E/MasterAnaDev_mc_AnaTuple_run00111365_Playlist.root
150	MC/StandardMC/Playlist1E/MasterAnaDev_mc_AnaTuple_run00111366_Playlist.root
8	MC/StandardMC/Playlist1E/MasterAnaDev_mc_AnaTuple_run00111367_Playlist.root
181	MC/StandardMC/Playlist1E/MasterAnaDev_mc_AnaTuple_run00111368_Playlist.root
89	MC/StandardMC/Playlist1E/MasterAnaDev_mc_AnaTuple_run00111369_Playlist.root
29	MC/StandardMC/Playlist1E/MasterAnaDev_mc_AnaTuple_run00111370_Playlist.root
135	MC/StandardMC/Playlist1E/MasterAnaDev_mc_AnaTuple_run00111371_Playlist.root
277	MC/StandardMC/Playlist1E/MasterAnaDev_mc_AnaTuple_run00111372_Playlist.root
34	MC/StandardMC/Playlist1E/MasterAnaDev_mc_AnaTuple_run00111373_Playlist.root
132	MC/StandardMC/Playlist1E/MasterAnaDev_mc_AnaTuple_run00111374_Playlist.root
202	MC/StandardMC/Playlist1E/MasterAnaDev_mc_AnaTuple_run00111375_Playlist.root
225	MC/StandardMC/Playlist1F/MasterAnaDev_mc_AnaTuple_run00111490_Playlist.root
311	MC/StandardMC/Playlist1F/MasterAnaDev_mc_AnaTuple_run00111491_Playlist.root
250	MC/StandardMC/Playlist1F/MasterAnaDev_mc_AnaTuple_run00111492_Playlist.root
62	MC/StandardMC/Playlist1F/MasterAnaDev_mc_AnaTuple_run00111493_Playlist.root
222	MC/StandardMC/Playlist1F/MasterAnaDev_mc_AnaTuple_run00111494_Playlist.root
147	MC/StandardMC/Playlist1F/MasterAnaDev_mc_AnaTuple_run00111495_Playlist.root
288	MC/StandardMC/Playlist1F/MasterAnaDev_mc_AnaTuple_run00111496_Playlist.root
42	MC/StandardMC/Playlist1F/MasterAnaDev_mc_AnaTuple_run00111497_Playlist.root
221	MC/StandardMC/Playlist1F/MasterAnaDev_mc_AnaTuple_run00111498_Playlist.root
25	MC/StandardMC/Playlist1F/MasterAnaDev_mc_AnaTuple_run00111499_Playlist.root
251	MC/StandardMC/Playlist1F/MasterAnaDev_mc_AnaTuple_run00111500_Playlist.root
238	MC/StandardMC/Playlist1F/MasterAnaDev_mc_AnaTuple_run00111501_Playlist.root
24	MC/StandardMC/Playlist1F/MasterAnaDev_mc_AnaTuple_run00111502_Playlist.root
121	MC/StandardMC/Playlist1F/MasterAnaDev_mc_AnaTuple_run00111503_Playlist.root
130	MC/StandardMC/Playlist1F/MasterAnaDev_mc_AnaTuple_run00111504_Playlist.root
346	MC/StandardMC/Playlist1F/MasterAnaDev_mc_AnaTuple_run00111505_Playlist.root
132	MC/StandardMC/Playlist1F/MasterAnaDev_mc_AnaTuple_run00111506_Playlist.root
185	MC/StandardMC/Playlist1F/MasterAnaDev_mc_AnaTuple_run00111507_Playlist.root
130	MC/StandardMC/Playlist1F/MasterAnaDev_mc_AnaTuple_run00111508_Playlist.root
27	MC/StandardMC/Playlist1F/MasterAnaDev_mc_AnaTuple_run00111509_Playlist.root
158	MC/StandardMC/Playlist1F/MasterAnaDev_mc_AnaTuple_run00111510_Playlist.root
179	MC/StandardMC/Playlist1F/MasterAnaDev_mc_AnaTuple_run00111511_Playlist.root
104	MC/StandardMC/Playlist1F/MasterAnaDev_mc_AnaTuple_run00111512_Playlist.root
286	MC/StandardMC/Playlist1F/MasterAnaDev_mc_AnaTuple_run00111513_Playlist.root
85	MC/StandardMC/Playlist1F/MasterAnaDev_mc_AnaTuple_run00111514_Playlist.root
193	MC/StandardMC/Playlist1F/MasterAnaDev_mc_AnaTuple_run00111515_Playlist.root
32	MC/StandardMC/Playlist1F/MasterAnaDev_mc_AnaTuple_run00111516_Playlist.root
225	MC/StandardMC/Playlist1F/MasterAnaDev_mc_AnaTuple_run00111517_Playlist.root
341	MC/StandardMC/Playlist1F/MasterAnaDev_mc_AnaTuple_run00111518_Playlist.root
93	MC/StandardMC/Playlist1F/MasterAnaDev_mc_AnaTuple_run00111519_Playlist.root
294	MC/StandardMC/Playlist1F/MasterAnaDev_mc_AnaTuple_run00111520_Playlist.root
278	MC/StandardMC/Playlist1F/MasterAnaDev_mc_AnaTuple_run00111521_Playlist.root
222	MC/StandardMC/Playlist1F/MasterAnaDev_mc_AnaTuple_run00111522_Playlist.root
8	MC/StandardMC/Playlist1F/MasterAnaDev_mc_AnaTuple_run00111523_Playlist.root
111	MC/StandardMC/Playlist1F/MasterAnaDev_mc_AnaTuple_run00111524_Playlist.root
13	MC/StandardMC/Playlist1F/MasterAnaDev_mc_AnaTuple_run00111525_Playlist.root
144	MC/StandardMC/Playlist1F/MasterAnaDev_mc_AnaTuple_run00111526_Playlist.root
24	MC/StandardMC/Playlist1F/MasterAnaDev_mc_AnaTuple_run00111527_Playlist.root
240	MC/StandardMC/Playlist1F/MasterAnaDev_mc_AnaTuple_run00111528_Playlist.root
282	MC/StandardMC/Playlist1F/MasterAnaDev_mc_AnaTuple_run00111529_Playlist.root
284	MC/StandardMC/Playlist1F/MasterAnaDev_mc_AnaTuple_run00111530_Playlist.root
67	MC/StandardMC/Playlist1F/MasterAnaDev_mc_AnaTuple_run00111531_Playlist.root
260	MC/StandardMC/Playlist1F/MasterAnaDev_mc_AnaTuple_run00111532_Playlist.root
315	MC/StandardMC/Playlist1F/MasterAnaDev_mc_AnaTuple_run00111533_Playlist.root
288	MC/StandardMC/Playlist1F/MasterAnaDev_mc_AnaTuple_run00111534_Playlist.root
263	MC/StandardMC/Playlist1F/MasterAnaDev_mc_AnaTuple_run00111535_Playlist.root
143	MC/StandardMC/Playlist1F/MasterAnaDev_mc_AnaTuple_run00111536_Playlist.root
150	MC/StandardMC/Playlist1F/MasterAnaDev_mc_AnaTuple_run00111537_Playlist.root
290	MC/StandardMC/Playlist1F/MasterAnaDev_mc_AnaTuple_run00111538_Playlist.root
201	MC/StandardMC/Playlist1F/MasterAnaDev_mc_AnaTuple_run00111539_Playlist.root
7	MC/StandardMC/Playlist1F/MasterAnaDev_mc_AnaTuple_run00111540_Playlist.root
255	MC/StandardMC/Playlist1F/MasterAnaDev_mc_AnaTuple_run00111541_Playlist.root
113	MC/StandardMC/Playlist1F/MasterAnaDev_mc_AnaTuple_run00111542_Playlist.root
281	MC/StandardMC/Playlist1F/MasterAnaDev_mc_AnaTuple_run00111543_Playlist.root
298	MC/StandardMC/Playlist1F/MasterAnaDev_mc_AnaTuple_run00111544_Playlist.root
149	MC/StandardMC/Playlist1F/MasterAnaDev_mc_AnaTuple_run00111545_Playlist.root
129	MC/StandardMC/Playlist1F/MasterAnaDev_mc_AnaTuple_run00111546_Playlist.root
24	MC/StandardMC/Playlist1F/MasterAnaDev_mc_AnaTuple_run00111547_Playlist.root
106	MC/StandardMC/Playlist1F/MasterAnaDev_mc_AnaTuple_run00111548_Playlist.root
55	MC/StandardMC/Playlist1F/MasterAnaDev_mc_AnaTuple_run00111549_Playlist.root
19	MC/StandardMC/Playlist1F/MasterAnaDev_mc_AnaTuple_run00111550_Playlist.root
288	MC/StandardMC/Playlist1F/MasterAnaDev_mc_AnaTuple_run00111551_Playlist.root
121	MC/StandardMC/Playlist1F/MasterAnaDev_mc_AnaTuple_run00111552_Playlist.root
138	MC/StandardMC/Playlist1F/MasterAnaDev_mc_AnaTuple_run00111553_Playlist.root
58	MC/StandardMC/Playlist1F/MasterAnaDev_mc_AnaTuple_run00111554_Playlist.root
304	MC/StandardMC/Playlist1F/MasterAnaDev_mc_AnaTuple_run00111555_Playlist.root
342	MC/StandardMC/Playlist1F/MasterAnaDev_mc_AnaTuple_run00111556_Playlist.root
144	MC/StandardMC/Playlist1F/MasterAnaDev_mc_AnaTuple_run00111557_Playlist.root
41	MC/StandardMC/Playlist1F/MasterAnaDev_mc_AnaTuple_run00111558_Playlist.root
226	MC/StandardMC/Playlist1F/MasterAnaDev_mc_AnaTuple_run00111559_Playlist.root
290	MC/StandardMC/Playlist1F/MasterAnaDev_mc_AnaTuple_run00111560_Playlist.root
230	MC/StandardMC/Playlist1G/MasterAnaDev_mc_AnaTuple_run00110150_Playlist.root
363	MC/StandardMC/Playlist1G/MasterAnaDev_mc_AnaTuple_run00110151_Playlist.root
66	MC/StandardMC/Playlist1G/MasterAnaDev_mc_AnaTuple_run00110152_Playlist.root
201	MC/StandardMC/Playlist1G/MasterAnaDev_mc_AnaTuple_run00110153_Playlist.root
24	MC/StandardMC/Playlist1G/MasterAnaDev_mc_AnaTuple_run00110154_Playlist.root
185	MC/StandardMC/Playlist1G/MasterAnaDev_mc_AnaTuple_run00110155_Playlist.root
180	MC/StandardMC/Playlist1G/MasterAnaDev_mc_AnaTuple_run00110156_Playlist.root
170	MC/StandardMC/Playlist1G/MasterAnaDev_mc_AnaTuple_run00110157_Playlist.root
321	MC/StandardMC/Playlist1G/MasterAnaDev_mc_AnaTuple_run00110158_Playlist.root
98	MC/StandardMC/Playlist1G/MasterAnaDev_mc_AnaTuple_run00110159_Playlist.root
273	MC/StandardMC/Playlist1G/MasterAnaDev_mc_AnaTuple_run00110160_Playlist.root
21	MC/StandardMC/Playlist1G/MasterAnaDev_mc_AnaTuple_run00110161_Playlist.root
263	MC/StandardMC/Playlist1G/MasterAnaDev_mc_AnaTuple_run00110162_Playlist.root
282	MC/StandardMC/Playlist1G/MasterAnaDev_mc_AnaTuple_run00110163_Playlist.root
312	MC/StandardMC/Playlist1G/MasterAnaDev_mc_AnaTuple_run00110164_Playlist.root
238	MC/StandardMC/Playlist1G/MasterAnaDev_mc_AnaTuple_run00110165_Playlist.root
30	MC/StandardMC/Playlist1G/MasterAnaDev_mc_AnaTuple_run00110166_Playlist.root
116	MC/StandardMC/Playlist1G/MasterAnaDev_mc_AnaTuple_run00110167_Playlist.root
20	MC/StandardMC/Playlist1G/MasterAnaDev_mc_AnaTuple_run00110168_Playlist.root
148	MC/StandardMC/Playlist1G/MasterAnaDev_mc_AnaTuple_run00110169_Playlist.root
348	MC/StandardMC/Playlist1G/MasterAnaDev_mc_AnaTuple_run00110170_Playlist.root
327	MC/StandardMC/Playlist1G/MasterAnaDev_mc_AnaTuple_run00110171_Playlist.root
332	MC/StandardMC/Playlist1G/MasterAnaDev_mc_AnaTuple_run00110172_Playlist.root
86	MC/StandardMC/Playlist1G/MasterAnaDev_mc_AnaTuple_run00110173_Playlist.root
266	MC/StandardMC/Playlist1G/MasterAnaDev_mc_AnaTuple_run00110174_Playlist.root
367	MC/StandardMC/Playlist1G/MasterAnaDev_mc_AnaTuple_run00110175_Playlist.root
56	MC/StandardMC/Playlist1G/MasterAnaDev_mc_AnaTuple_run00110176_Playlist.root
241	MC/StandardMC/Playlist1G/MasterAnaDev_mc_AnaTuple_run00110177_Playlist.root
224	MC/StandardMC/Playlist1G/MasterAnaDev_mc_AnaTuple_run00110178_Playlist.root
369	MC/StandardMC/Playlist1G/MasterAnaDev_mc_AnaTuple_run00110179_Playlist.root
346	MC/StandardMC/Playlist1G/MasterAnaDev_mc_AnaTuple_run00110180_Playlist.root
108	MC/StandardMC/Playlist1G/MasterAnaDev_mc_AnaTuple_run00110181_Playlist.root
22	MC/StandardMC/Playlist1G/MasterAnaDev_mc_AnaTuple_run00110182_Playlist.root
366	MC/StandardMC/Playlist1G/MasterAnaDev_mc_AnaTuple_run00110183_Playlist.root
119	MC/StandardMC/Playlist1G/MasterAnaDev_mc_AnaTuple_run00110184_Playlist.root
50	MC/StandardMC/Playlist1G/MasterAnaDev_mc_AnaTuple_run00110185_Playlist.root
154	MC/StandardMC/Playlist1G/MasterAnaDev_mc_AnaTuple_run00110186_Playlist.root
6	MC/StandardMC/Playlist1G/MasterAnaDev_mc_AnaTuple_run00110187_Playlist.root
327	MC/StandardMC/Playlist1G/MasterAnaDev_mc_AnaTuple_run00110188_Playlist.root
154	MC/StandardMC/Playlist1G/MasterAnaDev_mc_AnaTuple_run00110189_Playlist.root
71	MC/StandardMC/Playlist1G/MasterAnaDev_mc_AnaTuple_run00110190_Playlist.root
234	MC/StandardMC/Playlist1G/MasterAnaDev_mc_AnaTuple_run00110191_Playlist.root
314	MC/StandardMC/Playlist1G/MasterAnaDev_mc_AnaTuple_run00110192_Playlist.root
26	MC/StandardMC/Playlist1G/MasterAnaDev_mc_AnaTuple_run00110193_Playlist.root
211	MC/StandardMC/Playlist1G/MasterAnaDev_mc_AnaTuple_run00110194_Playlist.root
72	MC/StandardMC/Playlist1G/MasterAnaDev_mc_AnaTuple_run00110195_Playlist.root
154	MC/StandardMC/Playlist1G/MasterAnaDev_mc_AnaTuple_run00110196_Playlist.root
265	MC/StandardMC/Playlist1G/MasterAnaDev_mc_AnaTuple_run00110197_Playlist.root
134	MC/StandardMC/Playlist1G/MasterAnaDev_mc_AnaTuple_run00110198_Playlist.root
263	MC/StandardMC/Playlist1G/MasterAnaDev_mc_AnaTuple_run00110199_Playlist.root
340	MC/StandardMC/Playlist1G/MasterAnaDev_mc_AnaTuple_run00110200_Playlist.root
149	MC/StandardMC/Playlist1G/MasterAnaDev_mc_AnaTuple_run00110201_Playlist.root
140	MC/StandardMC/Playlist1G/MasterAnaDev_mc_AnaTuple_run00110202_Playlist.root
357	MC/StandardMC/Playlist1G/MasterAnaDev_mc_AnaTuple_run00110203_Playlist.root
343	MC/StandardMC/Playlist1G/MasterAnaDev_mc_AnaTuple_run00110204_Playlist.root
245	MC/StandardMC/Playlist1G/MasterAnaDev_mc_AnaTuple_run00110205_Playlist.root
336	MC/StandardMC/Playlist1G/MasterAnaDev_mc_AnaTuple_run00110206_Playlist.root
239	MC/StandardMC/Playlist1G/MasterAnaDev_mc_AnaTuple_run00110207_Playlist.root
212	MC/StandardMC/Playlist1G/MasterAnaDev_mc_AnaTuple_run00110208_Playlist.root
234	MC/StandardMC/Playlist1G/MasterAnaDev_mc_AnaTuple_run00110209_Playlist.root
242	MC/StandardMC/Playlist1G/MasterAnaDev_mc_AnaTuple_run00110210_Playlist.root
168	MC/StandardMC/Playlist1L/MasterAnaDev_mc_AnaTuple_run00113000_Playlist.root
220	MC/StandardMC/Playlist1L/MasterAnaDev_mc_AnaTuple_run00113001_Playlist.root
39	MC/StandardMC/Playlist1L/MasterAnaDev_mc_AnaTuple_run00113002_Playlist.root
2	MC/StandardMC/Playlist1L/MasterAnaDev_mc_AnaTuple_run00113003_Playlist.root
346	MC/StandardMC/Playlist1L/MasterAnaDev_mc_AnaTuple_run00113004_Playlist.root
163	MC/StandardMC/Playlist1L/MasterAnaDev_mc_AnaTuple_run00113005_Playlist.root
228	MC/StandardMC/Playlist1M/MasterAnaDev_mc_AnaTuple_run00113020_Playlist.root
5	MC/StandardMC/Playlist1M/MasterAnaDev_mc_AnaTuple_run00113021_Playlist.root
178	MC/StandardMC/Playlist1M/MasterAnaDev_mc_AnaTuple_run00113022_Playlist.root
84	MC/StandardMC/Playlist1M/MasterAnaDev_mc_AnaTuple_run00113023_Playlist.root
288	MC/StandardMC/Playlist1M/MasterAnaDev_mc_AnaTuple_run00113024_Playlist.root
151	MC/StandardMC/Playlist1M/MasterAnaDev_mc_AnaTuple_run00113025_Playlist.root
351	MC/StandardMC/Playlist1M/MasterAnaDev_mc_AnaTuple_run00113026_Playlist.root
93	MC/StandardMC/Playlist1M/MasterAnaDev_mc_AnaTuple_run00113027_Playlist.root
360	MC/StandardMC/Playlist1M/MasterAnaDev_mc_AnaTuple_run00113028_Playlist.root
147	MC/StandardMC/Playlist1M/MasterAnaDev_mc_AnaTuple_run00113029_Playlist.root
290	MC/StandardMC/Playlist1M/MasterAnaDev_mc_AnaTuple_run00113030_Playlist.root
271	MC/StandardMC/Playlist1M/MasterAnaDev_mc_AnaTuple_run00113031_Playlist.root
105	MC/StandardMC/Playlist1M/MasterAnaDev_mc_AnaTuple_run00113032_Playlist.root
212	MC/StandardMC/Playlist1M/MasterAnaDev_mc_AnaTuple_run00113033_Playlist.root
173	MC/StandardMC/Playlist1M/MasterAnaDev_mc_AnaTuple_run00113034_Playlist.root
56	MC/StandardMC/Playlist1M/MasterAnaDev_mc_AnaTuple_run00113055_Playlist.root
208	MC/StandardMC/Playlist1M/MasterAnaDev_mc_AnaTuple_run00113056_Playlist.root
248	MC/StandardMC/Playlist1M/MasterAnaDev_mc_AnaTuple_run00113057_Playlist.root
222	MC/StandardMC/Playlist1M/MasterAnaDev_mc_AnaTuple_run00113058_Playlist.root
142	MC/StandardMC/Playlist1M/MasterAnaDev_mc_AnaTuple_run00113059_Playlist.root
84	MC/StandardMC/Playlist1M/MasterAnaDev_mc_AnaTuple_run00113060_Playlist.root
189	MC/StandardMC/Playlist1M/MasterAnaDev_mc_AnaTuple_run00113061_Playlist.root
325	MC/StandardMC/Playlist1M/MasterAnaDev_mc_AnaTuple_run00113062_Playlist.root
70	MC/StandardMC/Playlist1M/MasterAnaDev_mc_AnaTuple_run00113063_Playlist.root
350	MC/StandardMC/Playlist1M/MasterAnaDev_mc_AnaTuple_run00113064_Playlist.root
170	MC/StandardMC/Playlist1M/MasterAnaDev_mc_AnaTuple_run00113065_Playlist.root
125	MC/StandardMC/Playlist1M/MasterAnaDev_mc_AnaTuple_run00113066_Playlist.root
26	MC/StandardMC/Playlist1M/MasterAnaDev_mc_AnaTuple_run00113067_Playlist.root
365	MC/StandardMC/Playlist1M/MasterAnaDev_mc_AnaTuple_run00113068_Playlist.root
128	MC/StandardMC/Playlist1M/MasterAnaDev_mc_AnaTuple_run00113069_Playlist.root
6	MC/StandardMC/Playlist1M/MasterAnaDev_mc_AnaTuple_run00113070_Playlist.root
128	MC/StandardMC/Playlist1M/MasterAnaDev_mc_AnaTuple_run00113071_Playlist.root
213	MC/StandardMC/Playlist1M/MasterAnaDev_mc_AnaTuple_run00113072_Playlist.root
112	MC/StandardMC/Playlist1M/MasterAnaDev_mc_AnaTuple_run00113073_Playlist.root
182	MC/StandardMC/Playlist1M/MasterAnaDev_mc_AnaTuple_run00113074_Playlist.root
81	MC/StandardMC/Playlist1M/MasterAnaDev_mc_AnaTuple_run00113075_Playlist.root
77	MC/StandardMC/Playlist1M/MasterAnaDev_mc_AnaTuple_run00113076_Playlist.root
358	MC/StandardMC/Playlist1M/MasterAnaDev_mc_AnaTuple_run00113077_Playlist.root
51	MC/StandardMC/Playlist1M/MasterAnaDev_mc_AnaTuple_run00113078_Playlist.root
233	MC/StandardMC/Playlist1M/MasterAnaDev_mc_AnaTuple_run00113079_Playlist.root
16	MC/StandardMC/Playlist1M/MasterAnaDev_mc_AnaTuple_run00113080_Playlist.root
150	MC/StandardMC/Playlist1M/MasterAnaDev_mc_AnaTuple_run00113081_Playlist.root
156	MC/StandardMC/Playlist1M/MasterAnaDev_mc_AnaTuple_run00113082_Playlist.root
268	MC/StandardMC/Playlist1M/MasterAnaDev_mc_AnaTuple_run00113083_Playlist.root
177	MC/StandardMC/Playlist1M/MasterAnaDev_mc_AnaTuple_run00113084_Playlist.root
267	MC/StandardMC/Playlist1M/MasterAnaDev_mc_AnaTuple_run00113085_Playlist.root
193	MC/StandardMC/Playlist1M/MasterAnaDev_mc_AnaTuple_run00113086_Playlist.root
368	MC/StandardMC/Playlist1M/MasterAnaDev_mc_AnaTuple_run00113087_Playlist.root
93	MC/StandardMC/Playlist1M/MasterAnaDev_mc_AnaTuple_run00113088_Playlist.root
254	MC/StandardMC/Playlist1M/MasterAnaDev_mc_AnaTuple_run00113089_Playlist.root
233	MC/StandardMC/Playlist1M/MasterAnaDev_mc_AnaTuple_run00113090_Playlist.root
163	MC/StandardMC/Playlist1M/MasterAnaDev_mc_AnaTuple_run00113091_Playlist.root
147	MC/StandardMC/Playlist1M/MasterAnaDev_mc_AnaTuple_run00113092_Playlist.root
273	MC/StandardMC/Playlist1M/MasterAnaDev_mc_AnaTuple_run00113093_Playlist.root
21	MC/StandardMC/Playlist1M/MasterAnaDev_mc_AnaTuple_run00113094_Playlist.root
301	MC/StandardMC/Playlist1M/MasterAnaDev_mc_AnaTuple_run00113095_Playlist.root
150	MC/StandardMC/Playlist1M/MasterAnaDev_mc_AnaTuple_run00113096_Playlist.root
318	MC/StandardMC/Playlist1M/MasterAnaDev_mc_AnaTuple_run00113097_Playlist.root
285	MC/StandardMC/Playlist1M/MasterAnaDev_mc_AnaTuple_run00113098_Playlist.root
289	MC/StandardMC/Playlist1M/MasterAnaDev_mc_AnaTuple_run00113099_Playlist.root
284	MC/StandardMC/Playlist1M/MasterAnaDev_mc_AnaTuple_run00113100_Playlist.root
139	MC/StandardMC/Playlist1M/MasterAnaDev_mc_AnaTuple_run00113101_Playlist.root
345	MC/StandardMC/Playlist1M/MasterAnaDev_mc_AnaTuple_run00113102_Playlist.root
111	MC/StandardMC/Playlist1M/MasterAnaDev_mc_AnaTuple_run00113103_Playlist.root
188	MC/StandardMC/Playlist1M/MasterAnaDev_mc_AnaTuple_run00113104_Playlist.root
57	MC/StandardMC/Playlist1M/MasterAnaDev_mc_AnaTuple_run00113105_Playlist.root
252	MC/StandardMC/Playlist1M/MasterAnaDev_mc_AnaTuple_run00113106_Playlist.root
333	MC/StandardMC/Playlist1M/MasterAnaDev_mc_AnaTuple_run00113107_Playlist.root
290	MC/StandardMC/Playlist1M/MasterAnaDev_mc_AnaTuple_run00113108_Playlist.root
63	MC/StandardMC/Playlist1M/MasterAnaDev_mc_AnaTuple_run00113109_Playlist.root
208	MC/StandardMC/Playlist1M/MasterAnaDev_mc_AnaTuple_run00113110_Playlist.root
159	MC/StandardMC/Playlist1M/MasterAnaDev_mc_AnaTuple_run00113111_Playlist.root
74	MC/StandardMC/Playlist1M/MasterAnaDev_mc_AnaTuple_run00113112_Playlist.root
81	MC/StandardMC/Playlist1M/MasterAnaDev_mc_AnaTuple_run00113113_Playlist.root
96	MC/StandardMC/Playlist1M/MasterAnaDev_mc_AnaTuple_run00113114_Playlist.root
2	MC/StandardMC/Playlist1M/MasterAnaDev_mc_AnaTuple_run00113115_Playlist.root
151	MC/StandardMC/Playlist1M/MasterAnaDev_mc_AnaTuple_run00113116_Playlist.root
277	MC/StandardMC/Playlist1M/MasterAnaDev_mc_AnaTuple_run00113117_Playlist.root
18	MC/StandardMC/Playlist1M/MasterAnaDev_mc_AnaTuple_run00113118_Playlist.root
198	MC/StandardMC/Playlist1M/MasterAnaDev_mc_AnaTuple_run00113119_Playlist.root
11	MC/StandardMC/Playlist1M/MasterAnaDev_mc_AnaTuple_run00113120_Playlist.root
105	MC/StandardMC/Playlist1M/MasterAnaDev_mc_AnaTuple_run00113121_Playlist.root
238	MC/StandardMC/Playlist1M/MasterAnaDev_mc_AnaTuple_run00113122_Playlist.root
244	MC/StandardMC/Playlist1M/MasterAnaDev_mc_AnaTuple_run00113123_Playlist.root
37	MC/StandardMC/Playlist1M/MasterAnaDev_mc_AnaTuple_run00113124_Playlist.root
146	MC/StandardMC/Playlist1M/MasterAnaDev_mc_AnaTuple_run00113125_Playlist.root
316	MC/StandardMC/Playlist1M/MasterAnaDev_mc_AnaTuple_run00113126_Playlist.root
64	MC/StandardMC/Playlist1M/MasterAnaDev_mc_AnaTuple_run00113127_Playlist.root
195	MC/StandardMC/Playlist1M/MasterAnaDev_mc_AnaTuple_run00113128_Playlist.root
282	MC/StandardMC/Playlist1M/MasterAnaDev_mc_AnaTuple_run00113129_Playlist.root
219	MC/StandardMC/Playlist1M/MasterAnaDev_mc_AnaTuple_run00113130_Playlist.root
327	MC/StandardMC/Playlist1M/MasterAnaDev_mc_AnaTuple_run00113131_Playlist.root
88	MC/StandardMC/Playlist1M/MasterAnaDev_mc_AnaTuple_run00113132_Playlist.root
242	MC/StandardMC/Playlist1M/MasterAnaDev_mc_AnaTuple_run00113133_Playlist.root
191	MC/StandardMC/Playlist1M/MasterAnaDev_mc_AnaTuple_run00113134_Playlist.root
271	MC/StandardMC/Playlist1M/MasterAnaDev_mc_AnaTuple_run00113135_Playlist.root
356	MC/StandardMC/Playlist1M/MasterAnaDev_mc_AnaTuple_run00113136_Playlist.root
208	MC/StandardMC/Playlist1M/MasterAnaDev_mc_AnaTuple_run00113137_Playlist.root
257	MC/StandardMC/Playlist1N/MasterAnaDev_mc_AnaTuple_run00113270_Playlist.root
82	MC/StandardMC/Playlist1N/MasterAnaDev_mc_AnaTuple_run00113271_Playlist.root
209	MC/StandardMC/Playlist1N/MasterAnaDev_mc_AnaTuple_run00113272_Playlist.root
162	MC/StandardMC/Playlist1N/MasterAnaDev_mc_AnaTuple_run00113273_Playlist.root
66	MC/StandardMC/Playlist1N/MasterAnaDev_mc_AnaTuple_run00113274_Playlist.root
88	MC/StandardMC/Playlist1N/MasterAnaDev_mc_AnaTuple_run00113275_Playlist.root
258	MC/StandardMC/Playlist1N/MasterAnaDev_mc_AnaTuple_run00113276_Playlist.root
59	MC/StandardMC/Playlist1N/MasterAnaDev_mc_AnaTuple_run00113277_Playlist.root
66	MC/StandardMC/Playlist1N/MasterAnaDev_mc_AnaTuple_run00113278_Playlist.root
205	MC/StandardMC/Playlist1N/MasterAnaDev_mc_AnaTuple_run00113279_Playlist.root
44	MC/StandardMC/Playlist1N/MasterAnaDev_mc_AnaTuple_run00113280_Playlist.root
139	MC/StandardMC/Playlist1N/MasterAnaDev_mc_AnaTuple_run00113281_Playlist.root
262	MC/StandardMC/Playlist1N/MasterAnaDev_mc_AnaTuple_run00113282_Playlist.root
230	MC/StandardMC/Playlist1N/MasterAnaDev_mc_AnaTuple_run00113283_Playlist.root
66	MC/StandardMC/Playlist1N/MasterAnaDev_mc_AnaTuple_run00113284_Playlist.root
62	MC/StandardMC/Playlist1N/MasterAnaDev_mc_AnaTuple_run00113285_Playlist.root
131	MC/StandardMC/Playlist1N/MasterAnaDev_mc_AnaTuple_run00113286_Playlist.root
26	MC/StandardMC/Playlist1N/MasterAnaDev_mc_AnaTuple_run00113287_Playlist.root
140	MC/StandardMC/Playlist1N/MasterAnaDev_mc_AnaTuple_run00113288_Playlist.root
234	MC/StandardMC/Playlist1N/MasterAnaDev_mc_AnaTuple_run00113289_Playlist.root
206	MC/StandardMC/Playlist1N/MasterAnaDev_mc_AnaTuple_run00113290_Playlist.root
138	MC/StandardMC/Playlist1N/MasterAnaDev_mc_AnaTuple_run00113291_Playlist.root
219	MC/StandardMC/Playlist1N/MasterAnaDev_mc_AnaTuple_run00113292_Playlist.root
189	MC/StandardMC/Playlist1N/MasterAnaDev_mc_AnaTuple_run00113293_Playlist.root
18	MC/StandardMC/Playlist1N/MasterAnaDev_mc_AnaTuple_run00113294_Playlist.root
266	MC/StandardMC/Playlist1N/MasterAnaDev_mc_AnaTuple_run00113295_Playlist.root
343	MC/StandardMC/Playlist1N/MasterAnaDev_mc_AnaTuple_run00113296_Playlist.root
85	MC/StandardMC/Playlist1N/MasterAnaDev_mc_AnaTuple_run00113297_Playlist.root
91	MC/StandardMC/Playlist1N/MasterAnaDev_mc_AnaTuple_run00113298_Playlist.root
177	MC/StandardMC/Playlist1N/MasterAnaDev_mc_AnaTuple_run00113299_Playlist.root
269	MC/StandardMC/Playlist1N/MasterAnaDev_mc_AnaTuple_run00113300_Playlist.root
332	MC/StandardMC/Playlist1O/MasterAnaDev_mc_AnaTuple_run00113375_Playlist.root
61	MC/StandardMC/Playlist1O/MasterAnaDev_mc_AnaTuple_run00113376_Playlist.root
127	MC/StandardMC/Playlist1O/MasterAnaDev_mc_AnaTuple_run00113377_Playlist.root
251	MC/StandardMC/Playlist1O/MasterAnaDev_mc_AnaTuple_run00113378_Playlist.root
1	MC/StandardMC/Playlist1O/MasterAnaDev_mc_AnaTuple_run00113379_Playlist.root
115	MC/StandardMC/Playlist1O/MasterAnaDev_mc_AnaTuple_run00113380_Playlist.root
213	MC/StandardMC/Playlist1O/MasterAnaDev_mc_AnaTuple_run00113381_Playlist.root
327	MC/StandardMC/Playlist1O/MasterAnaDev_mc_AnaTuple_run00113382_Playlist.root
261	MC/StandardMC/Playlist1O/MasterAnaDev_mc_AnaTuple_run00113383_Playlist.root
30	MC/StandardMC/Playlist1O/MasterAnaDev_mc_AnaTuple_run00113384_Playlist.root
140	MC/StandardMC/Playlist1O/MasterAnaDev_mc_AnaTuple_run00113385_Playlist.root
255	MC/StandardMC/Playlist1O/MasterAnaDev_mc_AnaTuple_run00113386_Playlist.root
150	MC/StandardMC/Playlist1O/MasterAnaDev_mc_AnaTuple_run00113387_Playlist.root
307	MC/StandardMC/Playlist1O/MasterAnaDev_mc_AnaTuple_run00113388_Playlist.root
41	MC/StandardMC/Playlist1O/MasterAnaDev_mc_AnaTuple_run00113389_Playlist.root
224	MC/StandardMC/Playlist1O/MasterAnaDev_mc_AnaTuple_run00113390_Playlist.root
359	MC/StandardMC/Playlist1P/MasterAnaDev_mc_AnaTuple_run00112000_Playlist.root
30	MC/StandardMC/Playlist1P/MasterAnaDev_mc_AnaTuple_run00112001_Playlist.root
103	MC/StandardMC/Playlist1P/MasterAnaDev_mc_AnaTuple_run00112002_Playlist.root
205	MC/StandardMC/Playlist1P/MasterAnaDev_mc_AnaTuple_run00112003_Playlist.root
275	MC/StandardMC/Playlist1P/MasterAnaDev_mc_AnaTuple_run00112004_Playlist.root
21	MC/StandardMC/Playlist1P/MasterAnaDev_mc_AnaTuple_run00112005_Playlist.root
110	MC/StandardMC/Playlist1P/MasterAnaDev_mc_AnaTuple_run00112006_Playlist.root
216	MC/StandardMC/Playlist1P/MasterAnaDev_mc_AnaTuple_run00112007_Playlist.root
323	MC/StandardMC/Playlist1P/MasterAnaDev_mc_AnaTuple_run00112008_Playlist.root
44	MC/StandardMC/Playlist1P/MasterAnaDev_mc_AnaTuple_run00112009_Playlist.root
159	MC/StandardMC/Playlist1P/MasterAnaDev_mc_AnaTuple_run00112010_Playlist.root
267	MC/StandardMC/Playlist1P/MasterAnaDev_mc_AnaTuple_run00112011_Playlist.root
185	MC/StandardMC/Playlist1P/MasterAnaDev_mc_AnaTuple_run00112012_Playlist.root
329	MC/StandardMC/Playlist1P/MasterAnaDev_mc_AnaTuple_run00112013_Playlist.root
76	MC/StandardMC/Playlist1P/MasterAnaDev_mc_AnaTuple_run00112014_Playlist.root
206	MC/StandardMC/Playlist1P/MasterAnaDev_mc_AnaTuple_run00112015_Playlist.root
214	MC/StandardMC/Playlist1P/MasterAnaDev_mc_AnaTuple_run00112016_Playlist.root
260	MC/StandardMC/Playlist1P/MasterAnaDev_mc_AnaTuple_run00112017_Playlist.root
298	MC/StandardMC/Playlist1P/MasterAnaDev_mc_AnaTuple_run00112018_Playlist.root
332	MC/StandardMC/Playlist1P/MasterAnaDev_mc_AnaTuple_run00112019_Playlist.root
111	MC/StandardMC/Playlist1P/MasterAnaDev_mc_AnaTuple_run00112020_Playlist.root
136	MParamFiles/data/FluxConstraints/sorted_NuEConstraint_FHC_RHC_IMD.txt
184	MParamFiles/data/Reweight/fit-mec-2d-nn-only-noScaleDown-penalty00300-best-fit.txt
169	MParamFiles/data/Reweight/fit-mec-2d-noScaleDown-penalty00300-best-fit.txt
218	MParamFiles/data/Reweight/fit-mec-2d-np-only-noScaleDown-penalty02000-best-fit.txt
201	MParamFiles/data/Reweight/fit-qe-gaussian-noScaleDown-penalty02000-best-fit.txt
219	MParamFiles/data/Reweight/outNievesRPAratio-nu12C-20GeV-20170202.root
223	MParamFiles/data/Reweight/outNievesRPAratio-nu16O-20GeV-20170202.root
229	MParamFiles/data/Reweight/outNievesRPAratio-nu208Pb-20GeV-20170202.root
228	MParamFiles/data/Reweight/outNievesRPAratio-nu56Fe-20GeV-20170202.root
