sha256	bytes	mtime_utc	path_under_/pscratch/sd/j/josephrb/minerva/minerva_large_files
6daef5a414137a60a47b0ff50667e383e95a263e868912218dc47be8d17432d7	436527195	2025-12-18T19:36:54Z	Data/Playlist1A/MasterAnaDev_data_AnaTuple_run00006038_Playlist.root
ea7b2c67a74a39eac184492a1f384b8a4b3ce09dc308eabb76fd10b16855de1c	541869525	2025-12-18T19:36:57Z	Data/Playlist1A/MasterAnaDev_data_AnaTuple_run00006039_Playlist.root
dc43c41fc143f407a0997f813c73a15a5411d33f9ab94b83c2a4ddb1dfa77174	25235195	2025-12-18T19:36:58Z	Data/Playlist1A/MasterAnaDev_data_AnaTuple_run00006040_Playlist.root
9c4b8583df04b2929af1699f1797c22a0fdf908452b368c9c91fb04d3a7099d5	4967994	2025-12-18T19:36:59Z	Data/Playlist1A/MasterAnaDev_data_AnaTuple_run00006041_Playlist.root
31562b34426e1e31099e56b48164f6b3eebfd0b5ff228bc241e60050bab3a143	643845221	2025-12-18T19:37:03Z	Data/Playlist1A/MasterAnaDev_data_AnaTuple_run00006042_Playlist.root
bd87b7fde0397f22e7288b781d16eb93b7bbf3275aef4736e5348583664105ae	604849004	2025-12-18T19:37:06Z	Data/Playlist1A/MasterAnaDev_data_AnaTuple_run00006043_Playlist.root
4200928d4e8295c2bfed7aa189c6b9f8507756f4f47452893953a5bf3b047de1	538954963	2025-12-18T19:37:09Z	Data/Playlist1A/MasterAnaDev_data_AnaTuple_run00006044_Playlist.root
c1d9ab363073dc334edb63b9181cde9d35766b39727f76e5b75d17d2dee41656	528274956	2025-12-18T19:37:13Z	Data/Playlist1A/MasterAnaDev_data_AnaTuple_run00006045_Playlist.root
8e0d184a4f56ab659b3f0a6f64d1e5fde95d19cc14264e5530a724c286a8eb79	501263603	2025-12-18T19:37:16Z	Data/Playlist1A/MasterAnaDev_data_AnaTuple_run00006046_Playlist.root
c9e103cb220d87f4ad29af6e281420fb9299df95a4ca67eef8e86f1fb2cdf6a1	164452	2025-12-18T19:37:17Z	Data/Playlist1A/MasterAnaDev_data_AnaTuple_run00006047_Playlist.root
c1e75c35d38b906d1a79c73830d94d0106d5e5919eeb4120ff72b3e7d28b9001	594230421	2025-12-18T19:37:19Z	Data/Playlist1A/MasterAnaDev_data_AnaTuple_run00006048_Playlist.root
d7bd64b21eb83514dc8e0b1c010e4e8d4b86b6b6c5e60107a3667c249beaf754	122245758	2025-12-18T19:37:21Z	Data/Playlist1A/MasterAnaDev_data_AnaTuple_run00006051_Playlist.root
e8bc18737e0267e8e8ac8cb95e87a699e416e53d0354691f2a18ea78cd7350e8	88448106	2025-12-18T19:37:22Z	Data/Playlist1A/MasterAnaDev_data_AnaTuple_run00006052_Playlist.root
1b14d0ec4410342724e69542e162b0c8dbee04055b281f73a8b77254a9d58479	399365578	2025-12-18T19:37:25Z	Data/Playlist1A/MasterAnaDev_data_AnaTuple_run00006057_Playlist.root
a91f429c15590761be62ce397478e5b7b1e94efee03ff71d5ad9b1f10b33378f	317398034	2025-12-18T19:37:28Z	Data/Playlist1A/MasterAnaDev_data_AnaTuple_run00006058_Playlist.root
f541a8068792194089245c7c7c4c437b3702a28c8e44efbf739c7f70fcc3b320	415487730	2025-12-18T19:37:30Z	Data/Playlist1A/MasterAnaDev_data_AnaTuple_run00006059_Playlist.root
38d1b35e72126f24e10696e6e4e9710301a88aa53d84edf2bbafa7adfba3738d	324108490	2025-12-18T19:37:33Z	Data/Playlist1A/MasterAnaDev_data_AnaTuple_run00006060_Playlist.root
e5558ca8fd4a6b7661decc7cce8decb0405e5bc943e92f23a1c11a759f0f7630	164452	2025-12-18T19:37:34Z	Data/Playlist1A/MasterAnaDev_data_AnaTuple_run00006061_Playlist.root
b3cf312fc65ddda45bbc797b74a2ed0d596a00f70b6e60c3ddbb9c1eaef2b99d	322750860	2025-12-18T19:37:36Z	Data/Playlist1A/MasterAnaDev_data_AnaTuple_run00006062_Playlist.root
7de1267b91d400ce5532eb242b7d3dffc0b96a66ff660baf112888a28681fa9e	331145101	2025-12-18T19:37:38Z	Data/Playlist1A/MasterAnaDev_data_AnaTuple_run00006063_Playlist.root
3b4b8563a162606a2d9e6e77936411aa1e6b81b778310222454c537930b90f0d	56168187	2025-12-18T19:37:39Z	Data/Playlist1A/MasterAnaDev_data_AnaTuple_run00006064_Playlist.root
07255f8252def23f84d9390faf8ab62905442710e96a14ddee6941817b114f4c	427241218	2025-12-18T19:37:41Z	Data/Playlist1A/MasterAnaDev_data_AnaTuple_run00006065_Playlist.root
af0451e2c21813a0b8b3b7c088569b564932713ae839568640202859d7c23329	382209629	2025-12-18T19:37:44Z	Data/Playlist1A/MasterAnaDev_data_AnaTuple_run00006066_Playlist.root
6c647145e6f5835616f1be8363bad9d4ab052bd969625ec6a1498a522d4a43f5	450992008	2025-12-18T19:37:48Z	Data/Playlist1A/MasterAnaDev_data_AnaTuple_run00006067_Playlist.root
77d166b76d74482a8e992b2149186becb631d4dd18f4ef4520ab54f96261666b	365973176	2025-12-18T19:37:52Z	Data/Playlist1A/MasterAnaDev_data_AnaTuple_run00006068_Playlist.root
1e5bc40ef6e2128ee250dff388824629707bb716e246c4e2fe276eda1b399297	377270149	2025-12-18T19:37:54Z	Data/Playlist1A/MasterAnaDev_data_AnaTuple_run00006069_Playlist.root
13008d08cf69b5893de98704246092525ddeb6d4e4ea360a85748b4b84139fe0	319417837	2025-12-18T19:38:06Z	Data/Playlist1A/MasterAnaDev_data_AnaTuple_run00006070_Playlist.root
fe686f79df1b7ea3ce7875a3f73c200c666fa693d8c330a0b0546bef83f66ffc	384540164	2025-12-18T19:38:09Z	Data/Playlist1A/MasterAnaDev_data_AnaTuple_run00006071_Playlist.root
18c8bef184b9ba4f100ea4ba4143d19e57ce42fd1274bba6b5d949096090a5a1	368407422	2025-12-18T19:38:11Z	Data/Playlist1A/MasterAnaDev_data_AnaTuple_run00006072_Playlist.root
f3cc234d2654e0c422ed7692bfa59b4c6ff4ebddd382901fa82950895ff0c222	190921524	2025-12-18T19:38:13Z	Data/Playlist1A/MasterAnaDev_data_AnaTuple_run00006073_Playlist.root
7173ac55f727181cc0b2966fc21fffcd12f2d889aab6c93d7667ffec64ca65e8	480107365	2025-12-18T19:38:22Z	Data/Playlist1A/MasterAnaDev_data_AnaTuple_run00006074_Playlist.root
cc272d4730c271eda497b7adff5ea664fc53352874c681051b49b784c939aed1	460029527	2025-12-18T19:38:25Z	Data/Playlist1A/MasterAnaDev_data_AnaTuple_run00006075_Playlist.root
eaed26f5599c3836e11129340b2dd82506242e0d8352d4969b3972b5c954a78d	474424559	2025-12-18T19:38:28Z	Data/Playlist1A/MasterAnaDev_data_AnaTuple_run00006076_Playlist.root
a2617836e653b3f20245c46d5351999882a191f55644d2ac415933db38b9bf72	470050464	2025-12-18T19:38:30Z	Data/Playlist1A/MasterAnaDev_data_AnaTuple_run00006077_Playlist.root
284c03cc287bbeae1dd1b8defad753ea3216c35cdde9ac8bb838d6fdcfdd1c5b	375718462	2025-12-18T19:38:32Z	Data/Playlist1A/MasterAnaDev_data_AnaTuple_run00006078_Playlist.root
aea3f421cec0c4af8f48476acf74f7800cf465ffc77eef9f247aa7697e20e1d4	483333144	2025-12-18T19:38:35Z	Data/Playlist1A/MasterAnaDev_data_AnaTuple_run00006079_Playlist.root
4dee59ebeb1bf09bf14a1d1c6ae5c0c2c47209a4067ca989b53f8dfa3767bfa8	455597743	2025-12-18T19:38:37Z	Data/Playlist1A/MasterAnaDev_data_AnaTuple_run00006080_Playlist.root
c5e2f1b2d3e03247db35b3f2da302f272d5d43abf145728aff18e866ab458612	448658189	2025-12-18T19:38:39Z	Data/Playlist1A/MasterAnaDev_data_AnaTuple_run00006081_Playlist.root
e58ce5923ff3aea61b7402d794114f57bd9f7db9e5fbd0ad92d96d887d3fb9b8	481938258	2025-12-18T19:38:42Z	Data/Playlist1A/MasterAnaDev_data_AnaTuple_run00006082_Playlist.root
612cf2e801302064ffcc877b9028e216a4802db4f182e18d61b4cdcdb2db8d6c	497545072	2025-12-18T19:38:45Z	Data/Playlist1A/MasterAnaDev_data_AnaTuple_run00006083_Playlist.root
2b4279bb2c7e23817d4f66b4e39e3e7180da192e82f11e6bf7926e37572172ea	454459910	2025-12-18T19:38:47Z	Data/Playlist1A/MasterAnaDev_data_AnaTuple_run00006084_Playlist.root
eb94dd7bade8900d8de32cc87e8b7cd4f68871db714a0172db7a454c6db86643	387373410	2025-12-18T19:38:49Z	Data/Playlist1A/MasterAnaDev_data_AnaTuple_run00006085_Playlist.root
4f8e4af7c50cd32a6b53977d404da6476b3c5c7edb9df0b2a92696493368dd4b	430797914	2025-12-18T19:38:52Z	Data/Playlist1A/MasterAnaDev_data_AnaTuple_run00006086_Playlist.root
d32f87ad085e780164bf46c89e98d06534b27993b599e8b1c7d882e083dbf7da	433989891	2025-12-18T19:38:54Z	Data/Playlist1A/MasterAnaDev_data_AnaTuple_run00006087_Playlist.root
09d6a7efc1f60d591611c44fed8f2e198c4fb283fb51ddb2f0634f0535fb7d88	452582964	2025-12-18T19:38:57Z	Data/Playlist1A/MasterAnaDev_data_AnaTuple_run00006088_Playlist.root
6e09b306cfbac068eebc688899803b9c9c8435a4ce8f8d13f1d9943833c3e58e	446794093	2025-12-18T19:38:59Z	Data/Playlist1A/MasterAnaDev_data_AnaTuple_run00006089_Playlist.root
2b176ed9d492d938ce072a8fb19fef46bef8a8d86b07f9985ad4738099dd80d8	464257828	2025-12-18T19:39:01Z	Data/Playlist1A/MasterAnaDev_data_AnaTuple_run00006090_Playlist.root
5fafd97514b50dc370d93c6d4bf79e043622155e1cdd7535226d2984b29abdce	3862865	2025-12-18T19:39:02Z	Data/Playlist1A/MasterAnaDev_data_AnaTuple_run00006091_Playlist.root
65a28880bf2f774c82360c147b13b07bfbc59b556a5afd54ee0b687de5b97d90	388819019	2025-12-18T19:39:05Z	Data/Playlist1A/MasterAnaDev_data_AnaTuple_run00006092_Playlist.root
4eaecfa34f09616da1177589d9601db208a354172cd14b912a8e53edaa250bdc	18793919	2025-12-18T19:39:06Z	Data/Playlist1A/MasterAnaDev_data_AnaTuple_run00006093_Playlist.root
62e134e7afd4c9735ae7a4d94df01129882bbaacf897dae46741aabf31059417	4955634	2025-12-18T19:39:07Z	Data/Playlist1A/MasterAnaDev_data_AnaTuple_run00006094_Playlist.root
95c962351a8a1013e65728b38d6fda12882df4035b7a8fae9a1072f55518ad03	149811881	2025-12-18T19:39:09Z	Data/Playlist1A/MasterAnaDev_data_AnaTuple_run00006095_Playlist.root
e4dd58182f5ba8d7a1fb64504e409f615fe11521b736d3aed1b0763dcb7d84b8	164452	2025-12-18T19:39:09Z	Data/Playlist1A/MasterAnaDev_data_AnaTuple_run00006112_Playlist.root
7e353231f3064910b5ee33913c642a073807ca79e71bf807f3f6fd747ffc3df2	41866348	2025-12-18T19:39:11Z	Data/Playlist1A/MasterAnaDev_data_AnaTuple_run00006113_Playlist.root
fbb2ca5c244720386be3ad346e94e070968209301c6701e2c8278df61a8f7be0	477393314	2025-12-18T19:39:15Z	Data/Playlist1A/MasterAnaDev_data_AnaTuple_run00006114_Playlist.root
ee9e4287a00c51a0251849cc4e7ad33279a0a5297e1af5fc3a30a98a67fc2886	300741609	2025-12-18T19:39:17Z	Data/Playlist1A/MasterAnaDev_data_AnaTuple_run00006115_Playlist.root
8cb3e6c226cc73aed61522290aec7eca986993c322c916f27eec42d7de5a5b03	473833374	2025-12-18T19:39:20Z	Data/Playlist1A/MasterAnaDev_data_AnaTuple_run00006116_Playlist.root
4f92cfb7b2622dad730f7df3d1594f2f93d5db44a0f68ef083a521ad372ebe9a	458066662	2025-12-18T19:39:22Z	Data/Playlist1A/MasterAnaDev_data_AnaTuple_run00006117_Playlist.root
408ca0714365dc0c2950242358d39e1097d0dcfc63a8ebde38b9e8268750adec	483748013	2025-12-18T19:39:24Z	Data/Playlist1A/MasterAnaDev_data_AnaTuple_run00006118_Playlist.root
adb6bbe7fc748f17c2f3d90bf6659ae16604f6eee9292e51ac24e12d2a98729c	37549149	2025-12-18T19:39:27Z	Data/Playlist1A/MasterAnaDev_data_AnaTuple_run00006119_Playlist.root
c811d46c0a45d373cc2fc030155b3c8d48f210128fce62ce0e7f71085a988cf7	470729538	2025-12-18T19:39:29Z	Data/Playlist1A/MasterAnaDev_data_AnaTuple_run00006120_Playlist.root
c6877440cf932014d332906f685bfdc4ba8618d6f2b30469efca3dc2b673c8c6	190553136	2025-12-18T19:39:30Z	Data/Playlist1A/MasterAnaDev_data_AnaTuple_run00006121_Playlist.root
1f17fc28c00bad0e6a0a9e7c0f1447b3f9970ee7843981ba451ca733fab8b6d7	244889452	2025-12-18T19:39:32Z	Data/Playlist1A/MasterAnaDev_data_AnaTuple_run00006128_Playlist.root
81aa033f63e60a222cb1a717eb109bd9e3100d75abd1b11e338aa454ee500400	209333805	2025-12-18T19:39:34Z	Data/Playlist1A/MasterAnaDev_data_AnaTuple_run00006129_Playlist.root
103358259187498539034a30e10da447ec4e7e54e501b0e786456c519f4344d7	37199142	2025-12-18T19:39:35Z	Data/Playlist1A/MasterAnaDev_data_AnaTuple_run00006130_Playlist.root
a965fd18675adb0232da0a541e6a05bc8e4827b5337498893a7ff163fff70664	66395858	2025-12-18T19:39:36Z	Data/Playlist1A/MasterAnaDev_data_AnaTuple_run00006131_Playlist.root
7b5b529e695fa988849946921132cff3851ca0ae6047ace10f4005cd02cd77d1	2360780	2025-12-18T19:39:37Z	Data/Playlist1A/MasterAnaDev_data_AnaTuple_run00006132_Playlist.root
1e2c1959ea200e0a05ff9e8c7d83b07f4aa49e4bda5b289af144cd3487f62222	162566927	2025-12-18T19:39:39Z	Data/Playlist1A/MasterAnaDev_data_AnaTuple_run00006133_Playlist.root
1c4c9b4f2ea03a0ebd16e8ca958a1ff77cd83587729959487034b80ef603dc6e	494528835	2025-12-18T19:39:42Z	Data/Playlist1A/MasterAnaDev_data_AnaTuple_run00006134_Playlist.root
c67affcb5bfabfc27ff4e8be06adc398b6e6415b163357271b07420336b0bff4	292787495	2025-12-18T19:39:48Z	Data/Playlist1A/MasterAnaDev_data_AnaTuple_run00006135_Playlist.root
f70ca1a6ad7e279401599c56c5d863b96d43ef4337290e7789c32830c27b4f0e	463073148	2025-12-18T19:39:53Z	Data/Playlist1A/MasterAnaDev_data_AnaTuple_run00006136_Playlist.root
8fcdd5dc79d516d10f04f712a3ec085b9643546afc86d6aeaf41f4be698c197c	225708032	2025-12-18T19:39:54Z	Data/Playlist1A/MasterAnaDev_data_AnaTuple_run00006137_Playlist.root
399183163b146128ab541b6ccbd6931cbc3422e4d0c15fdf16b6cf13d8f658e5	18080689	2025-12-18T19:39:55Z	Data/Playlist1A/MasterAnaDev_data_AnaTuple_run00006138_Playlist.root
3f0db8c3f78935c96fd784ed7540382fe41f58227c9812584a50a514cbc03ced	164452	2025-12-18T19:39:56Z	Data/Playlist1A/MasterAnaDev_data_AnaTuple_run00006139_Playlist.root
67aa5f22bf9eb25f79bdfc432d46fc50e8ddf45b6778fe22f715c14a1f3f271b	164480	2025-12-18T19:39:57Z	Data/Playlist1A/MasterAnaDev_data_AnaTuple_run00006140_Playlist.root
0e1e474e5d923e847add6200e52ade496fe9c0406279273f5d81e661ff406ad2	164480	2025-12-18T19:39:58Z	Data/Playlist1A/MasterAnaDev_data_AnaTuple_run00006141_Playlist.root
2ecc0a33a717a1e19f152960b1cfae6e2971f66ba617395f76a20a161af6a38e	164452	2025-12-18T19:39:59Z	Data/Playlist1A/MasterAnaDev_data_AnaTuple_run00006142_Playlist.root
42155de2d8aa042a23f13d99c70e22d2a96671b6cc8c63071481cc72b6706465	164452	2025-12-18T19:39:59Z	Data/Playlist1A/MasterAnaDev_data_AnaTuple_run00006143_Playlist.root
ee3fbac3afa648c0d6c298857c6eb784932fa5ed1c4625fc12f0fcaa767e09fd	477283758	2025-12-18T19:40:02Z	Data/Playlist1A/MasterAnaDev_data_AnaTuple_run00006144_Playlist.root
7b8bba3fb98546afe30d0b4dc445d8d5845cd24e9d03987249fc6eba04485a52	251291104	2025-12-18T19:40:04Z	Data/Playlist1A/MasterAnaDev_data_AnaTuple_run00006145_Playlist.root
fe7028ac06e1aedb4b3ff9c95f9a6ad76737dd8af924cc6dded9da6d689dabff	400062134	2025-12-18T19:40:06Z	Data/Playlist1A/MasterAnaDev_data_AnaTuple_run00006151_Playlist.root
3e3e12f870869a4bdd0178cdaca9cc23a33df1518fbf33efbc05676ddb912a02	464122323	2025-12-18T19:40:08Z	Data/Playlist1A/MasterAnaDev_data_AnaTuple_run00006152_Playlist.root
83d27814e88acdbb53e31942d5619d63f5066de38f1edd2dd0fa214422d22071	317752298	2025-12-18T19:40:10Z	Data/Playlist1A/MasterAnaDev_data_AnaTuple_run00006153_Playlist.root
f141a273c176bae04cf03189d83beae4552ddae8e0960dbc24515d03451ea708	502408366	2025-12-18T19:40:12Z	Data/Playlist1A/MasterAnaDev_data_AnaTuple_run00006154_Playlist.root
7bbea570628728598ac7178581bdd96e8fc4cef94214d4559b55ad4d8ea86a74	498487051	2025-12-18T19:40:15Z	Data/Playlist1A/MasterAnaDev_data_AnaTuple_run00006155_Playlist.root
bba0e5fd2bc286eac54de86cd01a67c3d9f26bbd0844426ca41d4c76f2472e00	509215676	2025-12-18T19:40:22Z	Data/Playlist1A/MasterAnaDev_data_AnaTuple_run00006156_Playlist.root
eeeeeb2812ccc9dfbc2552c76af4e0f4dd963274d2a18be63316041937187997	400321843	2025-12-18T19:40:25Z	Data/Playlist1A/MasterAnaDev_data_AnaTuple_run00006157_Playlist.root
ab94afa3026b704a716fbf746b2dc2a12f7ef96366c9f6fca8d60fc77a13d02a	515397761	2025-12-18T19:40:28Z	Data/Playlist1A/MasterAnaDev_data_AnaTuple_run00006158_Playlist.root
d39e86049226a1c3f57649abfa93d47a6320d4fd6e284e32863d0e68d235e55a	518340164	2025-12-18T19:40:30Z	Data/Playlist1A/MasterAnaDev_data_AnaTuple_run00006159_Playlist.root
11e2e9f1ecad58853b39e63d26545271709757550d85a67cf7d05b69841066a6	173001208	2025-12-18T19:40:32Z	Data/Playlist1A/MasterAnaDev_data_AnaTuple_run00006160_Playlist.root
751fad7ecd5a6837dc24503efca434dc693d28e94b75857e18413ac874b2fb1d	379187406	2025-12-18T19:40:35Z	Data/Playlist1A/MasterAnaDev_data_AnaTuple_run00006166_Playlist.root
006e9f31ef3c030944acf45084294f8a2a49dc23daf45dc089d04f45027b52f5	388510636	2025-12-18T19:40:37Z	Data/Playlist1A/MasterAnaDev_data_AnaTuple_run00006167_Playlist.root
4b68cfb0c62b922ec70c0594cfe0e00ca6fec15fa2a6e215f60824ad60cc4b91	456052634	2025-12-18T19:40:41Z	Data/Playlist1A/MasterAnaDev_data_AnaTuple_run00006168_Playlist.root
2489d553f0c0051fc3eaa43a9ed246cbb60f515a64e3bdcb83de72351d4973cb	308829890	2025-12-18T19:40:43Z	Data/Playlist1A/MasterAnaDev_data_AnaTuple_run00006169_Playlist.root
1b88c79880a9eda0cf792c932ff202b3f078d3d150f91a4a0546f91d1935c529	471854253	2025-12-18T19:40:47Z	Data/Playlist1A/MasterAnaDev_data_AnaTuple_run00006170_Playlist.root
19c15669e0b4757560b764601a1de7507e4a5f4347cbf9a4539bbff35fd1af36	491567544	2025-12-18T19:40:50Z	Data/Playlist1A/MasterAnaDev_data_AnaTuple_run00006171_Playlist.root
49fce2c35ee75242700a3561e783cf7bac81d25a0755b654fb227640ab193992	426990723	2025-12-18T19:40:52Z	Data/Playlist1A/MasterAnaDev_data_AnaTuple_run00006172_Playlist.root
d0fa2e7ebcd339613f157c9a672baf5f3d3e3e607a527976671c0864b25ff05a	490392019	2025-12-18T19:40:57Z	Data/Playlist1A/MasterAnaDev_data_AnaTuple_run00006173_Playlist.root
d9098aa18bcd644cbbc8ce8341b3d14d86e87565036c5ae7daf97f017bd94543	485368607	2025-12-18T19:41:00Z	Data/Playlist1A/MasterAnaDev_data_AnaTuple_run00006174_Playlist.root
cc8474d788849902e53efa9d6309e214268733262e381b33aa3559a1b9e3423e	113917017	2025-12-18T19:41:01Z	Data/Playlist1A/MasterAnaDev_data_AnaTuple_run00006175_Playlist.root
ed4e555735447e3a7906f88713cdbf3e750696e71fc7c65d7952cf929c4b9631	16102820	2025-12-18T19:41:02Z	Data/Playlist1A/MasterAnaDev_data_AnaTuple_run00006176_Playlist.root
d84c4cddc86d85dd4bfd6f6cfd0f1eea7484e333183a4a66f665458c75d93208	459370428	2025-12-18T19:41:06Z	Data/Playlist1A/MasterAnaDev_data_AnaTuple_run00006177_Playlist.root
a220bde7675ccecea09ca4f074ae77369b0b80c0ad2e24e685436b32ff45630f	93829291	2025-12-18T19:41:07Z	Data/Playlist1A/MasterAnaDev_data_AnaTuple_run00006178_Playlist.root
4af4290249d21dc00012fc899145c2d2fcbeae3312d488243aa59bcd974d08f3	422347465	2025-12-18T19:41:09Z	Data/Playlist1A/MasterAnaDev_data_AnaTuple_run00006182_Playlist.root
b39491905083f3a9181f0476fb79ca036a25484e2eac5e9c5aa8c0aea9abcc90	439090456	2025-12-18T19:41:12Z	Data/Playlist1A/MasterAnaDev_data_AnaTuple_run00006183_Playlist.root
0291883ad570f2de830bf54265279bb80226fa84428f126396556c310bfeb0f2	477199486	2025-12-18T19:41:17Z	Data/Playlist1A/MasterAnaDev_data_AnaTuple_run00006184_Playlist.root
c377b7b31cb20b16f26860a4aa710a2b9d0bc281684be2373e0545e9bf03b0d7	177176139	2025-12-18T19:41:18Z	Data/Playlist1A/MasterAnaDev_data_AnaTuple_run00006185_Playlist.root
85b0e92587277247918439b89ccb97e911bbd0adbc73d278846091093a054ce3	437600114	2025-12-18T19:41:21Z	Data/Playlist1A/MasterAnaDev_data_AnaTuple_run00006186_Playlist.root
fd52268e35bb4200e743aca26349668962b15a5eabaa11a02e5e3b005191ada5	444638184	2025-12-18T19:41:23Z	Data/Playlist1A/MasterAnaDev_data_AnaTuple_run00006187_Playlist.root
4e0b8df72b6433e62eb1e8f010395ec240fc9ca4f7b0ed0f4cc81c7bb9a2cced	189715148	2025-12-18T19:41:24Z	Data/Playlist1A/MasterAnaDev_data_AnaTuple_run00006188_Playlist.root
30871930720731ea7ccd5442ce91573183083e524323502a10131440964bd308	13271762	2025-12-18T19:41:26Z	Data/Playlist1A/MasterAnaDev_data_AnaTuple_run00006189_Playlist.root
d6b508f6880449efd43b8284dff30f73933ffe40cb3b77b0fef746caa7958123	479023281	2025-12-18T19:41:29Z	Data/Playlist1A/MasterAnaDev_data_AnaTuple_run00006190_Playlist.root
d667fb18ba059949a5317cf6e314d8795f9d4b295101a3171d73f4ec8ac30572	403974538	2025-12-18T19:41:34Z	Data/Playlist1A/MasterAnaDev_data_AnaTuple_run00006191_Playlist.root
1b9072328a03927733381f2ee6c5daba440d67a8a5a01f4f6c564de0258a7333	517338606	2025-12-18T19:41:37Z	Data/Playlist1A/MasterAnaDev_data_AnaTuple_run00006192_Playlist.root
b5cf37236e09f2ff32ec868803b15eadd14d445188ea794593c2d32bd66254c4	194026487	2025-12-18T19:41:39Z	Data/Playlist1A/MasterAnaDev_data_AnaTuple_run00006193_Playlist.root
86eb98b0ba6644a5d801feae7eea60a78f70470d540d1d68cb3866514c83be2b	164452	2025-12-18T19:41:40Z	Data/Playlist1A/MasterAnaDev_data_AnaTuple_run00006194_Playlist.root
df474ec48b5e31fa181ca7ab032d440192798ed5e1f75b4c23dcbd4ce2d1ee05	2315121	2025-12-18T19:41:41Z	Data/Playlist1A/MasterAnaDev_data_AnaTuple_run00006195_Playlist.root
272dd6cd0317f5565a1033cff8bfb1cbbe01e48f6c281f4d15a4477c55708785	376754554	2025-12-18T19:41:43Z	Data/Playlist1A/MasterAnaDev_data_AnaTuple_run00006196_Playlist.root
b81db1dd4d2cce10e6b039738d24e0fd82c6d7d90db430381f4bbec38d8e530f	353151114	2025-12-18T19:41:45Z	Data/Playlist1A/MasterAnaDev_data_AnaTuple_run00006197_Playlist.root
f182e0921ff8f201a82117d30c7657a6978d307ad6de7f1cb1ad6592a34760d2	43082320	2025-12-18T19:41:46Z	Data/Playlist1A/MasterAnaDev_data_AnaTuple_run00006198_Playlist.root
0fa3dc28a0384b0474ab68d76618f9b68b1553d0a13ee2d00db00d95fae7e250	471780231	2025-12-18T19:41:48Z	Data/Playlist1A/MasterAnaDev_data_AnaTuple_run00006199_Playlist.root
34664da8e392b95e9035e54d64baa616e1c939ed103d6a947ae6bae950564a3d	271458493	2025-12-18T19:41:51Z	Data/Playlist1A/MasterAnaDev_data_AnaTuple_run00006200_Playlist.root
e4215b1c3ab70813a9169e9d4017a15cea6b0ee0cb38b014d2e8262a86eff821	5830499	2025-12-18T19:41:52Z	Data/Playlist1A/MasterAnaDev_data_AnaTuple_run00006201_Playlist.root
c2881e2beae0b348ebded2522c30858c87687f4a82185150006814e7d19471d1	194764253	2025-12-18T19:41:54Z	Data/Playlist1A/MasterAnaDev_data_AnaTuple_run00006202_Playlist.root
68873118d84117b8de69b1e3aed22b7a332ebd13b6029ac7d0e6193182f0f6bc	6114388	2025-12-18T19:41:55Z	Data/Playlist1A/MasterAnaDev_data_AnaTuple_run00006203_Playlist.root
747d9f63e018e0ba9c8e35b0261d6ee6dbc38ff693ca418e764eabe9c560c34d	20054792	2025-12-18T19:41:56Z	Data/Playlist1A/MasterAnaDev_data_AnaTuple_run00006204_Playlist.root
2c89ec472c9c174e07f6a721a7532afa4be9d3be5f66760a68e049f1ea0d24bd	163821987	2025-12-18T19:41:58Z	Data/Playlist1A/MasterAnaDev_data_AnaTuple_run00006205_Playlist.root
e98e98c17d66d34072336c5c2b97eeae0e7b58b12c6420e037630e76d29735eb	41440213	2025-12-18T19:41:59Z	Data/Playlist1A/MasterAnaDev_data_AnaTuple_run00006206_Playlist.root
15f2a46784fd53c074d2f7214da0fdc97c88cc294b46e4a937d8f77ca2f94ffc	465469562	2025-12-18T19:42:02Z	Data/Playlist1A/MasterAnaDev_data_AnaTuple_run00006207_Playlist.root
a5e1cd85990dde0211c7fa11e42144df4a98c32ddf7ee5e59725d9d6d3168029	164480	2025-12-18T19:42:02Z	Data/Playlist1A/MasterAnaDev_data_AnaTuple_run00006208_Playlist.root
1e15f88ccc7a755b8dadd19fce5ca7665c6db2c43eb14cc445702c5ff796651f	17010342	2025-12-18T19:42:04Z	Data/Playlist1A/MasterAnaDev_data_AnaTuple_run00006209_Playlist.root
446b247d0bf6575813b0845d0edba0c662abc97e09ef0ed0e47cb565f66c61f5	2863926	2025-12-18T19:42:04Z	Data/Playlist1A/MasterAnaDev_data_AnaTuple_run00006210_Playlist.root
ee358561a662e6cab065268a398460d625dce1c09812b9f4875bfbb747621261	50626490	2025-12-18T19:42:06Z	Data/Playlist1A/MasterAnaDev_data_AnaTuple_run00006211_Playlist.root
436695271ef06e9ec550ae055f671463aef8ad2d5955acac1b4241c500c6c454	164480	2025-12-18T19:42:07Z	Data/Playlist1A/MasterAnaDev_data_AnaTuple_run00006212_Playlist.root
9d08eafb59b759e9f1338e79c486150ddbebe4545fc329250ce2126d02990a62	116612265	2025-12-18T19:42:12Z	Data/Playlist1A/MasterAnaDev_data_AnaTuple_run00006213_Playlist.root
97f563bec7a316db526a1c2515438b1ee188b62f260b752ca7e1b425f45aa848	48106389	2025-12-18T19:42:13Z	Data/Playlist1A/MasterAnaDev_data_AnaTuple_run00006218_Playlist.root
777bdfdb1b65eed19c3d1b4d655f6dcbe5716861726debba6885463f4e94f088	448399147	2025-12-18T19:42:15Z	Data/Playlist1A/MasterAnaDev_data_AnaTuple_run00006220_Playlist.root
49bdac841e1e574ad7386db8d0f8288247c5b37560d119c7d96bad3c710cca71	471806779	2025-12-18T19:42:17Z	Data/Playlist1A/MasterAnaDev_data_AnaTuple_run00006221_Playlist.root
de29866e180063aa9c9d9c1c418646ad752269fdca09773e7c1555b5b7353fe2	457032575	2025-12-18T19:42:19Z	Data/Playlist1A/MasterAnaDev_data_AnaTuple_run00006222_Playlist.root
fc38afc71f4dd8a498e296b6fa804c3007af615d507574400a30b007ac74e658	758813	2025-12-18T19:42:20Z	Data/Playlist1A/MasterAnaDev_data_AnaTuple_run00006223_Playlist.root
a943ac7d422d4e61206ae898b6052f05c4d817621440312a1a2838b26726e891	164452	2025-12-18T19:42:21Z	Data/Playlist1A/MasterAnaDev_data_AnaTuple_run00006224_Playlist.root
f7e54bd68b5d74fb67aabba2fe7febf78f662f7330894872fbd9366bd4d9a848	458874810	2025-12-18T19:42:23Z	Data/Playlist1A/MasterAnaDev_data_AnaTuple_run00006225_Playlist.root
d660a0838149937b7c3fe7745323735b996ffbb9610c614e599ea7772a3b8554	213693430	2025-12-18T19:42:25Z	Data/Playlist1A/MasterAnaDev_data_AnaTuple_run00006226_Playlist.root
c65f65eb6128f76e4b6eac111b972a3c76e4652aabdf9a7a4d9af39671e930bf	297760682	2025-12-18T19:42:29Z	Data/Playlist1A/MasterAnaDev_data_AnaTuple_run00006227_Playlist.root
4a35c79d813c1a3d449635f6846d4d083b6e52d03f2e4c9630e1668811a2895a	17582607	2025-12-18T19:42:30Z	Data/Playlist1A/MasterAnaDev_data_AnaTuple_run00006228_Playlist.root
abe9ccc43989d264c176d1c3f4a607834df184f3196fbc5898d12d54fb408810	164452	2025-12-18T19:42:30Z	Data/Playlist1A/MasterAnaDev_data_AnaTuple_run00006229_Playlist.root
e1afa54075c6816ac5ebfa8a51e4dd39a77fccd948818b3f54ce8aadb1f51d50	164452	2025-12-18T19:42:31Z	Data/Playlist1A/MasterAnaDev_data_AnaTuple_run00006230_Playlist.root
d416551b706a383e68279d867a19a981cceb95f9fe9b7679d3ebecd0afe281b5	164452	2025-12-18T19:42:32Z	Data/Playlist1A/MasterAnaDev_data_AnaTuple_run00006231_Playlist.root
7e098e5b70e887d838500a0eab0fe1a5cac5520f83e9d225698341dbd32ca726	16984386	2025-12-18T19:42:33Z	Data/Playlist1A/MasterAnaDev_data_AnaTuple_run00006232_Playlist.root
272ea19ea5b162eecd5b6f18d2f4ec7df1a75877ad754873741b135594cdc602	21325917	2025-12-18T19:42:34Z	Data/Playlist1A/MasterAnaDev_data_AnaTuple_run00006233_Playlist.root
41bf9d2a70c0fbfe99028b0921e8ce7c5e4b10b5df8f62f9649714bd1126c72a	20348876	2025-12-18T19:42:35Z	Data/Playlist1A/MasterAnaDev_data_AnaTuple_run00006234_Playlist.root
ee3b96389a87df403de5085062c755530dfaeda3bf9e62497ec4df58572e5182	461194124	2025-12-18T19:42:38Z	Data/Playlist1A/MasterAnaDev_data_AnaTuple_run00006235_Playlist.root
5209e5d350a6e6494666c5a971b2edd18f0d747caa123b4f8ee5dc90878617f2	468821422	2025-12-18T19:42:40Z	Data/Playlist1A/MasterAnaDev_data_AnaTuple_run00006236_Playlist.root
1512055af1c9250693c08dbaaaa52fdff6e9bf4f1c2b37a92078a756412a7e43	440140033	2025-12-18T19:42:42Z	Data/Playlist1A/MasterAnaDev_data_AnaTuple_run00006237_Playlist.root
c3f2417ed6727f3c368d5a0eb7212913b4a3d49ee251fc2372e915a6fdec2d76	101780027	2025-12-18T19:42:44Z	Data/Playlist1A/MasterAnaDev_data_AnaTuple_run00006238_Playlist.root
b7576af8586ff8d118fd9b8782baab04a480289f08263f00d7ba1620210ac4b1	2059033	2025-12-18T19:42:45Z	Data/Playlist1A/MasterAnaDev_data_AnaTuple_run00006239_Playlist.root
82a22be4c73dff312089239887e6d67c6eb9e322bd01740422a4f6223d9540b0	442083315	2025-12-18T19:42:51Z	Data/Playlist1A/MasterAnaDev_data_AnaTuple_run00006240_Playlist.root
1b64f42037b64ebae979183620b6777d23a65842b6d402a4dd86d6a6a45d9c0f	196658742	2025-12-18T19:42:52Z	Data/Playlist1A/MasterAnaDev_data_AnaTuple_run00006241_Playlist.root
fb0f03d41488da831010a1896b25014c68fab1eb8d5ba1659474d443d44ad809	71144365	2025-12-18T19:42:54Z	Data/Playlist1A/MasterAnaDev_data_AnaTuple_run00006243_Playlist.root
07fc2a417131394ca00eb2f1b6a1d072271b3138387e2ae859e1f4cbf7b95d9d	1577173	2025-12-18T19:42:55Z	Data/Playlist1A/MasterAnaDev_data_AnaTuple_run00006244_Playlist.root
95f5556b2e2fa77fd955e35f5d4bbc2ad1690f5ae17cee3b271dd09c7438de0b	5534546	2025-12-18T19:42:56Z	Data/Playlist1A/MasterAnaDev_data_AnaTuple_run00006245_Playlist.root
ad08dfab598652250fd5ad3293c2e740e735ccb3589862bee3fcb5b30c828b1a	5997488	2025-12-18T19:42:58Z	Data/Playlist1A/MasterAnaDev_data_AnaTuple_run00006246_Playlist.root
ce7c82c769e9da7a5c4aff22ec75d012d261862e95ae90d51c16a3dc28d25eb6	15246559	2025-12-18T19:42:59Z	Data/Playlist1A/MasterAnaDev_data_AnaTuple_run00006247_Playlist.root
052e91330adcf3565b16d74fedbf3766fd66321262516f279376eac683b73597	409780092	2025-12-18T19:43:02Z	Data/Playlist1A/MasterAnaDev_data_AnaTuple_run00006248_Playlist.root
d031929eb2e8c1bf8c5cb5ea456f61e699c79d1136aa45de122bf0e9968fb249	437551507	2025-12-18T19:43:08Z	Data/Playlist1A/MasterAnaDev_data_AnaTuple_run00006249_Playlist.root
e973821dee00e6d63bb1cc5417569b0fdf4c6b6ab7fd68461aee01bde25d8a12	1341313	2025-12-18T19:43:09Z	Data/Playlist1A/MasterAnaDev_data_AnaTuple_run00006250_Playlist.root
d0a69843fb5565e805731867b779d827e64869d057c7c0adbb1f11f6fd1dd78d	460282494	2025-12-18T19:43:12Z	Data/Playlist1A/MasterAnaDev_data_AnaTuple_run00006251_Playlist.root
a5ec130494e8d9009f70db9198c4c2486804a1b8c4639fbfce8719ea6d193181	413575820	2025-12-18T19:43:16Z	Data/Playlist1A/MasterAnaDev_data_AnaTuple_run00006252_Playlist.root
8056324fb0a60fe285634ac002827826fadaa68323a3db62c7ae315bdaf99be5	159186523	2025-12-18T19:43:17Z	Data/Playlist1A/MasterAnaDev_data_AnaTuple_run00006253_Playlist.root
674c7c3f9893b7fcfde410e639c26ca0f9a6f8ea459711fde496bf10c8a65543	444729977	2025-12-18T19:43:20Z	Data/Playlist1A/MasterAnaDev_data_AnaTuple_run00006254_Playlist.root
5e8010adcc10ca1deab0e3a19828fa9d4283113d3715f3c512da43bb6a8ec49a	400810312	2025-12-18T19:43:22Z	Data/Playlist1A/MasterAnaDev_data_AnaTuple_run00006255_Playlist.root
35186979cb12802d8b6e80d57b500eaa962397400bc0bbe6798de158a01ce4e3	342808785	2025-12-18T19:43:24Z	Data/Playlist1A/MasterAnaDev_data_AnaTuple_run00006256_Playlist.root
83274686a4ae12a005de54f500d3ffe0121e226027ada91c2cd7edd5b01e7e51	420146362	2025-12-18T19:43:27Z	Data/Playlist1A/MasterAnaDev_data_AnaTuple_run00008000_Playlist.root
97cbfb574d03a519a34668320c7cce380a8a813838160ccbd097e66ef2648553	452434967	2025-12-18T19:43:29Z	Data/Playlist1A/MasterAnaDev_data_AnaTuple_run00008001_Playlist.root
3afd5f05431d906446a6f7c008347b7b753157391ab815a5ca0816a7e24a2beb	429637615	2025-12-18T19:43:31Z	Data/Playlist1A/MasterAnaDev_data_AnaTuple_run00008002_Playlist.root
93cb27697c8e21e2684113dac456825eed34d1fb7792e67b7c56557ce72b0aab	431628639	2025-12-18T19:43:33Z	Data/Playlist1A/MasterAnaDev_data_AnaTuple_run00008003_Playlist.root
e5a4c76923914e611774367e4ff737d64235ec4c4e07cdd39899a2b50627a0e4	424239258	2025-12-18T19:43:36Z	Data/Playlist1A/MasterAnaDev_data_AnaTuple_run00008004_Playlist.root
809bb1ce84f84f10de38d1163b20dabde1f0ae2e69e70fcf18e0d433020ef162	420812057	2025-12-18T19:43:38Z	Data/Playlist1A/MasterAnaDev_data_AnaTuple_run00008005_Playlist.root
1d37b11f1bacd9df073f70aa9f83f4c76a1bf39f1ab09e0f49cf2a5ba7dd439a	401600359	2025-12-18T19:43:40Z	Data/Playlist1A/MasterAnaDev_data_AnaTuple_run00008006_Playlist.root
4601aeca261648da34713bf192478c3f5b34f3ae2d69f4e9817a769248c40048	384460182	2025-12-18T19:43:42Z	Data/Playlist1A/MasterAnaDev_data_AnaTuple_run00008007_Playlist.root
3d4976c68c3a86dc98bc5a8053e210132f29081c562547bc97881a1e175e0346	703140721	2025-12-18T19:43:45Z	Data/Playlist1A/MasterAnaDev_data_AnaTuple_run00008011_Playlist.root
a93de17371ae72a335c308d3601db20e506e3186979193e04f7626309dfd79b6	113227163	2025-12-18T19:43:47Z	Data/Playlist1A/MasterAnaDev_data_AnaTuple_run00008012_Playlist.root
cabab3e6512f843fd495c39a6284f58b28a2b6f13a7094c79479f8eeb63fbeb4	480815922	2025-12-18T19:43:50Z	Data/Playlist1A/MasterAnaDev_data_AnaTuple_run00008013_Playlist.root
0c31d707c5eb7a391bcb5513865419bdf059a605e8d325560c77685b94aabbde	665024630	2025-12-18T19:43:52Z	Data/Playlist1A/MasterAnaDev_data_AnaTuple_run00008014_Playlist.root
5ec3534c82c1b0158094fbd3c5342746b86443425b5711c69366fda65ae52a71	355560860	2025-12-18T19:43:54Z	Data/Playlist1A/MasterAnaDev_data_AnaTuple_run00008015_Playlist.root
2bf881d37edccecf773caff30ee99acbb64f3c97464e6460f7db524a95049377	248883776	2025-12-18T19:43:56Z	Data/Playlist1A/MasterAnaDev_data_AnaTuple_run00008029_Playlist.root
427fbd5ecb58528d1ef0e018fa9cbb7f7e3d557e559f71db372af666b564bf14	111185436	2025-12-18T19:43:57Z	Data/Playlist1A/MasterAnaDev_data_AnaTuple_run00008030_Playlist.root
a0414537ec2580eea9d5e0c8cf5b9e400bf777ecc837fa4cc455fb4e09c02c4c	479877912	2025-12-18T19:44:00Z	Data/Playlist1A/MasterAnaDev_data_AnaTuple_run00008031_Playlist.root
10ba4a370cf3c7a20f85495936635fe6752e8ac2d95c53bdf926b6b618ca7b96	312941782	2025-12-18T19:44:02Z	Data/Playlist1A/MasterAnaDev_data_AnaTuple_run00008032_Playlist.root
105b0ce972858ce4335ee00652711ec4765328795173f9c5a3d4f505fd9d00d0	360434383	2025-12-18T19:44:05Z	Data/Playlist1A/MasterAnaDev_data_AnaTuple_run00008033_Playlist.root
7f71822e80b2c4d14be39a3f1ffdfff9346212e5efa626f975279b52ffaf08bb	89133341	2025-12-18T19:44:07Z	Data/Playlist1A/MasterAnaDev_data_AnaTuple_run00008034_Playlist.root
07eae0e49695a663c7709e5c9fcc38698c2fb828538abd479ed36d0f527a7260	550319520	2025-12-18T19:44:10Z	Data/Playlist1A/MasterAnaDev_data_AnaTuple_run00010000_Playlist.root
9af68a7bb40ea6897f1ecdaebeccbdfa395127b508b918d0a41bd73fc616bfb9	541354043	2025-12-18T19:44:12Z	Data/Playlist1A/MasterAnaDev_data_AnaTuple_run00010001_Playlist.root
6d5519052ccac8afc4093fd99b45bf3f5b4716f86cf61ce4cabbf81884aef2a7	478490860	2025-12-18T19:44:18Z	Data/Playlist1A/MasterAnaDev_data_AnaTuple_run00010002_Playlist.root
b6df4e855529af71144dd6090808678e55f79eb63cdc009214c9dbfa4c629437	321162888	2025-12-18T19:44:21Z	Data/Playlist1A/MasterAnaDev_data_AnaTuple_run00010003_Playlist.root
148e4af1ddfb332f4274d59289ff9c13ae6f426bcffc249a91e64931ef2758be	523596839	2025-12-18T19:44:24Z	Data/Playlist1A/MasterAnaDev_data_AnaTuple_run00010004_Playlist.root
b873f4b5184e22fccddc55a6b9b494168ce2b6ccc07217fec5d2289d9ae1c371	529775352	2025-12-18T19:44:29Z	Data/Playlist1A/MasterAnaDev_data_AnaTuple_run00010005_Playlist.root
4cdef22de3da12515aca8dc98461c99a37fd56cd79bdbc76ead138f49e485c73	498406012	2025-12-18T19:44:31Z	Data/Playlist1A/MasterAnaDev_data_AnaTuple_run00010006_Playlist.root
ffe94ea5445f215d5950b326dc05deb5e83d1e6b807d07bf40596fd6139765d6	516306509	2025-12-18T19:44:33Z	Data/Playlist1A/MasterAnaDev_data_AnaTuple_run00010007_Playlist.root
56b90d6e0aab6fb9f3fbdb7b883246cad62c03f98fdd4e8267225921141aee90	414416748	2025-12-18T19:44:36Z	Data/Playlist1A/MasterAnaDev_data_AnaTuple_run00010008_Playlist.root
9869478b0710459f05edced44393049e1b6182dccd947aeff1cbf43191ed8fac	500932426	2025-12-18T19:44:39Z	Data/Playlist1A/MasterAnaDev_data_AnaTuple_run00010010_Playlist.root
8b88c762bc3e059e4fb418dc0c63d03ccd9396a6aa24948ae60bf3b221a12d1a	544097882	2025-12-18T19:44:41Z	Data/Playlist1A/MasterAnaDev_data_AnaTuple_run00010011_Playlist.root
bb92997a186b8ff374d816f1c60e2a7016375947dbd22f823c427967028cb457	529555194	2025-12-18T19:44:43Z	Data/Playlist1A/MasterAnaDev_data_AnaTuple_run00010012_Playlist.root
71bac915fbd635dc71a97ce6bc969f527b28e9ec85ce168289a7db2dfe9c44fa	522868368	2025-12-18T19:44:46Z	Data/Playlist1A/MasterAnaDev_data_AnaTuple_run00010013_Playlist.root
b05171482b99bc2190a8624234a54d1f92c2bc5bd76f1bcd2efafb63f29db307	525373217	2025-12-18T19:44:49Z	Data/Playlist1A/MasterAnaDev_data_AnaTuple_run00010014_Playlist.root
25b8c87714ef6c21ca0cf204be63d29d47aadd6d5a281e4dae013a8f460ff17b	535585951	2025-12-18T19:44:52Z	Data/Playlist1A/MasterAnaDev_data_AnaTuple_run00010015_Playlist.root
76b02c86e9760b983b9461d739a16a36cdd18272b43849f7663b2d1cae9a9c14	555234279	2025-12-18T19:44:56Z	Data/Playlist1A/MasterAnaDev_data_AnaTuple_run00010016_Playlist.root
afbcfa921707667ac757cfeb22bf2b2e7e6580358ee5cb8662fda9bab24f1c79	558811061	2025-12-18T19:44:59Z	Data/Playlist1A/MasterAnaDev_data_AnaTuple_run00010017_Playlist.root
4d78466730fa386e4405a37577b6728b80e1bde0b8fc876fffe5e5d3d309cfea	555677992	2025-12-18T19:45:04Z	Data/Playlist1A/MasterAnaDev_data_AnaTuple_run00010018_Playlist.root
b3f5e456a488f638db49e029bcd96e48a0f35e0e1ce142ae89b50d9fa0196df0	474960780	2025-12-18T19:45:07Z	Data/Playlist1A/MasterAnaDev_data_AnaTuple_run00010019_Playlist.root
329257dab664a4214693b63da2a4c30cd7b0e82aed9bd05e025e8237b0309fb8	544728947	2025-12-18T19:45:09Z	Data/Playlist1A/MasterAnaDev_data_AnaTuple_run00010020_Playlist.root
0ea82c09bc8be21d66416486e0d02c4f7967ab0d603b6cc725a73174b3b1445f	562703255	2025-12-18T19:45:15Z	Data/Playlist1A/MasterAnaDev_data_AnaTuple_run00010021_Playlist.root
3e10397e145c95912a4832ffa2dfb86252ccd7f858d73948be1e57779fa74eff	516807636	2025-12-18T19:45:17Z	Data/Playlist1A/MasterAnaDev_data_AnaTuple_run00010022_Playlist.root
1d993c51734e6334e51b7d400c2b8b535d7e671fcfc847a42ea9223efa43ff49	545245464	2025-12-18T19:45:22Z	Data/Playlist1A/MasterAnaDev_data_AnaTuple_run00010023_Playlist.root
43ac5e3c6840f928b8c65253ec69f568e010469f52fe31477b3deab607848ce7	545959931	2025-12-18T19:45:26Z	Data/Playlist1A/MasterAnaDev_data_AnaTuple_run00010024_Playlist.root
73fb8f32fca13b552e6fe69392061c149e24e28881f7c5f3bbd565d9cbe3a040	546691884	2025-12-18T19:45:29Z	Data/Playlist1A/MasterAnaDev_data_AnaTuple_run00010025_Playlist.root
3f8f3e0e64142487d452ea6e1e5760ecc09a9eaca7726c643f334a4c874e8b8a	549938229	2025-12-18T19:45:31Z	Data/Playlist1A/MasterAnaDev_data_AnaTuple_run00010026_Playlist.root
38b92e3c7a8e7f63a60662cf2262b9df091e86a83e99df938acbb6bd627d5f72	547468296	2025-12-18T19:45:35Z	Data/Playlist1A/MasterAnaDev_data_AnaTuple_run00010027_Playlist.root
f8e90b0ff5b3497c78867910b4cf9d4b7550e4e2520b2c159ee018a1d23c2d66	367414234	2025-12-18T19:45:37Z	Data/Playlist1A/MasterAnaDev_data_AnaTuple_run00010028_Playlist.root
52a92eae4286c6302caa6e514083be24679b647e95c5cbe900ce3f7f9b616e7d	13145260	2025-12-18T19:45:38Z	Data/Playlist1A/MasterAnaDev_data_AnaTuple_run00010031_Playlist.root
92791b864275b73df046592a8353abb53fb292d1efa9a80b3cde8d2a28ae4866	7471825	2025-12-18T19:45:39Z	Data/Playlist1A/MasterAnaDev_data_AnaTuple_run00010032_Playlist.root
ba78e5a442128e5f941cc3b36a03a21df89c445b792ad8088926a4725d5dc218	27011310	2025-12-18T19:45:40Z	Data/Playlist1A/MasterAnaDev_data_AnaTuple_run00010034_Playlist.root
bb52e2bd9d0afdef5c8a5b1e84b9e5516a2a144c39c92415731a548c5e0b3289	10953264	2025-12-18T19:45:41Z	Data/Playlist1A/MasterAnaDev_data_AnaTuple_run00010035_Playlist.root
a5b9b7a3195fe4ad47de4a56f270fe36cc77ee02cf87f02dd8a3e72b8187f458	313511429	2025-12-18T19:45:43Z	Data/Playlist1A/MasterAnaDev_data_AnaTuple_run00010036_Playlist.root
7c50292fdbdaceb6817a1d6751099d0debe0f00fbc131a85b6f11895608f1e74	450671943	2025-12-18T19:45:48Z	Data/Playlist1A/MasterAnaDev_data_AnaTuple_run00010037_Playlist.root
3d5ba4892a381910002df8766dfcee2ee4690a4fb073823ca543c409504f7a61	574453883	2025-12-18T19:45:53Z	Data/Playlist1A/MasterAnaDev_data_AnaTuple_run00010038_Playlist.root
370807e607c80d90666fdc54301b61c6d9654646f1d5242d22bb42b1b92e72a3	507146793	2025-12-18T19:45:57Z	Data/Playlist1A/MasterAnaDev_data_AnaTuple_run00010039_Playlist.root
fb878bf6db3b0cda65c1155674364c0f5fcb17897123ec0ddf7dc5a422e367c3	536979584	2025-12-18T19:46:01Z	Data/Playlist1A/MasterAnaDev_data_AnaTuple_run00010040_Playlist.root
9fb54eca02ea421b5daad6cadcdb112bdcc52e7ee22959b0e41444bd74a9e5b7	534342762	2025-12-18T19:46:04Z	Data/Playlist1A/MasterAnaDev_data_AnaTuple_run00010041_Playlist.root
d3336d6fff0382e3258db3b7a28d97827553cfb632c38f5300738f0d3819bbec	551690461	2025-12-18T19:46:07Z	Data/Playlist1A/MasterAnaDev_data_AnaTuple_run00010042_Playlist.root
771f831afb1fad6745ca796066fdbae833a182518292487e4e36fab8a15b28fd	513283530	2025-12-18T19:46:10Z	Data/Playlist1A/MasterAnaDev_data_AnaTuple_run00010043_Playlist.root
ab089fbd438c44430fccc503204078b9e3f3a57eb81f673faba16c875634b550	275461211	2025-12-18T19:46:14Z	Data/Playlist1A/MasterAnaDev_data_AnaTuple_run00010044_Playlist.root
f0ed6f19e50d220fea257bc92377426e92fb4893dd11229107825ea9d0316875	24002280	2025-12-18T19:46:15Z	Data/Playlist1A/MasterAnaDev_data_AnaTuple_run00010045_Playlist.root
22bf95f27a836dfecbc0d05330d428a7bf14c67ab34dce95c6480952a7e3f1c0	511971853	2025-12-18T19:46:18Z	Data/Playlist1A/MasterAnaDev_data_AnaTuple_run00010046_Playlist.root
9c344c1722b4316ae61adb8f9a8515e10538dcca4774f1d665d5d20de21db704	18126786	2025-12-18T19:46:20Z	Data/Playlist1A/MasterAnaDev_data_AnaTuple_run00010047_Playlist.root
a00f5d6b90ed1944fe44971eb27afecaad8a534413c0fb1241b8d7c29d93d372	428800958	2025-12-18T19:46:22Z	Data/Playlist1A/MasterAnaDev_data_AnaTuple_run00010048_Playlist.root
c084f13b45e8fc516dd5b4146dad3dcc5a235a763bac2ec20eb091b6601289ba	525967849	2025-12-18T19:46:24Z	Data/Playlist1A/MasterAnaDev_data_AnaTuple_run00010049_Playlist.root
4bd4317fae2fa3b44c27526f7e0b7599659c694f19b7ec5705908ef87a918afc	534599779	2025-12-18T19:46:27Z	Data/Playlist1A/MasterAnaDev_data_AnaTuple_run00010050_Playlist.root
4339e638fa4ac7b8d43f1b253a4783ef69583f179e13fc66f5bfd5f060126c91	523164156	2025-12-18T19:46:29Z	Data/Playlist1A/MasterAnaDev_data_AnaTuple_run00010051_Playlist.root
cfc4ae32c44db66c65089723c09ed2d40bfe206ac7c7c7b5f44822564f13494c	97879460	2025-12-18T19:46:31Z	Data/Playlist1A/MasterAnaDev_data_AnaTuple_run00010052_Playlist.root
a0b591f6b188f4538f6645e7b04aefff9701fb5e12cacd9002bbd4210cd0ffbd	5824016	2025-12-18T19:46:32Z	Data/Playlist1A/MasterAnaDev_data_AnaTuple_run00010053_Playlist.root
516485fb7af15102e6c89d8d1fda65704439cbc76f1d4d045d50647fc51feb78	38958612	2025-12-18T19:46:33Z	Data/Playlist1A/MasterAnaDev_data_AnaTuple_run00010054_Playlist.root
bbb6c822cd91bd4868ba11889b6d791c8689e3a41aede57347e4465a904d9a3e	538549742	2025-12-18T19:46:36Z	Data/Playlist1A/MasterAnaDev_data_AnaTuple_run00010056_Playlist.root
6d59944b343d7c3c69ddc56e99ca0497eb713af9033700b95a45089865475cdd	197906874	2025-12-18T19:46:38Z	Data/Playlist1A/MasterAnaDev_data_AnaTuple_run00010057_Playlist.root
ee993e9112a4702ba45230f31e76eac1d0a13baa11f3ce61111685a0cee20167	17387158	2025-12-18T19:46:39Z	Data/Playlist1A/MasterAnaDev_data_AnaTuple_run00010058_Playlist.root
11bf7bf6117e23161605cdacc556cc46e891e75ba2d625e4bdd96856baf366fb	14645343	2025-12-18T19:46:40Z	Data/Playlist1A/MasterAnaDev_data_AnaTuple_run00010059_Playlist.root
bebf5b6a128ef535ffc45b09e6803aa4e522bb113f8c0533e6deeb976d4d729b	437917683	2025-12-18T19:46:44Z	Data/Playlist1A/MasterAnaDev_data_AnaTuple_run00010060_Playlist.root
35a765356ada917e939b8a45ad9a1d175847109d74fa438e425165ca237debe8	822561868	2025-12-18T19:46:53Z	Data/Playlist1A/MasterAnaDev_data_AnaTuple_run00010061_Playlist.root
4d00115985287a45dbb21e4e5a09f7009c32c87300ce05f9b6d7b69c2b77c3c7	540168531	2025-12-18T19:46:55Z	Data/Playlist1A/MasterAnaDev_data_AnaTuple_run00010062_Playlist.root
e088afbc4120ec9d55fdb0d7aedb2deeb2564f1794de2ec6bdd80595b153aba9	490460585	2025-12-18T19:46:58Z	Data/Playlist1A/MasterAnaDev_data_AnaTuple_run00010063_Playlist.root
828c3eb08cd160a4649507b4e49d72bb7e4c3102e964b60e5633380a7648dc3b	469368139	2025-12-18T19:47:00Z	Data/Playlist1A/MasterAnaDev_data_AnaTuple_run00010064_Playlist.root
2f7195260d7b92ee8baa8908d35d9e26464b572706e4ca0f79c2c4a083257c9a	535598269	2025-12-18T19:47:05Z	Data/Playlist1A/MasterAnaDev_data_AnaTuple_run00010065_Playlist.root
33e5c1e6c3a1b1f9bfc602bbf7264163354f0e8ab488ae5ac0492f7574f5690f	186069819	2025-12-18T19:47:07Z	Data/Playlist1A/MasterAnaDev_data_AnaTuple_run00010066_Playlist.root
b8253f82074a82a3413abce376018e4197a7014366bc0cc2a882a6b63662a928	557773879	2026-04-19T02:32:22Z	Data/Playlist1B/MasterAnaDev_data_AnaTuple_run00010068_Playlist.root
1c8509eb439762ea22c14a6d41ccc0b4931b286e2ec7978251756a50db03d31b	526859958	2026-04-19T02:32:25Z	Data/Playlist1B/MasterAnaDev_data_AnaTuple_run00010069_Playlist.root
3854cf3c5db5708749ebf2897b8018341f4ae952a5284059706781f3a501bc53	2012203	2026-04-19T02:32:26Z	Data/Playlist1B/MasterAnaDev_data_AnaTuple_run00010070_Playlist.root
301ef08956f70367f89c3a3d02300fc06754932081a1cc3c71e9809abb336916	550011871	2026-04-19T02:32:31Z	Data/Playlist1B/MasterAnaDev_data_AnaTuple_run00010071_Playlist.root
68d4e4881400a487923456db64f33fd6b2771d6438df195fcfebd264c70a29c8	531036017	2026-04-19T02:32:42Z	Data/Playlist1B/MasterAnaDev_data_AnaTuple_run00010072_Playlist.root
2b8c478179ce6b19c722b85947e0300dc9aacaccfdda3209c92f36177ec9a430	540477724	2026-04-19T02:32:45Z	Data/Playlist1B/MasterAnaDev_data_AnaTuple_run00010073_Playlist.root
9b65b7b53ef8e56e412620c7fd3d88001faa3be20309775eb5e312f60f4331e6	128237951	2026-04-19T02:32:49Z	Data/Playlist1B/MasterAnaDev_data_AnaTuple_run00010074_Playlist.root
543edac0c119165414ac41f6687ab02bf91c4a7dc21fa8a72d762cd47cf41ed6	165197248	2026-04-19T02:32:51Z	Data/Playlist1B/MasterAnaDev_data_AnaTuple_run00010075_Playlist.root
2ccea1d93e436441a9ad3c97046a0a9166e9b9ee8b9400b6a1186a24f209c2f3	231454767	2026-04-19T02:32:54Z	Data/Playlist1B/MasterAnaDev_data_AnaTuple_run00010076_Playlist.root
f31622328deda30a1784739de23aa4ca24926f262a298754a2483cd56d66e2e0	109349495	2026-04-19T02:32:56Z	Data/Playlist1B/MasterAnaDev_data_AnaTuple_run00010077_Playlist.root
b573345400b0d59d53bfc5c4a03e01df2b43fdf88960e6f16cd5a098bdb27fef	198772386	2026-04-19T02:32:58Z	Data/Playlist1B/MasterAnaDev_data_AnaTuple_run00010079_Playlist.root
3f87b26f841d85445fa5ca97a2468cfd59f18191d974b0ff04852f3914695062	507649002	2026-04-19T02:33:01Z	Data/Playlist1B/MasterAnaDev_data_AnaTuple_run00010080_Playlist.root
191cb87a6c8fc741f5b606492ca92694f8ed28b717da7b9f0edff820440acaac	537338414	2026-04-19T02:33:05Z	Data/Playlist1B/MasterAnaDev_data_AnaTuple_run00010081_Playlist.root
67fb2f609a02809fdd6a00b4f4f9e465b4dfb3f792378c101a1e49a440e9504c	346307578	2026-04-19T02:33:08Z	Data/Playlist1B/MasterAnaDev_data_AnaTuple_run00010082_Playlist.root
a70b3fc88d40b65f6af2af34713144891c6831fe05756a109255dbef48008960	540755992	2026-04-19T02:33:14Z	Data/Playlist1B/MasterAnaDev_data_AnaTuple_run00010083_Playlist.root
eac3b18297198901b0e4a584ccf69b614cda8c511c0dd7341db9e3d79986aa24	151906911	2026-04-19T02:33:16Z	Data/Playlist1B/MasterAnaDev_data_AnaTuple_run00010084_Playlist.root
de746df1842a281db1b155f6367a41f057c2da0bde8888de25130d9be91e7fa7	516613683	2026-04-19T02:33:24Z	Data/Playlist1B/MasterAnaDev_data_AnaTuple_run00010085_Playlist.root
7bf998561b60e587b99956ab40208548c37e747b83e7f16e68153ae980815b58	115844358	2026-04-19T02:33:26Z	Data/Playlist1B/MasterAnaDev_data_AnaTuple_run00010086_Playlist.root
cad12d2d1f18c0d0282a4ba82c619ff701b19f917f4fc01c02d06eed7f537b41	20689839	2026-04-19T02:33:27Z	Data/Playlist1B/MasterAnaDev_data_AnaTuple_run00010088_Playlist.root
9e4ef8eace851534ea81054986b6e77a7b8df42680daaa2f944ae1c8f3699df3	45696191	2026-04-19T02:33:28Z	Data/Playlist1B/MasterAnaDev_data_AnaTuple_run00010089_Playlist.root
4edecde3f8402cf4c10b6635f2d434c666fc70aa2eafeb6cfb12ca108e224e5a	553892245	2026-04-19T02:33:31Z	Data/Playlist1B/MasterAnaDev_data_AnaTuple_run00010091_Playlist.root
b269801f359c39295a687589cc879f0f16c851e66006bc80ec172eeeaee01a0d	549524374	2026-04-19T02:33:34Z	Data/Playlist1B/MasterAnaDev_data_AnaTuple_run00010095_Playlist.root
9af6ef213c4d6cd5d2d66bb9a53068c2de14ee65b24c53bd5744e316ae6c361a	559702581	2026-04-19T02:33:40Z	Data/Playlist1B/MasterAnaDev_data_AnaTuple_run00010096_Playlist.root
2724e78de5982bc9c95a7e6dd4e96339d5b46cba0a5d9da1a61ef914858db582	451714340	2026-04-19T02:33:43Z	Data/Playlist1B/MasterAnaDev_data_AnaTuple_run00010097_Playlist.root
43b3fdc4bb2fc7769e7075a65aaee784e10a58d24f63cb266b747da31eb0d6fe	516039765	2026-04-19T02:33:46Z	Data/Playlist1B/MasterAnaDev_data_AnaTuple_run00010098_Playlist.root
3de5d371804fe5bf73ab6af3e32166244c6dc0a2d302ae4e0ac3cbb8143d49c3	480186259	2026-04-19T02:33:50Z	Data/Playlist1B/MasterAnaDev_data_AnaTuple_run00010099_Playlist.root
63292adfcfc5d6f4f09a6fb7b6499ead38ae1c56156393a59d6117de9b9a779d	492672724	2026-04-19T02:33:53Z	Data/Playlist1B/MasterAnaDev_data_AnaTuple_run00010100_Playlist.root
806e1d8c34428763d91f5a36963c9b6ffcaf91eaf214293c743ed0cf40b4401f	166293	2026-04-19T02:33:54Z	Data/Playlist1B/MasterAnaDev_data_AnaTuple_run00010101_Playlist.root
6827c53212d90ec212dc736d917f19bf265b2475cf759ab4c2c941db06ecd11b	166293	2026-04-19T02:33:55Z	Data/Playlist1B/MasterAnaDev_data_AnaTuple_run00010106_Playlist.root
059b8e541338cb336e303bbe8a5191493dde0745f32e9d70d34b6a706ad96b65	491031619	2026-04-19T02:33:58Z	Data/Playlist1B/MasterAnaDev_data_AnaTuple_run00010109_Playlist.root
678c484ff718dacae23a3481192a8bad060d3765ab55c0ff3e0f9049ee879089	351676432	2026-04-19T02:34:00Z	Data/Playlist1B/MasterAnaDev_data_AnaTuple_run00010110_Playlist.root
8540729ca60ceafa80e6fb1cb8f725260c54613295a8ee2f6d880dcb2c4244c0	29001567	2026-04-19T02:34:02Z	Data/Playlist1B/MasterAnaDev_data_AnaTuple_run00010111_Playlist.root
5ba78fe9a6715a7f7eb42b08c9a0066aae4f1d27464110e027982971a0a00914	556985534	2026-04-19T02:34:05Z	Data/Playlist1B/MasterAnaDev_data_AnaTuple_run00010112_Playlist.root
6e0dabefa45d2a9aa12c4ad489d5f719b4522d2de45f5fce63b171bca90fbbb7	544906832	2026-04-19T02:34:09Z	Data/Playlist1B/MasterAnaDev_data_AnaTuple_run00010113_Playlist.root
31e597a07f3ba92d376f660570c25e2dd4790f593ca8018acb7c2041c808ac42	553538985	2026-04-19T02:34:21Z	Data/Playlist1B/MasterAnaDev_data_AnaTuple_run00010114_Playlist.root
8c11fb08fd758e8e6c883091e6914818dbab24eb53469463447d8d91f3a2a74c	524876503	2026-04-19T02:34:24Z	Data/Playlist1B/MasterAnaDev_data_AnaTuple_run00010115_Playlist.root
62c2a3e1f5275c60ba758c1dcaa38b03f97921f63f16390773a57d5ebdc2f98a	542791225	2026-04-19T02:34:28Z	Data/Playlist1B/MasterAnaDev_data_AnaTuple_run00010116_Playlist.root
16b048157119136567a7e6612ade018797e3f381fdb4515ffd8bfdcf247533ee	533732557	2026-04-19T02:34:31Z	Data/Playlist1B/MasterAnaDev_data_AnaTuple_run00010117_Playlist.root
09051be8ca27e91926206237acd03fa1fe8fcf084e26317eb0df6ab9c85c26da	489927538	2026-04-19T02:34:33Z	Data/Playlist1B/MasterAnaDev_data_AnaTuple_run00010118_Playlist.root
9f81ef97f97039c4d31543b1971f0891014ce84580bd6664157bd5a05eda06e6	476110781	2026-04-19T02:34:38Z	Data/Playlist1B/MasterAnaDev_data_AnaTuple_run00010119_Playlist.root
86cbac165abbc4913a314b91455f5de3846d07c006d4f131997e8d97af1714b3	551277983	2026-04-19T02:34:42Z	Data/Playlist1B/MasterAnaDev_data_AnaTuple_run00010120_Playlist.root
e163edf6cc5c6dc884d1b963a482c8da59160324183c0c70a6c967a7cfbec132	513498144	2026-04-19T02:34:48Z	Data/Playlist1B/MasterAnaDev_data_AnaTuple_run00010121_Playlist.root
ec883071ff4bad62a782cccb0e0b0772f5e7758aa252001265a11e593320c94b	432716690	2026-04-19T02:34:52Z	Data/Playlist1B/MasterAnaDev_data_AnaTuple_run00010122_Playlist.root
a071a5a5319713550b08fc2754896c8a9d54a82fab0e0414320c535d9286d4b4	530465603	2026-04-19T02:34:56Z	Data/Playlist1B/MasterAnaDev_data_AnaTuple_run00010123_Playlist.root
cd1eb457a87843c276a9fa97303590dafd75aff2826a466bc1e07af718971b29	299404623	2026-04-19T02:35:01Z	Data/Playlist1B/MasterAnaDev_data_AnaTuple_run00010124_Playlist.root
fc244cb5055c0901b89585e966dbb80e0bbcdfe042633736f79b1a9cfba00741	231211169	2026-04-19T02:35:03Z	Data/Playlist1B/MasterAnaDev_data_AnaTuple_run00010125_Playlist.root
561e3566dadf54239bee9505f417c12edca0592cd74528c1113acd675a3db733	296484720	2026-04-19T02:35:05Z	Data/Playlist1B/MasterAnaDev_data_AnaTuple_run00010128_Playlist.root
bc32555d754fe590788b2fe054cf3f311ef323b43b10d1c29695e375f50252af	36996458	2026-04-19T19:16:56Z	Data/Playlist1C/MasterAnaDev_data_AnaTuple_run00010129_Playlist.root
8a0c2773f458ff2a575e0f973788ce369575ef8daa0a6528a9a054fe810ad39a	511631385	2026-04-19T19:17:01Z	Data/Playlist1C/MasterAnaDev_data_AnaTuple_run00010130_Playlist.root
9827f9c3844769f55e143cbe6fecdc043ded2bfdff095355abed9dd945e6de85	523316859	2026-04-19T19:17:03Z	Data/Playlist1C/MasterAnaDev_data_AnaTuple_run00010131_Playlist.root
9f5c9426b6efbcb36a29fe0733666c9cf6c189c82c7784dc0f2fb8b29a8b1d75	535042339	2026-04-19T19:17:06Z	Data/Playlist1C/MasterAnaDev_data_AnaTuple_run00010132_Playlist.root
75b783db3f6a216dcb8f52e9bad977152d08a99d91670ec437a8413af8cd6ab7	482661012	2026-04-19T19:17:09Z	Data/Playlist1C/MasterAnaDev_data_AnaTuple_run00010133_Playlist.root
dcc7f909c297532722a39f495f43fd006d2674aa3a5b059a19b7aa561eabb7ca	269981589	2026-04-19T19:17:12Z	Data/Playlist1C/MasterAnaDev_data_AnaTuple_run00010134_Playlist.root
0fcf03fb0b2c26d01ee8ba49ee8b6b33fae334162330fbb35d3cd103b544bf30	330684601	2026-04-19T19:17:14Z	Data/Playlist1C/MasterAnaDev_data_AnaTuple_run00010135_Playlist.root
9e8118e363b5dff8c5b50784b48a987ab3acf44f525be26b011a60649fd93fb6	401708215	2026-04-19T19:17:17Z	Data/Playlist1C/MasterAnaDev_data_AnaTuple_run00010136_Playlist.root
575ecdf9e56e43e5d3e7e8e677378c6e29ed282df6f570435b5f6869a3524535	391167654	2026-04-19T19:17:19Z	Data/Playlist1C/MasterAnaDev_data_AnaTuple_run00010137_Playlist.root
0352be5cf135e7a28d590f6529fe8e311689d3c4da08792b67fd7863cec83fb2	341080866	2026-04-19T19:17:21Z	Data/Playlist1C/MasterAnaDev_data_AnaTuple_run00010138_Playlist.root
f03e068464a3fbbba52a1d2144bbdad7812aa60f78c841c51c1e2399e996fb44	342222255	2026-04-19T19:17:23Z	Data/Playlist1C/MasterAnaDev_data_AnaTuple_run00010139_Playlist.root
ea728a2d3532475e81636d9a993eee8ed85739f803b216adc17e2261073e8ad4	455241384	2026-04-19T19:17:26Z	Data/Playlist1C/MasterAnaDev_data_AnaTuple_run00010140_Playlist.root
121f67bada8ee003050d32656347ac5b47e7cf8726e3e6e616a26d8f0a828946	422354981	2026-04-19T19:17:30Z	Data/Playlist1C/MasterAnaDev_data_AnaTuple_run00010141_Playlist.root
d087ceedec04bb632962ed031fbb25f1f3e95ceaac2414c7f87c30b8bcc3d282	411565008	2026-04-19T19:17:33Z	Data/Playlist1C/MasterAnaDev_data_AnaTuple_run00010144_Playlist.root
7593ee9701a9dc3e7ddd5cdffd968394e0d2d3cf1455b51915ae2d85ab622c55	295786019	2026-04-19T19:17:35Z	Data/Playlist1C/MasterAnaDev_data_AnaTuple_run00010145_Playlist.root
b135d15b5422e64a0a0f69321373caef9415c31a54945fd437107468782457bb	224360874	2026-04-19T19:17:37Z	Data/Playlist1C/MasterAnaDev_data_AnaTuple_run00010146_Playlist.root
86f8ddbb1460aa7a05c52499a2271f49dcdcb58ccdfef2706ecd51bbc2db36ea	208479163	2026-04-19T19:17:39Z	Data/Playlist1C/MasterAnaDev_data_AnaTuple_run00010147_Playlist.root
14feddf9fb5ae4dfec1d35b1d48f2428c1b1cce615f49d0fc08be8a2193e3f37	210260785	2026-04-19T19:17:41Z	Data/Playlist1C/MasterAnaDev_data_AnaTuple_run00010148_Playlist.root
ca1cb154df039e8d0d35c514074b2e9a70fee558f0467962e958cfcfabf5d83c	215507178	2026-04-19T19:17:44Z	Data/Playlist1C/MasterAnaDev_data_AnaTuple_run00010149_Playlist.root
8b3a90032bd2a79f16355b4e7edb3bddb6f8a24051dde7a633d18b935ba2b3ba	279120481	2026-04-19T19:17:46Z	Data/Playlist1C/MasterAnaDev_data_AnaTuple_run00010150_Playlist.root
9ccb0795b918801deb66565bbf3e2ac50338ed080ad1980b70e246597ac29239	228264156	2026-04-19T19:17:48Z	Data/Playlist1C/MasterAnaDev_data_AnaTuple_run00010151_Playlist.root
72a0c8f74f1c6f88068e7c34b723ec703d50794504dafcd57ec18a122b15a173	128766155	2026-04-19T19:17:49Z	Data/Playlist1C/MasterAnaDev_data_AnaTuple_run00010159_Playlist.root
e865745e5e15d84b3d87f4d8ed3a139b8444e0103a71ac18ae71e52d264e5251	370511615	2026-04-19T19:17:52Z	Data/Playlist1C/MasterAnaDev_data_AnaTuple_run00010161_Playlist.root
c90d138fc5cb9cc20967dd3ec85f4df1e3062eb3418c38d34801efa597ac8b2e	502977512	2026-04-19T19:17:55Z	Data/Playlist1C/MasterAnaDev_data_AnaTuple_run00010162_Playlist.root
a58baa4a98750fbdca61d29da2537e1af786fdce699a45c4ff276bed2d33101b	503943547	2026-04-19T19:17:59Z	Data/Playlist1C/MasterAnaDev_data_AnaTuple_run00010163_Playlist.root
8d12115bfb1a2fd84197a1b78634bbb412a9da96a73a5a2cc6c401068826f895	454278075	2026-04-19T19:18:03Z	Data/Playlist1C/MasterAnaDev_data_AnaTuple_run00010164_Playlist.root
90d36f50d3ca284fbdafc21caa45e6222842a55999c8400311688c9dbfea372f	401950975	2026-04-19T19:18:06Z	Data/Playlist1C/MasterAnaDev_data_AnaTuple_run00010165_Playlist.root
70bb460eeb1403902be58ccf4c266e9cac0d880d7f6dafea0dbeec5033bd8cca	508449264	2026-04-19T19:18:08Z	Data/Playlist1C/MasterAnaDev_data_AnaTuple_run00010166_Playlist.root
87c9006a888c9c94093207ed9d35fda04a554de90d4cd78f600b0d211920600e	514368349	2026-04-19T19:18:13Z	Data/Playlist1C/MasterAnaDev_data_AnaTuple_run00010167_Playlist.root
ed136f3cf15f609b73dda5ae6149a5ac8fcd601fffb4dcbfb6da45ecdf1ca882	532096325	2026-04-19T19:18:16Z	Data/Playlist1C/MasterAnaDev_data_AnaTuple_run00010168_Playlist.root
3723db64639a184a6779d551892d32874e13d0d5ac3c9bc302468060602d0ef6	521640015	2026-04-19T19:18:20Z	Data/Playlist1C/MasterAnaDev_data_AnaTuple_run00010169_Playlist.root
fb84be4d887bacf69b612e4144110499059aa588d37a0a34e0be4c9b0f66148b	571970704	2026-04-19T19:18:25Z	Data/Playlist1C/MasterAnaDev_data_AnaTuple_run00010170_Playlist.root
75d0fd3c5fa541601027b9fa8c307caf07aa837bb5cbd613311ef90b5074fefb	558029948	2026-04-19T19:18:28Z	Data/Playlist1C/MasterAnaDev_data_AnaTuple_run00010171_Playlist.root
8bb611b6b3c1f9a7b081419e61297998eb3053dca0128bde8b0c0f8003555d4f	581312712	2026-04-19T19:18:31Z	Data/Playlist1C/MasterAnaDev_data_AnaTuple_run00010172_Playlist.root
3738fbdbbd9b02016226e809fe3b7a01302f7299d1d2fe40fcc892b4a656fc46	546947592	2026-04-19T19:18:34Z	Data/Playlist1C/MasterAnaDev_data_AnaTuple_run00010173_Playlist.root
1ddc183a14d2497a2cb716c66f3a23daa70870366b457f3c9d09bc9653e3ea88	546684907	2026-04-19T19:18:37Z	Data/Playlist1C/MasterAnaDev_data_AnaTuple_run00010174_Playlist.root
135dff54e87dfd1f3f3f572e399d9b2a098aa6bcdfdf034aa0475c0a13d0031f	324984498	2026-04-19T19:18:40Z	Data/Playlist1C/MasterAnaDev_data_AnaTuple_run00010175_Playlist.root
fd2b446d0e8f07d857375058a99ad259412b1c407dcb396728d0c4116a2d0268	428843226	2026-04-19T19:18:44Z	Data/Playlist1C/MasterAnaDev_data_AnaTuple_run00010176_Playlist.root
932181ed5e06979fc2e199025b55369fd10fb94d5da751c1ea4c1af8fb929e8f	583419635	2026-04-19T19:18:48Z	Data/Playlist1C/MasterAnaDev_data_AnaTuple_run00010177_Playlist.root
263812a5bde66fce3de2e38974ae8a0cac2126f3474c49eb0ed100116796e36a	504057577	2026-04-19T19:18:51Z	Data/Playlist1C/MasterAnaDev_data_AnaTuple_run00010178_Playlist.root
8f89fdcb65da52c8a4e6a7a681f0e8ca1224aedb657f75e8cf999f491a78d99d	607215430	2026-04-19T19:18:56Z	Data/Playlist1C/MasterAnaDev_data_AnaTuple_run00010179_Playlist.root
5da7d088375d85b0d51261749ef23280c0fa5b39ee021119b89e9cd301b44fab	613880325	2026-04-19T19:19:00Z	Data/Playlist1C/MasterAnaDev_data_AnaTuple_run00010180_Playlist.root
a3de89a6ca7c330c1f643c741bcce27b57b4c9a40d40380a83bc82d34cf7d872	542365484	2026-04-19T19:19:03Z	Data/Playlist1C/MasterAnaDev_data_AnaTuple_run00010181_Playlist.root
0d87f9051c40a41ea5d8783bc7846ebaaae057f82dd11820eb1a03b83eb5f62c	496992900	2026-04-19T19:19:06Z	Data/Playlist1C/MasterAnaDev_data_AnaTuple_run00010182_Playlist.root
31f850be590580e6365abfce96ae0194bae2bf99a54490ed336dd7a8102c0f37	530660272	2026-04-19T19:19:09Z	Data/Playlist1C/MasterAnaDev_data_AnaTuple_run00010183_Playlist.root
deda85703b012ae54ebad37c8ae09181c4150da03ad4ca3e6f743aa73860bf8b	535785063	2026-04-19T19:19:12Z	Data/Playlist1C/MasterAnaDev_data_AnaTuple_run00010184_Playlist.root
795139047c851c66098b476d9fd375687b325975790efa69d7e2bec3eab2a938	363327756	2026-04-19T19:19:19Z	Data/Playlist1C/MasterAnaDev_data_AnaTuple_run00010185_Playlist.root
8151dcc41ee0834e38a36e16a0175bd866cbc3ef8f1ed75317fb24c3cfcb3272	502261193	2026-04-19T19:19:21Z	Data/Playlist1C/MasterAnaDev_data_AnaTuple_run00010186_Playlist.root
acd482d461dc346e19f1c16633f9549e495010f566b17e58a602cefda043c948	572580080	2026-04-19T19:19:25Z	Data/Playlist1C/MasterAnaDev_data_AnaTuple_run00010187_Playlist.root
5b49ef4c369c0b6954f6ccb7278aca2b7b8191bd1e87819ba23cfb64aa635a3e	262448615	2026-04-19T19:19:27Z	Data/Playlist1C/MasterAnaDev_data_AnaTuple_run00010188_Playlist.root
dc48b9f784a1e76b817fb61c6b4d65aad75cd7ce0fb6ec9824a3636fc3cfa42f	9300731	2026-04-19T19:19:28Z	Data/Playlist1C/MasterAnaDev_data_AnaTuple_run00010189_Playlist.root
97fa48a165e8ae57352c09ec0a0fbbeac0f0f4dea78e5214ef894447bc514c75	48404738	2026-04-19T19:19:29Z	Data/Playlist1C/MasterAnaDev_data_AnaTuple_run00010190_Playlist.root
5fe7000dde0b0dd43a6f7ed35db51cccca82711d85c901566b5f233b8d19ec6e	11688096	2026-04-19T19:19:31Z	Data/Playlist1C/MasterAnaDev_data_AnaTuple_run00010191_Playlist.root
43cef2e913848f92a93306d36c3d2b0edc18242e2aba6c884b542df5d1bb21fd	25199197	2026-04-19T19:19:32Z	Data/Playlist1C/MasterAnaDev_data_AnaTuple_run00010192_Playlist.root
fbb7ff66f9f5f9269d9705c4f50f83e8672e24302e886da785676fe5f8b67439	56320873	2026-04-19T19:19:33Z	Data/Playlist1C/MasterAnaDev_data_AnaTuple_run00010193_Playlist.root
62ace6bbfe2067dc2005b8a570cc533fddee2528f7ed42133b63533c8bf79058	71751829	2026-04-19T19:19:35Z	Data/Playlist1C/MasterAnaDev_data_AnaTuple_run00010194_Playlist.root
e7375a5c350ee2948da0eb3d68619c3a586922affdb17e72c75aed67620bebc6	571821757	2026-04-19T19:19:39Z	Data/Playlist1C/MasterAnaDev_data_AnaTuple_run00010195_Playlist.root
5f6e66a20cb9d36ea1d1735da47686bc79f4ce1e720fb43794793906b97937f6	545981887	2026-04-19T19:19:42Z	Data/Playlist1C/MasterAnaDev_data_AnaTuple_run00010196_Playlist.root
745b3f1494b4f52be049091fa996fa4e7770b383853e4243ec4847f53534d0bb	574383440	2026-04-19T19:19:47Z	Data/Playlist1C/MasterAnaDev_data_AnaTuple_run00010197_Playlist.root
b6c80d9c44ddfe174278bb06572ec0d0d09e0824c39cc44018dbf7aac0e8e913	131299077	2026-04-19T19:19:50Z	Data/Playlist1C/MasterAnaDev_data_AnaTuple_run00010198_Playlist.root
017292c53c7839aa9d7c8cfa2a3fc927bcd98251646da630b6295da7a20e8861	166333	2026-04-19T19:19:51Z	Data/Playlist1C/MasterAnaDev_data_AnaTuple_run00010199_Playlist.root
9644b5ed4fe6834deef669535fd1ae19d2d8428cdb18d585b5a475af0bb6e34b	166333	2026-04-19T19:19:52Z	Data/Playlist1C/MasterAnaDev_data_AnaTuple_run00010200_Playlist.root
2e9278b0c49c8af307889659bfd84a30f3d4a1e9f3103889b08a7580fe5e50bb	166333	2026-04-19T19:19:52Z	Data/Playlist1C/MasterAnaDev_data_AnaTuple_run00010201_Playlist.root
92c96a9618beb73a1e31064430ec0f0211e51813f9f6f741a3aabcc02fca214f	166345	2026-04-19T19:19:53Z	Data/Playlist1C/MasterAnaDev_data_AnaTuple_run00010202_Playlist.root
ec940909624cf6f43a9c2342eab1b90421693d63f5679602e9c03c63c5dd10d6	166345	2026-04-19T19:19:54Z	Data/Playlist1C/MasterAnaDev_data_AnaTuple_run00010203_Playlist.root
b55b2f98c447ab4f848ba917491c7b1177f3fa8da9bb237ce509321646c7f6cd	806775138	2026-04-19T19:20:00Z	Data/Playlist1C/MasterAnaDev_data_AnaTuple_run00010205_Playlist.root
a88745e419348ff23c274ddb946638f04b39687a3f7c0aa00169d54045ba5f6f	583100044	2026-04-19T19:20:03Z	Data/Playlist1C/MasterAnaDev_data_AnaTuple_run00010206_Playlist.root
773a82940dfd3c409e652bc3c5fc506945ce44537d40aae80c98f512d52e478e	599471998	2026-04-19T19:20:07Z	Data/Playlist1C/MasterAnaDev_data_AnaTuple_run00010207_Playlist.root
812f284a7fefd14e88da567ca0b5eb1f4175074bc7015dc810e9599eb042826f	603510855	2026-04-19T19:20:17Z	Data/Playlist1C/MasterAnaDev_data_AnaTuple_run00010208_Playlist.root
2fd2d5ab9f21b705eb33c6b9ed919ed07423de6fb46c3e70e924dc341e29d88c	587668466	2026-04-19T19:20:20Z	Data/Playlist1C/MasterAnaDev_data_AnaTuple_run00010209_Playlist.root
bc218c2b367e79706b5332c0f5ba44986b0ae9ed3a6a804a1f7bf351e85d8e35	609159307	2026-04-19T19:20:25Z	Data/Playlist1C/MasterAnaDev_data_AnaTuple_run00010210_Playlist.root
b2c404e45ce3aee0c4afbeeb7b8d7fcb8e6a59f3930c43e09a7d54fd18abf1a6	561982442	2026-04-19T19:20:28Z	Data/Playlist1C/MasterAnaDev_data_AnaTuple_run00010211_Playlist.root
dd7993dc33cd6cbcb939f00561919739c5694d301ad7579510ab98fcda80d4bf	600533884	2026-04-19T19:20:33Z	Data/Playlist1C/MasterAnaDev_data_AnaTuple_run00010212_Playlist.root
48a558eac3961ab26a7bb03ebd6d57cec9b112649b9238c6ebb63daa5ac087ff	558933025	2026-04-19T19:20:36Z	Data/Playlist1C/MasterAnaDev_data_AnaTuple_run00010213_Playlist.root
e493417945d9f3919e953bf3b55fca51f68b5fcc2c7044041178bd85c61d75bb	587821957	2026-04-19T19:20:40Z	Data/Playlist1C/MasterAnaDev_data_AnaTuple_run00010214_Playlist.root
c69bf4d08f91a7e56b06734ce3931fe9684fdd6fad382137dd4d060229809f20	605240906	2026-04-19T19:20:45Z	Data/Playlist1C/MasterAnaDev_data_AnaTuple_run00010215_Playlist.root
abf7db79b6f5d6c4948596d7946510f3e1833c5d87931d1a95bca6de2de3f684	629935600	2026-04-19T19:20:50Z	Data/Playlist1C/MasterAnaDev_data_AnaTuple_run00010216_Playlist.root
b7fa414212785744048402eadf07b0bf9870533e355e9c0558bedf6c11db8139	614222435	2026-04-19T19:20:53Z	Data/Playlist1C/MasterAnaDev_data_AnaTuple_run00010217_Playlist.root
44598bd8311259d4a5b6591b12f5a62e43a94c270e24edab650dfa670b6d6cd8	484878637	2026-04-19T19:20:56Z	Data/Playlist1C/MasterAnaDev_data_AnaTuple_run00010218_Playlist.root
3459da29592e1d7548bdf4aeeb886adc65b70d7b4d9c12d1f32b98a079ae20bc	166345	2026-04-19T19:20:57Z	Data/Playlist1C/MasterAnaDev_data_AnaTuple_run00010219_Playlist.root
936e33c01d2459e1c446dd915acf9bcb652c54079969bb9ce8be214ce9614ab1	207027630	2026-04-19T19:21:00Z	Data/Playlist1C/MasterAnaDev_data_AnaTuple_run00010229_Playlist.root
32e0378e7b99c31cffb5357200f3e060fe53e7d9b2bb19aa0a98f7fc64ae4ca7	13147210	2026-04-19T19:21:01Z	Data/Playlist1C/MasterAnaDev_data_AnaTuple_run00010230_Playlist.root
c26d06adc12adb8b4e823d7e2fb5a0e5c80dceb9d33a6ba5fa2c797b833de3ed	531710184	2026-04-19T19:21:05Z	Data/Playlist1C/MasterAnaDev_data_AnaTuple_run00010231_Playlist.root
0e8ed7b7ad5fa1aef431424055bed55098b32ba758a08f26844ce3be40d31deb	512594098	2026-04-19T19:21:08Z	Data/Playlist1C/MasterAnaDev_data_AnaTuple_run00010232_Playlist.root
37fe4e255ad1e9b6a658168f301bfa052e799c17b28db0d71ddecf549038f414	496966736	2026-04-19T19:21:11Z	Data/Playlist1C/MasterAnaDev_data_AnaTuple_run00010233_Playlist.root
3d2f4d154e7b8f54b2f6b794ed151ef32434b690cffd0a8788ced2536cd64faa	463358808	2026-04-19T19:21:15Z	Data/Playlist1C/MasterAnaDev_data_AnaTuple_run00010234_Playlist.root
a03b19441b3bda06582a931213f5857ad2c141b2f808cdab6492db7834401e4f	359779108	2026-04-19T19:21:18Z	Data/Playlist1C/MasterAnaDev_data_AnaTuple_run00010235_Playlist.root
77ea4aa080b85031759629e9f17e71830e25c53e84378cd52ed7f07803d62848	571298923	2026-04-19T19:21:21Z	Data/Playlist1C/MasterAnaDev_data_AnaTuple_run00010236_Playlist.root
da621854da836eadf1b16529e9e214e0ad4e59f15b91e48eb255327ecad4b3e7	560823422	2026-04-19T19:21:26Z	Data/Playlist1C/MasterAnaDev_data_AnaTuple_run00010237_Playlist.root
c4e98d18aeca54e84682eb3b5dd449009ca1ed3ddb3d358e0157b97ad2136e19	584189470	2026-04-19T19:21:29Z	Data/Playlist1C/MasterAnaDev_data_AnaTuple_run00010238_Playlist.root
71f5666c2598fb7b7ba1be9ee50a9ee11709aeb462dd9ece0ac9b015e2bea953	530532690	2026-04-19T19:21:32Z	Data/Playlist1C/MasterAnaDev_data_AnaTuple_run00010239_Playlist.root
a7ca2d2e3df7d0f30fd72230bf5ca99a5179f1ae35298156e002777a30747e3b	386082913	2026-04-19T19:21:37Z	Data/Playlist1C/MasterAnaDev_data_AnaTuple_run00010240_Playlist.root
784dafbaea5ff4885f867021fa22dc76766977e38517a0dac68464ba42ae3494	272683071	2026-04-19T19:21:39Z	Data/Playlist1C/MasterAnaDev_data_AnaTuple_run00010241_Playlist.root
fe42efdd385b7348193899e5a1dc7bbcd209ebcc8a6f61f2cc45922977b28f5f	506755679	2026-04-19T19:21:42Z	Data/Playlist1C/MasterAnaDev_data_AnaTuple_run00010246_Playlist.root
bfa1c6abe248e85eee65e99b2305a62590d5ff6f8a9d0f8266c190bd4606c3fc	531134275	2026-04-19T19:21:45Z	Data/Playlist1C/MasterAnaDev_data_AnaTuple_run00010247_Playlist.root
6be6f4ff6e908d85e1dd8ffe910a7a29aeb75dd7f3f5d8438772c8d80f800be2	565408450	2026-04-19T19:21:49Z	Data/Playlist1C/MasterAnaDev_data_AnaTuple_run00010248_Playlist.root
b93b618e839bb1b6f1488518c912b3be87b4ff0dbc39506806d17b16a3e4e476	521024334	2026-04-19T19:21:52Z	Data/Playlist1C/MasterAnaDev_data_AnaTuple_run00010249_Playlist.root
b7c2260939e9fdb4e485819fa862f23640acba92afbbc794cfcee0fd3aafc5ec	557292849	2026-04-19T19:21:56Z	Data/Playlist1C/MasterAnaDev_data_AnaTuple_run00010250_Playlist.root
1b87a32705fcbb4f147244cc793f8700633e78e4c435e8557567b6cb1cdf7314	547417417	2026-04-19T19:21:59Z	Data/Playlist1C/MasterAnaDev_data_AnaTuple_run00010251_Playlist.root
20614183704d9d21b1e26ebba4eb43351a14f0524219932ad1959e41292caf96	557159842	2026-04-19T19:22:04Z	Data/Playlist1C/MasterAnaDev_data_AnaTuple_run00010252_Playlist.root
d6ff0c4e6bf48e0fb0d88c4c2ed0f96b5cb714476530ebe246e8e3f838d39db0	166345	2026-04-19T19:22:05Z	Data/Playlist1C/MasterAnaDev_data_AnaTuple_run00010253_Playlist.root
d87160da6a0d8933151e1871120d0762f96ef0e6d3f3bfb3dbaa5e59fb4e04b3	8959854	2026-04-19T19:22:06Z	Data/Playlist1C/MasterAnaDev_data_AnaTuple_run00010254_Playlist.root
f5673b0a92e8d020f1822551845aa586a0f63cd53fc4388631fed49c292eca7c	409994621	2026-04-19T22:13:30Z	Data/Playlist1D/MasterAnaDev_data_AnaTuple_run00010255_Playlist.root
63a29db515cd82fd067eae2c7fe00fad3b60242a0a3e1af0c5e1af012f457caa	492455428	2026-04-19T22:13:33Z	Data/Playlist1D/MasterAnaDev_data_AnaTuple_run00010256_Playlist.root
43cea7c9be8c990ed64e71368af80d321cba8a20706e6ca1a2828af1b327549f	373856583	2026-04-19T22:13:35Z	Data/Playlist1D/MasterAnaDev_data_AnaTuple_run00010257_Playlist.root
338ce47301fa91d8bed7bbffa0cb4195a9a2929cd994d492bfea847b608a33cc	554155300	2026-04-19T22:13:38Z	Data/Playlist1D/MasterAnaDev_data_AnaTuple_run00010259_Playlist.root
82ed9a3fc2bec5c165bfba39f8f0b5fa8c6ee8b81dbd4cdc099dacb60ed20426	567617178	2026-04-19T22:13:41Z	Data/Playlist1D/MasterAnaDev_data_AnaTuple_run00010260_Playlist.root
c053c136b22697dbb7878337b6bd6335649d41206138126c64812da9c571bef6	570845754	2026-04-19T22:13:46Z	Data/Playlist1D/MasterAnaDev_data_AnaTuple_run00010261_Playlist.root
30d6bc809c22ed85f2e4eb7560e5dac60ea21ed4b820c0cfc90ceea08cdf46d3	568043270	2026-04-19T22:13:53Z	Data/Playlist1D/MasterAnaDev_data_AnaTuple_run00010262_Playlist.root
1b4d928a792d165d3562ccc7668846a732f4bbf55ba087f0b69d6d1a7d6815a8	506658792	2026-04-19T22:13:56Z	Data/Playlist1D/MasterAnaDev_data_AnaTuple_run00010263_Playlist.root
8cdb3477e65914473de7263a72257d20f22e232ea61f1f3c070246c295ba09ef	544710978	2026-04-19T22:14:00Z	Data/Playlist1D/MasterAnaDev_data_AnaTuple_run00010264_Playlist.root
0fa4550ed6cc042c9ff8f003586e42481937ccb524b429f0869a7db0cc87e0de	545791407	2026-04-19T22:14:04Z	Data/Playlist1D/MasterAnaDev_data_AnaTuple_run00010265_Playlist.root
065c4c9b64a98cebb98724112882b7d0e0f658b1d64c08ff9cf118f4c1181df8	543882846	2026-04-19T22:14:09Z	Data/Playlist1D/MasterAnaDev_data_AnaTuple_run00010266_Playlist.root
bfff3c3165910c663fc7e304394649a91f54b5d31faf07bc941a0066d9263dce	548507481	2026-04-19T22:14:12Z	Data/Playlist1D/MasterAnaDev_data_AnaTuple_run00010267_Playlist.root
a2cb7d006b88ecc63508b7ad5dbc23aec2cf2954eae2b251a0c5acc827011f3c	567012688	2026-04-19T22:14:16Z	Data/Playlist1D/MasterAnaDev_data_AnaTuple_run00010268_Playlist.root
d59b6ce676c4b1680e45344132ed8f36bbd555b16aa07ce0920a4f85b95c25f1	565714692	2026-04-19T22:14:19Z	Data/Playlist1D/MasterAnaDev_data_AnaTuple_run00010269_Playlist.root
5ce6208a94732a475d86941a3eefa0396ac76c284cc9aebbe55505a1afc85e88	584620042	2026-04-19T22:14:26Z	Data/Playlist1D/MasterAnaDev_data_AnaTuple_run00010270_Playlist.root
fc2cdf43a697b638cfd2f1144e12bedeea4b3b0984f04a7df78cd4bc4eafd22c	562407971	2026-04-19T22:14:29Z	Data/Playlist1D/MasterAnaDev_data_AnaTuple_run00010271_Playlist.root
8fff24a4d931c4f2a50a254eb7ef040710822c3eba09a8423853b02ffeee596f	542752500	2026-04-19T22:14:32Z	Data/Playlist1D/MasterAnaDev_data_AnaTuple_run00010272_Playlist.root
fde93f6063461cd07dbfaf63f7ec4c89aadb5804b2fd99f04747e68b115d79a4	566219675	2026-04-19T22:14:35Z	Data/Playlist1D/MasterAnaDev_data_AnaTuple_run00010273_Playlist.root
272d2978d73c167dd070df748d77fa475e757caeaefa123fed9bb9a85aca06b0	526925982	2026-04-19T22:14:38Z	Data/Playlist1D/MasterAnaDev_data_AnaTuple_run00010274_Playlist.root
0133318767a98d1edb7f4ce576aa2c68f4cdd5b455363e5ca76b99c1f8791849	568641775	2026-04-19T22:14:41Z	Data/Playlist1D/MasterAnaDev_data_AnaTuple_run00010275_Playlist.root
9218057a8a6053c5d410f9d948792d76ae98c4fe577621c7decf244fe08028f9	554716363	2026-04-19T22:14:44Z	Data/Playlist1D/MasterAnaDev_data_AnaTuple_run00010276_Playlist.root
720163a722cba8e831967bc8f71c3588d92ecb25dba5de45a4581d42e44bf1d5	545080435	2026-04-19T22:14:48Z	Data/Playlist1D/MasterAnaDev_data_AnaTuple_run00010277_Playlist.root
0bf4f754fb8b10c963d8637effe985f7d0f0aedcd90ad34fe01f6461285c5487	516179510	2026-04-19T22:14:50Z	Data/Playlist1D/MasterAnaDev_data_AnaTuple_run00010278_Playlist.root
3e259fb5eedb17e89ac63823f58c6ddf641156dbe9473aefc1e85e12e6e3507a	554709535	2026-04-19T22:15:02Z	Data/Playlist1D/MasterAnaDev_data_AnaTuple_run00010279_Playlist.root
686c2172d3e2c2250c09aaa94b9d4224b712149f50d10b360b9fb94ce0b7d6fe	569153728	2026-04-19T22:15:07Z	Data/Playlist1D/MasterAnaDev_data_AnaTuple_run00010280_Playlist.root
945912b6611b15b12117533201a130bd04217e7080bd96e9a0f4f9c75bcaf614	437537057	2026-04-19T22:15:12Z	Data/Playlist1D/MasterAnaDev_data_AnaTuple_run00010281_Playlist.root
c85c3e30da01c591591c0af36b88ddbc263b724cd0191f5aed95bef9afaa39bc	336234187	2026-04-19T22:15:15Z	Data/Playlist1D/MasterAnaDev_data_AnaTuple_run00010282_Playlist.root
9d2404874c1beaef8d78bccc238ba00baa0699b8d7e08c8803a5aeddc73e6457	521144647	2026-04-19T22:15:21Z	Data/Playlist1D/MasterAnaDev_data_AnaTuple_run00010283_Playlist.root
4b3687b1005d391f1df0b0b5ee765019107d24b144b01e49034e56150dcd2d41	562185044	2026-04-19T22:15:27Z	Data/Playlist1D/MasterAnaDev_data_AnaTuple_run00010284_Playlist.root
b90b88bb01b467a4b6d09dbbcc88e6809b131c415ea48e69a03d3ba759a760bb	552645251	2026-04-19T22:15:30Z	Data/Playlist1D/MasterAnaDev_data_AnaTuple_run00010285_Playlist.root
c13b0f2c2b9992c04eff970f6c8cbe038db5ec164018e7819ba5f77569ac07ca	535144991	2026-04-19T22:15:33Z	Data/Playlist1D/MasterAnaDev_data_AnaTuple_run00010286_Playlist.root
16572d0c551fcdbb2370161951c038e0c326837bbf9a77abaccc4d19cd04aa13	549775475	2026-04-19T22:15:36Z	Data/Playlist1D/MasterAnaDev_data_AnaTuple_run00010287_Playlist.root
b0ce47f4ecf3a24e659fcb54b64f3c24d892c853c1910509425e6eae342f2319	568807804	2026-04-19T22:15:39Z	Data/Playlist1D/MasterAnaDev_data_AnaTuple_run00010288_Playlist.root
52885904fec253a3e4e048334c373164294d6831bd9d6f8c114fc589028f2e06	477964401	2026-04-19T22:15:44Z	Data/Playlist1D/MasterAnaDev_data_AnaTuple_run00010289_Playlist.root
fdbd5d2f42976650330d50678fd5d860a933123028db99dc9867fd2c77935310	510430902	2026-04-19T22:15:46Z	Data/Playlist1D/MasterAnaDev_data_AnaTuple_run00010290_Playlist.root
c570b8c84a31c8223efa9db6e309037c52dec433d7de2013ba92e6160813c795	567789746	2026-04-19T22:15:50Z	Data/Playlist1D/MasterAnaDev_data_AnaTuple_run00010291_Playlist.root
25ff7d9bf39e1ab46736df4b0f73c72b189404fada00e8f39432d2c26474b56f	507193693	2026-04-19T22:15:54Z	Data/Playlist1D/MasterAnaDev_data_AnaTuple_run00010292_Playlist.root
48c5252d73aace26a6ba189da6feab1e245287c79fbb25f3bf949a8be78e1de1	558736485	2026-04-19T22:29:51Z	Data/Playlist1D/MasterAnaDev_data_AnaTuple_run00010293_Playlist.root
7ddb1ae6ba62d2c926a1e0bc93568f84e67548d1ce766577abe47b68ccbb4e59	572756751	2026-04-19T22:30:01Z	Data/Playlist1D/MasterAnaDev_data_AnaTuple_run00010294_Playlist.root
edf7f8a98317c5ad4adc042b084e85b9e2b7c457a33dff4f971467b7f4fdaccd	526006649	2026-04-19T22:30:03Z	Data/Playlist1D/MasterAnaDev_data_AnaTuple_run00010295_Playlist.root
f048099ae16d4a0ca61bf72af262d8bb5e3f42989622d5d6b717e012774f65f8	546421478	2026-04-19T22:30:06Z	Data/Playlist1D/MasterAnaDev_data_AnaTuple_run00010296_Playlist.root
7ef61763e3ac9ca8f4d19c25243234a44502294e8eb15fcaf00dd16fa025fd5e	212327649	2026-04-19T22:30:08Z	Data/Playlist1D/MasterAnaDev_data_AnaTuple_run00010297_Playlist.root
83d2b26c57c2ec54245cb8af77f8768211fd472e0d62a6840e2f3fbe3ca2c942	482707782	2026-04-19T22:30:11Z	Data/Playlist1D/MasterAnaDev_data_AnaTuple_run00010298_Playlist.root
cdee47d09e1e3927d4929a4684b032aab5e9174b8fd6109ae07fedadea935da2	569399123	2026-04-19T22:30:13Z	Data/Playlist1D/MasterAnaDev_data_AnaTuple_run00010299_Playlist.root
6a9ef478b8e928ec641829edd6d07affe592ee0a74ea9760dc02db49f6acc86c	530556044	2026-04-19T22:30:16Z	Data/Playlist1D/MasterAnaDev_data_AnaTuple_run00010300_Playlist.root
6e83da65e671b77b91f8b5addd4521e0e34e61329ed1c818df9938dc90669637	566641065	2026-04-19T22:30:19Z	Data/Playlist1D/MasterAnaDev_data_AnaTuple_run00010301_Playlist.root
792de655dcf92d3dc3411871f08fb360c60da7a2ac45dde39b99e84f291fe729	589970547	2026-04-19T22:30:22Z	Data/Playlist1D/MasterAnaDev_data_AnaTuple_run00010302_Playlist.root
9ee9b8a116d8771322a52f16087246c0fa57adbfd4d97280a96dd27c85b380ac	557405503	2026-04-19T22:30:26Z	Data/Playlist1D/MasterAnaDev_data_AnaTuple_run00010303_Playlist.root
5e4d082a7f8231620e1e415d6ff664b3b3756aa90b78f1cf90a47b8dc65335aa	373271561	2026-04-19T22:30:28Z	Data/Playlist1D/MasterAnaDev_data_AnaTuple_run00010304_Playlist.root
6cd6069c19082f29dd737e651536fd1fa46de0efd176a96a376979cb514d3f28	547240191	2026-04-19T22:30:32Z	Data/Playlist1D/MasterAnaDev_data_AnaTuple_run00010305_Playlist.root
c9dfd00849cf6735b8c1096a5dbc331b7bed9457adb511432cc46e306d8e444a	531850401	2026-04-19T22:30:35Z	Data/Playlist1D/MasterAnaDev_data_AnaTuple_run00010306_Playlist.root
aebf99a73b0f506e48478f22e257685b5208a4e269eb683d1141134150ccbdca	463827322	2026-04-19T22:30:37Z	Data/Playlist1D/MasterAnaDev_data_AnaTuple_run00010307_Playlist.root
a3a08363995f5637c1efb264d527fef391fc2983bd1e9c3e967d8371cf5048a0	525142648	2026-04-19T22:30:41Z	Data/Playlist1D/MasterAnaDev_data_AnaTuple_run00010308_Playlist.root
d25da87e629bddfae8c96b88a5997ba9473ecab9de14673ffa5481b7925e8ce2	517461165	2026-04-19T22:30:46Z	Data/Playlist1D/MasterAnaDev_data_AnaTuple_run00010309_Playlist.root
95a61e8052f8046923f4c89f7d224aca780d490de156edc5a36a1a222942d29d	538839163	2026-04-19T22:30:52Z	Data/Playlist1D/MasterAnaDev_data_AnaTuple_run00010310_Playlist.root
fb5ff8d349c02c5b491792dda00307873d6d214bb47fe768f650695c5ec4640a	509410761	2026-04-19T22:30:55Z	Data/Playlist1D/MasterAnaDev_data_AnaTuple_run00010311_Playlist.root
46f9f7fefc3a87e6902ed3b527be006b6c94158d0f26319c721ffd5a33b64e0f	521492256	2026-04-19T22:30:58Z	Data/Playlist1D/MasterAnaDev_data_AnaTuple_run00010312_Playlist.root
eaa091faae571a3ab989fad590d72ee5709108b3484932ed8d46790476152418	472144630	2026-04-19T22:31:01Z	Data/Playlist1D/MasterAnaDev_data_AnaTuple_run00010313_Playlist.root
6ee29b571bc20bca890cfefa27c739cbf4adf80c709a75c81ee981b44bbe0979	514239729	2026-04-19T22:31:05Z	Data/Playlist1D/MasterAnaDev_data_AnaTuple_run00010314_Playlist.root
7e16095187dc298187f48518783c90f91c2cb49df6145e3ece946fa55c700a90	522967759	2026-04-19T22:31:10Z	Data/Playlist1D/MasterAnaDev_data_AnaTuple_run00010315_Playlist.root
42b64f71a024c6230c9bdcc737b4e16e5c361100619f3308faa52812464a77ad	539025802	2026-04-19T22:31:14Z	Data/Playlist1D/MasterAnaDev_data_AnaTuple_run00010316_Playlist.root
d2a9dc5950ee548ba63cf3050abd96a69fa9771adb0b48af7a357c8144526e7f	483837751	2026-04-19T22:31:18Z	Data/Playlist1D/MasterAnaDev_data_AnaTuple_run00010317_Playlist.root
a0c476998b93471ac1a226597749e3269ebd243d14eddf8b465841de2a2da1f7	334422144	2026-04-19T22:31:20Z	Data/Playlist1D/MasterAnaDev_data_AnaTuple_run00010318_Playlist.root
9244ee3922d8a590aa6ade0ecf8272ea21280333976f2dd1d92e446e925fc8d4	141053285	2026-04-19T22:31:23Z	Data/Playlist1D/MasterAnaDev_data_AnaTuple_run00010319_Playlist.root
ef8d8b115ad2c10e354da137288e8ea2183ec466cb4c1200b328c7b7ebf62cda	291482223	2026-04-19T22:31:26Z	Data/Playlist1D/MasterAnaDev_data_AnaTuple_run00010332_Playlist.root
cb154d70c0e8b82d94aa6e0a60552d09b02a9722102b073b4aa26dd2f61f7a59	492817281	2026-04-19T22:31:30Z	Data/Playlist1D/MasterAnaDev_data_AnaTuple_run00010333_Playlist.root
1ffbf44f704e5351de63a27a87762a6ebab4add00f69ef32a159bce8a915118f	456564200	2026-04-19T22:31:32Z	Data/Playlist1D/MasterAnaDev_data_AnaTuple_run00010334_Playlist.root
85abff5f5834c314db1c3379dbc493f6db0600ba50f110764929205ceeba7bd6	500777812	2026-04-19T22:31:35Z	Data/Playlist1D/MasterAnaDev_data_AnaTuple_run00010335_Playlist.root
bb2d0aea226b52aa94163b3f5f9e72b27c3a473d4a50894696336b850d3067ab	558209343	2026-04-19T22:31:38Z	Data/Playlist1D/MasterAnaDev_data_AnaTuple_run00010336_Playlist.root
517c63f44c9fce0b1222b36612fab92694495652607138ae94f221193b399653	538934663	2026-04-19T22:31:42Z	Data/Playlist1D/MasterAnaDev_data_AnaTuple_run00010337_Playlist.root
04526b54e0b6d5680c494ddce8caece699596e11c594ef9da7496bc454287911	511290304	2026-04-19T22:31:45Z	Data/Playlist1D/MasterAnaDev_data_AnaTuple_run00010338_Playlist.root
902e5405619a26123c00a9c6b7a10a952f30c471092b063d09965ff96272b0a4	518577619	2026-04-19T22:31:47Z	Data/Playlist1D/MasterAnaDev_data_AnaTuple_run00010339_Playlist.root
0f52d70cd579b0be2a1391b92f76b068e1783042160053a75eec70c11a8509f1	868682460	2026-04-19T22:31:52Z	Data/Playlist1D/MasterAnaDev_data_AnaTuple_run00010340_Playlist.root
ef39a84660087e20e865a9aec2f75c63dd80341e43324bd2db32dbdd891b91be	556620388	2026-04-19T22:31:56Z	Data/Playlist1D/MasterAnaDev_data_AnaTuple_run00010341_Playlist.root
4c8a422c7b0af961c804d7472d2fb26c161b3981ab7b5f26132ae0bbfcb0c971	515344220	2026-04-19T22:32:00Z	Data/Playlist1D/MasterAnaDev_data_AnaTuple_run00010342_Playlist.root
ae416af0aba09b2b0d462e5fa8b8747192d01080dd23ca58aebb75f5278f4813	515852266	2026-04-19T22:32:05Z	Data/Playlist1D/MasterAnaDev_data_AnaTuple_run00010343_Playlist.root
82710ae82cb53d9c1d8f5a9f824101ee261103ffbe4032b8d9693a3cc54b5536	664778730	2026-04-19T22:32:08Z	Data/Playlist1D/MasterAnaDev_data_AnaTuple_run00010344_Playlist.root
987c08c065482e609115bbdf66534b64a2e6c97c271452aa71634abb2f938136	554671801	2026-04-19T22:32:12Z	Data/Playlist1D/MasterAnaDev_data_AnaTuple_run00010345_Playlist.root
26a30d92cf4bbd683f04919acee66acce266fec6566b236c86fac7b1a64f3c83	547623141	2026-04-19T22:32:16Z	Data/Playlist1D/MasterAnaDev_data_AnaTuple_run00010346_Playlist.root
0e7bceb504399121e6d90edc9565ca320c4ac3aada340531ae4a08602d133529	572669307	2026-04-19T22:32:18Z	Data/Playlist1D/MasterAnaDev_data_AnaTuple_run00010347_Playlist.root
efcd6015705f8d145adee6134902d4c96708f558410b973427ace9d8e14bbdb3	413941664	2026-04-19T22:32:22Z	Data/Playlist1D/MasterAnaDev_data_AnaTuple_run00010348_Playlist.root
6def8afd89ae2bbb61e7198983fd06d68813b2bfa7d8b19dbd6281251e1c3aa3	574763641	2026-04-19T22:32:26Z	Data/Playlist1D/MasterAnaDev_data_AnaTuple_run00010349_Playlist.root
df2cf08a88fd3812f31f4d2f3be4ba4171397a9fde0cbcb6ba0ee857cbf015a7	684038341	2026-04-19T22:32:31Z	Data/Playlist1D/MasterAnaDev_data_AnaTuple_run00010350_Playlist.root
c7e9c7096eba1c97f76dd674d84d91b92439ed76b6f17cc8d4bfc6df16d136f3	207948117	2026-04-19T22:32:33Z	Data/Playlist1D/MasterAnaDev_data_AnaTuple_run00010351_Playlist.root
28bf95804dc7222d8ec93d6a83c43e665774d6119edc732fceee86d18a35d3d8	507561249	2026-04-19T22:32:38Z	Data/Playlist1D/MasterAnaDev_data_AnaTuple_run00010353_Playlist.root
71c066c937d3206e8d991d18e9eb8a34a921851a98d981d36ebb0447e2abd1ca	534675470	2026-04-19T22:32:42Z	Data/Playlist1D/MasterAnaDev_data_AnaTuple_run00010354_Playlist.root
f2b88d4f437a712ee6d04999aa9ddeb36e4c8c2509e4f331dafc0f6df7917f45	565123058	2026-04-19T22:32:45Z	Data/Playlist1D/MasterAnaDev_data_AnaTuple_run00010355_Playlist.root
97054c8a9f4cd6d1c89bf83498dfc601e3c376a18fafa084596356e19b05b044	428276783	2026-04-19T22:32:49Z	Data/Playlist1D/MasterAnaDev_data_AnaTuple_run00010356_Playlist.root
6a76aa4ce2a1ee6b18952993919490a5f7bea55b9bc040834049f818cd6d34f5	1644490	2026-04-19T22:32:50Z	Data/Playlist1D/MasterAnaDev_data_AnaTuple_run00010357_Playlist.root
36c9569a51729365f4a92181d2e559649be5a0987df9840f2e9a5824fe4d71f9	539539547	2026-04-19T22:32:54Z	Data/Playlist1D/MasterAnaDev_data_AnaTuple_run00010358_Playlist.root
053bac3badb7f72e80ec83d2effce1a0b1fb608f19bfe568e6e155caab9ec0ab	532652139	2026-04-19T22:32:57Z	Data/Playlist1D/MasterAnaDev_data_AnaTuple_run00010359_Playlist.root
9ceddbc729aeeeab6eb5c9a736299f0670ae316d269e2bcd6e22fbe5c5559560	563098245	2026-04-19T22:33:00Z	Data/Playlist1D/MasterAnaDev_data_AnaTuple_run00010360_Playlist.root
2cf5764f0e78d26ee0f3037443b56b99dca100b0c5c2236defa5dbf20f4c0f7c	531500457	2026-04-19T22:33:03Z	Data/Playlist1D/MasterAnaDev_data_AnaTuple_run00010361_Playlist.root
cba1a9459ab8220831a91a09a4a50aeb10cf78074d12404f8777276d8332d5d9	529391006	2026-04-19T22:33:06Z	Data/Playlist1D/MasterAnaDev_data_AnaTuple_run00010362_Playlist.root
7ee5f190a7f6ddfa3d65505b37bd945d1ad86572a23a7bda5c26377b091a58a4	527981444	2026-04-19T22:33:10Z	Data/Playlist1D/MasterAnaDev_data_AnaTuple_run00010363_Playlist.root
5e1c0a64e8fd78f65cd2d75944a90cabb2f0093633e937c712058fe6f10687bd	539193961	2026-04-19T22:47:00Z	Data/Playlist1D/MasterAnaDev_data_AnaTuple_run00010364_Playlist.root
ce7f64fb04cfd564e51db9f53b7773a63b1e5dec165ff2af9441eed132d4dbc9	498722191	2026-04-19T22:47:09Z	Data/Playlist1D/MasterAnaDev_data_AnaTuple_run00010365_Playlist.root
1ce4c941fd3b22f1fea4ec62422504f8d54dad9474fbeaa5e01e949430953591	544896658	2026-04-19T22:47:14Z	Data/Playlist1D/MasterAnaDev_data_AnaTuple_run00010366_Playlist.root
7a3d93b5f56ab808ce650c00fc0c9e3ddf2d30bd50766b6b169a263968643700	57255010	2026-04-19T22:47:16Z	Data/Playlist1D/MasterAnaDev_data_AnaTuple_run00010367_Playlist.root
5793e53c50be07e13963a12840c8c46ac16b205a26cd92d37b30b2348e0330fe	1573062	2026-04-19T22:47:17Z	Data/Playlist1D/MasterAnaDev_data_AnaTuple_run00010368_Playlist.root
a7dcd3bf82d5e3af8c33622288959212364469f4941e387852dda6cad9cd0dfd	555362061	2026-04-19T22:47:20Z	Data/Playlist1D/MasterAnaDev_data_AnaTuple_run00010369_Playlist.root
301db8927bd2706f292fe43c6bd7c3612535354699540a5dafaf2a06c2ddced7	524363831	2026-04-19T22:47:22Z	Data/Playlist1D/MasterAnaDev_data_AnaTuple_run00010370_Playlist.root
1a65dc53bde21757deb0831239985603dc2e6de8c6d7adb08f9bc2bc35bd866b	17446339	2026-04-19T22:47:23Z	Data/Playlist1D/MasterAnaDev_data_AnaTuple_run00010371_Playlist.root
a53971cd9be2b3f6afee1d1eeb105253942bfac44fcedfd950597ddd1f87f2ab	376149808	2026-04-19T22:47:25Z	Data/Playlist1D/MasterAnaDev_data_AnaTuple_run00010372_Playlist.root
0f040e182a83175841e0f8d8989d3753cb3e46a6eee2fdd5f1238e3d5a95d461	307749956	2026-04-19T22:47:27Z	Data/Playlist1D/MasterAnaDev_data_AnaTuple_run00010373_Playlist.root
2b37f5601b7c69308303f100e44dbfa741b7e282ea5709bbe470f1a979ed4425	1400238	2026-04-19T22:47:28Z	Data/Playlist1D/MasterAnaDev_data_AnaTuple_run00010374_Playlist.root
0f347c12f4858b1f2b2d81e6c1b00e0baf29c63d954717bb27810b4ca5372c35	511533110	2026-04-19T22:47:30Z	Data/Playlist1D/MasterAnaDev_data_AnaTuple_run00010375_Playlist.root
e9494cf7529c406890e581ad9bc6fe9cf9d480596465873aedd37fa10546c8ce	529611303	2026-04-19T22:47:34Z	Data/Playlist1D/MasterAnaDev_data_AnaTuple_run00010376_Playlist.root
9ae1363c0211cc7caf2f223579504dbf77db0fe8e6f1fc2d9a85e7cd8d381659	574911423	2026-04-19T22:47:38Z	Data/Playlist1D/MasterAnaDev_data_AnaTuple_run00010377_Playlist.root
9f4f968c3ce22c27736bd280e10a2d8e3f2c04c9bdb9deecbfb5fae5b852c827	557423195	2026-04-19T22:47:43Z	Data/Playlist1D/MasterAnaDev_data_AnaTuple_run00010378_Playlist.root
49b4088153d332e8a2e7996eec5c6f6d0411ddfe5fb0257e4102302e98d76635	546522228	2026-04-19T22:47:46Z	Data/Playlist1D/MasterAnaDev_data_AnaTuple_run00010379_Playlist.root
0d2f769f4cf6bd21ec7094807ad088a784be171ee34b9ad4814ce652d9456cc6	510481338	2026-04-19T22:47:51Z	Data/Playlist1D/MasterAnaDev_data_AnaTuple_run00010380_Playlist.root
62394a6268f7caab2dd2c9dbae788aa0a030d2df6ccf85aab0f0d70c2d59e7e5	559166673	2026-04-19T22:48:00Z	Data/Playlist1D/MasterAnaDev_data_AnaTuple_run00010381_Playlist.root
d761999934bdeef2f878cec48222e7a5c1849766a61d8da1590b25dc65c0f4ae	517336845	2026-04-19T22:48:02Z	Data/Playlist1D/MasterAnaDev_data_AnaTuple_run00010382_Playlist.root
2179bac6266d833ab39627a75d914fbf4fb036bae1e4f7e5a2bf9968085bbdb5	303766312	2026-04-19T22:48:05Z	Data/Playlist1D/MasterAnaDev_data_AnaTuple_run00010383_Playlist.root
2cf955f0861943f0260c06d20f392e31792491f7acb3661ee42bd8884f59589f	166293	2026-04-19T22:48:05Z	Data/Playlist1D/MasterAnaDev_data_AnaTuple_run00010385_Playlist.root
c3b3baacba43840df1f9460a23dcf5758272de66e008cdca4b168c7d602d5bf5	350921146	2026-04-19T22:48:07Z	Data/Playlist1D/MasterAnaDev_data_AnaTuple_run00010386_Playlist.root
783b697a0e5bc75cf98a361751879d58e0c2008988a2f19d6508685b45628d12	469019527	2026-04-19T22:48:11Z	Data/Playlist1D/MasterAnaDev_data_AnaTuple_run00010387_Playlist.root
2429ec5d6100def85dc2822e93aa2cebc900a21c6d3ceffde9a62c5cc7e33ac8	553731711	2026-04-19T22:48:15Z	Data/Playlist1D/MasterAnaDev_data_AnaTuple_run00010388_Playlist.root
8c054a849d0800aae5213b1501b0b81471113295f03a838825b48a2d1a891999	205440838	2026-04-19T22:48:16Z	Data/Playlist1D/MasterAnaDev_data_AnaTuple_run00010389_Playlist.root
8386fb71934bcee162f35c631a9904a8f557c7816caf632be88595f656374cdb	553590067	2026-04-19T22:48:20Z	Data/Playlist1D/MasterAnaDev_data_AnaTuple_run00010390_Playlist.root
d26de134ee07f2ec4a7b2770f72f6b1e38a16c5d1b37e092cb1bfa7791bf7d13	534668340	2026-04-19T22:48:23Z	Data/Playlist1D/MasterAnaDev_data_AnaTuple_run00010391_Playlist.root
5178289c9d51dd80de1499be620f63fb8cb68900bdd4d29ed4247bdebd510178	576815527	2026-04-19T22:48:26Z	Data/Playlist1D/MasterAnaDev_data_AnaTuple_run00010392_Playlist.root
b35bc1832045688ca2af53f5973e142dd8fbde5e8e9839ba060741791a6a8860	580564255	2026-04-19T22:48:32Z	Data/Playlist1D/MasterAnaDev_data_AnaTuple_run00010393_Playlist.root
1b57a8143c9fae4861d61c38dfd17d84a866d329dd282c8d41c182408cb6464c	564873936	2026-04-19T22:48:37Z	Data/Playlist1D/MasterAnaDev_data_AnaTuple_run00010394_Playlist.root
d3a030af7df14c3d0f66a148ce21eba41cbc71f402cab5776546645c6c5c201b	523982543	2026-04-19T22:48:41Z	Data/Playlist1D/MasterAnaDev_data_AnaTuple_run00010395_Playlist.root
c130d35f0b39279adc62a18789d3a86e71a23216aba2e048e1453b058c7081a0	544878464	2026-04-19T22:48:46Z	Data/Playlist1D/MasterAnaDev_data_AnaTuple_run00010396_Playlist.root
f071729599ce34f1af70792e872f6926006add76877f80210dff99a1e0adee68	558834609	2026-04-19T22:48:50Z	Data/Playlist1D/MasterAnaDev_data_AnaTuple_run00010397_Playlist.root
6aa4d45a3ce08eadcd179701592cb96916652fec7176fb9247f88d0adbea28f9	549520373	2026-04-19T22:48:53Z	Data/Playlist1D/MasterAnaDev_data_AnaTuple_run00010398_Playlist.root
65614c2decba76ed8819de3d4fbc54cd70384989990f37bfee9e1a8eb2ec661f	388507101	2026-04-19T22:48:56Z	Data/Playlist1D/MasterAnaDev_data_AnaTuple_run00010399_Playlist.root
651f0483567e1d27f56d93dbaa493c979b43c690885a32e0f1fee0f073645018	530744489	2026-04-19T22:48:59Z	Data/Playlist1D/MasterAnaDev_data_AnaTuple_run00010400_Playlist.root
120e1d8cb86645fadabe31688a3e488a7de4f05ffe10ea687a5f5a75173708ae	57186362	2026-04-19T22:49:00Z	Data/Playlist1D/MasterAnaDev_data_AnaTuple_run00010401_Playlist.root
209237a2b02a2f486345f538951b5fa3e5c55637d37ace225fab4949f8b896d2	512877344	2026-04-19T22:49:04Z	Data/Playlist1D/MasterAnaDev_data_AnaTuple_run00010402_Playlist.root
132911156fe60dab50ed09d6de6448d6d59b141c29358cf46b9b428bc1371cc7	549116288	2026-04-19T22:49:09Z	Data/Playlist1D/MasterAnaDev_data_AnaTuple_run00010403_Playlist.root
2915a1833a54cbacf1fd531d50b97afd6eac572e99360da0e93d017d585338df	569477760	2026-04-19T22:49:12Z	Data/Playlist1D/MasterAnaDev_data_AnaTuple_run00010404_Playlist.root
e591e1236c095f69f927dfa0d64431257d6418427e8c868ffdb1e5f097857014	561305206	2026-04-19T22:49:16Z	Data/Playlist1D/MasterAnaDev_data_AnaTuple_run00010405_Playlist.root
887d7788c350725daf7066adebe2280dbadd58bad61acb19d9299f83be5ae372	561394166	2026-04-19T22:49:19Z	Data/Playlist1D/MasterAnaDev_data_AnaTuple_run00010406_Playlist.root
add608f671f630a84184111abc7d7b2300233c0d02dd1a8f2dfdf33ebb86b95c	545011375	2026-04-19T22:49:22Z	Data/Playlist1D/MasterAnaDev_data_AnaTuple_run00010407_Playlist.root
d064308ebc9bc0921f67e82cca40641f8fce93910b0fde9079d70a3e52840a97	575558086	2026-04-19T22:49:25Z	Data/Playlist1D/MasterAnaDev_data_AnaTuple_run00010408_Playlist.root
f5afc48f8417ceb0d83237a12c83c9f2ce73722d446db093816c833d671dc5c3	560043551	2026-04-19T22:49:29Z	Data/Playlist1D/MasterAnaDev_data_AnaTuple_run00010409_Playlist.root
b7288f03928ba8e3078052f632d66a0f68bdde7d0cde5ffe1b7ab0429ebd540f	559068602	2026-04-19T22:49:33Z	Data/Playlist1D/MasterAnaDev_data_AnaTuple_run00010410_Playlist.root
a1b04c06db89da72109bf11e0d6fc6a8934beb7e453da274707b4c60a82fbfb6	501515230	2026-04-19T22:49:36Z	Data/Playlist1D/MasterAnaDev_data_AnaTuple_run00010411_Playlist.root
7b12b68aa7d152bb67e29a330adea773b430c11b3e9da13703f0637fb1af8033	537663944	2026-04-19T22:49:39Z	Data/Playlist1D/MasterAnaDev_data_AnaTuple_run00010412_Playlist.root
2efc9a2624d59303a9dc6d307fa82590e9c87445d7e7b7ee6e574c95b261206b	545807999	2026-04-19T22:49:43Z	Data/Playlist1D/MasterAnaDev_data_AnaTuple_run00010413_Playlist.root
a6585a23c902fedc6f3a1342e5394b7afee90da40e5e38c65e45953a73647ba8	430582219	2026-04-19T22:49:46Z	Data/Playlist1D/MasterAnaDev_data_AnaTuple_run00010414_Playlist.root
454172afa1841be259ed7d871d329a217dd24b97627c0817b90c3640941ea20e	544698888	2026-04-19T22:49:49Z	Data/Playlist1D/MasterAnaDev_data_AnaTuple_run00010415_Playlist.root
011562c13f2c26406441929e1f431a8fd1ddb60e4bef1c75770bf0b019797318	590228013	2026-04-19T22:49:52Z	Data/Playlist1D/MasterAnaDev_data_AnaTuple_run00010416_Playlist.root
79b4d2254a81a7b53c93cadc7efa26c8d238e33ec56c7df52482754c1f8ab7f3	602936731	2026-04-19T22:49:55Z	Data/Playlist1D/MasterAnaDev_data_AnaTuple_run00010417_Playlist.root
6b152e5e189d717eafd1acd9c0adf74c98a3952cf8e9bc5e6f6384f902c4fbca	530960231	2026-04-19T22:49:58Z	Data/Playlist1D/MasterAnaDev_data_AnaTuple_run00010418_Playlist.root
dd1861a05735c1d9748ca299d80fa4801651dc7890c4d20b16cc429671245e94	556774467	2026-04-19T22:50:03Z	Data/Playlist1D/MasterAnaDev_data_AnaTuple_run00010419_Playlist.root
fe1cafdecb5d7bddfc04ba00dfc949dcb1356ee22e165d1fd2071ba8e50ba4a8	570527936	2026-04-19T22:50:09Z	Data/Playlist1D/MasterAnaDev_data_AnaTuple_run00010420_Playlist.root
3b0d5a5b67b77e00bbdbbdba08e54f7376eefce2929069199b994f1adf5e4b0c	58053769	2026-04-19T22:50:11Z	Data/Playlist1D/MasterAnaDev_data_AnaTuple_run00010421_Playlist.root
da2a593181fe15e261ea50b0054d76368f4065c281353465fc8d757428665656	61113677	2026-04-19T22:50:13Z	Data/Playlist1D/MasterAnaDev_data_AnaTuple_run00010422_Playlist.root
29ff35476a59cdc503be69d9adb135577f1a25b52c72fb6481d9e08ace53f242	542282384	2026-04-19T22:50:17Z	Data/Playlist1D/MasterAnaDev_data_AnaTuple_run00010423_Playlist.root
b423fa9bae66ab17edbbba03b0918b1c31dd02c2d017a20362b8e2bd7d6c879c	518582485	2026-04-19T22:50:20Z	Data/Playlist1D/MasterAnaDev_data_AnaTuple_run00010424_Playlist.root
afa74f7fd535e9412d28c8dad63ae3a323c4d288d385b79c4a58306301f41e1a	523184904	2026-04-19T22:50:23Z	Data/Playlist1D/MasterAnaDev_data_AnaTuple_run00010425_Playlist.root
0e85e844385d9c924f2b5ed9e6bf345746f1f9c0efa83dbace34a61186a3f5bd	515072684	2026-04-19T22:50:26Z	Data/Playlist1D/MasterAnaDev_data_AnaTuple_run00010426_Playlist.root
98c3e99519e3bee669060ffd5c7d7d9b4d600dc34a16dc9c4163630f191dc822	522632558	2026-04-19T22:50:29Z	Data/Playlist1D/MasterAnaDev_data_AnaTuple_run00010427_Playlist.root
e865f11e5d3f9d21e3ddf6ed83d7c97b4b35b084f15ba7f8ef2914fcd7aab74a	288577687	2026-04-19T22:50:34Z	Data/Playlist1D/MasterAnaDev_data_AnaTuple_run00010428_Playlist.root
70f467f6fb1b73c6380c7950b6b233e257b4036498ff892cbd002b2b29e0611e	18796501	2026-04-19T22:50:36Z	Data/Playlist1D/MasterAnaDev_data_AnaTuple_run00010429_Playlist.root
f848fc01a010b693c6b511e0f0453f8462be92f31f849c8e62acb5e2caa6c7ea	4530963	2026-04-19T22:50:37Z	Data/Playlist1D/MasterAnaDev_data_AnaTuple_run00010430_Playlist.root
7bed2ab5b314eb9688298fc361ff6464caaac7b06e003936ce20f051b8847ee2	36956232	2026-04-19T22:50:38Z	Data/Playlist1D/MasterAnaDev_data_AnaTuple_run00010431_Playlist.root
080ab8c28733a6a6848221a25436db9a974784c4bd8ce4e34472dfd3623766dc	558570438	2026-04-19T22:50:43Z	Data/Playlist1D/MasterAnaDev_data_AnaTuple_run00010433_Playlist.root
1f3aef804b9ae4f64f4ebc01e50226d25acee12711842d128d4fcffd071b9400	526313699	2026-04-19T22:50:46Z	Data/Playlist1D/MasterAnaDev_data_AnaTuple_run00010434_Playlist.root
b8a7f665aacaeec27f933a1988cdce042141fc1ace3b7cd92468a72607d5ecfd	515413710	2026-04-19T22:50:50Z	Data/Playlist1D/MasterAnaDev_data_AnaTuple_run00010435_Playlist.root
8367079916dbf6d81aaf9bde84abca87392cf99725bcf7def6c8e11705a1cba8	118213773	2026-04-19T22:50:52Z	Data/Playlist1D/MasterAnaDev_data_AnaTuple_run00010436_Playlist.root
33077790c141ee64bf2e8e5cd9dcb90d68cab30b2fba04cd070743552cd5f475	28287148	2026-04-19T22:50:53Z	Data/Playlist1D/MasterAnaDev_data_AnaTuple_run00010437_Playlist.root
d571bec52b481910331d7b198778cf7bdbb714f69e2908f02b066f9af3cbb67d	551650360	2026-04-19T22:50:56Z	Data/Playlist1D/MasterAnaDev_data_AnaTuple_run00010500_Playlist.root
3a5ecf4b3eac6d8ba0630ee1dc3e9c179321c96fb288da94c63a8a0c1a4444ce	566332525	2026-04-19T22:51:01Z	Data/Playlist1D/MasterAnaDev_data_AnaTuple_run00010501_Playlist.root
45a301c0ee6036ee1958734e355822eed93d15f7080620656b7da91b80ffae8f	534837379	2026-04-19T22:51:05Z	Data/Playlist1D/MasterAnaDev_data_AnaTuple_run00010502_Playlist.root
7521222617c3d12cedc39cee92a85432bb1b60110ddc88d1c4290f935de1edae	175740675	2026-04-19T22:51:06Z	Data/Playlist1D/MasterAnaDev_data_AnaTuple_run00010503_Playlist.root
0e6878bd427edef6c965ff6fc4267722b3b59e1b51cf539717c39ec94ddfef6b	299051782	2026-04-19T22:51:09Z	Data/Playlist1D/MasterAnaDev_data_AnaTuple_run00010504_Playlist.root
c0013539f72fdcf399e4037a7949705a42f8ad1c3ce1e8fd4274827d9a3454e4	463253443	2026-04-19T22:51:12Z	Data/Playlist1D/MasterAnaDev_data_AnaTuple_run00010505_Playlist.root
f60f44b040484eed980e5a185d923ea9e3438d2934fdceecd51d6b087e5cdb2d	60816013	2026-04-19T22:51:14Z	Data/Playlist1D/MasterAnaDev_data_AnaTuple_run00010506_Playlist.root
59b117811c85ef6c1ee2eb1b4a0cf2bc2205f9f1b2cf75724185f15b8680752f	409545375	2026-04-19T22:51:16Z	Data/Playlist1D/MasterAnaDev_data_AnaTuple_run00010508_Playlist.root
2a1428c6545444dc1b83c534b0e47f7f727866326da0810d4faf9344df5e02ad	197129608	2026-04-19T22:51:18Z	Data/Playlist1D/MasterAnaDev_data_AnaTuple_run00010509_Playlist.root
9ec428bf826d1d498ac2c7ffba6626c1e3062a84a56981c2d993653f47c07273	367171702	2026-04-19T22:51:23Z	Data/Playlist1D/MasterAnaDev_data_AnaTuple_run00010511_Playlist.root
c09bb30d4ec5fa2c09bd2755e1971e631e3d8b8d878a3e138440b5a0cf61a342	386684369	2026-04-19T22:51:25Z	Data/Playlist1D/MasterAnaDev_data_AnaTuple_run00010512_Playlist.root
b74c500b236c57e3e2cbfc94808b9fc1abf14243979c45e19138088366608edb	396610604	2026-04-19T22:51:29Z	Data/Playlist1D/MasterAnaDev_data_AnaTuple_run00010513_Playlist.root
ab05992e64cc9b809fd9186ec957b6b1924f72b19ba843a19fe0f54184af4b48	445654535	2026-04-19T22:51:33Z	Data/Playlist1D/MasterAnaDev_data_AnaTuple_run00010514_Playlist.root
392b888e826bc5c5954d4174851f820cbcd96731d92a32368ba7f4d76e748663	445210263	2026-04-19T22:51:35Z	Data/Playlist1D/MasterAnaDev_data_AnaTuple_run00010515_Playlist.root
27315602d4a876be2972c95d614e5f829683821797cf247ec3deac536497387c	453774192	2026-04-19T22:51:38Z	Data/Playlist1D/MasterAnaDev_data_AnaTuple_run00010516_Playlist.root
6041980f92a282acddad428397dc2d8f53711c6433dbaec98479cdbd229d5763	433591278	2026-04-19T22:51:41Z	Data/Playlist1D/MasterAnaDev_data_AnaTuple_run00010517_Playlist.root
21240c04742c577ba014da4ea24a8d4b1e78b78b2803e9142bc3b3db7d5cd963	448933942	2026-04-19T22:51:44Z	Data/Playlist1D/MasterAnaDev_data_AnaTuple_run00010518_Playlist.root
359722b30a597b5a93c1fc7e7130e14f68f59ffa9733a53b97308fe258b0185f	450081979	2026-04-19T22:51:46Z	Data/Playlist1D/MasterAnaDev_data_AnaTuple_run00010519_Playlist.root
33eb31bcbbd1f4eff9a4697b3c8d725265d027a62f0ee1a081a39b1b2ca8e91d	432960197	2026-04-19T22:51:50Z	Data/Playlist1D/MasterAnaDev_data_AnaTuple_run00010520_Playlist.root
1a1da207a21ef7b592a3c8013e8181beabfcdd0ac72d7db9bf05356d657e10f9	437072240	2026-04-19T22:51:53Z	Data/Playlist1D/MasterAnaDev_data_AnaTuple_run00010521_Playlist.root
8bfe4b3a61da82a9b61466475e966fe4b655062c69241b0562c21088df415809	421397506	2026-04-19T22:51:57Z	Data/Playlist1D/MasterAnaDev_data_AnaTuple_run00010522_Playlist.root
c3b48c526b7d7bd02962769e4006f97cd7afb46a05f44a2172ee7389fdf2dd79	506070122	2026-04-19T22:52:00Z	Data/Playlist1D/MasterAnaDev_data_AnaTuple_run00010523_Playlist.root
1ff59a9282ad4180b9587e898f5bb7320a7e17cf5c9db3e52c76b14da50175bd	318484223	2026-04-19T22:52:02Z	Data/Playlist1D/MasterAnaDev_data_AnaTuple_run00010524_Playlist.root
b5ddf4aa4dbd3fda1a2972b750de9f236813af88fbcde1d3407c38898821cc0d	489832013	2026-04-19T22:52:05Z	Data/Playlist1D/MasterAnaDev_data_AnaTuple_run00010525_Playlist.root
088d313112e11b8dd0f822cf2900307fa27b6a39c9a1b73457d0d8efce30a255	499896276	2026-04-19T22:52:08Z	Data/Playlist1D/MasterAnaDev_data_AnaTuple_run00010526_Playlist.root
3e804fa59a07f7818ecb3042231229ed8ba03aa1cc651a52810c814fb4ff6d07	224801186	2026-04-19T22:52:11Z	Data/Playlist1D/MasterAnaDev_data_AnaTuple_run00010527_Playlist.root
b9ac4ee56014d02bf4c1452924074db0e324b384ce1407154fb78b114084e305	514575643	2026-04-19T22:52:14Z	Data/Playlist1D/MasterAnaDev_data_AnaTuple_run00010529_Playlist.root
b2b256a4614246655a0fccee7de3555d72b41d5065990070904a0d5dcb0d7155	443807018	2026-04-19T22:52:17Z	Data/Playlist1D/MasterAnaDev_data_AnaTuple_run00010530_Playlist.root
3f30cf05857c01665308ac021a0ba5a6079473556fed57c2f7c23795bb759758	512077458	2026-04-19T22:52:19Z	Data/Playlist1D/MasterAnaDev_data_AnaTuple_run00010531_Playlist.root
cbef62bb380bb6a570e7879eab232939e73089d6a8f8b2eb42c8f59ffc88ca1c	508459538	2026-04-19T22:52:22Z	Data/Playlist1D/MasterAnaDev_data_AnaTuple_run00010532_Playlist.root
ffe19f9a0d265e9d08a0626139bd1aaba088abf9d87aec690221c8c5d27aeb47	496943378	2026-04-19T22:52:24Z	Data/Playlist1D/MasterAnaDev_data_AnaTuple_run00010533_Playlist.root
574460acc8f9f516e4e89fb278396906a53633f8f0863f15df747c12a4f27024	478813863	2026-04-19T22:52:27Z	Data/Playlist1D/MasterAnaDev_data_AnaTuple_run00010534_Playlist.root
0c8909c4a4b5474a663a6760d3c553af8cbdd1c246794ef5ce193a24590f3da8	504207797	2026-04-19T22:52:30Z	Data/Playlist1D/MasterAnaDev_data_AnaTuple_run00010535_Playlist.root
54f3907c5281dcc0c766e746d325fe22e227645060795abcd26660c54b717e29	521962550	2026-04-19T22:52:33Z	Data/Playlist1D/MasterAnaDev_data_AnaTuple_run00010536_Playlist.root
5cfb572b4db87465971ab8fc6071d990679c604fa0ce33648ec776df679e4292	528498741	2026-04-19T22:52:37Z	Data/Playlist1D/MasterAnaDev_data_AnaTuple_run00010537_Playlist.root
4fa07706e521e1be4d6728abe6b8a314d4dcfbcea61904dded6993f3dd4eee1d	466149281	2026-04-19T22:52:40Z	Data/Playlist1D/MasterAnaDev_data_AnaTuple_run00010538_Playlist.root
94bfd0b8823e5957f561c8da869d28312f7c366d237194620a0cf33acb116626	211771108	2026-04-19T22:52:42Z	Data/Playlist1D/MasterAnaDev_data_AnaTuple_run00010556_Playlist.root
b772ba5af60eb3dae4bfbf215daef08d3e8d5a66b9a345ffbf6af5b5aa4220fb	509670579	2026-04-19T22:52:45Z	Data/Playlist1D/MasterAnaDev_data_AnaTuple_run00010557_Playlist.root
ce433631042eed150e5ca8ca30985fc3f7a03252bcbb05d06719de6cd5298c43	585202214	2026-04-19T22:52:49Z	Data/Playlist1D/MasterAnaDev_data_AnaTuple_run00010558_Playlist.root
920c4b8a7c1b14be4738bb3833de8d7a29dbd41e99b49e5ee0f0ce225973b278	605043219	2026-04-19T22:52:52Z	Data/Playlist1D/MasterAnaDev_data_AnaTuple_run00010559_Playlist.root
7ad2d9128593cd2ce2f493b5acab6b72372c5e83cae359baa13f25cdc39c3756	523272191	2026-04-19T22:52:56Z	Data/Playlist1D/MasterAnaDev_data_AnaTuple_run00010560_Playlist.root
9c7034572bdb3776a9382b8a7c8e907de14296d9d9e8ade463cc512c05ef80ed	425330021	2026-04-19T22:52:58Z	Data/Playlist1D/MasterAnaDev_data_AnaTuple_run00010561_Playlist.root
1892696f20e05e44e79e5eed15568d035e040db3cf570a5c25aed40b85b73a80	534084708	2026-04-19T22:53:02Z	Data/Playlist1D/MasterAnaDev_data_AnaTuple_run00010562_Playlist.root
33bc4dc1b61a0cfe13d23b79b3266f9f83be1891e0a36345439d7229cfb33c36	323719791	2026-04-19T22:53:03Z	Data/Playlist1D/MasterAnaDev_data_AnaTuple_run00010563_Playlist.root
8fd5ae5c06e265ab82389c8d5abe8ed740b7d79da378c8aaa10003614b28bfe5	518656899	2026-04-19T22:53:06Z	Data/Playlist1D/MasterAnaDev_data_AnaTuple_run00010586_Playlist.root
b0dcd70a4353a0f5e1cb4eca30a8499dc2431e3bbd061647d1ade13f5030a107	509181409	2026-04-19T22:53:08Z	Data/Playlist1D/MasterAnaDev_data_AnaTuple_run00010587_Playlist.root
5538f9d94e28a7c8a9171590f6182288cb868750276fc3c79f68291565d1d623	507492841	2026-04-19T22:53:12Z	Data/Playlist1D/MasterAnaDev_data_AnaTuple_run00010588_Playlist.root
ce56b8ac3711ad8f38b3d53bbb3a6243cd9074d92c0741f1648048cf97711d75	510831326	2026-04-19T22:53:16Z	Data/Playlist1D/MasterAnaDev_data_AnaTuple_run00010589_Playlist.root
f4d11ea76d11c602891fbdf7ba43fb326e53a3d24d7b240a9c31e2c5e8095682	521456401	2026-04-19T22:53:22Z	Data/Playlist1D/MasterAnaDev_data_AnaTuple_run00010590_Playlist.root
d52176dd19be2645809151559c7c6235c9f1036a2d02c44cbb750f33147268be	508628906	2026-04-19T22:53:24Z	Data/Playlist1D/MasterAnaDev_data_AnaTuple_run00010591_Playlist.root
6f2a448a863373a5c9ef45cc068bbd6e449657c6da30014c8bd952a6bd41c507	416623674	2026-04-19T22:53:27Z	Data/Playlist1D/MasterAnaDev_data_AnaTuple_run00010592_Playlist.root
e27467c71927da20e19b4cfb5f2302d165818c4f6c22b4b8473169f888413af7	519671469	2026-04-19T22:53:30Z	Data/Playlist1D/MasterAnaDev_data_AnaTuple_run00010593_Playlist.root
90affce4c1286749666a9dc14a12ec2a77875933ddc3cd5fd440dfbd72938cd1	557365927	2026-04-19T22:53:34Z	Data/Playlist1D/MasterAnaDev_data_AnaTuple_run00010594_Playlist.root
cce73516f7671473ec0c1d6f650a2aa5ee9caf78f336e74d376e9ac8c15a7f17	551197801	2026-04-19T22:53:41Z	Data/Playlist1D/MasterAnaDev_data_AnaTuple_run00010595_Playlist.root
f8bb06b134243ca347036cadb8ae6ecfff9ee1957369ec24669e9890137535ac	552007737	2026-04-19T22:53:45Z	Data/Playlist1D/MasterAnaDev_data_AnaTuple_run00010596_Playlist.root
9edfd98db0840eee30bf3c773a8b2030cc37ea878c51ee8d2f3f56421ce0e7b6	596529401	2026-04-19T22:53:49Z	Data/Playlist1D/MasterAnaDev_data_AnaTuple_run00010597_Playlist.root
a810102f6bfb8e6ec9a57b955ccd8d8fc30efb0cf7ebb26a4772232241e6d93c	522861157	2026-04-19T22:53:53Z	Data/Playlist1D/MasterAnaDev_data_AnaTuple_run00010598_Playlist.root
618d4f5b6470c9dd2428c3b5f5e4acc0c7311dac715abf8ae05de051a6943b10	564484777	2026-04-19T22:53:56Z	Data/Playlist1D/MasterAnaDev_data_AnaTuple_run00010599_Playlist.root
1125de3b439387006c084490a15018d6d073428c00758c4e078b71a82658f24a	545036224	2026-04-19T22:53:59Z	Data/Playlist1D/MasterAnaDev_data_AnaTuple_run00010600_Playlist.root
1d27e1f87865c1e46bc29ea536c3297072e4e60db4973f34b86d6195a76f1598	582242507	2026-04-19T22:54:02Z	Data/Playlist1D/MasterAnaDev_data_AnaTuple_run00010601_Playlist.root
5cde9cfd1f71c56849f8393e1340f1e7482a0ac3d04b47ed0117495c987e3c49	568136879	2026-04-19T22:54:06Z	Data/Playlist1D/MasterAnaDev_data_AnaTuple_run00010602_Playlist.root
ba6d9bd2b6ec5b9fcadf4962475214ade148c262c6266ef89432de458182d82e	551355262	2026-04-19T22:54:09Z	Data/Playlist1D/MasterAnaDev_data_AnaTuple_run00010603_Playlist.root
c9b7b534f603983487eb9b86940ad76d8938445af7e5dcbc5a44158cc52fd87d	551851074	2026-04-19T22:54:12Z	Data/Playlist1D/MasterAnaDev_data_AnaTuple_run00010604_Playlist.root
6f751e5dee77e5219b0a0b544b28d999a730430a32327ec765855d609a48c79d	575448288	2026-04-19T22:54:16Z	Data/Playlist1D/MasterAnaDev_data_AnaTuple_run00010605_Playlist.root
a7cbf29f89e6d2a15a863bd68ddb634cfb4d0a9302b22b0e460ef0727bc007d7	540037929	2026-04-19T22:54:20Z	Data/Playlist1D/MasterAnaDev_data_AnaTuple_run00010606_Playlist.root
bafefd438f823829bd4981ad308d2abc17ca3fe6c92b4846d1b707db87ead58b	540838921	2026-04-19T22:54:24Z	Data/Playlist1D/MasterAnaDev_data_AnaTuple_run00010607_Playlist.root
d0aef0ce9eb2eb0d56f84ebd73a7deb0f94134dcf14cafb1fd3a4988e5bdbaa0	568417962	2026-04-19T22:54:27Z	Data/Playlist1D/MasterAnaDev_data_AnaTuple_run00010608_Playlist.root
3336339693fa78cd9a4f94755b8924a7c7e3a475584fe770cb3cd68b7b32219d	556446918	2026-04-19T22:54:30Z	Data/Playlist1D/MasterAnaDev_data_AnaTuple_run00010609_Playlist.root
8f4780dcb41bef3acad39b5a096f10478d52a4d850aad3820d2c05cee3c06a61	370717381	2026-04-19T22:54:37Z	Data/Playlist1D/MasterAnaDev_data_AnaTuple_run00010610_Playlist.root
1941814ad8a363af72c2684dc77267a90c2ff11ec5cd76ab01ef36dcc6ea1aa3	576227622	2026-04-19T22:54:40Z	Data/Playlist1D/MasterAnaDev_data_AnaTuple_run00010611_Playlist.root
aabbb65e0807f7b48f9e07fefca081448817f49be1e733e8db6c6870c3a58492	610429911	2026-04-19T22:54:43Z	Data/Playlist1D/MasterAnaDev_data_AnaTuple_run00010612_Playlist.root
5383fb6beccada8cd94a8dcc7e1d94f5a18f1ba54348ecd1efdfd3083ba1b0d4	561374453	2026-04-19T22:54:48Z	Data/Playlist1D/MasterAnaDev_data_AnaTuple_run00010613_Playlist.root
8aaece6e0c3e2c1d5b750ab6b1f8e467b123cc81eda212095509fe42e0240791	563846659	2026-04-19T22:54:50Z	Data/Playlist1D/MasterAnaDev_data_AnaTuple_run00010614_Playlist.root
aa3a86edd24f52d2b7174e543e213c7a2f265c3f5e0e1feb4e9f3699780b7b67	372869143	2026-04-19T22:54:54Z	Data/Playlist1D/MasterAnaDev_data_AnaTuple_run00010615_Playlist.root
d0b8f7b661af36246be2aa56ce0bdf0c25bf0fa997c0d057bf8a3de4564b4891	469664267	2026-04-19T22:54:57Z	Data/Playlist1D/MasterAnaDev_data_AnaTuple_run00010617_Playlist.root
3a8e261ffdf3111eb06cc9ca2d281e8ca132891e8c1d67ed9f26f5b0e8f592f7	572785273	2026-04-19T22:55:01Z	Data/Playlist1D/MasterAnaDev_data_AnaTuple_run00010618_Playlist.root
95841be519b9663ec1cfa44de69e8dfaa18df300a42d6d088055034b4781da8a	546642095	2026-04-19T22:55:04Z	Data/Playlist1D/MasterAnaDev_data_AnaTuple_run00010619_Playlist.root
ba2ce662843c35c54a290c1f2c5ead4edcd769a1c5a76fc3040894fe2c98dbe9	619362768	2026-04-19T22:55:07Z	Data/Playlist1D/MasterAnaDev_data_AnaTuple_run00010620_Playlist.root
0681a609f3fead95219459dc6eec37c2113e647937aa1f398ff260815c5638c9	439248879	2026-04-19T22:55:10Z	Data/Playlist1D/MasterAnaDev_data_AnaTuple_run00010621_Playlist.root
ad435c67c291e5d70c2a8707133ac23d15aaa7cd3ea08365e2ad2349d9627c89	484844088	2026-04-19T22:55:13Z	Data/Playlist1D/MasterAnaDev_data_AnaTuple_run00010622_Playlist.root
1202175146b3df3800ff1c0ca6192df59f0eb4c83308fe38e58cc2e9d44b5c1a	597803090	2026-04-19T22:55:16Z	Data/Playlist1D/MasterAnaDev_data_AnaTuple_run00010623_Playlist.root
0f617f185867a4dc521b7ea9ff55b77215ca897cd177b9f31e520251f1f3bb0b	591698037	2026-04-19T22:55:19Z	Data/Playlist1D/MasterAnaDev_data_AnaTuple_run00010624_Playlist.root
2fff517dd5c4489b89dbd216efc32d5c1f22c06e9af642f309c4d8e2e413c838	537576764	2026-04-19T22:55:22Z	Data/Playlist1D/MasterAnaDev_data_AnaTuple_run00010625_Playlist.root
aefb44b0fac19250a92415416a97ee21c76e6f74d52b88e178c9a3b6f3c50be6	578033418	2026-04-19T22:55:25Z	Data/Playlist1D/MasterAnaDev_data_AnaTuple_run00010626_Playlist.root
6011996b6914291e4c9a3b6cbf23f8f3486fc0bf2d0a6fc8ea70faba2da177e5	502570511	2026-04-19T22:55:29Z	Data/Playlist1D/MasterAnaDev_data_AnaTuple_run00010627_Playlist.root
2649bd4bc90196ce820f70f53132d7bf5a9edd2c2f1f77561e4168117400808d	575392190	2026-04-19T22:55:34Z	Data/Playlist1D/MasterAnaDev_data_AnaTuple_run00010628_Playlist.root
865234dd74a6e48ad09937a1f8a24801d6d43a38f0e1744cc24614662b9976c8	592288309	2026-04-19T22:55:42Z	Data/Playlist1D/MasterAnaDev_data_AnaTuple_run00010629_Playlist.root
9beb8fe1abaf98f7163b916ccf0931665c4564cf29d1dc01232c279f7ba43ad1	534003561	2026-04-19T22:55:44Z	Data/Playlist1D/MasterAnaDev_data_AnaTuple_run00010630_Playlist.root
f539e25b0f432f76a633233d0eaac0dd3c5485767e3fd4066ab4175eb2ed38a2	252861197	2026-04-19T22:55:47Z	Data/Playlist1D/MasterAnaDev_data_AnaTuple_run00010631_Playlist.root
52341efe696690ee630d022163804744e0f7f30b2ee2dc3300f5054643922acb	360854475	2026-04-19T22:55:59Z	Data/Playlist1D/MasterAnaDev_data_AnaTuple_run00010636_Playlist.root
4e7c1d526e17c86b4e3063ec214b386211c733506f2426e182e59fada38778b9	523395135	2026-04-19T22:56:03Z	Data/Playlist1D/MasterAnaDev_data_AnaTuple_run00010637_Playlist.root
a0acc4da28be76ee707cfb67f12f48e9d1f9f60ede07c9d9315117a8f99ac7d2	542664058	2026-04-19T22:56:07Z	Data/Playlist1D/MasterAnaDev_data_AnaTuple_run00010638_Playlist.root
12ed41ef1b65e322adb71689a58d5902aaabe122cab52e588e244c6c6a00b331	544037592	2026-04-19T22:56:14Z	Data/Playlist1D/MasterAnaDev_data_AnaTuple_run00010639_Playlist.root
79721938cb2d1a72fa8f03b813454c9668cb2b78dad97cfb5e45c7e0d3a8fea4	586488844	2026-04-19T22:56:19Z	Data/Playlist1D/MasterAnaDev_data_AnaTuple_run00010640_Playlist.root
8a5976627b683708932a35a6b81a282869363392bbc9c7098f56839b840bcd5b	601396501	2026-04-19T22:56:21Z	Data/Playlist1D/MasterAnaDev_data_AnaTuple_run00010641_Playlist.root
b88359cd40585d9d14cc948c5991fa8b35a00fa4b3a679e9d9e0854a8596cec4	476261035	2026-04-19T22:56:25Z	Data/Playlist1D/MasterAnaDev_data_AnaTuple_run00010642_Playlist.root
f7a57ac0f60224716542984ebf3968d6ca5bb87302b04cb7d04d59b3c1c60794	606266011	2026-04-19T22:56:28Z	Data/Playlist1D/MasterAnaDev_data_AnaTuple_run00010643_Playlist.root
3134c48a393953d8d3a2209a60dea0ba7fa524c715f8eb842db33432f9923e67	563605299	2026-04-19T22:56:31Z	Data/Playlist1D/MasterAnaDev_data_AnaTuple_run00010644_Playlist.root
4a5e9546075a4f97157c80ee7d6c27801b2802bb536fad65130169537519f487	586943882	2026-04-19T22:56:35Z	Data/Playlist1D/MasterAnaDev_data_AnaTuple_run00010645_Playlist.root
a45a99541ae658fbe47e3bdef2e4ecf04ff7042cd7b553cf7e2b5f362b825cdf	547111495	2026-04-19T22:56:37Z	Data/Playlist1D/MasterAnaDev_data_AnaTuple_run00010646_Playlist.root
4a2654914506cd06a0191fd47285433c541e7c96c47c516f61af4090f5eee4d3	582521951	2026-04-19T22:56:41Z	Data/Playlist1D/MasterAnaDev_data_AnaTuple_run00010647_Playlist.root
eb3a40ce388c5aed5e768b5cfa2b0f9aa6bb6c958d39a6c67e62d5b2900b7b1b	577640369	2026-04-19T22:56:44Z	Data/Playlist1D/MasterAnaDev_data_AnaTuple_run00010648_Playlist.root
3a200dee1df214f8840c8b116a3ea6bc9be040b8eda5f4c1ae9b7742f41b54ee	542687462	2026-04-19T22:56:46Z	Data/Playlist1D/MasterAnaDev_data_AnaTuple_run00010649_Playlist.root
e8d0843f64979ace801c00f3c276b8224b2236ee0be8ec2a4973f034a206c7a0	532748585	2026-04-19T22:56:49Z	Data/Playlist1D/MasterAnaDev_data_AnaTuple_run00010650_Playlist.root
bce69d6c1988f5afb57d27a52d4c23d398e1747d928cbe04c4b7e6afd24cfdcd	587246313	2026-04-19T22:56:52Z	Data/Playlist1D/MasterAnaDev_data_AnaTuple_run00010651_Playlist.root
3043de9acb5625e061b7fc7ee0213b6f2764b65b2cd1e91a139a0628ce7fca47	496164247	2026-04-19T22:56:56Z	Data/Playlist1D/MasterAnaDev_data_AnaTuple_run00010652_Playlist.root
f05296c01fe294624fb92296288d960b1711afb669155620227bec9849911b90	559557303	2026-04-19T22:56:59Z	Data/Playlist1D/MasterAnaDev_data_AnaTuple_run00010653_Playlist.root
04c1a9c2cba4d9ce03d7f2bc158c4e64be40bdb443470887c088bea2f10d8927	557515330	2026-04-19T22:57:02Z	Data/Playlist1D/MasterAnaDev_data_AnaTuple_run00010654_Playlist.root
14c940681559bd754d376cfd6d64965e32347b5c64ad158e0b3b1919cc9dc9dc	576989577	2026-04-19T22:57:06Z	Data/Playlist1D/MasterAnaDev_data_AnaTuple_run00010655_Playlist.root
0e01e4423dc8b27a2429a68a87d67cdb68e613fb2ed77bf34bdea4f9928615d1	517999269	2026-04-19T22:57:12Z	Data/Playlist1D/MasterAnaDev_data_AnaTuple_run00010656_Playlist.root
a2105d507c60632a985d10c69802493514fd83151c48352d310d5d4c9a59dde1	562848697	2026-04-19T22:57:17Z	Data/Playlist1D/MasterAnaDev_data_AnaTuple_run00010657_Playlist.root
cd38d37de1148b202ae62a0511a6f5f662dc94f8b6e98732e613be2f9ed029a2	523934725	2026-04-19T22:57:20Z	Data/Playlist1D/MasterAnaDev_data_AnaTuple_run00010658_Playlist.root
1757fab7671dc85730cdd24650a01929103229e688d2a4bcc35c2768bb36ac3e	515778197	2026-04-19T22:57:26Z	Data/Playlist1D/MasterAnaDev_data_AnaTuple_run00010659_Playlist.root
4dad83dd6c0ecb2ef7408920cc00b92004c8e624caa68ce10418a1d04d5f4c6d	569369928	2026-04-19T22:57:31Z	Data/Playlist1D/MasterAnaDev_data_AnaTuple_run00010660_Playlist.root
69912f2331bfbb5df57c04be440c8ffdfdc8ccd0159b3bc751c323d01e66ccc2	121733220	2026-04-19T22:57:32Z	Data/Playlist1D/MasterAnaDev_data_AnaTuple_run00010661_Playlist.root
4a8232a4e4a06c2eb46477016676fd1175f085d711e91cea50f101b4c76981d6	561080261	2026-04-19T22:57:36Z	Data/Playlist1D/MasterAnaDev_data_AnaTuple_run00010662_Playlist.root
e5616f13acbb076588afa3456d736572c1d900e12a53ff049aa7291683f8dc5f	200714062	2026-04-19T21:41:24Z	Data/Playlist1E/MasterAnaDev_data_AnaTuple_run00016003_Playlist.root
2e53f2986fdf4a82db36c89353ff2d37e8c10c9da7913397fed55a8ea9012e32	72782582	2026-04-19T21:41:26Z	Data/Playlist1E/MasterAnaDev_data_AnaTuple_run00016004_Playlist.root
37bd1484bb2b6fa1a24528f895e4e24d73873169061e6e6c5a13b65d7b0c991e	20297185	2026-04-19T21:41:27Z	Data/Playlist1E/MasterAnaDev_data_AnaTuple_run00016005_Playlist.root
572487008392b58d85aa3062aae7cd0732445b2ce422da0712eae146c505003b	54486619	2026-04-19T21:41:28Z	Data/Playlist1E/MasterAnaDev_data_AnaTuple_run00016006_Playlist.root
93849b82c7c562a5782b33ca9222174e412893ddeb8a1413583400f572f228c0	2212652	2026-04-19T21:41:29Z	Data/Playlist1E/MasterAnaDev_data_AnaTuple_run00016007_Playlist.root
f95ce47d44d7320ad9196bd23a583f4239134d76f2a100c134e9c1a34239defa	427362241	2026-04-19T21:41:32Z	Data/Playlist1E/MasterAnaDev_data_AnaTuple_run00016008_Playlist.root
1e59987752ebc22b8a93e5629da812a8e53e28bfcb0dc1b879465f5e97f72183	439341598	2026-04-19T21:41:35Z	Data/Playlist1E/MasterAnaDev_data_AnaTuple_run00016009_Playlist.root
c7d829a0a3bc0dc0ec53fb03325cf4444ce41b8dc92894f7c6991a369b1b8cfd	442124560	2026-04-19T21:41:38Z	Data/Playlist1E/MasterAnaDev_data_AnaTuple_run00016010_Playlist.root
238a0efe372a00c2b1bcd610cf4dbbba40c334e92d84906c65806c64b3b93895	154675835	2026-04-19T21:41:40Z	Data/Playlist1E/MasterAnaDev_data_AnaTuple_run00016011_Playlist.root
98c3c6ca414278e4103432c74d2c429899defc6b0b3acb8bd620e9269032ed0f	357151896	2026-04-19T21:41:42Z	Data/Playlist1E/MasterAnaDev_data_AnaTuple_run00016012_Playlist.root
bb2ff9f6ac58fd0e3f7541e7491e2ee8d6bb7b8cca7d9b91d792060efcd852dd	415827287	2026-04-19T21:41:44Z	Data/Playlist1E/MasterAnaDev_data_AnaTuple_run00016013_Playlist.root
926b369927e08bc8f1e6e14da4a040878d9252ca273ffaafbe885d9c13cd6385	157383677	2026-04-19T21:41:46Z	Data/Playlist1E/MasterAnaDev_data_AnaTuple_run00016015_Playlist.root
c4fa0b2f6fcc98b65aaae435dc9381f184908d79c6f82accf005b23e8553288b	510881399	2026-04-19T21:41:50Z	Data/Playlist1E/MasterAnaDev_data_AnaTuple_run00016016_Playlist.root
dbcaa8d180bd8f0f352ce0484202a2dda70189e5bbdc39c4bf6b40a1489f6f44	487819982	2026-04-19T21:41:54Z	Data/Playlist1E/MasterAnaDev_data_AnaTuple_run00016017_Playlist.root
5e6b610f8d2744abfc3927d520034693554e401dd9983618076f2c1d9b1b6357	108373328	2026-04-19T21:41:56Z	Data/Playlist1E/MasterAnaDev_data_AnaTuple_run00016018_Playlist.root
64dd1749df75382935ef8b5f32f875495c5d533deb3fd4a4fd4c606183062332	432007159	2026-04-19T21:41:58Z	Data/Playlist1E/MasterAnaDev_data_AnaTuple_run00016019_Playlist.root
570fb3f7d16f5fa98b1d35b7ed5a6ddac786cd1bcc6fb53d958761c4b53261ad	433509614	2026-04-19T21:42:04Z	Data/Playlist1E/MasterAnaDev_data_AnaTuple_run00016020_Playlist.root
6ea13c2b52243917feb3e2fbd4b8e4e8093b6801df6cb041de731c2d98b31c47	259339525	2026-04-19T21:42:06Z	Data/Playlist1E/MasterAnaDev_data_AnaTuple_run00016021_Playlist.root
b4bb709191f5dbedd58044354abd6f4e687ef6cfbbb37a7e62c69d6feaf0d780	234287683	2026-04-19T21:42:08Z	Data/Playlist1E/MasterAnaDev_data_AnaTuple_run00016022_Playlist.root
4c557efcc3331f3aad7b685b4fa492543bf7b5df7fc4f31920a1a576168deb38	231625104	2026-04-19T21:42:12Z	Data/Playlist1E/MasterAnaDev_data_AnaTuple_run00016023_Playlist.root
ec1c73a9654ed20788c7a5a5ec6642cc4fbf3ad7bef8f85ee1813c2f697796f4	193497362	2026-04-19T21:42:14Z	Data/Playlist1E/MasterAnaDev_data_AnaTuple_run00016024_Playlist.root
301059ed796d430f191ec86a2e67e0ba3cc6724a52127076254eb4ae7c894c67	238688006	2026-04-19T21:42:17Z	Data/Playlist1E/MasterAnaDev_data_AnaTuple_run00016025_Playlist.root
6586e6e6d5d8907969fbff36108419b05615cac0fd903d5b6abf2b3ca5892366	162864406	2026-04-19T21:42:20Z	Data/Playlist1E/MasterAnaDev_data_AnaTuple_run00016026_Playlist.root
ecfffa34aebb11e872ced6e40573929d870d355ddbebeb43dd03211b51f7e1cf	182429559	2026-04-19T21:42:22Z	Data/Playlist1E/MasterAnaDev_data_AnaTuple_run00016027_Playlist.root
d35d48ff683658c790b52e079f68a78f3d6e5867038e49f4a0629b4e84769379	234338434	2026-04-19T21:42:24Z	Data/Playlist1E/MasterAnaDev_data_AnaTuple_run00016028_Playlist.root
a318e18eb19a358610314634ef485969429a5a103ee49af4d47f4fa61118c938	205856575	2026-04-19T21:42:26Z	Data/Playlist1E/MasterAnaDev_data_AnaTuple_run00016029_Playlist.root
7ec1c41dfec5d36ad75c38d17848ceade7a86cf68f92f7f1528e0ffcb790ec4a	280783655	2026-04-19T21:42:29Z	Data/Playlist1E/MasterAnaDev_data_AnaTuple_run00016030_Playlist.root
ca7086081fd9fe1f6f6c5a1337280126e0d9936bfbcdd823c249d297f406d1c9	467865166	2026-04-19T21:42:32Z	Data/Playlist1E/MasterAnaDev_data_AnaTuple_run00016031_Playlist.root
acdc37a15fdbba14570e72e990d76b1a3395488f93f4fefafad8cd2e34a3f5e8	213793475	2026-04-19T21:42:36Z	Data/Playlist1E/MasterAnaDev_data_AnaTuple_run00016032_Playlist.root
76f1b9736afe3ef64d55b4e601d3db63a0640fd4405c78d0154a69f9b144ecbc	166321	2026-04-19T21:42:36Z	Data/Playlist1E/MasterAnaDev_data_AnaTuple_run00016036_Playlist.root
1d8427662d7ff070ba61aaafe0fd32b3d56656525710d94a53e8ac69855c2566	59078355	2026-04-19T21:42:38Z	Data/Playlist1E/MasterAnaDev_data_AnaTuple_run00016040_Playlist.root
52ad51d6342c03418cef80dce24c90fb626bf3e54cfaa378d396b3af135b87fe	177735631	2026-04-19T21:42:40Z	Data/Playlist1E/MasterAnaDev_data_AnaTuple_run00016041_Playlist.root
23e06ed744e484298c0feb74080e389315a5dd70226db9b44fa1448d40333556	212735471	2026-04-19T21:42:42Z	Data/Playlist1E/MasterAnaDev_data_AnaTuple_run00016042_Playlist.root
9030d49738c8541b8864928668b62a362d5de4fd5ef110bc26e4c0928adef1b9	544289028	2026-04-19T21:42:45Z	Data/Playlist1E/MasterAnaDev_data_AnaTuple_run00016043_Playlist.root
45ec3b90d3d6465377445b5b6e5a45d12fdbcbc3d6ba9e8288aefd9aff9f3f52	304106852	2026-04-19T21:42:47Z	Data/Playlist1E/MasterAnaDev_data_AnaTuple_run00016044_Playlist.root
e580de9ff5aa69c8bf7d805630882b04724d857a8032cf2bf812ccb03abe7566	372974036	2026-04-19T21:42:49Z	Data/Playlist1E/MasterAnaDev_data_AnaTuple_run00016045_Playlist.root
34fe6c4bc766865d07cb06358f885cd762dde39972a4c8228fbb248df621113d	471456376	2026-04-19T21:42:52Z	Data/Playlist1E/MasterAnaDev_data_AnaTuple_run00016046_Playlist.root
e281a165f53ddbc37920b586254008f552f50166f177a2f7626fb856217b398f	445985488	2026-04-19T21:42:55Z	Data/Playlist1E/MasterAnaDev_data_AnaTuple_run00016047_Playlist.root
30abac5fe6647edc8099b63275f26fcc8be9ee69acb206f74aa9b515a876cdac	436016288	2026-04-19T21:42:58Z	Data/Playlist1E/MasterAnaDev_data_AnaTuple_run00016048_Playlist.root
c58740c255d22271e2cea6dec4d07c201b1c324d50290f1b84d3417efdd24cb1	499574114	2026-04-19T21:43:10Z	Data/Playlist1E/MasterAnaDev_data_AnaTuple_run00016049_Playlist.root
c807d2d11900cb68d87eacfa3a3fd7238bf2d596dd4b870af53b236db9439509	497719974	2026-04-19T21:43:13Z	Data/Playlist1E/MasterAnaDev_data_AnaTuple_run00016050_Playlist.root
72b403bb8928766df9bcf71915a9deeab7dd4b446b4270f49ea6e148478a7fdf	471690283	2026-04-19T21:43:17Z	Data/Playlist1E/MasterAnaDev_data_AnaTuple_run00016051_Playlist.root
f43537b513a2473a938d68e67429d1ebb491a674992a3477f743e46eda680d28	397689470	2026-04-19T21:43:20Z	Data/Playlist1E/MasterAnaDev_data_AnaTuple_run00016052_Playlist.root
47c6a316d12e125bd7b4ea47a6436659426118153088ea3e81e55475a6796f04	431941651	2026-04-19T21:43:23Z	Data/Playlist1E/MasterAnaDev_data_AnaTuple_run00016053_Playlist.root
3f5a370889fba32ac189be2da06de9ddddc2133fce013ecd7d357bc0cdb5979f	277021894	2026-04-19T21:43:26Z	Data/Playlist1E/MasterAnaDev_data_AnaTuple_run00016054_Playlist.root
0628d5296778fa20ebba4b2648f1d0d7e98e30a5549bf8ae170e2222bd0774b9	433811422	2026-04-19T21:43:28Z	Data/Playlist1E/MasterAnaDev_data_AnaTuple_run00016055_Playlist.root
46e18b5259549ac172aab630648f16b9dc07d4d818655ac8df73dd7deac00c0b	355795187	2026-04-19T21:43:30Z	Data/Playlist1E/MasterAnaDev_data_AnaTuple_run00016056_Playlist.root
7f5675d63d634f60ffa1baece72e48ed40c8fc1c87bc3a4b7e0a4491f002206d	400704455	2026-04-19T21:43:33Z	Data/Playlist1E/MasterAnaDev_data_AnaTuple_run00016057_Playlist.root
ae4b666ef83783f5b164bbcbc8b7490557d4d5b83f0b07b55d0347b087f3ad8b	421051170	2026-04-19T21:43:37Z	Data/Playlist1E/MasterAnaDev_data_AnaTuple_run00016058_Playlist.root
63f4fd18b6bc74bead7ca333746657f35c94a25645ae11252490b04205b3cb13	455525200	2026-04-19T21:43:39Z	Data/Playlist1E/MasterAnaDev_data_AnaTuple_run00016059_Playlist.root
998b8e2725c9504704c95ca9f38e90136208f7446dd3ec3733bfb38dae5fbd5a	461680952	2026-04-19T21:43:43Z	Data/Playlist1E/MasterAnaDev_data_AnaTuple_run00016060_Playlist.root
a410b1a6aa35d5c7d45a86806418c2b08ef4f803879615801a64def997dbd764	471736450	2026-04-19T21:43:45Z	Data/Playlist1E/MasterAnaDev_data_AnaTuple_run00016061_Playlist.root
44f7b02271be749323ddbfbab9b38ecd790888335e6ca0b3c84a5e41491fe0ad	437528694	2026-04-19T21:43:49Z	Data/Playlist1E/MasterAnaDev_data_AnaTuple_run00016062_Playlist.root
62b3167fb26af82c6f9967c533d9790a8fa6b86ee1a9e1ed02d5fa143f009562	414386677	2026-04-19T21:43:51Z	Data/Playlist1E/MasterAnaDev_data_AnaTuple_run00016063_Playlist.root
094b7726ae9436594ec29a59711501c46233bfd76ed9ce8e8e6ffe25bc05e782	508348825	2026-04-19T21:43:54Z	Data/Playlist1E/MasterAnaDev_data_AnaTuple_run00016064_Playlist.root
08e2c80f17998d2bede4f74153b9dcfbb58d8852d8b0dfe310d721592a61c0e0	296669515	2026-04-19T21:43:57Z	Data/Playlist1E/MasterAnaDev_data_AnaTuple_run00016065_Playlist.root
0efe455a4a44ef1e115a488176a7740a79c751b733c1dee04db71ffe3bb537f0	210287100	2026-04-19T21:43:58Z	Data/Playlist1E/MasterAnaDev_data_AnaTuple_run00016070_Playlist.root
39d0bd78a401fc9c7cd8a5e16b15c5d29ebe11cb7a7efb6353fa823df516e268	373940155	2026-04-19T21:44:02Z	Data/Playlist1E/MasterAnaDev_data_AnaTuple_run00016071_Playlist.root
35ebbeb57e05049a7f2862abce3edef54270f92599a044cfae6dafd741ff8174	385363744	2026-04-19T21:44:06Z	Data/Playlist1E/MasterAnaDev_data_AnaTuple_run00016072_Playlist.root
29e3400a9e493d7a2025a489900c6d67afd1b10e7e62e84da11bb882cf1f71a3	450288422	2026-04-19T21:44:08Z	Data/Playlist1E/MasterAnaDev_data_AnaTuple_run00016073_Playlist.root
cdd475c025369a9da0a60b09271686f6f3fbb8715d04845a617bd6e3900817cd	428349733	2026-04-19T21:44:13Z	Data/Playlist1E/MasterAnaDev_data_AnaTuple_run00016074_Playlist.root
54bfdad2f83d06fb9729dc1e63e3535edf36d7f5d9bb3c9195916a0f65f95df4	410530642	2026-04-19T21:44:17Z	Data/Playlist1E/MasterAnaDev_data_AnaTuple_run00016075_Playlist.root
f08d4c8d2390e67acb80b756c40b66b1c3e2b48830f080519a21ca0e6e20a7a5	401789072	2026-04-19T21:44:19Z	Data/Playlist1E/MasterAnaDev_data_AnaTuple_run00016076_Playlist.root
04261e89648b873e096085e4f661413283604ce1359ad8f3e1171932262c1707	524651464	2026-04-19T21:44:22Z	Data/Playlist1E/MasterAnaDev_data_AnaTuple_run00016077_Playlist.root
787256940e40b9f153458347b6b11225b1aeb369a03f6c32cb3f1bbeb9d69bd2	423378830	2026-04-19T21:44:25Z	Data/Playlist1E/MasterAnaDev_data_AnaTuple_run00016078_Playlist.root
7e3164c401b1b8eca5244f5ccd23e72c9371bc3f42095f180964fcfbc8bbd946	442440080	2026-04-19T21:44:28Z	Data/Playlist1E/MasterAnaDev_data_AnaTuple_run00016079_Playlist.root
6bbb0e6d355390d7b439efaaac61d7fb46ee702b328018f3ce6ef66c6e9aecff	263089007	2026-04-19T21:44:30Z	Data/Playlist1E/MasterAnaDev_data_AnaTuple_run00016080_Playlist.root
e52e34843d7bf293877c19f16be0b686b3e8af81c875b461f69d9d5f66063780	527772772	2026-04-19T21:44:33Z	Data/Playlist1E/MasterAnaDev_data_AnaTuple_run00016081_Playlist.root
c389e455f869ce45efa065b8e4b5b0dd415ee6c5bc01273f440d06d55338963b	529842081	2026-04-19T21:44:37Z	Data/Playlist1E/MasterAnaDev_data_AnaTuple_run00016082_Playlist.root
b6f17ecbb22843bcd48576188004b1ce85826904c9ff7223319f6b091f05b0ba	528282462	2026-04-19T21:44:40Z	Data/Playlist1E/MasterAnaDev_data_AnaTuple_run00016083_Playlist.root
8aa1fccee2e9023e3ccac11a0b6e2c349ae67af650e6beeba76c17f869f18d00	499446859	2026-04-19T21:44:42Z	Data/Playlist1E/MasterAnaDev_data_AnaTuple_run00016084_Playlist.root
ee2479214689d2ee80b5cf2931855bc0bc184edd5a8dcb6a7b99cb61461db110	525654895	2026-04-19T21:44:46Z	Data/Playlist1E/MasterAnaDev_data_AnaTuple_run00016085_Playlist.root
f40655b4c040e7c55c4c12f8856f04a643042cca5b62e9293c2062dc908eaaf8	504714559	2026-04-19T21:44:50Z	Data/Playlist1E/MasterAnaDev_data_AnaTuple_run00016086_Playlist.root
eac2c9ad22ac9a31662ad0f1cc556819e190709ebc690e3489adf64f9366017a	437460740	2026-04-19T21:44:54Z	Data/Playlist1E/MasterAnaDev_data_AnaTuple_run00016087_Playlist.root
a9c6d5dc52a13470bc822798559c1456505d54d586f1d088af213263e923cab4	419645566	2026-04-19T21:44:59Z	Data/Playlist1E/MasterAnaDev_data_AnaTuple_run00016088_Playlist.root
5e8f6ef4da4ed3871487e8bc4cb0bb9567d66ceb0509b59e52dc925fb13db5b2	414228376	2026-04-19T21:45:02Z	Data/Playlist1E/MasterAnaDev_data_AnaTuple_run00016089_Playlist.root
4469c448862c1e6504445436e4a1aadd0de626946ccc835e1546b43e4cf0cb12	481852013	2026-04-19T21:45:06Z	Data/Playlist1E/MasterAnaDev_data_AnaTuple_run00016090_Playlist.root
69342ab55296e46660ccd01f0941fa52731cbd44d38945ac81eab1e4d5e11abe	85160537	2026-04-19T21:45:07Z	Data/Playlist1E/MasterAnaDev_data_AnaTuple_run00016091_Playlist.root
e8290c97608a5c76863a3c97375d7e2765800dbc3dfd0b0aaaaed4ecedb4a185	502683989	2026-04-19T21:45:13Z	Data/Playlist1E/MasterAnaDev_data_AnaTuple_run00016092_Playlist.root
256b3bcd3ff08f9be245a85177722f85600c17597a1337079ff138591e4ba57b	498173705	2026-04-19T21:45:16Z	Data/Playlist1E/MasterAnaDev_data_AnaTuple_run00016093_Playlist.root
f97e401bb0ca34c6aeb69daec9c24cd158b0cab439cedf0a33d2744346db9c5a	508457244	2026-04-19T21:45:24Z	Data/Playlist1E/MasterAnaDev_data_AnaTuple_run00016094_Playlist.root
9ad0bfdc357339c4fbefe8ae1a536d1e64765d760ca501b6bd81eb060fad533c	479745818	2026-04-19T21:45:26Z	Data/Playlist1E/MasterAnaDev_data_AnaTuple_run00016095_Playlist.root
3e57920f496c992e5801d95c2a8cd213c7b07c0fd2151c41645c9c615e54a935	502307759	2026-04-19T21:45:30Z	Data/Playlist1E/MasterAnaDev_data_AnaTuple_run00016096_Playlist.root
f58ea40985a473d2737bf1f16ac799797a7a762a50615e799a1f33b00850ec99	276788606	2026-04-19T21:45:33Z	Data/Playlist1E/MasterAnaDev_data_AnaTuple_run00016097_Playlist.root
ee1dba364f0469b24c2b459153efe8ebbadd8549d29d28cf256f5042d779b8e0	856468443	2026-04-19T21:45:39Z	Data/Playlist1E/MasterAnaDev_data_AnaTuple_run00016098_Playlist.root
c838680825e92847aae08c9337d8c46ec5032b8ca1e1e2bdfe24bfbac1ee37f0	50865806	2026-04-19T21:45:40Z	Data/Playlist1E/MasterAnaDev_data_AnaTuple_run00016099_Playlist.root
dc13dcd4324765b2bafb9bc0cd05a927d10b43ab2398633f59badc6476ca128b	9664227	2026-04-19T21:45:41Z	Data/Playlist1E/MasterAnaDev_data_AnaTuple_run00016100_Playlist.root
d074f08d6c7ac3ba24155d1c84474c11ff9bf1f3ac84cb08b1272c8c3b0a6dd4	420398681	2026-04-19T21:45:44Z	Data/Playlist1E/MasterAnaDev_data_AnaTuple_run00016101_Playlist.root
d1c31a926b7244550729256b5ff7d787361a0bdfc0d23398e9d9afe4ff1f042a	370172485	2026-04-19T21:45:47Z	Data/Playlist1E/MasterAnaDev_data_AnaTuple_run00016102_Playlist.root
62c1412b5f511f1278e7978cbf9faaf70f25c29fa8403059befb03bc6cf77cdf	148513898	2026-04-19T21:45:49Z	Data/Playlist1E/MasterAnaDev_data_AnaTuple_run00016103_Playlist.root
516f943052b3e7c370bf9906f115557154d1ba6f4c2e3d11fad98ddc44308eeb	234622545	2026-04-19T21:45:50Z	Data/Playlist1E/MasterAnaDev_data_AnaTuple_run00016104_Playlist.root
a2c92c89acb32cd29ca73ae17e76b9a18067452f3ac727357baf5ce05e89f7e9	236597161	2026-04-19T21:45:52Z	Data/Playlist1E/MasterAnaDev_data_AnaTuple_run00016105_Playlist.root
ac08adac7d3e650dfca235a865ddba0a7aa90136c6cbfc5b59405f156f6c7f34	321600312	2026-04-19T21:45:56Z	Data/Playlist1E/MasterAnaDev_data_AnaTuple_run00016106_Playlist.root
6a1240279798af079c856ff9ee46c2212307246b95e3d7ab8d4d4e16e730a0f9	256648251	2026-04-19T21:45:58Z	Data/Playlist1E/MasterAnaDev_data_AnaTuple_run00016107_Playlist.root
fe3ab27effc1fd40374092c063fbebc03ab16b8f38958be556ac390596e7b210	247205128	2026-04-19T21:46:00Z	Data/Playlist1E/MasterAnaDev_data_AnaTuple_run00016108_Playlist.root
871f0ca1333a33fc31d514cd224a114cce0238a0fe29c66f3413dbb8c133fdb4	4282142	2026-04-19T21:46:01Z	Data/Playlist1E/MasterAnaDev_data_AnaTuple_run00016109_Playlist.root
6fcb67f3021a07c0284aa38aeedcb459d148759af58c57ac46fe87eeb761d554	379447201	2026-04-19T21:46:03Z	Data/Playlist1E/MasterAnaDev_data_AnaTuple_run00016118_Playlist.root
a6e8582efc0e19ac3944a05b5bd6e76da7f678fb126190ab40746d4016136b7c	552270309	2026-04-19T21:46:06Z	Data/Playlist1E/MasterAnaDev_data_AnaTuple_run00016119_Playlist.root
ea55640a21699a52ab57d970c809f53a9d4e8f9592f45fd4fc50bb36f5e3e0d8	550971028	2026-04-19T21:46:10Z	Data/Playlist1E/MasterAnaDev_data_AnaTuple_run00016120_Playlist.root
b81b94c749fcd6e0a8d26d378825ebb57526f25dc69b0c29fb76940fcc3806fe	582906278	2026-04-19T21:46:13Z	Data/Playlist1E/MasterAnaDev_data_AnaTuple_run00016121_Playlist.root
e9600837d1c37f07ae0f04cbf0eafdc29f7f398a9c12d4af9a37f413175dc6b8	588826499	2026-04-19T21:46:16Z	Data/Playlist1E/MasterAnaDev_data_AnaTuple_run00016122_Playlist.root
d25fd519449e4e1abcfbd1b375368a6088e2739a46783fdb6bcac088e7abf7a6	548139056	2026-04-19T21:46:19Z	Data/Playlist1E/MasterAnaDev_data_AnaTuple_run00016123_Playlist.root
d9f194690815ccac124ba26f5a9005b98018214cab68e2eaf152946cad61c44d	572070786	2026-04-19T21:46:23Z	Data/Playlist1E/MasterAnaDev_data_AnaTuple_run00016124_Playlist.root
d4e1e72b973087ed04b24c64e964c4e8c8c9bee8696c8f3701e4266901ee91d1	569051572	2026-04-19T21:46:27Z	Data/Playlist1E/MasterAnaDev_data_AnaTuple_run00016125_Playlist.root
894ae3c3f1d63c6b96395fb6de843bb406bda9b48de662c06954c803bb3fc7cf	574908986	2026-04-19T21:46:31Z	Data/Playlist1E/MasterAnaDev_data_AnaTuple_run00016126_Playlist.root
145255e94d18a26a2a8f2b5c931421eb990ea0391dc0f372fe2b1c8e5425d3aa	583115281	2026-04-19T21:46:36Z	Data/Playlist1E/MasterAnaDev_data_AnaTuple_run00016127_Playlist.root
51d46fd0d4e53dbf553a17d7bcfa799dcf48f7e3c6b819a0db56a622b60f61d1	531757922	2026-04-19T21:46:39Z	Data/Playlist1E/MasterAnaDev_data_AnaTuple_run00016128_Playlist.root
0dad51ae62b6dd54acac2c3cc73085d5f3b263fa781555229878076af22b5a4b	264613761	2026-04-19T21:46:41Z	Data/Playlist1E/MasterAnaDev_data_AnaTuple_run00016129_Playlist.root
6893a0e0541bd4a34adbfa34dff1043aecb050a061aa71b6339181a10e090d68	458486279	2026-04-19T21:46:44Z	Data/Playlist1E/MasterAnaDev_data_AnaTuple_run00016131_Playlist.root
cf812b3ab90ec4c8582070981d9ba7ce0081c4a7457cea967aa21a385790ada6	538834809	2026-04-19T21:46:46Z	Data/Playlist1E/MasterAnaDev_data_AnaTuple_run00016132_Playlist.root
14f872e0b3358be3582d847340159cc7787866b1a622ba2b5408b48ec45f2a76	579030371	2026-04-19T21:46:49Z	Data/Playlist1E/MasterAnaDev_data_AnaTuple_run00016133_Playlist.root
24dcbff6171605bf150c34337564514bbdba5a56119039a4018f2d43b159c88a	566653831	2026-04-19T21:46:53Z	Data/Playlist1E/MasterAnaDev_data_AnaTuple_run00016134_Playlist.root
bbcb0670970d3b9e00c706eb4a5be787e3fbc8a4ec381a0e6e89e501a6b364d0	581820663	2026-04-19T21:46:57Z	Data/Playlist1E/MasterAnaDev_data_AnaTuple_run00016135_Playlist.root
8a4f198421daba93801f0630a34d32795b0aec9a4ee1cff571bacb241f4c29cc	536689339	2026-04-19T21:47:00Z	Data/Playlist1E/MasterAnaDev_data_AnaTuple_run00016136_Playlist.root
eacb15c1c5ac82d7e386ae2b1549dc788c8f4c17826c8ed8c7ecd5cfa35bb63d	535371078	2026-04-19T21:47:03Z	Data/Playlist1E/MasterAnaDev_data_AnaTuple_run00016137_Playlist.root
73dd3c0fd6b7bcc75e5b917677687c4894731eeee8c5c88f810b55806b26ac0e	579244515	2026-04-19T21:47:06Z	Data/Playlist1E/MasterAnaDev_data_AnaTuple_run00016138_Playlist.root
ad526ee897d4c3f5c851d9b7c502d3c3ba2faa70894ce1273dba68e88e1dc3ac	546290360	2026-04-19T21:47:09Z	Data/Playlist1E/MasterAnaDev_data_AnaTuple_run00016139_Playlist.root
7e0955f9ad8ec5b2aef64467387e658369a0884aaeb9b846dffbc65be93ea60c	374633636	2026-04-19T21:47:12Z	Data/Playlist1E/MasterAnaDev_data_AnaTuple_run00016140_Playlist.root
a6a751f1ea7225dd303b67a11baaad792249b75661bee649a9f902b4fbfae43d	523967322	2026-04-19T21:47:15Z	Data/Playlist1E/MasterAnaDev_data_AnaTuple_run00016141_Playlist.root
17a38d70628c7dd6d8f114507379f30b86a90174e86160ae05fbd0e38eb0aef2	562858967	2026-04-19T21:47:19Z	Data/Playlist1E/MasterAnaDev_data_AnaTuple_run00016142_Playlist.root
c84836cea566636bc29af88b20f66fae524bff15fb1dbfc3c6d4925abb59d26b	570226896	2026-04-19T21:47:21Z	Data/Playlist1E/MasterAnaDev_data_AnaTuple_run00016143_Playlist.root
9bdac1b8c7ae103d727aeb5185954e0706ff655fd49495eb9e31c2d987a3781f	527558062	2026-04-19T21:47:26Z	Data/Playlist1E/MasterAnaDev_data_AnaTuple_run00016144_Playlist.root
4f1a429868bcfc48eb7a5a9ef7668e37ebd78339a2616482cbf011448c33df85	556566114	2026-04-19T21:47:29Z	Data/Playlist1E/MasterAnaDev_data_AnaTuple_run00016145_Playlist.root
992d876e555d6143584818a983466f09f537def21186df1270b88632a7e4980a	577716913	2026-04-19T21:47:31Z	Data/Playlist1E/MasterAnaDev_data_AnaTuple_run00016146_Playlist.root
7eb63a9d630060d5103f0f582c70d9881adae7625ac9444294518571e2d9e0a0	587001607	2026-04-19T21:47:34Z	Data/Playlist1E/MasterAnaDev_data_AnaTuple_run00016147_Playlist.root
e9605c68408fa6f7e8dd85db831a399845ec0dc3b57c507b98babfc87b3988aa	611887090	2026-04-19T21:47:38Z	Data/Playlist1E/MasterAnaDev_data_AnaTuple_run00016148_Playlist.root
992af775b542875d254b6b59f585fe4c02426a893392029b4c0f75a60788a236	565871035	2026-04-19T21:47:42Z	Data/Playlist1E/MasterAnaDev_data_AnaTuple_run00016149_Playlist.root
58f9c28a8ecfeb251c9fce2f7553fc6633040789a61f11031d7aae6332887232	253216348	2026-04-19T21:47:46Z	Data/Playlist1E/MasterAnaDev_data_AnaTuple_run00016150_Playlist.root
1dbbf497240b99dc9872a8b9dd6d8080a351c7935fa9d26f2a557ca6e6f6c819	90068294	2026-04-19T21:47:47Z	Data/Playlist1E/MasterAnaDev_data_AnaTuple_run00016151_Playlist.root
2bad395e15b0f600443e8c39d448a87ac398410d0e62976df2fed828127fe636	45711981	2026-04-19T21:47:49Z	Data/Playlist1E/MasterAnaDev_data_AnaTuple_run00016152_Playlist.root
bb0ce0f6462b6d5f642c75b345a453436b5618837bcd431126e126d98b46d48b	532660316	2026-04-19T21:47:52Z	Data/Playlist1E/MasterAnaDev_data_AnaTuple_run00016153_Playlist.root
549a5ff52804a298160965710266e84e9642b2fed9c870edb0533dc3fd7e9de0	172715420	2026-04-19T21:47:55Z	Data/Playlist1E/MasterAnaDev_data_AnaTuple_run00016154_Playlist.root
2252b117350797f29e09adc3e5dfc5b047e41ceb8a22e195847384353896a74d	569356209	2026-04-19T21:47:57Z	Data/Playlist1E/MasterAnaDev_data_AnaTuple_run00016155_Playlist.root
11fed889567500a41fbd564b3142e45228c5cb142f4627b9cdd6391be9eed09f	578698963	2026-04-19T21:48:00Z	Data/Playlist1E/MasterAnaDev_data_AnaTuple_run00016156_Playlist.root
b51911584a889a290275aa5986c9c6268601bffcc13019ebec03c5b556936778	554207897	2026-04-19T21:48:04Z	Data/Playlist1E/MasterAnaDev_data_AnaTuple_run00016157_Playlist.root
cf38a6f20767893c0c3efa27f085379888e4cd6b3c5322d8b12dae96b4d20218	583308382	2026-04-19T21:48:07Z	Data/Playlist1E/MasterAnaDev_data_AnaTuple_run00016158_Playlist.root
130c1d4cfe2389771f110e0807434a096f8cbede47c0831b9f6e78bd3b89c1ed	551449442	2026-04-19T21:48:10Z	Data/Playlist1E/MasterAnaDev_data_AnaTuple_run00016159_Playlist.root
638a44a142e3bb4fef2612a3463b499f63ab0bbe9c80127a5d2697edc2897c47	584852131	2026-04-19T21:48:18Z	Data/Playlist1E/MasterAnaDev_data_AnaTuple_run00016160_Playlist.root
083419cb6f9dc330538e7399fe2d2ec83642fcc09b9f0d1e8d02bd7e78d926bd	573342120	2026-04-19T21:48:21Z	Data/Playlist1E/MasterAnaDev_data_AnaTuple_run00016161_Playlist.root
dce0099bca213b42a372058e0a821d5ad27f933b3b582135dbf1502b3133eeba	528900191	2026-04-19T21:48:24Z	Data/Playlist1E/MasterAnaDev_data_AnaTuple_run00016162_Playlist.root
e8aa5335e44065a8625dd5cab9f210850a7342810a0668f7c0106dc8e18abe38	545193475	2026-04-19T21:48:27Z	Data/Playlist1E/MasterAnaDev_data_AnaTuple_run00016163_Playlist.root
c91b9e06d90fa65067aa0f66d029b88346e645bc87b4d31c2d4935fe351d70a1	538806687	2026-04-19T21:48:30Z	Data/Playlist1E/MasterAnaDev_data_AnaTuple_run00016164_Playlist.root
79d2be62b5577e36f790d72bdbde8d85538d9732eed55bfc6668e55577975ee8	562832066	2026-04-19T21:48:33Z	Data/Playlist1E/MasterAnaDev_data_AnaTuple_run00016165_Playlist.root
4394ed6e399eca65fe15762c2a03b6c5617b34339a78c0be841be7594c4b72c8	580497925	2026-04-19T21:48:36Z	Data/Playlist1E/MasterAnaDev_data_AnaTuple_run00016166_Playlist.root
63308e6a8340c4f5b8fcdc429582c3626974a0d59e5bcbe08098d139b43c5bcd	605456589	2026-04-19T21:48:41Z	Data/Playlist1E/MasterAnaDev_data_AnaTuple_run00016167_Playlist.root
024f14d2a124622ef5843e1759aea24f029cbf179fe77b42e96d86b8aa19125d	571034712	2026-04-19T21:48:45Z	Data/Playlist1E/MasterAnaDev_data_AnaTuple_run00016168_Playlist.root
63317e9d3f564b1e8f02a377736bb13c162854a2fe306a0016efb0abbae49e13	609126912	2026-04-19T21:48:50Z	Data/Playlist1E/MasterAnaDev_data_AnaTuple_run00016169_Playlist.root
338b414126d4d182ff067ef1f3f91bb6e1b5bda6631bca30e7d5280c7a4ab55f	580296708	2026-04-19T21:48:59Z	Data/Playlist1E/MasterAnaDev_data_AnaTuple_run00016170_Playlist.root
6dfbd6a2d237dd95df3ab7a3757704fdf7e58a2ba3907e74e36d9ed203b63102	562435924	2026-04-19T21:49:03Z	Data/Playlist1E/MasterAnaDev_data_AnaTuple_run00016171_Playlist.root
6ea6b361716927e1cf6ec2ec81d732da45fad8f88a1e12134c0b3850aacb8d41	541469794	2026-04-19T21:49:07Z	Data/Playlist1E/MasterAnaDev_data_AnaTuple_run00016172_Playlist.root
719a9d19a500b1e060100092c06eccea234ec6c8b8bc37158f1e114823718b2d	499704709	2026-04-19T21:49:14Z	Data/Playlist1E/MasterAnaDev_data_AnaTuple_run00016173_Playlist.root
34e03e0545778ca40f8d5a6abbeda3080c61ee9bfdf073ef5e9873e55e7b855b	535196684	2026-04-19T21:49:17Z	Data/Playlist1E/MasterAnaDev_data_AnaTuple_run00016174_Playlist.root
3aacaca00acfe7235db25518d6ea658b61945680e714cda61ee2b6f95f9c2ad0	77463546	2026-04-19T21:49:18Z	Data/Playlist1E/MasterAnaDev_data_AnaTuple_run00016175_Playlist.root
64c69f99a0f987df2f5e59a96f89bb5e9941ed6fb816e48eb1f0ce72a0406178	524141480	2026-04-19T21:49:21Z	Data/Playlist1E/MasterAnaDev_data_AnaTuple_run00016176_Playlist.root
0d0878ec5d276ace3937e028972da0afd5e034f1df39f2f10aad707c2a5905f1	577083255	2026-04-19T21:49:25Z	Data/Playlist1E/MasterAnaDev_data_AnaTuple_run00016177_Playlist.root
011d0e40eb62f49289d19973db587cc19bb938e628ab8bf83570577053309853	540676406	2026-04-19T21:49:29Z	Data/Playlist1E/MasterAnaDev_data_AnaTuple_run00016178_Playlist.root
da6f0922940a0bb5685074bc33ecc297832454d30a887ad67c45a9747a04e2cd	555288461	2026-04-19T21:49:33Z	Data/Playlist1E/MasterAnaDev_data_AnaTuple_run00016179_Playlist.root
3a2dd5acaca20af0abdbfc9e8ed94add9c9b6e6527d1044bd267d306a872de3f	535994798	2026-04-19T21:49:40Z	Data/Playlist1E/MasterAnaDev_data_AnaTuple_run00016180_Playlist.root
b63e4baa558c74dcb7ca74bc73d3927a86ed0d86d8c643dc16ad96352f8a42c5	501008246	2026-04-19T21:49:43Z	Data/Playlist1E/MasterAnaDev_data_AnaTuple_run00016181_Playlist.root
bf094244448647a536c6d9ad950f192c842cbd77a177241f7c4e415a707c6597	514316882	2026-04-19T21:49:49Z	Data/Playlist1E/MasterAnaDev_data_AnaTuple_run00016182_Playlist.root
09e3f1389beceb20ef0ab1a6a3878dbaf694361954e9e069f69d1c4b0601ed5c	551276887	2026-04-19T21:49:53Z	Data/Playlist1E/MasterAnaDev_data_AnaTuple_run00016183_Playlist.root
60f3fc918e52a48b45b5686b46da85268ca603915e375d7c481f563db9252407	552002159	2026-04-19T21:49:56Z	Data/Playlist1E/MasterAnaDev_data_AnaTuple_run00016184_Playlist.root
8782448d624ec9c3d356bc5d284ea0466b10ea4a8f4aa7b2d100011a925b529b	272550852	2026-04-19T21:49:58Z	Data/Playlist1E/MasterAnaDev_data_AnaTuple_run00016185_Playlist.root
fb5312dd1246efca96776413be31abd776e902b6b433a43ddad7ce76ffeff011	608568774	2026-04-19T21:50:02Z	Data/Playlist1E/MasterAnaDev_data_AnaTuple_run00016186_Playlist.root
315ce0267c35b1fa30583b48b3b871d9c223bcb3aeb18074476fa01040ab5e91	559416208	2026-04-19T21:50:05Z	Data/Playlist1E/MasterAnaDev_data_AnaTuple_run00016187_Playlist.root
73d790196c290e6d970abaaceab703c2cf4b45425d579ee9f6b811d2c1da0bb9	494909634	2026-04-19T21:50:08Z	Data/Playlist1E/MasterAnaDev_data_AnaTuple_run00016188_Playlist.root
27887548c0aa4a330e87b0f15f4e44910e9e9afff80b39014d5cf026d786efc7	527488290	2026-04-19T21:50:11Z	Data/Playlist1E/MasterAnaDev_data_AnaTuple_run00016189_Playlist.root
1a1ee520d2cce48ae73a9d7dfef929c7e3950ed870cb5c93f99df816a8676645	577740261	2026-04-19T21:50:14Z	Data/Playlist1E/MasterAnaDev_data_AnaTuple_run00016190_Playlist.root
9c1a79c93812e78585a0634ec9f31fc84d76e3a9198b7f84dd9d03e5b87d93d3	588172717	2026-04-19T21:50:19Z	Data/Playlist1E/MasterAnaDev_data_AnaTuple_run00016191_Playlist.root
d029d6dfde669d77c2919d120746d675701770f8aaa2b5743ef4fbf6efd34f18	583048787	2026-04-19T21:50:23Z	Data/Playlist1E/MasterAnaDev_data_AnaTuple_run00016192_Playlist.root
8a39db6ac3f7f1cd50a88ea0997ced0e9813045b20da26907169753c99e60f94	572861168	2026-04-19T21:50:27Z	Data/Playlist1E/MasterAnaDev_data_AnaTuple_run00016193_Playlist.root
12bc3db6a5730ffbee9e215444be9497dc131c46f9b532ee72000e96b2fa36a2	556451207	2026-04-19T21:50:31Z	Data/Playlist1E/MasterAnaDev_data_AnaTuple_run00016194_Playlist.root
f57dda6a82bc989749e21180c54f81347477dbeec36804c08726d5930739abc3	558616505	2026-04-19T21:50:33Z	Data/Playlist1E/MasterAnaDev_data_AnaTuple_run00016195_Playlist.root
3abbe4ee6bb56b81453a745311a3d1771dddfd9157993861c4befad4250ef331	535833399	2026-04-19T21:50:36Z	Data/Playlist1E/MasterAnaDev_data_AnaTuple_run00016196_Playlist.root
9ad554204d12651b3d2dbf0b4eac305ffeda938e88c6e022aa0bd3d33414b2a3	507783134	2026-04-19T21:50:39Z	Data/Playlist1E/MasterAnaDev_data_AnaTuple_run00016197_Playlist.root
0115f64a04f7bd6238051f5ad9e675500c3f98eb306367ea10204727aa130263	585761678	2026-04-19T21:50:42Z	Data/Playlist1E/MasterAnaDev_data_AnaTuple_run00016198_Playlist.root
15d572aacfddb19828da5caf3eecdd0d98ed33316993f3ec58ff17ee867248ad	302761941	2026-04-19T21:50:46Z	Data/Playlist1E/MasterAnaDev_data_AnaTuple_run00016199_Playlist.root
1757af00cd1b024847b322bc83bfb6d15284d2af4cf71ed2984d849d7676e830	536342000	2026-04-19T21:50:49Z	Data/Playlist1E/MasterAnaDev_data_AnaTuple_run00016200_Playlist.root
9f0cc243632dcc0b2218bad2b420dbc10ac71b22918bf33f19c4009879ea3e11	598309492	2026-04-19T21:50:53Z	Data/Playlist1E/MasterAnaDev_data_AnaTuple_run00016201_Playlist.root
ac037d01fa45680cfca3de309c9e77f4d6e5cef32b7434a380e56cb62328fe57	580927592	2026-04-19T21:50:57Z	Data/Playlist1E/MasterAnaDev_data_AnaTuple_run00016202_Playlist.root
83768f26d27d3c59c984a71bb3726be55c363bb10834e04b5209a7b5b073ad00	590115435	2026-04-19T21:51:01Z	Data/Playlist1E/MasterAnaDev_data_AnaTuple_run00016203_Playlist.root
ce3038894f2dff5e962251102a1c6f65b2f7e4ecf0b2880574c42f5f85c51813	574786362	2026-04-19T21:51:04Z	Data/Playlist1E/MasterAnaDev_data_AnaTuple_run00016204_Playlist.root
50333a851663aa802338bc04182abfb0235fbd374141573b070be2d8982a8f0f	570032843	2026-04-19T21:51:07Z	Data/Playlist1E/MasterAnaDev_data_AnaTuple_run00016205_Playlist.root
8f4bcb61a22d8a86ce53fcbd7a295f001de754441a07924ea3a55818e8a1891e	525411458	2026-04-19T21:51:10Z	Data/Playlist1E/MasterAnaDev_data_AnaTuple_run00016206_Playlist.root
3950e3782432ee6331d2c771ceb8b73d6babec1bb20aabf928a183d2cc372721	555378935	2026-04-19T21:51:16Z	Data/Playlist1E/MasterAnaDev_data_AnaTuple_run00016207_Playlist.root
58f4749ac8a2abacc8f727103fe5087ec1e78e19bf2b50107135c3a645b513c6	565872686	2026-04-19T21:51:20Z	Data/Playlist1E/MasterAnaDev_data_AnaTuple_run00016208_Playlist.root
0864e2c9d2632f695dd407c4eef2b404d27c618c1adb4a512f1fc2177b86416e	551905304	2026-04-19T21:51:23Z	Data/Playlist1E/MasterAnaDev_data_AnaTuple_run00016209_Playlist.root
66f416eb71b78e5522183c8abd47a7eaabe712ba267610e1636068e8881d402b	521513967	2026-04-19T21:51:26Z	Data/Playlist1E/MasterAnaDev_data_AnaTuple_run00016210_Playlist.root
623ae43ae63c54df2f80d5a443ac0a94d08486c26d2ae1e995c2d98f44b6e617	547932048	2026-04-19T21:51:30Z	Data/Playlist1E/MasterAnaDev_data_AnaTuple_run00016211_Playlist.root
1eec110d0e4a3a05febdc64198737a88ea5ed32a1f52ce512abc0b8c9282c1ff	581835638	2026-04-19T21:51:33Z	Data/Playlist1E/MasterAnaDev_data_AnaTuple_run00016212_Playlist.root
a0aada90ee489992ec483f7909d163ffcc82ae79a955174a2180a6a523a08436	549340930	2026-04-19T21:51:36Z	Data/Playlist1E/MasterAnaDev_data_AnaTuple_run00016213_Playlist.root
3555b020374222e90b30e8a8af169d3d739643a7f75f5559535d6c24a2cbef44	305162278	2026-04-19T21:51:38Z	Data/Playlist1E/MasterAnaDev_data_AnaTuple_run00016214_Playlist.root
d93dc07d4a687a8008e746d12139be19aaec3388cf63cbf2660e081118b7d6c1	166293	2026-04-19T21:51:39Z	Data/Playlist1E/MasterAnaDev_data_AnaTuple_run00016402_Playlist.root
d68d07bd3368b447d65e0a9a8773f39eb9c661f056e2d7f8c6c75e984f50f999	666208711	2026-04-19T21:51:48Z	Data/Playlist1E/MasterAnaDev_data_AnaTuple_run00016403_Playlist.root
5dbc13e47a3613b7d7e7dc0b4f8ee6dbc3c2ad577d97518168070eb208330285	557988932	2026-04-19T21:51:51Z	Data/Playlist1E/MasterAnaDev_data_AnaTuple_run00016404_Playlist.root
41df3db342102715763f92b194730ca43f6c2de3ced7c7d05b03d1e088a68029	554025240	2026-04-19T21:51:56Z	Data/Playlist1E/MasterAnaDev_data_AnaTuple_run00016405_Playlist.root
af4d949cf315a6f76add30b7a5bc3881c374f00d63acad1f2eea5edd2c5665f0	589939355	2026-04-19T21:51:59Z	Data/Playlist1E/MasterAnaDev_data_AnaTuple_run00016406_Playlist.root
c1be5d5000985ac5c6d786f53771e8ccc54a056ff093cf4d4182e7ca3d2111c6	366980730	2026-04-19T21:52:02Z	Data/Playlist1E/MasterAnaDev_data_AnaTuple_run00016407_Playlist.root
273ad626944b4e4c11eb8afffe095e399c714ec22efc6d55e16dce1175d6331f	549539076	2026-04-19T21:52:05Z	Data/Playlist1E/MasterAnaDev_data_AnaTuple_run00016500_Playlist.root
d87e23420755ecb4e2633cc72ef3c9c6718a1e408616f3be816466e0e58a1311	565778615	2026-04-19T21:52:08Z	Data/Playlist1E/MasterAnaDev_data_AnaTuple_run00016501_Playlist.root
3dbe9e1803876e533c00bd66d6bfe292b3163324f06f633298a3e5a7fc66e59b	234617647	2026-04-19T21:52:10Z	Data/Playlist1E/MasterAnaDev_data_AnaTuple_run00016502_Playlist.root
645dc41486e81152303eb49834724660bbe7fdcc5a297640b0c097d1a699f13e	177521745	2026-04-19T21:52:11Z	Data/Playlist1E/MasterAnaDev_data_AnaTuple_run00016503_Playlist.root
0f229899467ac9024eb81db2a1870875daecf15f5ebeb8e3f70bb42c851599e3	602497207	2026-04-19T21:52:14Z	Data/Playlist1E/MasterAnaDev_data_AnaTuple_run00016505_Playlist.root
378b5d02ac9f977540d9c9aa852e727fbe31ae3f62fa2fa6790fd02e9a38b0b2	602152944	2026-04-19T21:52:17Z	Data/Playlist1E/MasterAnaDev_data_AnaTuple_run00016506_Playlist.root
352d2a3a064357ed71a17db257dc3cd3d6543214b056b54a19fa7f5f1ce1f7a3	614127666	2026-04-19T21:52:20Z	Data/Playlist1E/MasterAnaDev_data_AnaTuple_run00016507_Playlist.root
ab3730e0c67389fe6f26af67bd3e1c8e2208760e7bb8dc509e8f72c02408cb8c	525893528	2026-04-19T21:52:23Z	Data/Playlist1E/MasterAnaDev_data_AnaTuple_run00016508_Playlist.root
6fff76f99774324f47df62acd468fb03a3bc27c6d8d40e6aac1d0fc34cb18785	622298793	2026-04-19T21:52:26Z	Data/Playlist1E/MasterAnaDev_data_AnaTuple_run00016510_Playlist.root
f616873253afdce7325809a000a51ce04c66db71a2f5e1cab049826078e9a3fb	603287754	2026-04-19T21:52:30Z	Data/Playlist1E/MasterAnaDev_data_AnaTuple_run00016511_Playlist.root
c01d0a623d67a8c977d167d4d6c10cf5c7e1279882c17ba0275a817a51eee970	582433655	2026-04-19T21:52:35Z	Data/Playlist1E/MasterAnaDev_data_AnaTuple_run00016512_Playlist.root
b8546ed9d1203fdb26d336277215f74303a7024b151f322b815ee395f928e2f5	472004101	2026-04-19T21:52:37Z	Data/Playlist1E/MasterAnaDev_data_AnaTuple_run00016513_Playlist.root
36a38ef90808d0ac0f39e93b5519288170c5561b2d35ed892e95909f4c3d5b3c	563210035	2026-04-19T21:52:40Z	Data/Playlist1E/MasterAnaDev_data_AnaTuple_run00016514_Playlist.root
76ec04003023a350338a3b3da399556d87517ffccaf0cf754dfafa142710fd97	595787558	2026-04-19T21:52:44Z	Data/Playlist1E/MasterAnaDev_data_AnaTuple_run00016515_Playlist.root
53a5123d3ae50b3e03db28c6beeb76f7607f3b30f1fb8833f514a424cdd5372f	566889498	2026-04-19T21:52:47Z	Data/Playlist1E/MasterAnaDev_data_AnaTuple_run00016516_Playlist.root
f41f7723ce15db78d8fd1a86aeb0814b3c5d001c16aa68f5a5cc1e6ea5372996	613717008	2026-04-19T21:52:49Z	Data/Playlist1E/MasterAnaDev_data_AnaTuple_run00016517_Playlist.root
20b41b116b4391a19af1ae368eaf31987c974c5e00dc970e8d650595aade2d96	523524767	2026-04-19T21:52:52Z	Data/Playlist1E/MasterAnaDev_data_AnaTuple_run00016518_Playlist.root
cc8955b7a63666e4186f91622b333bb77db4a93ba31ff09a373443bf479f5976	334820736	2026-04-19T21:52:54Z	Data/Playlist1E/MasterAnaDev_data_AnaTuple_run00016519_Playlist.root
5e43c87da798ccc2b98420210e10f8508832c171924928d510413331d155d4d7	482514020	2026-04-19T21:52:57Z	Data/Playlist1E/MasterAnaDev_data_AnaTuple_run00016520_Playlist.root
43da97a69a13f78cd82f2a3699a717fc7c1aaca6007a133b460383606dcf13f5	317204548	2026-04-19T21:52:59Z	Data/Playlist1E/MasterAnaDev_data_AnaTuple_run00016521_Playlist.root
c5fb8460a58cd59599b214c10ccdfd40118d2b2ab08625fe9b3bc744c2afd434	611687963	2026-04-19T21:53:02Z	Data/Playlist1E/MasterAnaDev_data_AnaTuple_run00016522_Playlist.root
ecd6754f8e61c6249488f26fdcbda9c1de6a184105b0d933696c512f1e3f395e	357508601	2026-04-20T00:55:20Z	Data/Playlist1F/MasterAnaDev_data_AnaTuple_run00016523_Playlist.root
0c28fdeb97810cea772ecbfd01602174aa41d7ed7c37280853e6b45bca50135b	422886996	2026-04-20T00:55:23Z	Data/Playlist1F/MasterAnaDev_data_AnaTuple_run00016525_Playlist.root
b9ff3e53d778964e2a24f3b2a0844b49e5159e9e069d3cc78154c1e4262c3775	428502535	2026-04-20T00:55:29Z	Data/Playlist1F/MasterAnaDev_data_AnaTuple_run00016526_Playlist.root
d2b354cdadbba84d7d42237ae80711e1e4d1378d7b12e3534127d3d86aeb1626	549902273	2026-04-20T00:55:32Z	Data/Playlist1F/MasterAnaDev_data_AnaTuple_run00016528_Playlist.root
32b3d0109397bbfe113eda8be84b8eea6290337bbda273c41bb1bc1f3badea0c	580474030	2026-04-20T00:55:37Z	Data/Playlist1F/MasterAnaDev_data_AnaTuple_run00016529_Playlist.root
96661cf8572279b794831c0d36d7a53410d7b7162147e1459c786cc8cfff3103	571256927	2026-04-20T00:55:40Z	Data/Playlist1F/MasterAnaDev_data_AnaTuple_run00016530_Playlist.root
72eca54f09de5f47b1f1b4e3a11883e161b2cca748d56e7de643ba1d973a6868	540047199	2026-04-20T00:55:43Z	Data/Playlist1F/MasterAnaDev_data_AnaTuple_run00016531_Playlist.root
8056f9dd9b8941ea158dbc3d1cf283839aaea65c6e1d0faa4155246a522affaa	494395537	2026-04-20T00:55:47Z	Data/Playlist1F/MasterAnaDev_data_AnaTuple_run00016532_Playlist.root
516e64dfe93e367c18e565bb627627650708b8ca9d34a691469c8bd78ce7d831	349530427	2026-04-20T00:55:51Z	Data/Playlist1F/MasterAnaDev_data_AnaTuple_run00016533_Playlist.root
29ce7291786c90bf081dea9234452ce788b2c088607187a0804943569598f57e	582515591	2026-04-20T00:55:54Z	Data/Playlist1F/MasterAnaDev_data_AnaTuple_run00016534_Playlist.root
e79d4f80ea8ccf77ec3cc6dffda897a0544aa0f11990f2fcdf4e77590cdf5685	620668825	2026-04-20T00:55:58Z	Data/Playlist1F/MasterAnaDev_data_AnaTuple_run00016535_Playlist.root
2c85728443b06baa3a8d094b9519ce37e278734923b4efde439350fb143148fe	585221587	2026-04-20T00:56:01Z	Data/Playlist1F/MasterAnaDev_data_AnaTuple_run00016536_Playlist.root
b7f3bcf1ba90ce3a5fecc84c335cacbc78b7080a30747d55d101696ece38b18a	560252289	2026-04-20T00:56:10Z	Data/Playlist1F/MasterAnaDev_data_AnaTuple_run00016537_Playlist.root
00c5e45b7a92d863d9ab3a2dd76deb196c93b4a13c847a50b78f00a75ed796fe	517301499	2026-04-20T00:56:13Z	Data/Playlist1F/MasterAnaDev_data_AnaTuple_run00016538_Playlist.root
c675a366d78bd2c847ee0fe3c728ee821b770843c33f5a6fc3c711df5c830ec3	547050040	2026-04-20T00:56:17Z	Data/Playlist1F/MasterAnaDev_data_AnaTuple_run00016539_Playlist.root
05d4cdb62ecdb35d1a7e249113c55e6d599de36ba7aeb7159d8dd01ad2b172d7	481001927	2026-04-20T00:56:20Z	Data/Playlist1F/MasterAnaDev_data_AnaTuple_run00016540_Playlist.root
e062e7dfe0c3bacc30824179839e8d4ad111ac30a6f597299273962ac959a239	561065501	2026-04-20T00:56:23Z	Data/Playlist1F/MasterAnaDev_data_AnaTuple_run00016541_Playlist.root
24f7bf7eb61e38fade1b0539205977122e96043cb42169d017c99a88b15e0812	519942123	2026-04-20T00:56:26Z	Data/Playlist1F/MasterAnaDev_data_AnaTuple_run00016542_Playlist.root
f92e4ec5ad7da65fce6d63fc986cd8d5090cc6002e0192300d4463ae0b240f9b	484637899	2026-04-20T00:56:31Z	Data/Playlist1F/MasterAnaDev_data_AnaTuple_run00016543_Playlist.root
3f10e67742e7a9b56e217f88f2470160b2753918d6089de5ff50cbda30fe22e9	574371468	2026-04-20T00:56:34Z	Data/Playlist1F/MasterAnaDev_data_AnaTuple_run00016544_Playlist.root
757b10f2347c9518245e382eda262571353bbbafcbf9b21b96e0d44ced45365a	451541108	2026-04-20T00:56:36Z	Data/Playlist1F/MasterAnaDev_data_AnaTuple_run00016545_Playlist.root
92dd2160cbd3198893f14703f087679a9a3c6a2e0af21e400119945883816835	612876041	2026-04-20T00:56:42Z	Data/Playlist1F/MasterAnaDev_data_AnaTuple_run00016546_Playlist.root
d4461a052cc93a2ea9556826da618cdbbc4765174ed5088951e645413865eb55	114174236	2026-04-20T00:56:45Z	Data/Playlist1F/MasterAnaDev_data_AnaTuple_run00016547_Playlist.root
f1192cf147da46c3e84c6668932fc3d6294318af62799aed9b6a493068028da9	355179113	2026-04-20T00:56:49Z	Data/Playlist1F/MasterAnaDev_data_AnaTuple_run00016553_Playlist.root
d34e7efd9da8e7ef58cfba2c6e2f85c47b2f2e75c81d79043b9d0623b4f2b9b8	548573844	2026-04-20T00:56:57Z	Data/Playlist1F/MasterAnaDev_data_AnaTuple_run00016554_Playlist.root
82c644e22760b8a81788277d37335de4dcde87527abc73eb865335e43ea1783b	562016428	2026-04-20T00:57:03Z	Data/Playlist1F/MasterAnaDev_data_AnaTuple_run00016555_Playlist.root
09e38886213b7c763c29f370fbec44f5a474109315a9218bbf1bc381315194de	554566097	2026-04-20T00:57:06Z	Data/Playlist1F/MasterAnaDev_data_AnaTuple_run00016556_Playlist.root
2c3c811838354830fcbe24176578461d877927516ee0123fcaa82e960fd1d5f3	639951019	2026-04-20T00:57:09Z	Data/Playlist1F/MasterAnaDev_data_AnaTuple_run00016557_Playlist.root
080e488c7efbdc2bfc02c67e731c3212bff4b842706f7ed2ceba4018f29711bf	588531415	2026-04-20T00:57:13Z	Data/Playlist1F/MasterAnaDev_data_AnaTuple_run00016558_Playlist.root
dab781a481f42c2c1f009acb669f804f837cbbd64e72ad8d9319c64ee2d39b92	555523863	2026-04-20T00:57:17Z	Data/Playlist1F/MasterAnaDev_data_AnaTuple_run00016559_Playlist.root
4bbbd8e95f3ce40855249cd9a97b4b787218c05d0af2f56213937e0e3a35fa0b	578471730	2026-04-20T00:57:20Z	Data/Playlist1F/MasterAnaDev_data_AnaTuple_run00016560_Playlist.root
d8e88ba82d8b0ab3394b7dafe91921b0734c93dcfa2bced6f5e29887ffeddb5e	562078682	2026-04-20T00:57:23Z	Data/Playlist1F/MasterAnaDev_data_AnaTuple_run00016561_Playlist.root
ac459d5a33c862b75fac64da69e63bf3e7c74eec52706c7973e2f496bceac212	513822714	2026-04-20T00:57:27Z	Data/Playlist1F/MasterAnaDev_data_AnaTuple_run00016562_Playlist.root
359623a16e206bad733afa52db6e2e4eb51d36412dcc4bebb760879cc9d782c6	606056129	2026-04-20T00:57:31Z	Data/Playlist1F/MasterAnaDev_data_AnaTuple_run00016563_Playlist.root
36f1b3e677e1cec48230a53049d34d9c1c89b073fea94ebec7af275d22eb6cf2	604196784	2026-04-20T00:57:35Z	Data/Playlist1F/MasterAnaDev_data_AnaTuple_run00016564_Playlist.root
56a395d5720b3e1d7a58c74dd94d0a630e331747c48cd7c7350c15ed40b10325	549812829	2026-04-20T00:57:40Z	Data/Playlist1F/MasterAnaDev_data_AnaTuple_run00016565_Playlist.root
6e295c346ae11d9bfa2160cce28bc81d868243ae8cc78926446efeaa66627ddb	325150782	2026-04-20T00:57:42Z	Data/Playlist1F/MasterAnaDev_data_AnaTuple_run00016566_Playlist.root
e8292af84873ec65d7c72c54e9d959a3286377eeb763303fe4e676cc3ef30b98	573469334	2026-04-20T00:57:46Z	Data/Playlist1F/MasterAnaDev_data_AnaTuple_run00016567_Playlist.root
2e1c30bf411475fe14c9c16cf00506c94f0c94c9f94da1bd0911c44b693f0b66	636305869	2026-04-20T00:57:49Z	Data/Playlist1F/MasterAnaDev_data_AnaTuple_run00016568_Playlist.root
9d26d81331f188a17a2caea24c7ca3b88331c261800cb1d112e8594b66330ef7	630964429	2026-04-20T00:57:52Z	Data/Playlist1F/MasterAnaDev_data_AnaTuple_run00016569_Playlist.root
0b5f8e7860be844094bb8293ccb0c37c59d7d1fe98c8a04d6b0253386139dd8a	535799337	2026-04-20T00:57:55Z	Data/Playlist1F/MasterAnaDev_data_AnaTuple_run00016570_Playlist.root
4840cc0679674a50d2d481a758de9799b10537ef6bd0d303cf696aa2335562fa	566283989	2026-04-20T00:57:58Z	Data/Playlist1F/MasterAnaDev_data_AnaTuple_run00016571_Playlist.root
380ef4dafe8a4533fac18777d5ff755b6cd76b5c129f80cc8b2e9ce42996bd54	640216401	2026-04-20T00:58:02Z	Data/Playlist1F/MasterAnaDev_data_AnaTuple_run00016572_Playlist.root
3d8d7c3af3a60f1aee11f0463f5c1c34f04cc8216deea4a71567021e3710c271	586138766	2026-04-20T00:58:06Z	Data/Playlist1F/MasterAnaDev_data_AnaTuple_run00016573_Playlist.root
8151a513d4ae8e48bcfe96e244cf3a8861dcb406c8bbd71370b46adb2cc53cd0	626520786	2026-04-20T00:58:10Z	Data/Playlist1F/MasterAnaDev_data_AnaTuple_run00016574_Playlist.root
5d1414b3c79638b548ef259487e312bcefcccb10847b6983148bb4272cfcc807	571743261	2026-04-20T00:58:12Z	Data/Playlist1F/MasterAnaDev_data_AnaTuple_run00016575_Playlist.root
330427279752a869de381896daec0293d0b0a3352069ea17e302db54b1b281a8	937549343	2026-04-20T00:58:17Z	Data/Playlist1F/MasterAnaDev_data_AnaTuple_run00016576_Playlist.root
2ed7d58e20047e48e845c383133018a4e21b531ada5ce51ec60c70f8ecfc4229	631356685	2026-04-20T00:58:22Z	Data/Playlist1F/MasterAnaDev_data_AnaTuple_run00016577_Playlist.root
b83ae22d9269dea631540e0df390a701f42bd6069ab75ab744f66a147d8518c6	30309078	2026-04-20T00:58:23Z	Data/Playlist1F/MasterAnaDev_data_AnaTuple_run00016578_Playlist.root
210d768a8351da215e4c4551cf662f7c7a5e3e49f85fc64bba33f9b34627fd00	93079274	2026-04-20T00:58:24Z	Data/Playlist1F/MasterAnaDev_data_AnaTuple_run00016581_Playlist.root
feaaf70dec09110aab3c8a4fdd5a73e0cd6cda3067dea6388bb8def1197cc9c2	535092077	2026-04-20T00:58:29Z	Data/Playlist1F/MasterAnaDev_data_AnaTuple_run00016582_Playlist.root
b9a0cacc2527841b6be7ba4ee0ec5f08ee2be75b48636c96fd4c356265839099	597968301	2026-04-20T00:58:34Z	Data/Playlist1F/MasterAnaDev_data_AnaTuple_run00016583_Playlist.root
d73ee543d947c04a083275026e57afb028fc7443dfa15b2981e23dbe82cd1391	636170757	2026-04-20T00:58:38Z	Data/Playlist1F/MasterAnaDev_data_AnaTuple_run00016584_Playlist.root
5aec22f564c09e71e15c6c89496e0c9ae38f8208dfbf880c2b09de9baf0c22a4	669000043	2026-04-20T00:58:44Z	Data/Playlist1F/MasterAnaDev_data_AnaTuple_run00016585_Playlist.root
7efbb2caecbc2576c2635d2b5b39d0dbf306bf8274b2f9f3f095fede9574e623	561095709	2026-04-20T00:58:47Z	Data/Playlist1F/MasterAnaDev_data_AnaTuple_run00016586_Playlist.root
a86dc6d11ffdb191f2ce50d1bd7bd0421d9f734d62c247c5289c54ea4b9ad144	708277253	2026-04-20T00:58:51Z	Data/Playlist1F/MasterAnaDev_data_AnaTuple_run00016587_Playlist.root
f9b397d8e85890f80fc91f9c7ecb0be41cf8d946558df4906bcee4c78043ee3e	537535407	2026-04-20T00:58:54Z	Data/Playlist1F/MasterAnaDev_data_AnaTuple_run00016588_Playlist.root
f0a0655492b580c23cabc6fd7c1f1cefd1acec598bc87e58d23ec7d564dd7acf	345013310	2026-04-20T00:58:56Z	Data/Playlist1F/MasterAnaDev_data_AnaTuple_run00016589_Playlist.root
4da09be896ccbdce8f42e51f6ec9eac880b8f80bec05ff2ee9e8c7334ddb3c25	1155690699	2026-04-20T00:59:02Z	Data/Playlist1F/MasterAnaDev_data_AnaTuple_run00016590_Playlist.root
4b9d2a06630d201c4b963a0ede867d9129d4d139acbb6ea387924a43c2e21294	644858399	2026-04-20T00:59:06Z	Data/Playlist1F/MasterAnaDev_data_AnaTuple_run00016591_Playlist.root
edc7fa175d3059ef1c703236fbc7289c8e7b2410ea5889b52bafbe5622818799	629041392	2026-04-20T00:59:10Z	Data/Playlist1F/MasterAnaDev_data_AnaTuple_run00016592_Playlist.root
5e2c0629e4c1e9efd38a9f12b69f8d5b0b0aceb09e0bbbe4509216d63cc0e188	528322487	2026-04-20T00:59:13Z	Data/Playlist1F/MasterAnaDev_data_AnaTuple_run00016593_Playlist.root
90902f447f15844c7627216b74f3350e4763d14831f3ef7fa08b56b1eb05c850	317517488	2026-04-20T00:59:15Z	Data/Playlist1F/MasterAnaDev_data_AnaTuple_run00016594_Playlist.root
04af7ffd60a55201535350a4f20a209630020aa1269ab24ecad536762ba02626	664275956	2026-04-20T00:59:20Z	Data/Playlist1F/MasterAnaDev_data_AnaTuple_run00016597_Playlist.root
14270fcaa0398b3ff3402a26a216237607b256411a2f636eeec609c124869f84	882059199	2026-04-20T00:59:24Z	Data/Playlist1F/MasterAnaDev_data_AnaTuple_run00016598_Playlist.root
de68d6019ac66f52505b4972afca974cec42f5a3b85c97a8e9d2ef62c6628192	639079447	2026-04-20T00:59:27Z	Data/Playlist1F/MasterAnaDev_data_AnaTuple_run00016599_Playlist.root
1029f0f1b35859adb3bfe46dfa4e0fe84be96d8e926928cfd920ff0cabaef59e	1058958817	2026-04-20T00:59:44Z	Data/Playlist1F/MasterAnaDev_data_AnaTuple_run00016600_Playlist.root
041b8b554dacf9927e43c92b7c68f2803b0a0cf9267c5b3434ca9013150b4eda	254318855	2026-04-20T00:59:46Z	Data/Playlist1F/MasterAnaDev_data_AnaTuple_run00016601_Playlist.root
c2b0ab49b21d38fc83add14a55297096554fe15256401c26670b0e599b8d2a99	62794498	2026-04-20T00:59:48Z	Data/Playlist1F/MasterAnaDev_data_AnaTuple_run00016602_Playlist.root
1f32a94a44018864803a296f14766e687b0340f6656a3890a74c0853145052e3	53638163	2026-04-20T00:59:49Z	Data/Playlist1F/MasterAnaDev_data_AnaTuple_run00016603_Playlist.root
05a29bcdf8c13b7e29e36271ceb2349d1357985fdfe96a1f626a38ad7668edc2	40971252	2026-04-20T00:59:50Z	Data/Playlist1F/MasterAnaDev_data_AnaTuple_run00016604_Playlist.root
e83617ca84c527c85e02600d9561d3ef6b6f418c3c4dc9380bf540c4b0ae3ab7	625811458	2026-04-20T00:59:54Z	Data/Playlist1F/MasterAnaDev_data_AnaTuple_run00016605_Playlist.root
5fc1677f287cfc6e70733ac6f1defb3ed8b436e2951c54ef0f1160290222dc97	307872751	2026-04-20T00:59:56Z	Data/Playlist1F/MasterAnaDev_data_AnaTuple_run00016606_Playlist.root
fda04c7ea6d5cdb2816416eeb17701c16b3a5cf901415cd420a3ddedc2f67ea5	744290708	2026-04-20T01:00:00Z	Data/Playlist1F/MasterAnaDev_data_AnaTuple_run00016607_Playlist.root
e5d03b3d9235e0576dfe0270b6d10b1903013718a583ddf40ac2b28156bf0064	745742976	2026-04-20T01:00:04Z	Data/Playlist1F/MasterAnaDev_data_AnaTuple_run00016608_Playlist.root
9d011e0f8522f1c731d0f68e0c2dc6895730e9515c74197238af731b85c21a5b	731138231	2026-04-20T01:00:08Z	Data/Playlist1F/MasterAnaDev_data_AnaTuple_run00016609_Playlist.root
20a1ec04c5f63f7fdbf9278420794e7939fc4be89883f4b380dd8cf3248f8d56	1173179505	2026-04-20T01:00:14Z	Data/Playlist1F/MasterAnaDev_data_AnaTuple_run00016610_Playlist.root
68263529fca9a000aa56bd245a1b6fd8688e9a6cf1f6193d98c5140342c1c5e7	648525946	2026-04-20T01:00:19Z	Data/Playlist1F/MasterAnaDev_data_AnaTuple_run00016611_Playlist.root
a7f3f92e0a124d0dcd2fcdff65418e33fdac5a1480860640e49e1b96609dd10b	694891109	2026-04-20T01:00:26Z	Data/Playlist1F/MasterAnaDev_data_AnaTuple_run00016612_Playlist.root
c427cde2e59072cb6965443b877705f90b980d4e84cf7145f31ecc8ad150b6dd	703612282	2026-04-20T01:00:31Z	Data/Playlist1F/MasterAnaDev_data_AnaTuple_run00016613_Playlist.root
7eea5913d90ffc6e945800bbc78e79aaf46ae345d39591aa194e93db04967e35	319524632	2026-04-20T01:00:34Z	Data/Playlist1F/MasterAnaDev_data_AnaTuple_run00016614_Playlist.root
6f6f6608334866c043748a9652d98cb91d9b78dafda309ff72263c9f10d48d6e	266673880	2026-04-20T01:00:36Z	Data/Playlist1F/MasterAnaDev_data_AnaTuple_run00016619_Playlist.root
226a2c89c896f27da23847454257f5bcdf124c1aa9cb55dbfc831eeed028f85a	397846126	2026-04-20T01:00:39Z	Data/Playlist1F/MasterAnaDev_data_AnaTuple_run00016623_Playlist.root
5472dcd0fd0c1631517f73ff15305b3f105b29b009724478cfe6d61fbfded4ef	448861314	2026-04-20T01:00:42Z	Data/Playlist1F/MasterAnaDev_data_AnaTuple_run00016624_Playlist.root
bab09ae465662430b8dcf62a463f2d691c4c396abee65c152b13155813aea3b3	584424918	2026-04-20T01:00:45Z	Data/Playlist1F/MasterAnaDev_data_AnaTuple_run00016625_Playlist.root
f895c36afee42aa9b5eccfc1acb4b009eec1ffc98a4de4f60d9306b5e53af1c9	693153485	2026-04-20T01:00:56Z	Data/Playlist1F/MasterAnaDev_data_AnaTuple_run00016626_Playlist.root
7afdfbe919b59e1afe611c7a44abea3cbfe7d6c00dc46f51144ece37414ca9c0	676486808	2026-04-20T01:01:00Z	Data/Playlist1F/MasterAnaDev_data_AnaTuple_run00016627_Playlist.root
2cb2d52a13e9648a2b4fe27c2ecc19538e673b8686b99b749aeea1b92044b010	608700154	2026-04-20T01:01:03Z	Data/Playlist1F/MasterAnaDev_data_AnaTuple_run00016628_Playlist.root
5e5a5b5173995d8f5bb38b69a852fa749b804bb336134b818c143dc7fc68288c	676282609	2026-04-20T01:01:07Z	Data/Playlist1F/MasterAnaDev_data_AnaTuple_run00016629_Playlist.root
2b0ce309c2458b26864633c33ec1a242ec76d8540c64c6985acfd8ba0f45c905	697410899	2026-04-20T01:01:12Z	Data/Playlist1F/MasterAnaDev_data_AnaTuple_run00016630_Playlist.root
f19424aa8066ff7276276053048cf6d55e78fb05afbce6b5aa3288581201a44d	1073932588	2026-04-20T01:01:16Z	Data/Playlist1F/MasterAnaDev_data_AnaTuple_run00016631_Playlist.root
609cf6bd160f86fa1f6a6283fb8f9ddc96687936f31181c676a4ccae15972144	631673692	2026-04-20T01:01:20Z	Data/Playlist1F/MasterAnaDev_data_AnaTuple_run00016632_Playlist.root
9a90efbe4771df5a948bb4515bb360866c6d44bdd8f3086bc77debf6736c5abe	704484302	2026-04-20T01:01:24Z	Data/Playlist1F/MasterAnaDev_data_AnaTuple_run00016633_Playlist.root
be25ff0d26c8d1a39465367a8fa186fcd51c0a4d6df9602cb6446f037533a8e1	682792917	2026-04-20T01:01:27Z	Data/Playlist1F/MasterAnaDev_data_AnaTuple_run00016634_Playlist.root
f5b9f7175ae00cc8423040de66c19c48ed5107f611215f2e96ef24a6b00bbb46	754206287	2026-04-20T01:01:35Z	Data/Playlist1F/MasterAnaDev_data_AnaTuple_run00016635_Playlist.root
204f192da0a4ec49c8788f13f8c78132edd68eeaa08aec67b1f1bfd58fdb322e	721356041	2026-04-20T01:01:38Z	Data/Playlist1F/MasterAnaDev_data_AnaTuple_run00016636_Playlist.root
b22af2ce63c7788c83f983224044b5a8bf415671d2bead897041e301d2328ee4	708956477	2026-04-20T01:01:45Z	Data/Playlist1F/MasterAnaDev_data_AnaTuple_run00016637_Playlist.root
93a296aaa187b6e608db90bb9a8266335e5830ae5bcb0f418646872748621778	808912229	2026-04-20T01:01:53Z	Data/Playlist1F/MasterAnaDev_data_AnaTuple_run00016638_Playlist.root
03b5a0036233fd23980f625565a05b8dbe044493c4634c1e4bdc9ea9007ffa7e	714287279	2026-04-20T01:01:57Z	Data/Playlist1F/MasterAnaDev_data_AnaTuple_run00016639_Playlist.root
f14deda7dcaf82c2470c39707b0043dcc38d2987fb8b4ee2664aff147dc455dc	774255972	2026-04-20T01:02:02Z	Data/Playlist1F/MasterAnaDev_data_AnaTuple_run00016640_Playlist.root
074452ba3fdd40713738dfe7a2d52ed143d0a66f37f047988b8ba79204960864	764419352	2026-04-20T01:02:07Z	Data/Playlist1F/MasterAnaDev_data_AnaTuple_run00016641_Playlist.root
c9f279af2e3f7fb4e1288b9092dd6505ce05fc69ac593ab0ae10cd131d39a40c	669874262	2026-04-20T01:02:12Z	Data/Playlist1F/MasterAnaDev_data_AnaTuple_run00016642_Playlist.root
e25d68bd8ba10393725bf98447d0e1f3508530da823d0dc3cf898546f2ce85c3	152084540	2026-04-20T01:02:14Z	Data/Playlist1F/MasterAnaDev_data_AnaTuple_run00016643_Playlist.root
ace5b9b5cbeb22bdc4746f13d42bf2de6c9e8e68a288a6af6a0e01c2a225d459	750625284	2026-04-20T01:02:18Z	Data/Playlist1F/MasterAnaDev_data_AnaTuple_run00016644_Playlist.root
f57b632cc68a6dbc3b32f6a4771ecd88b0f98b2759b3bfaf70e0d3aade4fc251	371333182	2026-04-20T01:02:20Z	Data/Playlist1F/MasterAnaDev_data_AnaTuple_run00016645_Playlist.root
02ff3e1c7982983b5c1751e217f80400b8feaa41ca31fcc81ad6add506c948d8	393335442	2026-04-20T01:02:23Z	Data/Playlist1F/MasterAnaDev_data_AnaTuple_run00016649_Playlist.root
6d14cdb37ee085142fa72f6ff1ffa306e6b0b2e835a662bf2b934b2e3fba4451	698809842	2026-04-20T01:02:27Z	Data/Playlist1F/MasterAnaDev_data_AnaTuple_run00016650_Playlist.root
0a7d6998c4da89a3bc207c4117bbb8606ad1d33da4fecff9ea0ebc092784143d	647745086	2026-04-20T01:02:31Z	Data/Playlist1F/MasterAnaDev_data_AnaTuple_run00016651_Playlist.root
c6fc706706f6395ea1208354364dc4e546b739e7462bc583154a15566561a531	581035155	2026-04-20T01:02:34Z	Data/Playlist1F/MasterAnaDev_data_AnaTuple_run00016652_Playlist.root
299242a30e0d62ff3a0c9427316835a9b692a46a969781dbf821b9dd6d7960d2	756903159	2026-04-20T01:02:38Z	Data/Playlist1F/MasterAnaDev_data_AnaTuple_run00016653_Playlist.root
21f53d1499ed88521f983f781dc8a54d2c8a23788ee1f6ec6d35d7c588a625a2	762810618	2026-04-20T01:02:45Z	Data/Playlist1F/MasterAnaDev_data_AnaTuple_run00016654_Playlist.root
709c7ed65589b7b971ec0b28da406512587c7a679ec4339e5acfb5265c488b7b	702548965	2026-04-20T01:02:49Z	Data/Playlist1F/MasterAnaDev_data_AnaTuple_run00016655_Playlist.root
43aa8c8d3d6387931a4a6d6983e2005fdbecb4f4c8598f811664b1c0aff36dbd	747261180	2026-04-20T01:02:52Z	Data/Playlist1F/MasterAnaDev_data_AnaTuple_run00016656_Playlist.root
5e84b5c81d5d34193c464dcf4ae3232ccc33a6416c8cfb1989fdd8b86eb346cb	773185621	2026-04-20T01:02:58Z	Data/Playlist1F/MasterAnaDev_data_AnaTuple_run00016657_Playlist.root
8bdd118a756b6675e262c823d601e15c2523be0298db63a2cc53c2df7f4767b0	691445141	2026-04-20T01:03:01Z	Data/Playlist1F/MasterAnaDev_data_AnaTuple_run00016658_Playlist.root
9197c68502140948b70013a9f29fd71e2d54e18fe348833c499b51c0614234ba	710964919	2026-04-20T01:03:05Z	Data/Playlist1F/MasterAnaDev_data_AnaTuple_run00016659_Playlist.root
e21f1873686e0927c9f77435984887c500651e6fec7da06f798937cceba0bdc5	796450925	2026-04-20T01:03:08Z	Data/Playlist1F/MasterAnaDev_data_AnaTuple_run00016660_Playlist.root
1ffe6fc8b2f8858dca2cbd6df697d5ccb29519d79466a26ff9042e49e3ddee15	747380279	2026-04-20T01:03:12Z	Data/Playlist1F/MasterAnaDev_data_AnaTuple_run00016661_Playlist.root
6bb08db047529c8f6223b860b2c6fc484ff53e82cca4f99b3905579762cee577	792403953	2026-04-20T01:03:16Z	Data/Playlist1F/MasterAnaDev_data_AnaTuple_run00016662_Playlist.root
a8c47775ca537a761240d4b6e9a14e8527f1ad81d97331241111741802391e66	776594129	2026-04-20T01:03:20Z	Data/Playlist1F/MasterAnaDev_data_AnaTuple_run00016663_Playlist.root
b4f93bf49eb151c849d17283037c64e9ed6ffa0812cf4c7cfaa44a27e9c588b7	690399782	2026-04-20T01:03:25Z	Data/Playlist1F/MasterAnaDev_data_AnaTuple_run00016664_Playlist.root
5fe98141feea48f7b2a633ce0f97555bb0f18e5d57334f2f70fd110e5098f66a	735127303	2026-04-20T01:03:30Z	Data/Playlist1F/MasterAnaDev_data_AnaTuple_run00016665_Playlist.root
3ac883d4c549358fd5ef95bfaccd1bd7b0e61646fde69ecf7a047c8ecb5326a9	508319221	2026-04-20T01:03:33Z	Data/Playlist1F/MasterAnaDev_data_AnaTuple_run00016666_Playlist.root
cbc8003d22c62390cf0cd21176d259073d871eaf50333e21294c760cbb6afee8	744956153	2026-04-20T01:03:40Z	Data/Playlist1F/MasterAnaDev_data_AnaTuple_run00016668_Playlist.root
fc1d14960bbd787688acfe850aed8e8698f1939a20eda0708221a9ff8b38398b	627212233	2026-04-20T01:03:43Z	Data/Playlist1F/MasterAnaDev_data_AnaTuple_run00016669_Playlist.root
7fa952ba9ed92aa900cc82a0d12a8631f5ec5a804b8e8692f2b99f1ba18b3b4f	1936642	2026-04-20T01:03:44Z	Data/Playlist1F/MasterAnaDev_data_AnaTuple_run00016670_Playlist.root
5a88171822679e37b8db39ff608b75c3b766037a4523cccad82fdd5fbbd0fdaa	720345829	2026-04-20T01:03:50Z	Data/Playlist1F/MasterAnaDev_data_AnaTuple_run00016671_Playlist.root
d4d38f22ffb7e2c5986d75cc42c5095e482ba1726835c5738043bb0a3b9979e2	627843806	2026-04-20T01:03:57Z	Data/Playlist1F/MasterAnaDev_data_AnaTuple_run00016672_Playlist.root
ad976cee208506866c602c523aa317f5a65b44d6e03360b77a20c02d14240d3d	772573789	2026-04-20T01:04:05Z	Data/Playlist1F/MasterAnaDev_data_AnaTuple_run00016675_Playlist.root
cdf4fd1fc5e3d6e812443e56c82ea05da1d94a8063fd646507efa397e2dd3614	818895199	2026-04-20T01:04:09Z	Data/Playlist1F/MasterAnaDev_data_AnaTuple_run00016676_Playlist.root
89f7c2ae0e746f48466c970bab5bd0b0f85382fa6148fd0730e6afb75952bf67	1309844	2026-04-20T01:04:10Z	Data/Playlist1F/MasterAnaDev_data_AnaTuple_run00016677_Playlist.root
808a47ffaeee264f90154a273ce0c7c447ada833b909110c8256b7c807d74cf1	785806115	2026-04-20T01:04:23Z	Data/Playlist1F/MasterAnaDev_data_AnaTuple_run00016681_Playlist.root
2e0c843bddc93615e3a738167c615d3c3b4fa4ff9bcab3c34e3dc26f477dd34d	229529563	2026-04-20T01:04:25Z	Data/Playlist1F/MasterAnaDev_data_AnaTuple_run00016682_Playlist.root
5a3f233ffb1212bfa7fe080bf51723494c6f488e507db9b4e1333bca69f12469	166333	2026-04-20T01:04:26Z	Data/Playlist1F/MasterAnaDev_data_AnaTuple_run00016683_Playlist.root
efc2f2500fc5f41d116f304939cc2f3b7c630cff9e7729ab4c2b6ee0c1f82d58	30729727	2026-04-20T01:04:27Z	Data/Playlist1F/MasterAnaDev_data_AnaTuple_run00016684_Playlist.root
5e35f2cf41554c142decb676a37f973ddb48ff5e2e7f0b257b0a143618199621	750533731	2026-04-20T01:04:32Z	Data/Playlist1F/MasterAnaDev_data_AnaTuple_run00016685_Playlist.root
10c3c45e75d7c926dfa5633104fdb35bdab1a55dab9ac743b20161a3e4e8007f	516174405	2026-04-20T01:04:40Z	Data/Playlist1F/MasterAnaDev_data_AnaTuple_run00016686_Playlist.root
e5722a82168a2d971a39393e69a6ee67b16fbe37dd5d83be7d0a8eff4542d967	177239755	2026-04-20T01:04:42Z	Data/Playlist1F/MasterAnaDev_data_AnaTuple_run00016687_Playlist.root
e103a217c632d4d4222b06bce3cb716fe0742d863a67d965f8916e7fdeecef03	791758620	2026-04-20T01:04:46Z	Data/Playlist1F/MasterAnaDev_data_AnaTuple_run00016688_Playlist.root
bb0f8bf014718051dfce05589e2545bf4f4f60ced03bb2c2f9c5afb213b81dd3	835288411	2026-04-20T01:04:49Z	Data/Playlist1F/MasterAnaDev_data_AnaTuple_run00016689_Playlist.root
314e446d87f3c0813f260209650c7d785ef3da094b5379d56a7a50f72dd9e1b5	750086268	2026-04-20T01:04:54Z	Data/Playlist1F/MasterAnaDev_data_AnaTuple_run00016690_Playlist.root
8bae885ae452750c36a08f2f4bb38f3589a0054bb9d5ce4269a82190ce45b9c5	765555865	2026-04-20T01:05:01Z	Data/Playlist1F/MasterAnaDev_data_AnaTuple_run00016691_Playlist.root
e0cb9f2b371551140697d9c57d507c5e2b0a638de7f7e017393f279d6f6243cb	760144535	2026-04-20T01:05:05Z	Data/Playlist1F/MasterAnaDev_data_AnaTuple_run00016692_Playlist.root
ae5a36b1e1fd882ffc5dfa59fd82e3d157d0aade4cd2a1508595572c1448826f	766734006	2026-04-20T01:05:14Z	Data/Playlist1F/MasterAnaDev_data_AnaTuple_run00016693_Playlist.root
1989324d9bb0331d10786c9543d67287109b84bd2d881cb8bcdb806807f389ba	727126293	2026-04-20T01:05:19Z	Data/Playlist1F/MasterAnaDev_data_AnaTuple_run00016694_Playlist.root
6e4dcf35cd9c405d5fedfd2a789f5c1411a59b0cb60a51bbb5aa6f17c6020d37	784220215	2026-04-20T01:05:23Z	Data/Playlist1F/MasterAnaDev_data_AnaTuple_run00016695_Playlist.root
3149a7e860e92d445d0e6dd10f398ede8e6ec3689397823e2cf5714d71ae6fae	753022027	2026-04-20T01:05:34Z	Data/Playlist1F/MasterAnaDev_data_AnaTuple_run00016696_Playlist.root
48a1dbe93be84c3983fe442e7d7ae65e2dd3e6a8dcd5b2b23d3dd82deaa28166	768029600	2026-04-20T01:05:38Z	Data/Playlist1F/MasterAnaDev_data_AnaTuple_run00016697_Playlist.root
216a8bc48ff15cc8cf04feb3727d17738c9ab6adfb48194cf7efbbedac79265a	798123518	2026-04-20T01:05:42Z	Data/Playlist1F/MasterAnaDev_data_AnaTuple_run00016698_Playlist.root
f301c635c0e27423db2619a6a7c95fdea1b101ff070d4c5857a4685565312d51	800186170	2026-04-20T01:05:50Z	Data/Playlist1F/MasterAnaDev_data_AnaTuple_run00016699_Playlist.root
04f45b7296a904c4fb73c24f193122b70e4b3888dfa434c52a4467ccbf2e0040	769847866	2026-04-20T01:05:54Z	Data/Playlist1F/MasterAnaDev_data_AnaTuple_run00016700_Playlist.root
8b58d3ab29b1209f3c3a2d0dd757411fda3faeb085e6e861322f057ade7ada45	855846626	2026-04-20T01:06:03Z	Data/Playlist1F/MasterAnaDev_data_AnaTuple_run00016701_Playlist.root
d8d2ebcdba846695f5eca20e9d54e6f6b8b6e71d2b3e68464e9532b02fc9a562	67496470	2026-04-20T01:06:04Z	Data/Playlist1F/MasterAnaDev_data_AnaTuple_run00016702_Playlist.root
4599c05340656926d802fc0a05357491e8c0b1e013024ac4b1a054c786258abd	2013352	2026-04-20T01:06:05Z	Data/Playlist1F/MasterAnaDev_data_AnaTuple_run00016706_Playlist.root
e5bad2c367c7b714a22f5193a60abd47e7eabdd8286bbd7a627294b5773bece6	300414041	2026-04-20T01:06:08Z	Data/Playlist1F/MasterAnaDev_data_AnaTuple_run00016707_Playlist.root
11c9255cbbcd8440734642646361af5cbbd2cc2b7b7436819a92a5563deef9ff	727484953	2026-04-20T01:06:14Z	Data/Playlist1F/MasterAnaDev_data_AnaTuple_run00016708_Playlist.root
e0b311a350e1985ad39ce13dd96bfc6fb8e6265fbae16488401caf4f54d7fea6	559078267	2026-04-20T01:06:17Z	Data/Playlist1F/MasterAnaDev_data_AnaTuple_run00016709_Playlist.root
0e284df35ca80d03dce7dd91fd1df61746410798f4220287ac0cce7d3641f2e3	212499682	2026-04-20T01:06:20Z	Data/Playlist1F/MasterAnaDev_data_AnaTuple_run00016710_Playlist.root
33b956a03449dc8280bd406b1d7495162e763f4e1994226b658a2718c580001b	241060074	2026-04-20T01:06:22Z	Data/Playlist1F/MasterAnaDev_data_AnaTuple_run00016711_Playlist.root
cdb79f177598f381b089f1c2186aa4c88f44b9c556f05a0e4ddfc73ce91736ff	143219322	2026-04-20T01:06:23Z	Data/Playlist1F/MasterAnaDev_data_AnaTuple_run00016712_Playlist.root
75f89417ba15772a864ed6f7362df73aa471278e7b462f77fad2786e834d5c2d	220649945	2026-04-20T01:06:25Z	Data/Playlist1F/MasterAnaDev_data_AnaTuple_run00016713_Playlist.root
59a9976124051d5a808c004ed130c38109d814627fdb0ea1113447b662132057	130965184	2026-04-20T01:06:27Z	Data/Playlist1F/MasterAnaDev_data_AnaTuple_run00016715_Playlist.root
722c3485572dcd11a8eb8d24a057ae9c733b0d0714124cf467d83d7a698955b5	47209807	2026-04-20T01:06:28Z	Data/Playlist1F/MasterAnaDev_data_AnaTuple_run00016716_Playlist.root
c5d88a7bfe605ad53d733cf17900496574e6a40678e95fafe5f37bae45f030cf	217645045	2026-04-20T01:06:30Z	Data/Playlist1F/MasterAnaDev_data_AnaTuple_run00016717_Playlist.root
92ecb34968f35d869b4131a0fedc14c35b60317b02c096fb8183e11c646cefea	199318719	2026-04-20T01:06:32Z	Data/Playlist1F/MasterAnaDev_data_AnaTuple_run00016718_Playlist.root
9b514c581c92f2fab64537e42a1d6f544000e081494d2357743f8107ee3bd082	764676837	2026-04-20T01:06:36Z	Data/Playlist1F/MasterAnaDev_data_AnaTuple_run00016719_Playlist.root
214fe56095d3a183168b43cd99df15a2807541ea554766a8ace29bab7d5fa080	267646127	2026-04-20T01:06:38Z	Data/Playlist1F/MasterAnaDev_data_AnaTuple_run00016720_Playlist.root
dff8d1b85c882410c003a93ffe879e3d2c6c5aedf58153932503b1b1cfe04f3f	221893882	2026-04-20T01:06:40Z	Data/Playlist1F/MasterAnaDev_data_AnaTuple_run00016721_Playlist.root
6cdcca12462e1e062b8406d832451057abecadd11513df9a97933725012c44c0	183093686	2026-04-20T01:06:42Z	Data/Playlist1F/MasterAnaDev_data_AnaTuple_run00016722_Playlist.root
7f8aa8508587e2b27a2f16fe45d4a3d038421b16190db3bd0100393138b149fa	74111942	2026-04-20T01:06:43Z	Data/Playlist1F/MasterAnaDev_data_AnaTuple_run00016723_Playlist.root
4837a39f0d21b78730ecaea3c5a9f77d50ebe63fb85fa3e6659c947aa5f90baf	100932860	2026-04-20T01:06:45Z	Data/Playlist1F/MasterAnaDev_data_AnaTuple_run00016724_Playlist.root
f71f05d324e6740b01a17227b0478240e2e70eaab5295992926774d2f52cc685	273640022	2026-04-20T01:06:47Z	Data/Playlist1F/MasterAnaDev_data_AnaTuple_run00016725_Playlist.root
8cecf1d0424fcd8456ff160e33d7b5b4a4a4c09b9d863dc1558f64c9b6deeb71	291434022	2026-04-20T01:06:50Z	Data/Playlist1F/MasterAnaDev_data_AnaTuple_run00016726_Playlist.root
f059c85c0c564c123acd6de6c2d9ef21df677c49562d862cd0eda0dd482e6d48	160596844	2026-04-20T01:06:52Z	Data/Playlist1F/MasterAnaDev_data_AnaTuple_run00016727_Playlist.root
83b052d16e031b78d4d05cc4c0f1ded0c5a12a1d994034870aa47d47497a76a2	1195962416	2026-04-20T01:06:59Z	Data/Playlist1F/MasterAnaDev_data_AnaTuple_run00016728_Playlist.root
18060f27326344a312ef953b83abbd96223ddfe4ff9957770c9f56934a0b5bf2	764971010	2026-04-20T01:07:03Z	Data/Playlist1F/MasterAnaDev_data_AnaTuple_run00016729_Playlist.root
c069059d0d92bacb5531eb2f92d1bf95248d35700ed2c8d9f36b647fc537ad19	670783655	2026-04-20T01:07:09Z	Data/Playlist1F/MasterAnaDev_data_AnaTuple_run00016730_Playlist.root
4d7d6b13f9efa89602fae724985cc82282c3e7797b863c8237e876f69cb75e79	829103278	2026-04-20T01:07:17Z	Data/Playlist1F/MasterAnaDev_data_AnaTuple_run00016731_Playlist.root
f8e24cb616cba5cd150fe82f9d247f75ab72eeed6f5372e4e3af012ca28fc6ee	100505092	2026-04-20T01:07:18Z	Data/Playlist1F/MasterAnaDev_data_AnaTuple_run00016732_Playlist.root
314b701133251d38d2f5d568a889f128db153131f8ebb02e4263703bd3bc5b58	491556259	2026-04-20T01:07:21Z	Data/Playlist1F/MasterAnaDev_data_AnaTuple_run00016736_Playlist.root
eac5bcd3bd7ac35043e664a878bf3134821b5cc91d6f0d7b00e9e7144af73bda	791058105	2026-04-20T01:07:25Z	Data/Playlist1F/MasterAnaDev_data_AnaTuple_run00016737_Playlist.root
cbc5e08c27f3a40bca1c7224398f7daf83eaf12fac4674fdc3af2025272e42b0	821085713	2026-04-20T01:07:29Z	Data/Playlist1F/MasterAnaDev_data_AnaTuple_run00016738_Playlist.root
de4f714468567449e576fcb6ddd7b96057be2fae3f033a732ce93279352000dc	807063133	2026-04-20T01:07:36Z	Data/Playlist1F/MasterAnaDev_data_AnaTuple_run00016739_Playlist.root
4f0b6e37f4bb11fa887a8330c0ce31ba465d9ab6df18e86986a87f5623be2cc5	781868451	2026-04-20T01:07:41Z	Data/Playlist1F/MasterAnaDev_data_AnaTuple_run00016740_Playlist.root
bdfc31e3a0f6eee89048c389f7f29e2ba2d3c1bfcbaff5873d7ebe13e45e5508	528049008	2026-04-20T01:07:45Z	Data/Playlist1F/MasterAnaDev_data_AnaTuple_run00016741_Playlist.root
24ea26bb4d164f294ed198a8679821736c9666f53751807dc286df31628d8edd	825682683	2026-04-20T01:07:57Z	Data/Playlist1F/MasterAnaDev_data_AnaTuple_run00016742_Playlist.root
776d8a67eba5e0b7a7d59ee89962a318d6c7acdf7bd8e5c242ddb5dd63e9bc76	791345014	2026-04-20T01:08:05Z	Data/Playlist1F/MasterAnaDev_data_AnaTuple_run00016743_Playlist.root
e2a62140449a4bfa843af14d0ae800a5d041a04142b033c02a65e25cd98a4118	700316397	2026-04-20T01:08:11Z	Data/Playlist1F/MasterAnaDev_data_AnaTuple_run00016744_Playlist.root
c740e9805d64bd668b91a64c47ea9308f8e2c561c4f7300fc12c679b66b29d3d	810790807	2026-04-20T01:08:15Z	Data/Playlist1F/MasterAnaDev_data_AnaTuple_run00016745_Playlist.root
f7213d796b0cf77ab72f9c8b6ff905d93d1752dc6119a34ecb5e6a155a5a1008	572287362	2026-04-20T01:08:18Z	Data/Playlist1F/MasterAnaDev_data_AnaTuple_run00016746_Playlist.root
fcc7309cbd232e02c2bcae786010ac3e22336f72ba00ea80f74c1fce6936096b	785124515	2026-04-20T01:08:23Z	Data/Playlist1F/MasterAnaDev_data_AnaTuple_run00016747_Playlist.root
4fd12f44c359399cd27cda0596730de35a387d8e5522b4c81d606a103f53a374	808783873	2026-04-20T01:08:27Z	Data/Playlist1F/MasterAnaDev_data_AnaTuple_run00016748_Playlist.root
c9aefcc1008698738a49051dcc624ee66000899e9f3de1e4bb65b6b514471bbc	786547200	2026-04-20T01:08:31Z	Data/Playlist1F/MasterAnaDev_data_AnaTuple_run00016749_Playlist.root
ea0565bebc7faeb4016e5292240c59a0e9fdf8238d304ff8c05b45f8ed8d6185	792660067	2026-04-20T01:08:36Z	Data/Playlist1F/MasterAnaDev_data_AnaTuple_run00016750_Playlist.root
39abbe4232972e2d954f192f2cb4f68f84f72a6f0a4c2655e63dfd0c345a1ac7	777104360	2026-04-20T01:08:39Z	Data/Playlist1F/MasterAnaDev_data_AnaTuple_run00016751_Playlist.root
79df2091ec74abeb4eb5bab71f60366f7cfbb6228175f3cc4f508c2dda1046a9	804051833	2026-04-20T01:08:44Z	Data/Playlist1F/MasterAnaDev_data_AnaTuple_run00016752_Playlist.root
38d5713a9f40785af7d488b14035bfe209f756869b30fe6d45f4e3d76eb147aa	537395399	2026-04-20T01:08:48Z	Data/Playlist1F/MasterAnaDev_data_AnaTuple_run00016753_Playlist.root
a5d158fde84a1109fc6e45d5b0eb425b11804f4cad6b72d8f166b6419dc2839a	365399704	2026-04-20T01:08:50Z	Data/Playlist1F/MasterAnaDev_data_AnaTuple_run00016754_Playlist.root
681810e004a6b91e35b40e495372dcd88ca0efff5fedb4ddeb9297ef0f45e48c	812189465	2026-04-20T01:08:55Z	Data/Playlist1F/MasterAnaDev_data_AnaTuple_run00016755_Playlist.root
e8f5687ca492d7c8adb60da02602a1b274d97e7f59e32be0e15a1f2bb0c9d45d	812244234	2026-04-20T01:08:59Z	Data/Playlist1F/MasterAnaDev_data_AnaTuple_run00016756_Playlist.root
fd652580e13c6470cbd20c6489f86be41fd13e792f61f5806e751f51ee18502f	774271142	2026-04-20T01:09:02Z	Data/Playlist1F/MasterAnaDev_data_AnaTuple_run00016757_Playlist.root
739fe4eae831011410a3674fe7de0c8559ce2dc6ca1460c4d0c5e92f19b828a1	806358789	2026-04-20T01:09:08Z	Data/Playlist1F/MasterAnaDev_data_AnaTuple_run00016758_Playlist.root
8bd27361ce4b65365b543bdbaf7bde5028bf1596a26f73cc468aecca1f1a7338	753374240	2026-04-20T01:09:12Z	Data/Playlist1F/MasterAnaDev_data_AnaTuple_run00016759_Playlist.root
f58989b8eb994e9a53908bb59830782b5adba61bf18cd6e882c310b6bb136645	681349000	2026-04-20T01:09:15Z	Data/Playlist1F/MasterAnaDev_data_AnaTuple_run00016760_Playlist.root
35ee1dc71d3aa87ac7d5e0631236589897178cb9351cb23408c0cde6b908d3a6	224009238	2026-04-20T01:09:17Z	Data/Playlist1F/MasterAnaDev_data_AnaTuple_run00016761_Playlist.root
365cb15d8f0bea1518c7b7310066fdeca1ab154e4969f539c2c644f164f99fb6	36992958	2026-04-20T01:09:18Z	Data/Playlist1F/MasterAnaDev_data_AnaTuple_run00016781_Playlist.root
e4e75dd772bf90209244280c5841cf37e080b6c82d0a40edf5ea0802840e1662	717925730	2026-04-20T01:09:23Z	Data/Playlist1F/MasterAnaDev_data_AnaTuple_run00016782_Playlist.root
7dbb1d53d8df097f2347962949d4b590d2d281f5acd0ef4242daeba8ad48180f	699917967	2026-04-20T01:09:27Z	Data/Playlist1F/MasterAnaDev_data_AnaTuple_run00016783_Playlist.root
0dd90aba5c58c7ac44b90b80d2a734e26f87d8b4e4ef3dd0c63f2ac982a15ebf	782626039	2026-04-20T01:09:32Z	Data/Playlist1F/MasterAnaDev_data_AnaTuple_run00016784_Playlist.root
3602aedbd834d1237a5519e6c37e2f34100272ecf03f20584543e53de0ee4d70	785817350	2026-04-20T01:09:40Z	Data/Playlist1F/MasterAnaDev_data_AnaTuple_run00016785_Playlist.root
ad348a3507e8ddccfbb267b84320c6ee04363d80389be60851475be9f804bf9b	777904569	2026-04-20T01:09:44Z	Data/Playlist1F/MasterAnaDev_data_AnaTuple_run00016786_Playlist.root
88fff8b091e47fed9dcbce590a199a9137d9abbd76f71887ddc69c49f2c44983	768672558	2026-04-20T01:09:50Z	Data/Playlist1F/MasterAnaDev_data_AnaTuple_run00016787_Playlist.root
4605e1edb8e8f67a13428fff89d942026d4f59b01b32ada781109f89ff281783	1399323619	2026-04-20T01:09:57Z	Data/Playlist1F/MasterAnaDev_data_AnaTuple_run00016788_Playlist.root
c266a39f893be836ea69af59011cf1b9a9f550c67a2ff35426d2baac8a0442d4	767756747	2026-04-20T01:10:01Z	Data/Playlist1F/MasterAnaDev_data_AnaTuple_run00016789_Playlist.root
a60edf9a13a98ccd1239df005807a273ed68c46fda3dab4d385f185dfb0889a0	750199712	2026-04-20T01:10:04Z	Data/Playlist1F/MasterAnaDev_data_AnaTuple_run00016790_Playlist.root
2eb232297caa2a85017ecf4bc732643c3302ac3977be362acd14f9b0dd7280e6	840830020	2026-04-20T01:10:09Z	Data/Playlist1F/MasterAnaDev_data_AnaTuple_run00016791_Playlist.root
5fc2f91bff88976166d0f979e829ae64e04e400adf601f7b3f49ed649d7e4fb4	406358316	2026-04-20T01:10:13Z	Data/Playlist1F/MasterAnaDev_data_AnaTuple_run00016792_Playlist.root
458917db3500798ab8d50cadd600aa2d81e0fae9cdf77296efffe816474b7df1	902925	2026-04-20T01:10:14Z	Data/Playlist1F/MasterAnaDev_data_AnaTuple_run00016793_Playlist.root
d1f934c5a8c81b9ee17d6b80c01fe7e495f5b9687fa50fe0d3be75617ac46bca	811500447	2026-04-20T01:10:18Z	Data/Playlist1F/MasterAnaDev_data_AnaTuple_run00016794_Playlist.root
9275971141fd1cc7e9a2a724cb4d14d42c40f3dad854ba8afd9de6591b710dce	628412782	2026-04-20T01:10:22Z	Data/Playlist1F/MasterAnaDev_data_AnaTuple_run00016795_Playlist.root
d5ecacb4ae839300c63f13c53c1446144cdf4ad06aba68d80a275f6fb9d0d144	866691382	2026-04-20T01:10:26Z	Data/Playlist1F/MasterAnaDev_data_AnaTuple_run00016796_Playlist.root
166550f0f2251e3597dea3ddd8214a5e63fa6a566aed005dc034dcb357901914	784123068	2026-04-20T01:10:30Z	Data/Playlist1F/MasterAnaDev_data_AnaTuple_run00016797_Playlist.root
9dd9b90ce524251b55b5223badf18f7e2da7b9c68eb18a690d8f37dd47f0c6c7	794349605	2026-04-20T01:10:34Z	Data/Playlist1F/MasterAnaDev_data_AnaTuple_run00016798_Playlist.root
2331aeacb7b835a662e941078fbfc3aaa244cc4ba240b74921317327fb97df83	690711641	2026-04-20T01:10:40Z	Data/Playlist1F/MasterAnaDev_data_AnaTuple_run00016799_Playlist.root
0c7b80eab0f7abb90677889a1c87b5e779b212b1a55153b1fb708e9ec272cacd	817645543	2026-04-20T01:10:44Z	Data/Playlist1F/MasterAnaDev_data_AnaTuple_run00016800_Playlist.root
c99c94712c148045c16e83497edc1ea7fd0426bc124b9e38743b3beeae3a58af	767636566	2026-04-20T01:10:48Z	Data/Playlist1F/MasterAnaDev_data_AnaTuple_run00016801_Playlist.root
91df90fee93aa6eaeb542703fbe3d217091c39c70a222ee7d319f2f4e707fe46	167300225	2026-04-20T01:10:50Z	Data/Playlist1F/MasterAnaDev_data_AnaTuple_run00016802_Playlist.root
4a1a7063f026a9b98a4e99970d2103049b89e28e3dd37a127a4d145257759984	166333	2026-04-20T01:10:51Z	Data/Playlist1F/MasterAnaDev_data_AnaTuple_run00016803_Playlist.root
48ec1f5a349836ba36be9ac26e0ff6541fcab488ebf99c0c6f7feacbd54f94b3	753968736	2026-04-20T01:10:55Z	Data/Playlist1F/MasterAnaDev_data_AnaTuple_run00016805_Playlist.root
601bd1ccda81439c5b5a06a71d3216ecbb9d73898c63c9fa7a275ac330b14ee8	662304777	2026-04-20T01:11:00Z	Data/Playlist1F/MasterAnaDev_data_AnaTuple_run00016806_Playlist.root
f02547d0b19eb30c8abd3f157efe1ba1e4779a5440daa06b992332ee7575757c	793345713	2026-04-20T01:11:04Z	Data/Playlist1F/MasterAnaDev_data_AnaTuple_run00016807_Playlist.root
ddf8a13015ba562064300a416ee8b10f20c8f81f1510ccdef4b0b0663696a281	801689804	2026-04-20T01:11:08Z	Data/Playlist1F/MasterAnaDev_data_AnaTuple_run00016808_Playlist.root
4814ae87e6f1f4da197058600197aaed8d9f38adb7c0c793ba6a77809b899770	798601641	2026-04-20T01:11:21Z	Data/Playlist1F/MasterAnaDev_data_AnaTuple_run00016809_Playlist.root
ffcefb04046757578e2652d01cd64daf0d9c13a4c7dc7748a661d3bf9df9dc24	228766513	2026-04-20T01:11:23Z	Data/Playlist1F/MasterAnaDev_data_AnaTuple_run00016811_Playlist.root
46641d7d4e9a50acac118f79fbfa196cdf441ff135dbcdc1c44c3e8c6898ed17	700720425	2026-04-20T01:11:27Z	Data/Playlist1F/MasterAnaDev_data_AnaTuple_run00016816_Playlist.root
b41c76fa537d0b4869b73349f2cb5fdeb225c37118f275d11d4adda9e498d886	685962294	2026-04-20T01:11:31Z	Data/Playlist1F/MasterAnaDev_data_AnaTuple_run00016817_Playlist.root
87a07e761e9bde9909dcb2d9618ea24eed3c5de1f1804f25e52726cf2f3c2330	779318190	2026-04-20T01:11:36Z	Data/Playlist1F/MasterAnaDev_data_AnaTuple_run00016818_Playlist.root
310429fc9d0b13c952f838713980f1b9f529f8bdc56cab3b64ae216dde6adb03	740020099	2026-04-20T01:11:40Z	Data/Playlist1F/MasterAnaDev_data_AnaTuple_run00016819_Playlist.root
9cc40ab9c0d03e7819bc1db3e638ad3421f52fe83f58797f0bd9eb440b0c3df3	807104484	2026-04-20T01:11:45Z	Data/Playlist1F/MasterAnaDev_data_AnaTuple_run00016820_Playlist.root
e168415a191eb2b36c54e0483a72e13b62e58f9c915a69bd2e5ebebfdce66161	766151424	2026-04-20T01:11:50Z	Data/Playlist1F/MasterAnaDev_data_AnaTuple_run00016821_Playlist.root
3f1840fe7923949eada64c653a2c32f2d13b9e785fe417ad668bc3b867d6b13f	791003409	2026-04-20T01:11:54Z	Data/Playlist1F/MasterAnaDev_data_AnaTuple_run00016822_Playlist.root
e3ec638e5a7f7c2c460b0c35021bc600540f53bea697b57d05160682106429f0	705926178	2026-04-20T01:11:57Z	Data/Playlist1F/MasterAnaDev_data_AnaTuple_run00016823_Playlist.root
5391a55f111029d864f89c9d84c9a1462f9c11ea7b8e51abcee38309935d0a67	789209538	2026-04-20T01:12:03Z	Data/Playlist1F/MasterAnaDev_data_AnaTuple_run00016824_Playlist.root
f662050c56ad0b129c8a6a26230cd1225ea82ccdaf1164a939804d0ddd304b2c	711202006	2026-04-20T01:12:07Z	Data/Playlist1F/MasterAnaDev_data_AnaTuple_run00016825_Playlist.root
30d3a2650389d3c30445a4fc1652af0e27c7be5d5492457749338d6b31335f7f	760740928	2026-04-20T01:12:11Z	Data/Playlist1F/MasterAnaDev_data_AnaTuple_run00016826_Playlist.root
f6de9fe84aa0ca66aeea177ff20c6631394719bc839bddca0ab43ca024bb1e40	771386713	2026-04-20T01:12:17Z	Data/Playlist1F/MasterAnaDev_data_AnaTuple_run00016827_Playlist.root
01403648de90cbd49c037b24bdf44b1d55ec2b28c7ad5813f52f48e8a5ea6872	867845561	2026-04-20T01:12:21Z	Data/Playlist1F/MasterAnaDev_data_AnaTuple_run00016828_Playlist.root
d228b882d7f93b6e06a9b1a82eb2d7884e4901abbe543268fe3a8e2aba9b9477	807123896	2026-04-20T01:12:25Z	Data/Playlist1F/MasterAnaDev_data_AnaTuple_run00016829_Playlist.root
3cfb5c533cf6a5adba90e9c9396ffe8810c7f7d075cc7819f50f30f493dc1037	818005405	2026-04-20T01:12:29Z	Data/Playlist1F/MasterAnaDev_data_AnaTuple_run00016830_Playlist.root
f946fad4b4b5920b62aebc1fddcbf53c3a33a22a109b074e2f7fb7a8d7b7b4e6	674573236	2026-04-20T01:12:34Z	Data/Playlist1F/MasterAnaDev_data_AnaTuple_run00016831_Playlist.root
952a2194940554b4623b1e4b3a5e51d26b5909fe66b73bd6257dd9704c9ba591	784300725	2026-04-20T01:12:38Z	Data/Playlist1F/MasterAnaDev_data_AnaTuple_run00016832_Playlist.root
d1c99c30e358f868576f03345427da03a0aeb50f96043f7808db69904c14fb88	782048891	2026-04-20T01:12:42Z	Data/Playlist1F/MasterAnaDev_data_AnaTuple_run00016833_Playlist.root
937cfb21d9639ea976de4026d00f953ea114506512e35974a86bce630434f3ff	774356777	2026-04-20T01:12:48Z	Data/Playlist1F/MasterAnaDev_data_AnaTuple_run00016834_Playlist.root
830a1ce443ac2a245c08d83f01282db5f684a40e7ecae15c1c6373c32d185707	785300762	2026-04-20T01:12:51Z	Data/Playlist1F/MasterAnaDev_data_AnaTuple_run00016835_Playlist.root
03d39f82bbdf850559c24f7b849deb2a7cdd0aee8b9097c5d694edf7209e2e84	605925781	2026-04-20T01:12:54Z	Data/Playlist1F/MasterAnaDev_data_AnaTuple_run00016836_Playlist.root
a9f2e786e3343d030d4f3fda397e2cbd55e2a179a0e5a1bc581a63d3de30bda5	138771430	2026-04-20T01:12:56Z	Data/Playlist1F/MasterAnaDev_data_AnaTuple_run00016837_Playlist.root
6723922fbc1317e13709513f642985f5706d84846e1031c6fdaaa2fe917b14be	670215943	2026-04-20T01:13:00Z	Data/Playlist1F/MasterAnaDev_data_AnaTuple_run00016839_Playlist.root
0bd3fad65c3cc914035679f7aecdb52eba1658c228a773b8b87053cd296617d2	380149905	2026-04-20T01:13:03Z	Data/Playlist1F/MasterAnaDev_data_AnaTuple_run00016840_Playlist.root
f7e49951d56b7001fa1589afa7063cf1909009d9343707b46b7def76f77f5995	23134029	2026-04-20T01:13:04Z	Data/Playlist1F/MasterAnaDev_data_AnaTuple_run00016841_Playlist.root
c5ef1e5f9e643fbdc8daa3f65ed0ff7d18e12bb7705af4e2c72955b2aea6a6fb	575978536	2026-04-20T01:13:13Z	Data/Playlist1F/MasterAnaDev_data_AnaTuple_run00016843_Playlist.root
956bf06654c1c38ebdd19de40cdf231a5d76e8e2ac6b092bd815b660cc4e9cb9	473483501	2026-04-20T00:21:21Z	Data/Playlist1G/MasterAnaDev_data_AnaTuple_run00018668_Playlist.root
0f67c476a7cafb0996d886058a8d207151e3ee658ed539aca641ab0962126337	524006958	2026-04-20T00:21:23Z	Data/Playlist1G/MasterAnaDev_data_AnaTuple_run00018669_Playlist.root
8c88cd43708d51773a5e39a6f70ae49321a3d12bc6b1abdfc34dcbc8d1a00b00	180678803	2026-04-20T00:21:25Z	Data/Playlist1G/MasterAnaDev_data_AnaTuple_run00018670_Playlist.root
94d39a54a099dc880efd9beae425014c7ac0945f01fba051414cf5712d1090f8	397943459	2026-04-20T00:21:28Z	Data/Playlist1G/MasterAnaDev_data_AnaTuple_run00018671_Playlist.root
ad719c094a6040649e08e25cf81912251628b1e1dae829da5ba10009ee2f475f	459949154	2026-04-20T00:21:31Z	Data/Playlist1G/MasterAnaDev_data_AnaTuple_run00018672_Playlist.root
1f6a7050ccd6c5163e8a4f1a90a5b5fb9eda5fd948cbd3027325ff81fa5c7f86	518998727	2026-04-20T00:21:35Z	Data/Playlist1G/MasterAnaDev_data_AnaTuple_run00018673_Playlist.root
328d3ba04c1bf4cd3391172dfa7a611c281710a63821723435af2d8a83c98cf3	282911500	2026-04-20T00:21:37Z	Data/Playlist1G/MasterAnaDev_data_AnaTuple_run00018674_Playlist.root
182fc264c16de668da6881bdb485f8e40593a5b8b4a57f7c3e28562801319e60	462913412	2026-04-20T00:21:43Z	Data/Playlist1G/MasterAnaDev_data_AnaTuple_run00018676_Playlist.root
caad6d0b9a778bb9b9e41c54d03522204aae88f8234e46f57ef6fb925870c1b8	202168306	2026-04-20T00:21:45Z	Data/Playlist1G/MasterAnaDev_data_AnaTuple_run00018677_Playlist.root
f3ff5af4113df29a381aeb2d5701df71e87456e450f014e858e7aa7cf02184a2	378371551	2026-04-20T00:21:51Z	Data/Playlist1G/MasterAnaDev_data_AnaTuple_run00018679_Playlist.root
6114580250993dca1b48d16262c228413666d72192b1ef1ff07fb2f3e8c17fa0	206053196	2026-04-20T00:21:53Z	Data/Playlist1G/MasterAnaDev_data_AnaTuple_run00018680_Playlist.root
7de5c42c934683071198bfb54b8998530ffa4ce3c1f58675e6e7ae8b7211262e	410998612	2026-04-20T00:23:35Z	Data/Playlist1G/MasterAnaDev_data_AnaTuple_run00018691_Playlist.root
d7f45d641bf57c1e3f4b0c01556e74cc79befead123a7e87bb3cef769bb2e6a4	522873857	2026-04-20T00:23:38Z	Data/Playlist1G/MasterAnaDev_data_AnaTuple_run00018692_Playlist.root
65116669a23c4b2b1ab33772030c47c06467ffa8a9cae46e538d5cd6b4802d39	593752257	2026-04-20T00:23:41Z	Data/Playlist1G/MasterAnaDev_data_AnaTuple_run00018693_Playlist.root
5f8208863202ab5b7fdff5eaafa6a1ef3f7ab73acf595a51833f5ec1755c178b	572601233	2026-04-20T00:23:48Z	Data/Playlist1G/MasterAnaDev_data_AnaTuple_run00018694_Playlist.root
3bfd67b6d7ccb8b84cb0918a318d174e97b90c16f053a4cdc32e4e08519426eb	204584135	2026-04-20T00:23:51Z	Data/Playlist1G/MasterAnaDev_data_AnaTuple_run00018695_Playlist.root
f7befaaa07bbfc9d465b1a0ed3ad1f07095f6393a711f0c5d534a37091a194f4	589307486	2026-04-20T00:23:54Z	Data/Playlist1G/MasterAnaDev_data_AnaTuple_run00018696_Playlist.root
4cc5b3f09dce7a3532de273e5c2b15d82d9501d96718868990c8be78aec81902	542432083	2026-04-20T00:23:58Z	Data/Playlist1G/MasterAnaDev_data_AnaTuple_run00018697_Playlist.root
bd6b0082a6eed0a4dd9943f02508835129ccec8c83d45d8390b8d004f3281813	440239566	2026-04-20T00:24:02Z	Data/Playlist1G/MasterAnaDev_data_AnaTuple_run00018698_Playlist.root
f6d7c860465cb2d886898ceb3ccf782a9e89174e5e10a082090063d7f9510243	510760335	2026-04-20T00:24:05Z	Data/Playlist1G/MasterAnaDev_data_AnaTuple_run00018699_Playlist.root
775b0d948e47b2a5bdc138d2e5a3928b81867ea8bbbe20a3d25aca74187fae8b	532238147	2026-04-20T00:24:08Z	Data/Playlist1G/MasterAnaDev_data_AnaTuple_run00018700_Playlist.root
7d0a05b696ef0e9f5f8ffc772839f45a9ca4a19b2e40bc208324d1ccf05c66be	577757686	2026-04-20T00:24:12Z	Data/Playlist1G/MasterAnaDev_data_AnaTuple_run00018701_Playlist.root
32726c77829c09820ac1569010a11cc3eafce288f545228b1c58cd572085a1c8	546049975	2026-04-20T00:24:15Z	Data/Playlist1G/MasterAnaDev_data_AnaTuple_run00018702_Playlist.root
38cbacd087ba1168ee9eb8fee2143eaa71d24bf1f8c184b9ee69bc08eecef2c7	572169104	2026-04-20T00:24:19Z	Data/Playlist1G/MasterAnaDev_data_AnaTuple_run00018703_Playlist.root
0c02789fb04d2fc276ac6589c5fe9dbe5d3f41e78489f80d8ac2580f960379c8	474071436	2026-04-20T00:24:22Z	Data/Playlist1G/MasterAnaDev_data_AnaTuple_run00018704_Playlist.root
bedbf188d625cf91db03d48e6f3f6921c320b57e4777b6415c835c24fdf66ffc	410923087	2026-04-20T00:24:25Z	Data/Playlist1G/MasterAnaDev_data_AnaTuple_run00018705_Playlist.root
af3a1d31693f70b229db009969ddadd992b895fc52f758c14997e15e66b301b2	592980708	2026-04-20T00:24:29Z	Data/Playlist1G/MasterAnaDev_data_AnaTuple_run00018706_Playlist.root
02dd9b530a595afcbb4ef440b792b4779b89aa4a6619a33944f654d53699e8a1	120080146	2026-04-20T00:24:31Z	Data/Playlist1G/MasterAnaDev_data_AnaTuple_run00018707_Playlist.root
cd1512a1301d0f164e4c0391a99c303778bfbcefda9bb9d902792911cb0603e6	380874371	2026-04-20T00:24:34Z	Data/Playlist1G/MasterAnaDev_data_AnaTuple_run00018715_Playlist.root
dafd29bc38114f92f38efe9acee202c58df2be317f9b2674d217cdcde85a0da7	472851869	2026-04-20T00:24:41Z	Data/Playlist1G/MasterAnaDev_data_AnaTuple_run00018716_Playlist.root
ca0d1a2733b39d7e4006ca9d9b1207c1e9795e1f2d6061fdeda80d3f14113540	44368950	2026-04-20T00:24:42Z	Data/Playlist1G/MasterAnaDev_data_AnaTuple_run00018717_Playlist.root
4752b01ca708c88974e547859afa49279099c9a0799d3af71e1ddcd114639999	474453796	2026-04-20T00:24:45Z	Data/Playlist1G/MasterAnaDev_data_AnaTuple_run00018720_Playlist.root
6355f59cdd68d35fa24fc59100706f8df9c65cfd5163b75148f04d1b06f24820	570977981	2026-04-20T00:24:48Z	Data/Playlist1G/MasterAnaDev_data_AnaTuple_run00018721_Playlist.root
74d0600105d8cc3442ed4b5fe7455a6caf2d38ab8e5c0966c34605df2225ac9a	592876541	2026-04-20T00:24:51Z	Data/Playlist1G/MasterAnaDev_data_AnaTuple_run00018722_Playlist.root
22e1cd64937377b0bf895f9dc3e48b94fbd7d30d5fd09180cbd44cab3cec38f8	584890301	2026-04-20T00:24:54Z	Data/Playlist1G/MasterAnaDev_data_AnaTuple_run00018723_Playlist.root
35d34965d820bc066eec6e2812043317655c937bdd425b861359fcfeb1127303	548988322	2026-04-20T00:24:57Z	Data/Playlist1G/MasterAnaDev_data_AnaTuple_run00018724_Playlist.root
b2e9b48935353fabf78a60108487afdf355d4410005a978ad8c170bb77fba311	480204480	2026-04-20T00:25:02Z	Data/Playlist1G/MasterAnaDev_data_AnaTuple_run00018725_Playlist.root
007e47729e13fe0997394fa87e0d253478d2aa61535da6c87ffdd3212058c224	260171782	2026-04-20T00:25:05Z	Data/Playlist1G/MasterAnaDev_data_AnaTuple_run00018726_Playlist.root
e7ef78314a28ab8a117ac988302b9c899ea028038861463055a4ca14660790b4	247523420	2026-04-20T00:25:07Z	Data/Playlist1G/MasterAnaDev_data_AnaTuple_run00018727_Playlist.root
1f0d3f0ffbafee8812dc2c2027c9cf082c773cf187498c035f59215acf83eff2	192479607	2026-04-20T00:25:09Z	Data/Playlist1G/MasterAnaDev_data_AnaTuple_run00018728_Playlist.root
b39877d42c22bb414704ef31642be251b8776a62b8366a66731e86e1da1e97bd	549236656	2026-04-20T00:25:14Z	Data/Playlist1G/MasterAnaDev_data_AnaTuple_run00018730_Playlist.root
262fb47ff7c7a727eaac1670ec7d600f1942b3698cbebe5d40502b4ff0a16518	601611751	2026-04-20T00:25:18Z	Data/Playlist1G/MasterAnaDev_data_AnaTuple_run00018731_Playlist.root
1ba286a1948c34ae4ab295b74f146a331d35d3631d7b9e628f23f9548c334500	222835958	2026-04-20T00:25:20Z	Data/Playlist1G/MasterAnaDev_data_AnaTuple_run00018732_Playlist.root
d9a48aeb0ca93fef24b4a3d3e55ca10b3df449fc13571170c92b910848766b0d	608980083	2026-04-20T00:25:24Z	Data/Playlist1G/MasterAnaDev_data_AnaTuple_run00018800_Playlist.root
8760e637ad12893385ca8a38908cf7b565d235f33afb09225f18d4dc48e720b5	605017951	2026-04-20T00:25:27Z	Data/Playlist1G/MasterAnaDev_data_AnaTuple_run00018801_Playlist.root
cffefe76ea355e710cc2f4965a2dc3c667cf7d88b1a8fc3780338a6ef6a336f7	587857557	2026-04-20T00:25:32Z	Data/Playlist1G/MasterAnaDev_data_AnaTuple_run00018802_Playlist.root
3eda94eb142a263ebe05a06f9669bedd9dba6d2a82d7c8a43b899d4438c65ff2	606734777	2026-04-20T00:25:36Z	Data/Playlist1G/MasterAnaDev_data_AnaTuple_run00018803_Playlist.root
6fafbf2beb99e22766bbcb176e55af89d58a0d3f256cb5a6df147b4e1b656e9d	542393708	2026-04-20T00:25:40Z	Data/Playlist1G/MasterAnaDev_data_AnaTuple_run00018804_Playlist.root
d3734dedcea51fc345bc142a6368b28e46d9e13d8353fc2ad9f971c4f9e9b1cc	555077894	2026-04-20T00:25:43Z	Data/Playlist1G/MasterAnaDev_data_AnaTuple_run00018805_Playlist.root
b48103d942552476742df8c172edf1354ab95cb00c9711cdf045a5b746f43669	559205943	2026-04-20T00:25:46Z	Data/Playlist1G/MasterAnaDev_data_AnaTuple_run00018806_Playlist.root
3af5dd744eebd0505fc3d1e6618196f36f3b71441a71e85c9b206f4ff17ac202	366354156	2026-04-20T00:25:48Z	Data/Playlist1G/MasterAnaDev_data_AnaTuple_run00018807_Playlist.root
1e8bbc7ec34b3b429b382826b2426d96878b4063a9918bd807ea30c69b1e3884	541509825	2026-04-20T00:25:53Z	Data/Playlist1G/MasterAnaDev_data_AnaTuple_run00018808_Playlist.root
608f03d5bb58e42303efad5338569d5ec7ea9c120b2e28a83d7eb03421d49744	550425148	2026-04-20T00:25:57Z	Data/Playlist1G/MasterAnaDev_data_AnaTuple_run00018809_Playlist.root
b5e65d77ca51dd8650e59a90aa31fb54a87a96105d6bac6dbd7fc0db02cf73ed	617174014	2026-04-20T00:26:00Z	Data/Playlist1G/MasterAnaDev_data_AnaTuple_run00018810_Playlist.root
bbe645b6a6c8119b07106dcf5e193ae77fcabdc6ec363476ea707a13e162f771	605298743	2026-04-20T00:26:04Z	Data/Playlist1G/MasterAnaDev_data_AnaTuple_run00018811_Playlist.root
43322140297c27f6912b70df4062953756a4bbf6a7fd3dbd99098321983658e3	571291848	2026-04-20T00:26:07Z	Data/Playlist1G/MasterAnaDev_data_AnaTuple_run00018812_Playlist.root
8e494b60aa4837568950106887bc02411a759fba31844fb374a1d13e64f7881d	621319563	2026-04-20T00:26:12Z	Data/Playlist1G/MasterAnaDev_data_AnaTuple_run00018813_Playlist.root
dc8099e6250e9b69caa797896b43f81190edaca0eef201ab378a8fb2e764dac7	615203375	2026-04-20T00:26:14Z	Data/Playlist1G/MasterAnaDev_data_AnaTuple_run00018814_Playlist.root
25d6c5035638e6ff5d600f7e62be67c09c6ff1af5ac7f4afcfeb336da0ba75de	591606063	2026-04-20T00:26:19Z	Data/Playlist1G/MasterAnaDev_data_AnaTuple_run00018815_Playlist.root
d7f119fa83eccc66b47ddf643db84020d9d73af5776a17ad3c15381f4131bae7	614425389	2026-04-20T00:26:22Z	Data/Playlist1G/MasterAnaDev_data_AnaTuple_run00018816_Playlist.root
5a2e872efa90231d27770894b8ad6f0a54f6c88144be4af73273b6a7b68f89ea	618199580	2026-04-20T00:26:25Z	Data/Playlist1G/MasterAnaDev_data_AnaTuple_run00018817_Playlist.root
9c6d909a184c021c6548c8c45b3c4835432f7b4920bf74e63452c78ed5b2f411	626714627	2026-04-20T00:26:30Z	Data/Playlist1G/MasterAnaDev_data_AnaTuple_run00018818_Playlist.root
583a6d57f20c178ceb197e665e10df4958111f54975373ff41cc8513ccb255f3	627724568	2026-04-20T00:26:34Z	Data/Playlist1G/MasterAnaDev_data_AnaTuple_run00018819_Playlist.root
54c06028e47655112155f9c436514f13185c503a2fbea4d62a0b242478d97c57	627024930	2026-04-20T00:26:37Z	Data/Playlist1G/MasterAnaDev_data_AnaTuple_run00018820_Playlist.root
8fc63f92e47f105546ff76120e2a08a333c041a3402ae41dd507e42b4c002389	95513756	2026-04-20T00:26:38Z	Data/Playlist1G/MasterAnaDev_data_AnaTuple_run00018821_Playlist.root
168bbfe73b5c736e31208b62c985e719b39c8968ea44cba4df7ca55fe2e631ae	622582080	2026-04-20T00:26:42Z	Data/Playlist1G/MasterAnaDev_data_AnaTuple_run00018822_Playlist.root
10c19f69252c7be5c59ce314313f6ac4d77a1f18f623a9f7570bc838aa43c9f8	854615491	2026-04-20T00:26:50Z	Data/Playlist1G/MasterAnaDev_data_AnaTuple_run00018823_Playlist.root
ce0fd37f6a6e4a46f5317259d7a17c56f79f5444f5cdfd4c7d2a70459c5b3fa5	611198027	2026-04-20T00:26:53Z	Data/Playlist1G/MasterAnaDev_data_AnaTuple_run00018824_Playlist.root
ab155dbf7da27e1ae0998c47fc6c63cfb97e61aed0cb2922590d0e5ca861c325	599704322	2026-04-20T00:26:56Z	Data/Playlist1G/MasterAnaDev_data_AnaTuple_run00018825_Playlist.root
19cecb6096da342af5d659178fb2a175a917ffb68260bf4a80ab46dd065b24e0	110509517	2026-04-20T00:26:57Z	Data/Playlist1G/MasterAnaDev_data_AnaTuple_run00018826_Playlist.root
dbeb34dd3887c2c7651c164b1f07166dab2f3e0227f04c565a3e203cc4691c54	274367668	2026-04-20T00:27:00Z	Data/Playlist1G/MasterAnaDev_data_AnaTuple_run00018827_Playlist.root
a09a1e335ee93071737c1bfd9dc73ff7db662127edfd81dd774f73ba33fdba91	630173344	2026-04-20T00:27:04Z	Data/Playlist1G/MasterAnaDev_data_AnaTuple_run00018828_Playlist.root
660cab5d62f9458bef5d487604c136d34d0924ef87a1dedda88f7fba6f2949b5	634125929	2026-04-20T00:27:08Z	Data/Playlist1G/MasterAnaDev_data_AnaTuple_run00018829_Playlist.root
386fcaaa71d504af5f17773a54ca537c06406dc81c3fc55782b3480c372eb810	641369829	2026-04-20T00:27:11Z	Data/Playlist1G/MasterAnaDev_data_AnaTuple_run00018830_Playlist.root
a73e46e7f95fce9848d0b69a7fd6f0f79aee3815c8235057955acf4e6ed89054	575385549	2026-04-20T00:27:24Z	Data/Playlist1G/MasterAnaDev_data_AnaTuple_run00018831_Playlist.root
30695d8c9ada8e83960e7b8a09dc1ce78318a3acbf5c56c1dd86f50c941a6cef	615607403	2026-04-20T00:27:27Z	Data/Playlist1G/MasterAnaDev_data_AnaTuple_run00018832_Playlist.root
5f1f8e29c858d8a30eb68a95d0cf4a9412a76083744b003fe4c1e4ae4256bd35	633502653	2026-04-20T00:27:32Z	Data/Playlist1G/MasterAnaDev_data_AnaTuple_run00018833_Playlist.root
e9595cb915676a7e46f6ec3e2529f57810993bbdc2535337e68c6b36eabae509	616741107	2026-04-20T00:27:36Z	Data/Playlist1G/MasterAnaDev_data_AnaTuple_run00018834_Playlist.root
39b4a78039f82dc7598e06e0bf516a0e749122d98ebd01b168a9dde6a28246de	628354910	2026-04-20T00:27:39Z	Data/Playlist1G/MasterAnaDev_data_AnaTuple_run00018835_Playlist.root
664b273f098327df28e4078e70c89774a83ef71afeb4a6620810fe8937c01430	620965354	2026-04-20T00:27:42Z	Data/Playlist1G/MasterAnaDev_data_AnaTuple_run00018836_Playlist.root
b71e8b5394787b5b7a940415b93c83af8d67f2781fbc3be56943fb601accdf56	630489299	2026-04-20T00:27:46Z	Data/Playlist1G/MasterAnaDev_data_AnaTuple_run00018837_Playlist.root
5183d8071d5cc5e85548fd8e91be936f9167028ef8453d0ea2c27c2f1f928db3	585618401	2026-04-20T00:27:49Z	Data/Playlist1G/MasterAnaDev_data_AnaTuple_run00018838_Playlist.root
75285a6a817a826efae94fc78cf411632a489fe684762826bc0697600971ffef	477303562	2026-04-20T00:27:51Z	Data/Playlist1G/MasterAnaDev_data_AnaTuple_run00018839_Playlist.root
e443b4e09d615a97b59ec20907331f2669ce12377554ad42bf8d6141bf8cd7c0	555634207	2026-04-20T00:27:54Z	Data/Playlist1G/MasterAnaDev_data_AnaTuple_run00018844_Playlist.root
230ac1a5fa1d1fb7ad60571182b7f53b57a3ee389d05d739b9fedb9e509e3b60	399188995	2026-04-20T00:28:03Z	Data/Playlist1G/MasterAnaDev_data_AnaTuple_run00018845_Playlist.root
6ea387ed2d05dc0a53fa626cdb575651338be3ceefc4820128468f5472d61ecc	603423969	2026-04-20T00:28:06Z	Data/Playlist1G/MasterAnaDev_data_AnaTuple_run00018846_Playlist.root
f315390c467fc5874176dfe3bc3255d617057e69d447aadce11c3c819033b864	550424952	2026-04-20T00:28:09Z	Data/Playlist1G/MasterAnaDev_data_AnaTuple_run00018847_Playlist.root
8c9fed717ceefbb48268387412d0f8e161e42e2fca1cab734fee076cb9fbc24f	629139227	2026-04-20T00:28:12Z	Data/Playlist1G/MasterAnaDev_data_AnaTuple_run00018848_Playlist.root
6a1fd31d4daf17bda01d2cd0d5ce819010216dbc980f3dcebf13ff1983ff159f	614601224	2026-04-20T00:28:16Z	Data/Playlist1G/MasterAnaDev_data_AnaTuple_run00018849_Playlist.root
bf0e872c4a3c588c52fc06e482a8d3a232a62d380261e7e927cd9aa879383370	590697586	2026-04-20T00:28:21Z	Data/Playlist1G/MasterAnaDev_data_AnaTuple_run00018850_Playlist.root
621f093a35be5d29cf92069cb38677072b54202625728e0daa3014d09adb654a	599475610	2026-04-20T00:28:31Z	Data/Playlist1G/MasterAnaDev_data_AnaTuple_run00018851_Playlist.root
c838357ed2b8b179944c637c185028c34dd565f5474337b4f94c9a2a6fb152a0	552002964	2026-04-20T00:28:36Z	Data/Playlist1G/MasterAnaDev_data_AnaTuple_run00018852_Playlist.root
c4f5f606c23e9b7a0b75c46dc5b33053661c0fcfce4968b42ce5c967fd902e16	561109858	2026-04-20T00:28:39Z	Data/Playlist1G/MasterAnaDev_data_AnaTuple_run00018853_Playlist.root
294c6f0d2b3470d859aa2f95a3f0585348ed86d89c03476ec9cacbb31aed3e7d	637316430	2026-04-20T00:28:42Z	Data/Playlist1G/MasterAnaDev_data_AnaTuple_run00018854_Playlist.root
1cc23a22cdbe3059adf5750ea144fd944869cf6119f1185102bda19d5b66f978	621330720	2026-04-20T00:28:45Z	Data/Playlist1G/MasterAnaDev_data_AnaTuple_run00018855_Playlist.root
ee051803bc3ea7127daaf70e9ac8a55214d4087b561e090eeda7c323e7763e45	644586532	2026-04-20T00:28:49Z	Data/Playlist1G/MasterAnaDev_data_AnaTuple_run00018856_Playlist.root
e18c00c8c3b2fe9cfda8cbb44a4584b4da414a5b12f74daacc8f1354fea16f36	629017980	2026-04-20T00:28:54Z	Data/Playlist1G/MasterAnaDev_data_AnaTuple_run00018857_Playlist.root
95c2b87f679eb3d6722018772c3e958fc0d17ffb7cd461245207600e883c227f	607827404	2026-04-20T00:28:57Z	Data/Playlist1G/MasterAnaDev_data_AnaTuple_run00018858_Playlist.root
1861415b1cc180ced874ea35335eb26b990dc322573f0f9f9865501fe2ce909b	601657563	2026-04-20T00:29:00Z	Data/Playlist1G/MasterAnaDev_data_AnaTuple_run00018859_Playlist.root
44e0d2dc76db901cc68e7adf591c052d35c5fa4203eef2af76c78011856bbc83	622483266	2026-04-20T00:29:05Z	Data/Playlist1G/MasterAnaDev_data_AnaTuple_run00018860_Playlist.root
17a1c18a37cd4e33e0392f01508719da6bd735f2174c7993766d85b21086056a	631292015	2026-04-20T00:29:08Z	Data/Playlist1G/MasterAnaDev_data_AnaTuple_run00018861_Playlist.root
a5a988cb1bc495523f529c285118b7ff9ac315657125589459c291d256ddbfb5	582304892	2026-04-20T00:29:12Z	Data/Playlist1G/MasterAnaDev_data_AnaTuple_run00018862_Playlist.root
b9ded57eef8bd3492312fbd0242f92003cd3c2672a7017bd964d5c311643df12	625706312	2026-04-20T00:29:15Z	Data/Playlist1G/MasterAnaDev_data_AnaTuple_run00018863_Playlist.root
ccbc4c3bbb0b863582d7e2e7f11b08a097f7fb8c960631692f28ca5585efd249	630633643	2026-04-20T00:29:19Z	Data/Playlist1G/MasterAnaDev_data_AnaTuple_run00018864_Playlist.root
1ee27b139d00f6ab3315a8ba7ad3b75f60afe035cd0815c6a880826dafbcbd9c	636955395	2026-04-20T00:29:22Z	Data/Playlist1G/MasterAnaDev_data_AnaTuple_run00018865_Playlist.root
c28072ed696a882124b7671a2c412e6f50b1a2ce0b23620d6840cb84f89ff2b1	640648966	2026-04-20T00:29:25Z	Data/Playlist1G/MasterAnaDev_data_AnaTuple_run00018866_Playlist.root
c4b6476421633b761d4bd8a3085f638ba08a4d48eb6a9df9a042e927e14707db	599760793	2026-04-20T00:29:28Z	Data/Playlist1G/MasterAnaDev_data_AnaTuple_run00018867_Playlist.root
3a4177bc11cab90413c4633592fc494c905da8fc509632e4e1520a858b78e76e	637186303	2026-04-20T00:29:31Z	Data/Playlist1G/MasterAnaDev_data_AnaTuple_run00018868_Playlist.root
8b9fb03736243bb3e0d1ef8ce34827e8f4887423db106e231a7040809f3f9adc	284703635	2026-04-20T00:29:34Z	Data/Playlist1G/MasterAnaDev_data_AnaTuple_run00018869_Playlist.root
6ee157ea9c7f2994592c76d2e74b897e7de867f3f912b6bb224506e48a5145bd	639554315	2026-04-20T00:29:37Z	Data/Playlist1G/MasterAnaDev_data_AnaTuple_run00018871_Playlist.root
2c628e6b2e52206c52e00c91eea6a02b89445a4e68fecb146da9a08f6b8043a7	626623048	2026-04-20T00:29:40Z	Data/Playlist1G/MasterAnaDev_data_AnaTuple_run00018872_Playlist.root
5d724d8c05910286fa5c6a1c394e2d2d865af1c47eb3acae679c82cf248c231c	688226326	2026-04-20T00:29:43Z	Data/Playlist1G/MasterAnaDev_data_AnaTuple_run00018873_Playlist.root
2607044551650199e7b1e682d1b4234246bf44198cd196f731fb75cee210d92c	668240278	2026-04-20T00:29:47Z	Data/Playlist1G/MasterAnaDev_data_AnaTuple_run00018874_Playlist.root
d2ba273defe9770fb349ad73294ce974c7f5c5a65974723b0386b35c0f07c9d8	525439436	2026-04-20T00:29:50Z	Data/Playlist1G/MasterAnaDev_data_AnaTuple_run00018875_Playlist.root
bfdaf0d515c719460c048a14db584fc9030bc66d319fed3ca267a24974c45552	622620247	2026-04-20T00:29:53Z	Data/Playlist1G/MasterAnaDev_data_AnaTuple_run00018876_Playlist.root
b009f866579c28d678013519897416242dfe6e2fffcca085ea247a574b2d3ae2	676412185	2026-04-20T00:29:58Z	Data/Playlist1G/MasterAnaDev_data_AnaTuple_run00018877_Playlist.root
9bc116e0b29219c48f9e0f057ccbac2dda60c68b9e7cd11f291e765846c5c8f4	660197638	2026-04-20T00:30:01Z	Data/Playlist1G/MasterAnaDev_data_AnaTuple_run00018878_Playlist.root
05e2c167b48531659ff2787b22bb95afbb93e195cb59609ff299f6c7f13a7010	687976952	2026-04-20T00:30:04Z	Data/Playlist1G/MasterAnaDev_data_AnaTuple_run00018879_Playlist.root
6c8568beae2bbd91a3bf75328da59d30c143a2d7de43dd53e57e92eec4c529ae	700780593	2026-04-20T00:30:08Z	Data/Playlist1G/MasterAnaDev_data_AnaTuple_run00018880_Playlist.root
62c4813800b9ef77cb26c717740cc0a9ec78dffb3f4a0273bba6962877ac8426	413507509	2026-04-20T00:30:11Z	Data/Playlist1G/MasterAnaDev_data_AnaTuple_run00018881_Playlist.root
5973b1c58aef134f3b4e551ee3c043e1636536a51b46dd7324bfba14cbfd47c4	676317124	2026-04-20T00:30:14Z	Data/Playlist1G/MasterAnaDev_data_AnaTuple_run00018882_Playlist.root
ee143c11e61c334f9ced14ed6ad58fcbcb409e3846fb73aa289738685628ce48	312658058	2026-04-20T00:30:18Z	Data/Playlist1G/MasterAnaDev_data_AnaTuple_run00018883_Playlist.root
7a1d9642ae7ba854396eed3c6b32a782b562fdf33b3f3a2b5934fd15577cff21	633841529	2026-04-20T00:30:21Z	Data/Playlist1G/MasterAnaDev_data_AnaTuple_run00018884_Playlist.root
4f9671908dee7f316efc6765d2e67136de7bb6737767f4be2d8901a2a5bd9b62	612832512	2026-04-20T00:30:24Z	Data/Playlist1G/MasterAnaDev_data_AnaTuple_run00018885_Playlist.root
861ccd8d8cd3e8442d7ed43e6fecfd2d7ee0e5214c291d8d07009e010033e13c	689498366	2026-04-20T00:30:29Z	Data/Playlist1G/MasterAnaDev_data_AnaTuple_run00018886_Playlist.root
afa43368ecdf19d88293e06297030a4a3a34228cf70bdd9904b75139e6ef9601	95253506	2026-04-20T00:30:30Z	Data/Playlist1G/MasterAnaDev_data_AnaTuple_run00018887_Playlist.root
8e548b7aad26e5b9a5f67f398334c120358123d35dbaf4bb6790ebd99de2b0f1	166345	2026-04-20T00:30:31Z	Data/Playlist1G/MasterAnaDev_data_AnaTuple_run00018888_Playlist.root
faca81538c52e3939d8467ce5f3e0d33ea8d757c752f20b47f13a8565b9be28c	3753640	2026-04-20T00:30:32Z	Data/Playlist1G/MasterAnaDev_data_AnaTuple_run00018889_Playlist.root
f4a2b6c54141af182e3e8f6902f8ef424ca405a785532a7236f769c44f15a37e	692049074	2026-04-20T00:30:35Z	Data/Playlist1G/MasterAnaDev_data_AnaTuple_run00018890_Playlist.root
cfe2b8f6f43589a17ceeb9e2285d39665bbef03d1d3a315400b9f3d509064a81	692269220	2026-04-20T00:30:40Z	Data/Playlist1G/MasterAnaDev_data_AnaTuple_run00018891_Playlist.root
8e16101eb31bc13576dd27a7a2d47be6565d849f0d683799790af5da1f8ff7b8	652064719	2026-04-20T00:30:43Z	Data/Playlist1G/MasterAnaDev_data_AnaTuple_run00018892_Playlist.root
a2798670849303d2883f717d51d37957496b6954c63f8922dc8b996f1ed26d15	661667497	2026-04-20T00:30:49Z	Data/Playlist1G/MasterAnaDev_data_AnaTuple_run00018893_Playlist.root
1cf334591e883d7c2eeb433a12ecdad3234a3ccdcd0a137dd2e2286dd264bc56	638918936	2026-04-20T00:30:54Z	Data/Playlist1G/MasterAnaDev_data_AnaTuple_run00018894_Playlist.root
1544123df79eb4f610ad52f41f2c80a7b48cf58b73134467b77f21262de8f6bd	579150456	2026-04-20T00:30:57Z	Data/Playlist1G/MasterAnaDev_data_AnaTuple_run00018895_Playlist.root
cd68a9d913fce4e26ed0484b90c1a6911432dbced4d36e875ac866c75c168aeb	615987795	2026-04-20T00:31:01Z	Data/Playlist1G/MasterAnaDev_data_AnaTuple_run00018896_Playlist.root
4c860f838fc71510b567a60cb70f583199063f801d082c50c472baced5b82a1f	674597965	2026-04-20T00:31:07Z	Data/Playlist1G/MasterAnaDev_data_AnaTuple_run00018897_Playlist.root
fb7f3624ee808d14ad0e68b2f7140553c2a1140c6417313e46c9674c1331ba82	445645979	2026-04-20T00:31:10Z	Data/Playlist1G/MasterAnaDev_data_AnaTuple_run00018898_Playlist.root
1c5477537ac1198f58657679f1e31cf473c298ba0411c96071bff67af807d05a	687577858	2026-04-20T00:31:24Z	Data/Playlist1G/MasterAnaDev_data_AnaTuple_run00018899_Playlist.root
ac0a0e1eceee9ccd49b7cb5e7939d135f46fa12a1b2812af3ecf89cc1f07f5bf	662018254	2026-04-20T00:31:30Z	Data/Playlist1G/MasterAnaDev_data_AnaTuple_run00018900_Playlist.root
bc43dd3a88d5d22fe3001fbc66bb5f2a1f94454ef46d8af6d091eddea2c0d9cf	705878221	2026-04-20T00:31:37Z	Data/Playlist1G/MasterAnaDev_data_AnaTuple_run00018901_Playlist.root
924acd3f2cabfa9f6ce1b65093a08b4e6911bc3a4f4d055c5bc81e18901001c3	640247759	2026-04-20T00:31:40Z	Data/Playlist1G/MasterAnaDev_data_AnaTuple_run00018902_Playlist.root
306bc92be2c5075fbba00c7e792c7fe115f0e68fd6e4f235c2bf81691833b239	691347720	2026-04-20T00:31:44Z	Data/Playlist1G/MasterAnaDev_data_AnaTuple_run00018903_Playlist.root
1c27c75572ba0ef29a481b550b04c1db75651344e1ec8366b2538c9963d35795	669164215	2026-04-20T00:31:49Z	Data/Playlist1G/MasterAnaDev_data_AnaTuple_run00018904_Playlist.root
03da6c8086677f11a6aeb4487c79ed2cb2cfe2dd8c8b7e69f3ca9272db7e6f3a	689063601	2026-04-20T00:31:53Z	Data/Playlist1G/MasterAnaDev_data_AnaTuple_run00018905_Playlist.root
d8f3c85a457c629f497f4182736e15a19772acc2ab212d02a61a36a1cd0a0994	602253184	2026-04-20T00:31:58Z	Data/Playlist1G/MasterAnaDev_data_AnaTuple_run00018906_Playlist.root
2968042d85ae5ae4efc20057681bfb3d7551c028fb4f5c066c90a2322de2337e	602356101	2026-04-20T00:32:01Z	Data/Playlist1G/MasterAnaDev_data_AnaTuple_run00018907_Playlist.root
70385e7f3a07da0801154492d86d92a18890d106c966ee3072db54f88e69d2ca	667718400	2026-04-20T00:32:07Z	Data/Playlist1G/MasterAnaDev_data_AnaTuple_run00018908_Playlist.root
10afea8c4d5f6361f3116b31be8771e97063d2b158c38293428c4f1ab3c7c07c	671197282	2026-04-20T00:32:10Z	Data/Playlist1G/MasterAnaDev_data_AnaTuple_run00018909_Playlist.root
15aaf000b6e3c09abde3dd777316d44f577c9a8a5631b3fe3d6188798c6bbd4f	659743031	2026-04-20T00:32:14Z	Data/Playlist1G/MasterAnaDev_data_AnaTuple_run00018910_Playlist.root
e0981d54f28d09e296153c6faa1bfd038edbb4cb939f846aa31654749feb3672	642048029	2026-04-20T00:32:21Z	Data/Playlist1G/MasterAnaDev_data_AnaTuple_run00018911_Playlist.root
95e608e8a09c664082059e11bd0dfc22e1ad24fd6336b854d5a05689911ead7d	300817949	2026-04-20T00:32:24Z	Data/Playlist1G/MasterAnaDev_data_AnaTuple_run00018912_Playlist.root
f296087f18201758a26df552be00f8282ace9dc51faaa8ae4c5f569e1e1e6967	588786255	2026-04-20T00:32:29Z	Data/Playlist1G/MasterAnaDev_data_AnaTuple_run00018913_Playlist.root
34f0a95e8dc71210b6b4a19a23959d3d1cb8ef035f527b2534967ff3f0055def	617116282	2026-04-20T00:32:33Z	Data/Playlist1G/MasterAnaDev_data_AnaTuple_run00018914_Playlist.root
de66d71fd7617bcbdcf4d56828aaed0b109b0a541c69619c9f668cfd6fc7f212	653440255	2026-04-20T00:32:38Z	Data/Playlist1G/MasterAnaDev_data_AnaTuple_run00018915_Playlist.root
53d6575077d408e20da9f2489e52fe802505e2c672360142b8b8036e7b14bb1a	456716285	2026-04-20T00:32:41Z	Data/Playlist1G/MasterAnaDev_data_AnaTuple_run00018916_Playlist.root
54c349097ccc7af05d9849fb511dd84824fec51a69f843d00c4f99f35f7d48bc	362738074	2026-04-20T00:32:44Z	Data/Playlist1G/MasterAnaDev_data_AnaTuple_run00019061_Playlist.root
8aa7c6e4e3db989b2331f1f235e4cae25d216744b63b24a6da33dc7f26830650	732466099	2026-04-20T00:32:47Z	Data/Playlist1G/MasterAnaDev_data_AnaTuple_run00019062_Playlist.root
bad9f793317445797ca196692ca2beb3755a272d501dadc6b6c57b331a7913e2	789677115	2026-04-20T00:32:51Z	Data/Playlist1G/MasterAnaDev_data_AnaTuple_run00019063_Playlist.root
f544739d5884133bba53bbac48371794c1de5b3ac9c05756c85f3b031a58f15d	1107442520	2026-04-20T00:32:55Z	Data/Playlist1G/MasterAnaDev_data_AnaTuple_run00019064_Playlist.root
cdb2a934c73d1074400abf43ed743d01ecad1ce18ab8acdd404016e23b9fe354	928024369	2026-04-20T00:33:03Z	Data/Playlist1G/MasterAnaDev_data_AnaTuple_run00019065_Playlist.root
c90f84f5fd41afa1a0eeae923a4722abe8c8ce00d5297e4f697f9cb26b403e6a	698117201	2026-04-20T00:33:08Z	Data/Playlist1G/MasterAnaDev_data_AnaTuple_run00019066_Playlist.root
a6940be638a51a5dae80b7d64124d5b3a8eca489fd6f8c69c0fe022cd6c172d9	821253893	2026-04-20T00:33:14Z	Data/Playlist1G/MasterAnaDev_data_AnaTuple_run00019067_Playlist.root
d27800292bbdd1d3882ff62473d3782c7f421a3cf0f0b425f1d7e4673ab1de42	767093911	2026-04-20T00:33:19Z	Data/Playlist1G/MasterAnaDev_data_AnaTuple_run00019068_Playlist.root
8f7847c65680cc486673b8977431ea3820e3b754d91b2d52d618ba9653eba8e3	11586357	2026-04-20T00:33:20Z	Data/Playlist1G/MasterAnaDev_data_AnaTuple_run00019069_Playlist.root
756bed007d587a9b84d58245f2b59ce8a4d0c9066241613a60b9212831a34ac5	44472459	2026-04-20T00:33:21Z	Data/Playlist1G/MasterAnaDev_data_AnaTuple_run00019070_Playlist.root
af4b06378b83ceff862a0254065bf1555cf0d8de9359023daa5d32752f75c76e	775200077	2026-04-20T00:33:25Z	Data/Playlist1G/MasterAnaDev_data_AnaTuple_run00019072_Playlist.root
8fc071e283a505d6742948e392713450ce10d191d8a885c99f728799ee95fc4b	1018615118	2026-04-20T00:33:29Z	Data/Playlist1G/MasterAnaDev_data_AnaTuple_run00019073_Playlist.root
3ce48a95c3d53fde924cf573469809a8f7f677acfc19b68386a984733ef8e637	28893426	2026-04-20T00:33:31Z	Data/Playlist1G/MasterAnaDev_data_AnaTuple_run00019074_Playlist.root
eb47144dba2604d4e3ff1c4d4da1f7f51cdeb211071d644db0bbc651f4a7b5fe	771824124	2026-04-20T00:33:35Z	Data/Playlist1G/MasterAnaDev_data_AnaTuple_run00019075_Playlist.root
be2af943180b389da21d5e5cd97c0a66431c4243bdf159af219cd4c2c080575e	410890508	2026-04-20T00:33:38Z	Data/Playlist1G/MasterAnaDev_data_AnaTuple_run00019076_Playlist.root
0d24a75a822a12da5a7e7548aef40ec77d6d455b540850ec0d80bcaaa6f6e076	453179065	2026-04-20T00:33:40Z	Data/Playlist1G/MasterAnaDev_data_AnaTuple_run00019079_Playlist.root
f09543263381d18485e01b4c0e74cc15543d0327e84d09a891c9af42f9667c16	653709155	2026-04-20T00:33:43Z	Data/Playlist1G/MasterAnaDev_data_AnaTuple_run00019080_Playlist.root
01c996f5be7cd9d5d77975c2509da3a8c5ed95da227c5d0144d9d3a7c000e40d	166345	2026-04-20T00:33:44Z	Data/Playlist1G/MasterAnaDev_data_AnaTuple_run00019081_Playlist.root
8ea54503b56357f77744944e1a0975cb476a0adabb14211d377ce6382b63a172	641668810	2026-04-20T00:33:47Z	Data/Playlist1G/MasterAnaDev_data_AnaTuple_run00019082_Playlist.root
03b9c11341e2c4f0bc2463858039ff5c01eda27dcceec41790985ae5310e5015	65828705	2026-04-20T00:33:49Z	Data/Playlist1G/MasterAnaDev_data_AnaTuple_run00019083_Playlist.root
69947b3906de2d91644c7bc3d0355d67585246ec83f180ea03df7fba9706b658	435844582	2026-04-20T00:33:52Z	Data/Playlist1G/MasterAnaDev_data_AnaTuple_run00019084_Playlist.root
cb22f83623653e02ff83859a0e25faefc5dc16e771f13bde2a88f9300fcc1aae	801348648	2026-04-20T00:33:56Z	Data/Playlist1G/MasterAnaDev_data_AnaTuple_run00019085_Playlist.root
cb8e54e26e3b574bbe7b75a2e71e720e41d028adcfc45652e2bcdc05dc33e950	1112944934	2026-04-20T00:34:00Z	Data/Playlist1G/MasterAnaDev_data_AnaTuple_run00019086_Playlist.root
d1e74f7d2afb5de386c0353c659b6927a945b4906169f0674b8826329ee83884	105550992	2026-04-20T00:34:02Z	Data/Playlist1G/MasterAnaDev_data_AnaTuple_run00019087_Playlist.root
709ad94b33cb0a6779b28714d4db5a311286df30a87ee975f1c68e82bb408093	648571452	2026-04-20T00:34:11Z	Data/Playlist1G/MasterAnaDev_data_AnaTuple_run00019089_Playlist.root
b110152654a01d7f43cffb277a50bc53fcc2b75c99c1f9958dfddda4da2794a7	512325228	2026-04-20T00:34:15Z	Data/Playlist1G/MasterAnaDev_data_AnaTuple_run00019090_Playlist.root
63c93cbceb982aec32d00134778f970e62d0d6f912684fe194c502f425578ebd	1865165	2026-04-20T00:34:16Z	Data/Playlist1G/MasterAnaDev_data_AnaTuple_run00019091_Playlist.root
a09f1c3654aa2364be705866b2d905e8f844224f59116be66bfbdfe1bb6169ac	30467958	2026-04-20T00:34:18Z	Data/Playlist1G/MasterAnaDev_data_AnaTuple_run00019092_Playlist.root
124c6af4627a734faa1cd4b48893d7f2181599a862a3fa1d26d38aa9402ffdde	717047423	2026-04-20T00:34:23Z	Data/Playlist1G/MasterAnaDev_data_AnaTuple_run00019094_Playlist.root
fdb3ccd581ff0bcb3b2b910e562eed590e3206047d7fc6fe64553892b3b747ab	783971410	2026-04-20T00:34:27Z	Data/Playlist1G/MasterAnaDev_data_AnaTuple_run00019095_Playlist.root
d8224420ad60c4850c4bebfa7cb07e67ee2365ee5531f16548a0f3e5686dee78	157911790	2026-04-20T00:34:29Z	Data/Playlist1G/MasterAnaDev_data_AnaTuple_run00019096_Playlist.root
fe18601df60f222c8bb8eb631763ca49fd4434f48c39073c95b5fb09ce1385be	304330521	2026-04-20T00:34:31Z	Data/Playlist1G/MasterAnaDev_data_AnaTuple_run00019097_Playlist.root
fae65dbece1b1644efc9008817488195f0ec9f1d22417a6bfa1ad83b45ec09c7	166155855	2026-04-20T00:34:33Z	Data/Playlist1G/MasterAnaDev_data_AnaTuple_run00019098_Playlist.root
be3608e6bf6818f171d580297045234c7461b1d4ebaaa4987900852a2c469578	794333684	2026-04-20T00:34:37Z	Data/Playlist1G/MasterAnaDev_data_AnaTuple_run00019099_Playlist.root
7fcd1862102f3f242b66e2633c704e1ba257c7bbe086f22b6ea536e4515a8514	224240586	2026-04-20T00:34:39Z	Data/Playlist1G/MasterAnaDev_data_AnaTuple_run00019100_Playlist.root
c790208e18cffe14524daa3ed0db41b087d3591dbf250869308109cbf5fb9485	844880377	2026-04-20T00:34:42Z	Data/Playlist1G/MasterAnaDev_data_AnaTuple_run00019101_Playlist.root
2f20507e7114df8bc95b8a869109fae78236f101482806d30a4fd91a1bef6cc1	46175537	2026-04-20T00:34:44Z	Data/Playlist1G/MasterAnaDev_data_AnaTuple_run00019102_Playlist.root
45b4a6c05a352accedfe02cff6fe1e88f92690517cfc7ee4f90864c1bb90c491	811103054	2026-04-20T00:34:48Z	Data/Playlist1G/MasterAnaDev_data_AnaTuple_run00019103_Playlist.root
0e398ffa4bb468e367d3d45ef4c3c9ee1201780803054deddf8b5046cf8a52ee	429397064	2026-04-20T00:34:51Z	Data/Playlist1G/MasterAnaDev_data_AnaTuple_run00019104_Playlist.root
78647a8a7b9bc0bfac05b0fe03f9b347372ad4279f891b110fe96e917c5f79dc	110798906	2026-04-20T00:34:52Z	Data/Playlist1G/MasterAnaDev_data_AnaTuple_run00019119_Playlist.root
7ef55faf0624fcefd1d495459f89e783caecae10208b4c00fbe04c08f2d6e1b2	40914128	2026-04-20T00:34:56Z	Data/Playlist1G/MasterAnaDev_data_AnaTuple_run00019120_Playlist.root
99e57a47967690c898d6d7f4957c5af88a7bdaec424f6857c67633f11d725898	366255505	2026-04-20T00:34:59Z	Data/Playlist1G/MasterAnaDev_data_AnaTuple_run00019121_Playlist.root
bbe8ec4405df051348778e809e5c73b5d64b94634f090eb129ed44214ca3cba2	841409819	2026-04-20T00:35:06Z	Data/Playlist1G/MasterAnaDev_data_AnaTuple_run00019123_Playlist.root
f9141d62a7e2e9172ef3047b540f7740c7a7c7e275a8b8b964379091c5decb81	459442108	2026-04-20T00:35:10Z	Data/Playlist1G/MasterAnaDev_data_AnaTuple_run00019124_Playlist.root
7cd5aff6cdbf727db874b90262e81387c09214bd4efcac6ebf8ca402c8d8fe94	6959467	2026-04-20T00:35:11Z	Data/Playlist1G/MasterAnaDev_data_AnaTuple_run00019125_Playlist.root
6d8e6f2fa316f4609c073aa2ff2b6a14e5d0ca2f5461d05d1eb7fb4b4c21ff13	907133434	2026-04-20T00:35:15Z	Data/Playlist1G/MasterAnaDev_data_AnaTuple_run00019128_Playlist.root
a095a056ce72576578a98d6ff4a7404e2a7e416128876f8f78b892f9b96fff2a	901130113	2026-04-20T00:35:19Z	Data/Playlist1G/MasterAnaDev_data_AnaTuple_run00019129_Playlist.root
a3a7e6b8b36f595025545f97722ebba8c9f625a5439f218789d57d1e6f5130fa	935083943	2026-04-20T00:35:25Z	Data/Playlist1G/MasterAnaDev_data_AnaTuple_run00019130_Playlist.root
35e40ad11c83758d85f70caf6408bfd4fff8e9ec06719408cbf2813077a0be38	273413384	2026-04-20T00:35:28Z	Data/Playlist1G/MasterAnaDev_data_AnaTuple_run00019131_Playlist.root
cd46ccb68ccbedafe8aa24b8ccaf9e1510bdc7ddd6f3a7184a2e37dab718e6be	885285086	2026-04-20T00:35:32Z	Data/Playlist1G/MasterAnaDev_data_AnaTuple_run00019132_Playlist.root
268d2e5341b0a006793d39804c4f19ccc92ef0d69b6ebf351fff89819d076d8c	935302703	2026-04-20T00:35:39Z	Data/Playlist1G/MasterAnaDev_data_AnaTuple_run00019133_Playlist.root
a51d17110bbe2e06ffc12926a66157f173fff992ede3117fb38abdc379957b63	898687941	2026-04-20T00:35:43Z	Data/Playlist1G/MasterAnaDev_data_AnaTuple_run00019134_Playlist.root
9455a3c8c048279bb7366d70a45e233d46f9f2d5bcbeba45614fce093a2b6ffb	914443224	2026-04-20T00:35:52Z	Data/Playlist1G/MasterAnaDev_data_AnaTuple_run00019135_Playlist.root
de08f4fb096019dc5280cee3e080ffddf4775404d173530bcf0813c137c3e53c	944111976	2026-04-20T00:35:56Z	Data/Playlist1G/MasterAnaDev_data_AnaTuple_run00019136_Playlist.root
d72296c160c7c1f29e243b9b318fd19cff194dbf57942cc689fb98705427f0db	965581167	2026-04-20T00:36:09Z	Data/Playlist1G/MasterAnaDev_data_AnaTuple_run00019137_Playlist.root
0a16c9794014ae23e59cf6ea3de86c84f021f445a3f9016dbaa82d9b7b95af19	809136556	2026-04-20T00:36:17Z	Data/Playlist1G/MasterAnaDev_data_AnaTuple_run00019138_Playlist.root
0d9ba51a7cf8f77437f254c9d66e272ba877e13d468eb84158bd18b20e5a2c50	1313405509	2026-04-20T00:36:22Z	Data/Playlist1G/MasterAnaDev_data_AnaTuple_run00019140_Playlist.root
97c4bc120fc73b6751778c5b1f802300903c9263878bc14d981063d866e183d8	221386609	2026-04-20T00:36:24Z	Data/Playlist1G/MasterAnaDev_data_AnaTuple_run00019141_Playlist.root
5b402514e59ac96a0500de80feb6a7d2465d8f9b43259b4101480eb353486952	910763780	2026-04-20T00:36:30Z	Data/Playlist1G/MasterAnaDev_data_AnaTuple_run00019142_Playlist.root
2ca5166fcc1fa7ccb24a64f3518e46ce4d584c5a8a4d4743f89fa3717d051e67	775777431	2026-04-20T00:36:33Z	Data/Playlist1G/MasterAnaDev_data_AnaTuple_run00019143_Playlist.root
4b30886ba32c75afd545b93fbb43929ad2c125f74ad0ec568857edc94141e7d6	967226625	2026-04-20T00:36:37Z	Data/Playlist1G/MasterAnaDev_data_AnaTuple_run00019144_Playlist.root
866c0ff539c9506123bc345de1fdbda8b7ce470e7b0edb096636dc5ee43510db	991680420	2026-04-20T00:36:42Z	Data/Playlist1G/MasterAnaDev_data_AnaTuple_run00019145_Playlist.root
8c1ec0683cf190d0bdc8018cf1f76d25c64022b50afa5117dabf55aa33af45c3	698595352	2026-04-20T00:36:46Z	Data/Playlist1G/MasterAnaDev_data_AnaTuple_run00019146_Playlist.root
f404da48689ff956f322495d8d79d4992e557ec4c4afbd617c03e755bca5c5db	166345	2026-04-20T00:36:47Z	Data/Playlist1G/MasterAnaDev_data_AnaTuple_run00019147_Playlist.root
874d6d7086777edadca6a61e022faadfbd757164ebbffd72ef2377bef896e1ca	166345	2026-04-20T00:36:48Z	Data/Playlist1G/MasterAnaDev_data_AnaTuple_run00019148_Playlist.root
284d36deb288142980a18e5ee9eb074d6637d883996e2bae827d8778ec855a85	883783639	2026-04-20T00:36:53Z	Data/Playlist1G/MasterAnaDev_data_AnaTuple_run00019149_Playlist.root
144ba22105fb84da7b96f53b3d88f87350671242cab8d3492212facacfb2396d	106091589	2026-04-20T00:36:55Z	Data/Playlist1G/MasterAnaDev_data_AnaTuple_run00019153_Playlist.root
4cf309afe368ab7fb0982e61b5fdeb0fb27d3e318c34704707fe9332bf337419	166345	2026-04-20T00:36:56Z	Data/Playlist1G/MasterAnaDev_data_AnaTuple_run00019154_Playlist.root
2e9023dba459a9f734c6ff396d70653d8c8afe8c1341ff5ced784cd346ea7f9c	8011204	2026-04-20T00:36:57Z	Data/Playlist1G/MasterAnaDev_data_AnaTuple_run00019155_Playlist.root
6728f2ad78affb7d060adb7229ed5cb4de84fc1402455e37cca70200b27b237d	874382736	2026-04-20T00:37:01Z	Data/Playlist1G/MasterAnaDev_data_AnaTuple_run00019156_Playlist.root
cb620b7c3c797267ae253ed2fd2ef7771fac09629b912b404c13e5903f04604d	1185417783	2026-04-20T00:37:07Z	Data/Playlist1G/MasterAnaDev_data_AnaTuple_run00019157_Playlist.root
43509953e8eba42ba0feed7efc1448fc3ca7b6596ac883fe1ac59681d9b6cab7	281673869	2026-04-20T00:37:09Z	Data/Playlist1G/MasterAnaDev_data_AnaTuple_run00019158_Playlist.root
b014d6a3783bf8440d9687e72f13656e5189993cab06cd6a3960f5bbb26869be	950752906	2026-04-20T00:37:13Z	Data/Playlist1G/MasterAnaDev_data_AnaTuple_run00019162_Playlist.root
406a4ad0196177c523d3c6eb4f24b628e1f71eb80216be0c996e2bf647cbcf1b	966632716	2026-04-20T00:37:19Z	Data/Playlist1G/MasterAnaDev_data_AnaTuple_run00019163_Playlist.root
f4427cca1f8723523681c026f1fb368b725dc811769b3678e876b93282c0b87f	1009830415	2026-04-20T00:37:26Z	Data/Playlist1G/MasterAnaDev_data_AnaTuple_run00019164_Playlist.root
40eca025d95988614678369567f6714f27d2f438d9173f052b64f2ef481186cf	982999977	2026-04-20T00:37:30Z	Data/Playlist1G/MasterAnaDev_data_AnaTuple_run00019165_Playlist.root
4b508dabf3607bcc8986403c0caf59c9fc27e074cb4feb88b0dfa0badee0a106	1002961333	2026-04-20T00:37:36Z	Data/Playlist1G/MasterAnaDev_data_AnaTuple_run00019166_Playlist.root
0d9b8dff4153de554c58eef477310ebe44ac97f8481cc47274cc6de36103cc83	361650936	2026-04-20T00:37:38Z	Data/Playlist1G/MasterAnaDev_data_AnaTuple_run00019167_Playlist.root
2da5c7d0bac89a508f679c3a68bd53e522baaac4b6993e0871408acbe42d6ad8	771359258	2026-04-19T01:06:16Z	Data/Playlist1L/MasterAnaDev_data_AnaTuple_run00019168_Playlist.root
2d9237b5b3bf38c8105dbb73091afd83cf4c391ca26eafd21cf465f09cd52557	166293	2026-04-19T01:06:17Z	Data/Playlist1L/MasterAnaDev_data_AnaTuple_run00019169_Playlist.root
b4e2fc51ba91b35a7f51ed5b89fad05fc9858e450c96118d21e596d61117b026	809257261	2026-04-19T01:06:21Z	Data/Playlist1L/MasterAnaDev_data_AnaTuple_run00019172_Playlist.root
c7037b8672476a920e976964f19a629210892fed3319bc4e773c90aa6a990ff0	895580803	2026-04-19T01:06:39Z	Data/Playlist1L/MasterAnaDev_data_AnaTuple_run00019173_Playlist.root
8234c400673d86204d49c58948df3a6c86b9bafa45b8b04c73707c39004dcce9	951915095	2026-04-19T01:06:45Z	Data/Playlist1L/MasterAnaDev_data_AnaTuple_run00019174_Playlist.root
d41b93ab8d6c5e8790e78e3652c1b20f4515d206155cba4425253d0dcc62c794	965997048	2026-04-19T01:06:51Z	Data/Playlist1L/MasterAnaDev_data_AnaTuple_run00019175_Playlist.root
04cb0ba320e76fa6cc32452ca902bb58c375cbd9c10b43ff83b5c72dcda62055	739452400	2026-04-19T01:06:59Z	Data/Playlist1L/MasterAnaDev_data_AnaTuple_run00019176_Playlist.root
a692d5137688bc6a9dce8429cfe0173219deac8e9454ef5833dd46d2d9ae327d	780366314	2026-04-19T01:07:04Z	Data/Playlist1L/MasterAnaDev_data_AnaTuple_run00019177_Playlist.root
432f8df34d90c013fd88e513954793dbc942eb9aed6b925f8e67bbaed0d6b05d	941522413	2026-04-19T01:07:07Z	Data/Playlist1L/MasterAnaDev_data_AnaTuple_run00019178_Playlist.root
09bcf1200b2769728ec3c312227891dc741c00eafc375bb2f4e52a274010e161	1002132371	2026-04-19T01:07:11Z	Data/Playlist1L/MasterAnaDev_data_AnaTuple_run00019179_Playlist.root
f15ff01166b700fc0eb3b676ef788b3208a61342a7b28389799549e14cafe17d	967245221	2026-04-19T01:07:17Z	Data/Playlist1L/MasterAnaDev_data_AnaTuple_run00019180_Playlist.root
fb9145692a6fc9bbc031490938274a6a0e76a23458fc098612e9971bcd8a0389	989709252	2026-04-19T01:07:21Z	Data/Playlist1L/MasterAnaDev_data_AnaTuple_run00019181_Playlist.root
56ed6b2ac9c41dba8cde92f00ce48a12113421b2c8b2a412bdcd60ca6c6b5492	936607879	2026-04-19T01:07:27Z	Data/Playlist1L/MasterAnaDev_data_AnaTuple_run00019182_Playlist.root
17dd0760739418f59e0ceb78624ca61c4b813f4e15ec0076c6c5975a53b3b63b	925882699	2026-04-19T01:07:30Z	Data/Playlist1L/MasterAnaDev_data_AnaTuple_run00019183_Playlist.root
f6b0bc21a38e05ac43e94b67c2517e9a0b8f5ffebda15b57544456015303fe43	757917453	2026-04-19T01:07:43Z	Data/Playlist1L/MasterAnaDev_data_AnaTuple_run00019184_Playlist.root
8237ae6612b37cf6b205ecb8b8ef6ca30314cd710a12ebfe92846878570557ab	133272504	2026-04-20T01:28:49Z	Data/Playlist1M/MasterAnaDev_data_AnaTuple_run00019186_Playlist.root
e58fffdabc906808be92c93613192d67299350e102b5d380f01731970cd8d52d	731294232	2026-04-20T01:28:52Z	Data/Playlist1M/MasterAnaDev_data_AnaTuple_run00019187_Playlist.root
031469faac30d9d6b0300503118f7e67e035463b4e7fc07a9245fbdc68e92862	589751160	2026-04-20T01:28:55Z	Data/Playlist1M/MasterAnaDev_data_AnaTuple_run00019188_Playlist.root
0467b3233a9e2cd6615ea3e48c9e16cc988babf8c96d9d1bb9acd52a52702dda	740529781	2026-04-20T01:28:59Z	Data/Playlist1M/MasterAnaDev_data_AnaTuple_run00019189_Playlist.root
368f45a18d3c5fc2d5b369da2f4c51bcfb6103992916e2e11026473a43ffb075	386623094	2026-04-20T01:29:01Z	Data/Playlist1M/MasterAnaDev_data_AnaTuple_run00019190_Playlist.root
f7d1e70c22eaa4eed57acab19b1e0f0ab333b74e9e92c8c9ad35bd82c4e9204a	537098336	2026-04-20T01:29:04Z	Data/Playlist1M/MasterAnaDev_data_AnaTuple_run00019191_Playlist.root
2c3335d65962ea90b217036251b01410d207ba204e739add6cf910752e35f04a	621614565	2026-04-20T01:29:18Z	Data/Playlist1M/MasterAnaDev_data_AnaTuple_run00019192_Playlist.root
99e3ecfd21cd7c8fffe696c4c5c765e434383f751ec44d9facc1797cbc7e32a1	1040162042	2026-04-20T01:29:23Z	Data/Playlist1M/MasterAnaDev_data_AnaTuple_run00019193_Playlist.root
d487664958cecee67de8b229be57c99c63240a19c68de42871177f62c924c567	1029875394	2026-04-20T01:29:30Z	Data/Playlist1M/MasterAnaDev_data_AnaTuple_run00019194_Playlist.root
12369b5cc855bcd5847bfac5ee5fd2db58ecbd71e61f2c7492357550ffffd9ba	166345	2026-04-20T01:29:31Z	Data/Playlist1M/MasterAnaDev_data_AnaTuple_run00019208_Playlist.root
7bbe86be78704de0fc10f2139a2642be236de152873610762e2a007331ca4f9a	166345	2026-04-20T01:29:32Z	Data/Playlist1M/MasterAnaDev_data_AnaTuple_run00019209_Playlist.root
919177dc42b0b82f1933e4f84a6279d838a163767a225cf41625eb0b7966c2ef	166345	2026-04-20T01:29:32Z	Data/Playlist1M/MasterAnaDev_data_AnaTuple_run00019210_Playlist.root
b547d427426238fd46d1cf89441acc5b25795e905c7668fc7a82e87534e70965	670811392	2026-04-20T01:29:36Z	Data/Playlist1M/MasterAnaDev_data_AnaTuple_run00019211_Playlist.root
e0591b5b4d2149cfb9fd257a550f9dcb00a8ffdcebebd8ef9a8586fff3aa8ec4	22952267	2026-04-20T01:29:38Z	Data/Playlist1M/MasterAnaDev_data_AnaTuple_run00019212_Playlist.root
a81243eab3b44bf8bbd3d4598766d8013fcdc9663c5136af4fb44db8133dacd2	166345	2026-04-20T01:29:39Z	Data/Playlist1M/MasterAnaDev_data_AnaTuple_run00019213_Playlist.root
df5c5f88ec0d943c60a42e297276e74e82b8dec53c65d4d324d98e087ec87594	890946287	2026-04-20T01:29:43Z	Data/Playlist1M/MasterAnaDev_data_AnaTuple_run00019214_Playlist.root
4734633f3371bea67796e8129d7d589930c9de291f2fcb850ed652882df598ca	561298681	2026-04-20T01:29:45Z	Data/Playlist1M/MasterAnaDev_data_AnaTuple_run00019215_Playlist.root
312aa469764b6bdbd8e2eac0b10b0e49beadacbb8cae18ac04527817de54f3bc	379305617	2026-04-20T01:29:48Z	Data/Playlist1M/MasterAnaDev_data_AnaTuple_run00019216_Playlist.root
f4769a6ba78a72b3790a6ba7c9d66594af1bc10b6f5e4a1d0ef9704d44c6dd72	1033843103	2026-04-20T01:29:56Z	Data/Playlist1M/MasterAnaDev_data_AnaTuple_run00019217_Playlist.root
f37a39c1f429ec1bca55e6bf8aa43494d8f53ab8b7e0c3ff064ec186c0edb5d1	976999252	2026-04-20T01:30:02Z	Data/Playlist1M/MasterAnaDev_data_AnaTuple_run00019218_Playlist.root
4d786b1c31628d953a06348564f3b67b7cfc0717f7ca71c4e974fc7ba296da4d	979252199	2026-04-20T01:30:08Z	Data/Playlist1M/MasterAnaDev_data_AnaTuple_run00019219_Playlist.root
f05871bc08f80bf26f75e3f018a14652139fee0ac30c3d92f03c7c4174ba09f0	762091964	2026-04-20T01:30:11Z	Data/Playlist1M/MasterAnaDev_data_AnaTuple_run00019220_Playlist.root
7665749ebbba772c675efaa5b55257dfe43c979418e0cc76e21699165f23d9cc	260581383	2026-04-20T01:30:14Z	Data/Playlist1M/MasterAnaDev_data_AnaTuple_run00019221_Playlist.root
ef7f3063a732304eab7710b090f2e2d7bf02edd92203591eb7298094c2dee982	634872462	2026-04-20T01:30:20Z	Data/Playlist1M/MasterAnaDev_data_AnaTuple_run00019223_Playlist.root
23f22e811bde352b844e9044cd2331b0e71bd5e20f99144a332a4a277737a655	978466673	2026-04-20T01:30:25Z	Data/Playlist1M/MasterAnaDev_data_AnaTuple_run00019224_Playlist.root
46b7bc741dad3108446be70fd7a8d0e32d17f9a8d5c6bec7ec07d4f3d3675136	1043263632	2026-04-20T01:30:30Z	Data/Playlist1M/MasterAnaDev_data_AnaTuple_run00019225_Playlist.root
e27216c70fc4ccbeecad97acd904faad7a021b75455ac7fa8cc4ca7cef7d4712	1040435453	2026-04-20T01:30:34Z	Data/Playlist1M/MasterAnaDev_data_AnaTuple_run00019226_Playlist.root
e22ca55458916f99ec2ff01f9da89d5e17932d7317cc8c32d0088db3cef36475	1062648903	2026-04-20T01:30:40Z	Data/Playlist1M/MasterAnaDev_data_AnaTuple_run00019227_Playlist.root
0d0ea6b56bc0b17b0da6c405673bec062f8162fd4323de5bf195da4a44384077	1015382495	2026-04-20T01:30:44Z	Data/Playlist1M/MasterAnaDev_data_AnaTuple_run00019228_Playlist.root
4be521f4bd9be9e603d4837d92227b72802462cce71b5ecc7c1608f4df6f6f43	1026840599	2026-04-20T01:30:57Z	Data/Playlist1M/MasterAnaDev_data_AnaTuple_run00019229_Playlist.root
e98c9058d743d7a2db72e20678c6d60100e56e4e7ffe16698f57c84dc967d097	774637450	2026-04-20T01:31:00Z	Data/Playlist1M/MasterAnaDev_data_AnaTuple_run00019230_Playlist.root
7423131df427e891684dd1ad906d7651e76f23a9ce8de926aa260d5b7d11f656	2045534	2026-04-20T01:31:01Z	Data/Playlist1M/MasterAnaDev_data_AnaTuple_run00019231_Playlist.root
0db9ef11fccff57a67ab649547234e361ff6ced0897aeb09900e73a0f32883ee	980444523	2026-04-20T01:31:06Z	Data/Playlist1M/MasterAnaDev_data_AnaTuple_run00019233_Playlist.root
2a19f8453d5e0c6bebde0049805a331cc2f7dc3c16d2b7232fa198eb3176beb1	1044765168	2026-04-20T01:31:11Z	Data/Playlist1M/MasterAnaDev_data_AnaTuple_run00019234_Playlist.root
2f59b37bfdc3442c00f05f1118bd5fb3ab0f794eca8070621223c2731e213565	989003176	2026-04-20T01:31:16Z	Data/Playlist1M/MasterAnaDev_data_AnaTuple_run00019235_Playlist.root
dfb3838f27b5f608c23595ea10a1e43b751f55c4ea427d7d320c4c776881a423	958796056	2026-04-20T01:31:22Z	Data/Playlist1M/MasterAnaDev_data_AnaTuple_run00019236_Playlist.root
3dda149d787a73a6d4e5865fb4cb0bbbd27cf65ed28b3de08c9aca33c0c33ff4	788306149	2026-04-20T01:31:26Z	Data/Playlist1M/MasterAnaDev_data_AnaTuple_run00019237_Playlist.root
9fcab0c1e62092e9982692b4c157ed3d3898a1d7a05a848dabc9a09b4945f119	166345	2026-04-20T01:31:27Z	Data/Playlist1M/MasterAnaDev_data_AnaTuple_run00019242_Playlist.root
9620546cb00b9f680bdd7f9d703ff454cae201bfa343885c1cd0af2e7ec9c897	899348113	2026-04-20T01:31:31Z	Data/Playlist1M/MasterAnaDev_data_AnaTuple_run00019243_Playlist.root
f017d744372211abd719cf90f41398945761e355e571c41b70128377c2dfcd1b	96341014	2026-04-20T01:31:33Z	Data/Playlist1M/MasterAnaDev_data_AnaTuple_run00019244_Playlist.root
2e750ee03818220bd8eb3302ea5f4c7782d75f7a84a8d057e560f033b9688085	1033231212	2026-04-20T01:31:37Z	Data/Playlist1M/MasterAnaDev_data_AnaTuple_run00019245_Playlist.root
06ed20406b60406c4346eb65f97277c3d5e44dce24b650235ad8f75bd1b9603c	1025516964	2026-04-20T01:31:42Z	Data/Playlist1M/MasterAnaDev_data_AnaTuple_run00019246_Playlist.root
3cc981067d4e0060268bc2cc5576745d6ee4967df6ff8921a58cb79df74bd62f	1049070340	2026-04-20T01:31:52Z	Data/Playlist1M/MasterAnaDev_data_AnaTuple_run00019247_Playlist.root
d2872f47967f1071ede1bfd675320257520255e145de8b5e04c5e0b91e5b02bf	1033964217	2026-04-20T01:32:00Z	Data/Playlist1M/MasterAnaDev_data_AnaTuple_run00019248_Playlist.root
3b74e3e6569d7ce547819e1f95f424931e3aab43016ef23d2abfd18917bcc988	1056755331	2026-04-20T01:32:05Z	Data/Playlist1M/MasterAnaDev_data_AnaTuple_run00019249_Playlist.root
ab144d1bdf28a70a482eed1016825e8aab347f50f5996d9f604217ae1a57f234	955646156	2026-04-20T01:32:11Z	Data/Playlist1M/MasterAnaDev_data_AnaTuple_run00019250_Playlist.root
93976d4cb3d1e3d3a0bbeb18e6e9900f353318048ee60697be8593b73ab234b3	100254011	2026-04-20T01:32:13Z	Data/Playlist1M/MasterAnaDev_data_AnaTuple_run00019251_Playlist.root
3fc2f8dfffd190688b19af35e0d735204179025f5490e1184e25bcc147b5ade0	336915429	2026-04-20T01:32:15Z	Data/Playlist1M/MasterAnaDev_data_AnaTuple_run00019252_Playlist.root
3b564371e3150d5a3bb5869e40d70aaa33d4ec8094654f21255b7ba50771a30c	5145722	2026-04-20T01:32:16Z	Data/Playlist1M/MasterAnaDev_data_AnaTuple_run00019253_Playlist.root
508d93d620aa741fb8afe988bb978941c0d8d3d99a283a7a79c23e8e506fa339	572076639	2026-04-20T01:32:20Z	Data/Playlist1M/MasterAnaDev_data_AnaTuple_run00019254_Playlist.root
064969a71b57a08a4f3b22073de361c2212c6e2bc4fb6946f6ca47d6aae3d241	90527032	2026-04-20T01:32:21Z	Data/Playlist1M/MasterAnaDev_data_AnaTuple_run00019256_Playlist.root
7381612be1fd3ce5ab77028ca2cf3b732a4df7452e5b7446a13875a0fe7c14e8	918758260	2026-04-20T01:32:30Z	Data/Playlist1M/MasterAnaDev_data_AnaTuple_run00019257_Playlist.root
9d369fde692136ac22a42ac030796ba056342dafb9efac50371a9d48d57d6491	987838577	2026-04-20T01:32:34Z	Data/Playlist1M/MasterAnaDev_data_AnaTuple_run00019258_Playlist.root
3b88791a3b6b2a1749233888f7e7db561b97ab1aa1519d510341d08063056382	1019560288	2026-04-20T01:32:39Z	Data/Playlist1M/MasterAnaDev_data_AnaTuple_run00019259_Playlist.root
563a3d1595907f92aa9aadb4b39d16e98edbd83eaf6d19760d97f25139743705	649599544	2026-04-20T01:32:44Z	Data/Playlist1M/MasterAnaDev_data_AnaTuple_run00019260_Playlist.root
162af5eb779c6a626df412fbca07e26904b8fdf848b1d439747ff2e5a5abb5a5	39453629	2026-04-20T01:32:45Z	Data/Playlist1M/MasterAnaDev_data_AnaTuple_run00019261_Playlist.root
bc46f4b4020a2bdad07a87d394b1d7c8ca6c622f2cc8425f1e0b11417ee0f83c	95345989	2026-04-20T01:32:46Z	Data/Playlist1M/MasterAnaDev_data_AnaTuple_run00019263_Playlist.root
8466ec1f913343589a89bc7aea9fc236669091a5efba300e5815887d53b958a6	70642145	2026-04-20T01:32:48Z	Data/Playlist1M/MasterAnaDev_data_AnaTuple_run00019264_Playlist.root
1eb88f6a989de3c1781921c9ac5e66cee892b66f541ae4f959d0a5eadc02512e	166333	2026-04-20T01:32:49Z	Data/Playlist1M/MasterAnaDev_data_AnaTuple_run00019265_Playlist.root
2b26dc64f1235d0d2b68e1067d0da3ea1375c9f453bc8638ebfbc2718722cf33	13161586	2026-04-20T01:32:50Z	Data/Playlist1M/MasterAnaDev_data_AnaTuple_run00019266_Playlist.root
ada93c48bdcc42207d70380f320c67787d2eb264e467326c4d5dc97312780beb	824571445	2026-04-20T01:32:54Z	Data/Playlist1M/MasterAnaDev_data_AnaTuple_run00019268_Playlist.root
91be6f773f179ea6294d00afb64ce6f5179b39713921c3513937403adf1de091	408677045	2026-04-20T01:32:56Z	Data/Playlist1M/MasterAnaDev_data_AnaTuple_run00019269_Playlist.root
13dabb75798a0c093008486d7dba6f13c3b0bedc1f4ef05bb778047731c2d177	29914112	2026-04-20T01:32:58Z	Data/Playlist1M/MasterAnaDev_data_AnaTuple_run00019270_Playlist.root
7bc2631c5e07c3295017f3cce40580394d2089efb7282180ff9a9f5b9500258f	106808506	2026-04-20T01:33:00Z	Data/Playlist1M/MasterAnaDev_data_AnaTuple_run00019271_Playlist.root
9dc17eb35a972da5e5205fba1b935ac336202fa2ee0aa918b02fc4c4242e43f5	9467895	2026-04-20T01:33:01Z	Data/Playlist1M/MasterAnaDev_data_AnaTuple_run00019272_Playlist.root
4fd44832cc239933febbedb56469cd76539bcc76be3b0cfe71d30811509478a9	3639556	2026-04-20T01:33:02Z	Data/Playlist1M/MasterAnaDev_data_AnaTuple_run00019273_Playlist.root
9b9418f2bddef634c61f0522b66d56d3bf5ca7184dfd2072a262d7691f32e666	4569685	2026-04-20T01:33:03Z	Data/Playlist1M/MasterAnaDev_data_AnaTuple_run00019274_Playlist.root
d6383636abf2e1768f7542c2c29e534cfdb5a3653caa64abdec30c4835de080f	120994350	2026-04-20T01:33:05Z	Data/Playlist1M/MasterAnaDev_data_AnaTuple_run00019275_Playlist.root
4b4232f5d51b4df03af87c8095bc56fc7d27ae5f1059b219db668cc538a4472f	44613045	2026-04-20T01:33:07Z	Data/Playlist1M/MasterAnaDev_data_AnaTuple_run00019282_Playlist.root
e98c9c6f4166605f3b64bbe8b1e4b7d204a52b3ef426881520b0c2171f4ccca7	93793033	2026-04-20T01:33:11Z	Data/Playlist1M/MasterAnaDev_data_AnaTuple_run00019283_Playlist.root
2a07519d90840d9e450dbfdcafd9633cf8d7401ad48d64e117d926599961e90e	714646245	2026-04-20T01:33:14Z	Data/Playlist1M/MasterAnaDev_data_AnaTuple_run00019284_Playlist.root
b491dbfdc640181f60dd9ebe6988f12d7aef32036076b0e9a7d14117d4c3bc21	1030595014	2026-04-20T01:33:19Z	Data/Playlist1M/MasterAnaDev_data_AnaTuple_run00019285_Playlist.root
5fc7d010f7fff408bf9a8ce4deb832202cbd4107093badb71765dc331e40bb01	1638847259	2026-04-20T01:33:25Z	Data/Playlist1M/MasterAnaDev_data_AnaTuple_run00019286_Playlist.root
69c22a8b4f37aa1fb86e5838a2e75b288fb10291f385fc51524820f1b9c718e2	1046874518	2026-04-20T01:33:34Z	Data/Playlist1M/MasterAnaDev_data_AnaTuple_run00019287_Playlist.root
48f996051b83b04b9c6d82be8be15421729f934211f5accc24e8c5d3dbcbebc8	1037156242	2026-04-20T01:33:38Z	Data/Playlist1M/MasterAnaDev_data_AnaTuple_run00019288_Playlist.root
c06987defe5bbe9a2c017dfe515b09c3bbd8ac9356b7844e919768257602036f	12222286	2026-04-20T01:33:41Z	Data/Playlist1M/MasterAnaDev_data_AnaTuple_run00019289_Playlist.root
7e13d0c3f4cbfee5ff1eae8f28aa4337768cbe0316ba70ca7f534eb88e4bede5	11413379	2026-04-20T01:33:42Z	Data/Playlist1M/MasterAnaDev_data_AnaTuple_run00019294_Playlist.root
e14315c99285cc3992b2191f0329bea820ade7003c0c3994ad769091a5d2e846	187600405	2026-04-20T01:33:44Z	Data/Playlist1M/MasterAnaDev_data_AnaTuple_run00019295_Playlist.root
f46820cdb222f580222646f9934ce12971ca2938568981a001a9716d43317144	275000769	2026-04-20T01:33:46Z	Data/Playlist1M/MasterAnaDev_data_AnaTuple_run00019297_Playlist.root
4ffd84e1781acc76b92d6bb8f281e407a4dfe178bff6a8243dfeabf97cf55481	166345	2026-04-20T01:33:47Z	Data/Playlist1M/MasterAnaDev_data_AnaTuple_run00019298_Playlist.root
d5c0dfe8f86a09458576d0086c918cfb2514789d92476c67d2780fd7a3f60473	1003578978	2026-04-20T01:33:51Z	Data/Playlist1M/MasterAnaDev_data_AnaTuple_run00019299_Playlist.root
8283eefee897e4304f6812c68ab50137034388b074a0cfedf3f5535d1d30df1a	1009623155	2026-04-20T01:33:57Z	Data/Playlist1M/MasterAnaDev_data_AnaTuple_run00019300_Playlist.root
069f8d152eebb98e2ff280bebd4c0171212c558dc0159993cb8771c3f7e46c44	964961143	2026-04-20T01:34:04Z	Data/Playlist1M/MasterAnaDev_data_AnaTuple_run00019301_Playlist.root
4aa419ade2187e3df664f008705543b7d6d13cb7b6beee8a876c8e8eb737319a	71186277	2026-04-20T01:34:06Z	Data/Playlist1M/MasterAnaDev_data_AnaTuple_run00019302_Playlist.root
132eb8dc8b2002f884a16a1773b2ae7fae3ab0d9d57fe88f3556764b6a23ee5e	801796612	2026-04-20T01:34:13Z	Data/Playlist1M/MasterAnaDev_data_AnaTuple_run00019306_Playlist.root
5523aee0f6e8d8d5d9cc7682bff958e321907b6d433258c8e1a487659876d93e	983401918	2026-04-20T01:34:20Z	Data/Playlist1M/MasterAnaDev_data_AnaTuple_run00019307_Playlist.root
9f54a6969968787c606211a4e22cfa355250c24a282a2e00ef83d77863e9dd39	1032047940	2026-04-20T01:34:25Z	Data/Playlist1M/MasterAnaDev_data_AnaTuple_run00019308_Playlist.root
d67db2bb715782996844df8d652ee0676e196d13d3f7810f6039ea943b708d9a	966953721	2026-04-20T01:34:31Z	Data/Playlist1M/MasterAnaDev_data_AnaTuple_run00019309_Playlist.root
7ddbd48b40d0135c80cadb85fc4be93b2915896c7f7d76530485a4193c5b9811	987839977	2026-04-20T01:34:35Z	Data/Playlist1M/MasterAnaDev_data_AnaTuple_run00019310_Playlist.root
08dd5da9fc6b1859d70a4bc616a33b41edd285be0b7985487d5c90ac18c66706	1002915413	2026-04-20T01:34:42Z	Data/Playlist1M/MasterAnaDev_data_AnaTuple_run00019311_Playlist.root
bf754d37648d059f7b940f03156064f842ac0129b148c825ff6d2caae5f7309f	1038333071	2026-04-20T01:34:47Z	Data/Playlist1M/MasterAnaDev_data_AnaTuple_run00019312_Playlist.root
b5301eb676592f02ea33b45577930a78d01a9b371df8b78d9159d301ed125044	1043230380	2026-04-20T01:34:52Z	Data/Playlist1M/MasterAnaDev_data_AnaTuple_run00019313_Playlist.root
9dc825cfc2f1b59ac029d0e57c4f79da92fa0f6ad2e5b054c2fb6f2cb8813d57	1015929296	2026-04-20T01:34:58Z	Data/Playlist1M/MasterAnaDev_data_AnaTuple_run00019314_Playlist.root
3d820b1730de4697af2f44bbd8464e5526dfeb1b8a39a57dd1af89993916a7d2	984565935	2026-04-20T01:35:03Z	Data/Playlist1M/MasterAnaDev_data_AnaTuple_run00019315_Playlist.root
4704fe8299b75837256be3c87a240a6b21b64db310707a8a7bece75f842bbe5c	1041586566	2026-04-20T01:35:07Z	Data/Playlist1M/MasterAnaDev_data_AnaTuple_run00019316_Playlist.root
c666862e6b10b160108549de70c5403aaef6b3e0f6165424835e0cdad8885595	5772757	2026-04-20T01:35:09Z	Data/Playlist1M/MasterAnaDev_data_AnaTuple_run00019317_Playlist.root
d7637308b5359bdde4d65cccaab4919bea51c11f32e9c87ca9e22c351e96cec2	1026610086	2026-04-20T01:35:13Z	Data/Playlist1M/MasterAnaDev_data_AnaTuple_run00019318_Playlist.root
23e716508c2f899cc6e195be5838d6551c5707d9e7899eaf42b823b53779e17d	884516107	2026-04-20T01:35:22Z	Data/Playlist1M/MasterAnaDev_data_AnaTuple_run00019319_Playlist.root
58d0901553748cb8597bbc383677b4bae333d5a4d5425658ef5776184ae93949	43933777	2026-04-20T01:35:23Z	Data/Playlist1M/MasterAnaDev_data_AnaTuple_run00019322_Playlist.root
1a4be875791b58f4232ebb130537345b6ec9fbc33cf74317f138834e5bc50bdc	9094106	2026-04-20T01:35:25Z	Data/Playlist1M/MasterAnaDev_data_AnaTuple_run00019323_Playlist.root
63c7ec6722437dc295c45745e3521958c31e1f2a5a1af0f51a59108841ccec19	970804847	2026-04-20T01:35:29Z	Data/Playlist1M/MasterAnaDev_data_AnaTuple_run00019325_Playlist.root
3b12dc4d5e1adbf9173f42112f5c2c0e813196ae7c9f85482e5b610cd652302a	908466962	2026-04-20T01:35:35Z	Data/Playlist1M/MasterAnaDev_data_AnaTuple_run00019326_Playlist.root
1e39cb4aea0554020b4768dafa561a46db0600c5b9fb2a9f69ffc0d92cc90d55	985682378	2026-04-20T01:35:39Z	Data/Playlist1M/MasterAnaDev_data_AnaTuple_run00019327_Playlist.root
0a2527a9cc4031c53a13e8431673867bc0728e6571bba22817803ab6cbc3ab0f	984603733	2026-04-20T01:35:50Z	Data/Playlist1M/MasterAnaDev_data_AnaTuple_run00019328_Playlist.root
7405a67f96ba00106f909f5cbcaac0f2bfda62500534882442e4a0eab5929b92	997064404	2026-04-20T01:35:55Z	Data/Playlist1M/MasterAnaDev_data_AnaTuple_run00019329_Playlist.root
41057e3ae3dbbcb4d7a0035912dd93530820b4b4483c25db0d747e662bdfad4a	992919211	2026-04-20T01:36:00Z	Data/Playlist1M/MasterAnaDev_data_AnaTuple_run00019330_Playlist.root
bccf7cb6c3aec24d45f0205f877f32020891b09e6f1b1b091b5e7a40d352ac46	692648546	2026-04-20T01:36:04Z	Data/Playlist1M/MasterAnaDev_data_AnaTuple_run00019331_Playlist.root
b8a98c82aeaa7f2ff90983ad20a934f9db6e64da5c33e3e8d88c4eefa13ce5c1	420061360	2026-04-20T01:36:07Z	Data/Playlist1M/MasterAnaDev_data_AnaTuple_run00019332_Playlist.root
d5bfc3a02b375d1b5821a6b70a58caf4982b421811020fed64d19c92fb0843d1	166333	2026-04-20T01:36:07Z	Data/Playlist1M/MasterAnaDev_data_AnaTuple_run00019333_Playlist.root
bcf4f11dd9cdc541b9b4a6b5bfe7ece18075fec4ad3a46c6b1513df4ccc6f279	166333	2026-04-20T01:36:08Z	Data/Playlist1M/MasterAnaDev_data_AnaTuple_run00019334_Playlist.root
41e110a970807a64e9b75caefea7b58011294b4e9bd3492cf6cb4681a9f84f8e	166333	2026-04-20T01:36:09Z	Data/Playlist1M/MasterAnaDev_data_AnaTuple_run00019335_Playlist.root
94aa885bcc690a50a28034f824d01104588f59e3f44463127dc1ce4dc9bb2f9a	166333	2026-04-20T01:36:10Z	Data/Playlist1M/MasterAnaDev_data_AnaTuple_run00019336_Playlist.root
918d7cfb3e78cf8bfd50e70aaf0a8ed6174cd7b95d8f2ba4f83c38e8bef50bb5	166333	2026-04-20T01:36:11Z	Data/Playlist1M/MasterAnaDev_data_AnaTuple_run00019337_Playlist.root
f4444622752a16d2abc330c6121a0486ccd87d285d1706e9cbe248d38cf82cd1	548461430	2026-04-20T01:36:15Z	Data/Playlist1M/MasterAnaDev_data_AnaTuple_run00019338_Playlist.root
c32c163d732c230096072d14ead06029cfe61922f0b578a1f61328fadc12f344	1024402019	2026-04-20T01:36:19Z	Data/Playlist1M/MasterAnaDev_data_AnaTuple_run00019339_Playlist.root
691e7f54fab8a738bc53eb0fb039fe45fef0b3dfc3408c423fe73c838912ec89	1034099234	2026-04-20T01:36:24Z	Data/Playlist1M/MasterAnaDev_data_AnaTuple_run00019340_Playlist.root
2ad4bcc7fcad1a86a04109981a4d9a59120162d1c74ede9313b0bced144695cd	1010041099	2026-04-20T01:36:29Z	Data/Playlist1M/MasterAnaDev_data_AnaTuple_run00019341_Playlist.root
c6534d0902030db041d760b7c770fad1828cab9fbac5dc68c68bce614aada837	986124621	2026-04-20T01:36:34Z	Data/Playlist1M/MasterAnaDev_data_AnaTuple_run00019342_Playlist.root
528f3e724dbb6cb21b6af7e4281e4bb0e2575150917e36e9e122abdda70ca6d2	904557283	2026-04-20T01:59:05Z	Data/Playlist1M/MasterAnaDev_data_AnaTuple_run00019343_Playlist.root
a50dae7f0c76bd2bf01817cea1865dba0f36fa2335fa26ae4d64582a53ed24fc	948663229	2026-04-20T01:59:08Z	Data/Playlist1M/MasterAnaDev_data_AnaTuple_run00019344_Playlist.root
ee1775ef9705c7821d1211733cb365792f65589eb7481211afe204e1ab016926	907962027	2026-04-20T01:59:11Z	Data/Playlist1M/MasterAnaDev_data_AnaTuple_run00019345_Playlist.root
f7106839a689b9a9ec42f3703787068e08b2f27c157f66d2d67eadf91b95513f	1028980367	2026-04-20T01:59:20Z	Data/Playlist1M/MasterAnaDev_data_AnaTuple_run00019346_Playlist.root
b3e5f03570039bd8e6cb180c96159ded2fbb0ed3a18b51ba90365a5c7e7d4d6b	1048566846	2026-04-20T01:59:24Z	Data/Playlist1M/MasterAnaDev_data_AnaTuple_run00019347_Playlist.root
e8bc14d8c87f478f468a1566127ca7ee13d1ad1e4a75841c22e65c06afcf1d53	1027019275	2026-04-20T01:59:30Z	Data/Playlist1M/MasterAnaDev_data_AnaTuple_run00019348_Playlist.root
f8a50431b663d58f0ad16280f03c2f24512c12895bc35f130614e9a0b42ee426	880518397	2026-04-20T01:59:33Z	Data/Playlist1M/MasterAnaDev_data_AnaTuple_run00019349_Playlist.root
3fcaddd680d34db463da9c48d59924854f011aa392a1ba0a6c0a47f2203c40b2	1041387366	2026-04-20T01:59:39Z	Data/Playlist1M/MasterAnaDev_data_AnaTuple_run00019350_Playlist.root
472703559355ba2629e444eed1331296175847aedcd6a6242a73b128efc2183a	1002945591	2026-04-20T01:59:43Z	Data/Playlist1M/MasterAnaDev_data_AnaTuple_run00019351_Playlist.root
54fd09f87c28b0c999caf6c54a16384067c054c1af677dc688586aed2afc0d51	995764688	2026-04-20T01:59:47Z	Data/Playlist1M/MasterAnaDev_data_AnaTuple_run00019352_Playlist.root
109fe093952c354d2d42b551b8bb25f7cf63b348eaa9d183edc7edb4ea75f890	1023655514	2026-04-20T01:59:52Z	Data/Playlist1M/MasterAnaDev_data_AnaTuple_run00019353_Playlist.root
f6a4997607839e87649c7a4563666846e62a0f3a66758554d38b7d940a9fca23	992146339	2026-04-20T01:59:58Z	Data/Playlist1M/MasterAnaDev_data_AnaTuple_run00019354_Playlist.root
423f548c493ee8019de5ee8657617477d3ee7181990c888e047327c87fe0e89b	865666129	2026-04-20T02:00:03Z	Data/Playlist1M/MasterAnaDev_data_AnaTuple_run00019355_Playlist.root
f8016dd8df54dc4bfbc8e56b559de915658c743cfe6e5eeda1be9ae76431ae3b	984043870	2026-04-20T02:00:11Z	Data/Playlist1M/MasterAnaDev_data_AnaTuple_run00019356_Playlist.root
c4a133c1c9845e8a5d0d0ee635298781db5cafc0dd345f4ed2bd423d47f31af1	968388387	2026-04-20T02:00:17Z	Data/Playlist1M/MasterAnaDev_data_AnaTuple_run00019357_Playlist.root
5c0ce293aa45c1d5992e4f55cb676ff556231e28c17c4ad22cc5d556310a003a	505814137	2026-04-20T02:00:20Z	Data/Playlist1M/MasterAnaDev_data_AnaTuple_run00019358_Playlist.root
9a9877b4e2ce454908ff323f22cb3394d14c372a6e26c134a84006e15354aeb5	666980901	2026-04-20T02:00:23Z	Data/Playlist1M/MasterAnaDev_data_AnaTuple_run00019359_Playlist.root
afc740d2f6581212344c4ccd29ad5cf94ee2c2ac55e51b6580952858686cb5af	680184563	2026-04-20T02:00:28Z	Data/Playlist1M/MasterAnaDev_data_AnaTuple_run00019360_Playlist.root
0fa6f1a6a7454637e4d987f756b231748b0d17c4a6bce1782006dd722c3ff8bb	697819982	2026-04-20T02:00:35Z	Data/Playlist1M/MasterAnaDev_data_AnaTuple_run00019361_Playlist.root
ec5bf90c9f72b56fbb6107107c90cc8a6ed8989ef8e0d358498a6dda56350a0a	728219825	2026-04-20T02:00:40Z	Data/Playlist1M/MasterAnaDev_data_AnaTuple_run00019362_Playlist.root
8849a45ef89bdf888e9605d79fae578e501d7abf11a7f6d2af38cb5ad2caab7a	754508961	2026-04-20T02:19:39Z	Data/Playlist1M/MasterAnaDev_data_AnaTuple_run00019363_Playlist.root
dc553ce1b8b6d49d49077d635d7853585f5cd2966cabad78eb5fbc449e01453f	774703479	2026-04-20T02:19:42Z	Data/Playlist1M/MasterAnaDev_data_AnaTuple_run00019364_Playlist.root
db8fb7f6be5261a1255891af2cbdda5c6497e8d51bd766052fbd26ab001f9e64	768579212	2026-04-20T02:19:46Z	Data/Playlist1M/MasterAnaDev_data_AnaTuple_run00019365_Playlist.root
30aa81fe16654f1a1842a44b566121a14c114c06f348398ac6ffabd66659294d	762781925	2026-04-20T02:19:49Z	Data/Playlist1M/MasterAnaDev_data_AnaTuple_run00019366_Playlist.root
21cdeaa76305cc045dc38bbd163bf51053e836aea511c0910b6ba31ef29d452c	753971758	2026-04-20T02:38:49Z	Data/Playlist1M/MasterAnaDev_data_AnaTuple_run00019367_Playlist.root
5e5b6ce61ab96638f14b36ace0cdd7a34b3f6225556cfe827564e50d1c585748	781971216	2026-04-20T02:38:52Z	Data/Playlist1M/MasterAnaDev_data_AnaTuple_run00019368_Playlist.root
900fb410bf92427ec503f9c3d1a7cb1722aac79a4226dc773c1ca80909889cf9	768419723	2026-04-20T02:38:55Z	Data/Playlist1M/MasterAnaDev_data_AnaTuple_run00019369_Playlist.root
4c479a72e2d6cd9d1b96b6b7dfc27679acc10db7e041fb824b9e67ad582f5f89	771387760	2026-04-20T02:38:58Z	Data/Playlist1M/MasterAnaDev_data_AnaTuple_run00019370_Playlist.root
abd2c8a220cb5112fdf80b791f55907d92cd0346f46d2be3316a4fc3ecce4c59	769466379	2026-04-20T02:39:03Z	Data/Playlist1M/MasterAnaDev_data_AnaTuple_run00019371_Playlist.root
54b5e04e8dcf62dbe1c496da75cfc64017a4b3520bf38c83aa81cd3928d5ee20	745211738	2026-04-20T02:39:10Z	Data/Playlist1M/MasterAnaDev_data_AnaTuple_run00019372_Playlist.root
cd6b5cc2ca94eab95b2e4033ae88cd6f970b039a186a2409a65bb41626bc7a3c	791850871	2026-04-20T02:39:14Z	Data/Playlist1M/MasterAnaDev_data_AnaTuple_run00019373_Playlist.root
bdd6be3df96406d7545c81f43473db498a08824c016d298e979178e84d7b3526	775296148	2026-04-20T02:39:19Z	Data/Playlist1M/MasterAnaDev_data_AnaTuple_run00019374_Playlist.root
6ceb68d3fe60737d87852b1bcec78f35493f334b3fe56b5db57719455f53caf2	794095363	2026-04-20T02:39:23Z	Data/Playlist1M/MasterAnaDev_data_AnaTuple_run00019375_Playlist.root
af441f8c1046a50bf83676b91c0f7550af84f5c40f7f53dbda10eaed249ce2f6	625494848	2026-04-20T02:39:34Z	Data/Playlist1M/MasterAnaDev_data_AnaTuple_run00019376_Playlist.root
a29a2022aa71479d601fde75c217da37eb842ffd5326f49050bf879199de59dd	241697391	2026-04-20T02:39:36Z	Data/Playlist1M/MasterAnaDev_data_AnaTuple_run00019377_Playlist.root
2d5706436c24dfaf4b64447d7fc746e8d33a046007fc04fa8d38dbcae03e3331	785902711	2026-04-20T02:39:40Z	Data/Playlist1M/MasterAnaDev_data_AnaTuple_run00019378_Playlist.root
d9e3f1031264b903d3f5d43fab9600b9f9c98bd54894fc5d4b1b6bfc64546f09	761874675	2026-04-20T02:39:45Z	Data/Playlist1M/MasterAnaDev_data_AnaTuple_run00019379_Playlist.root
86c53b19f897a2ddc906a07c20fce42d70d7b80fb283652e28cf79aa3a844aa7	714269348	2026-04-20T02:39:48Z	Data/Playlist1M/MasterAnaDev_data_AnaTuple_run00019380_Playlist.root
5ec67a96ed0d42c5bc2e8e3a9aac21b5c69b8930f0490ce284c267e4d97d0049	692576950	2026-04-20T02:39:59Z	Data/Playlist1M/MasterAnaDev_data_AnaTuple_run00019381_Playlist.root
d73bfff8986b5efcf6cf8c46ab2f63c6720162e9620b27e310ecb440044421ce	763358888	2026-04-20T02:40:03Z	Data/Playlist1M/MasterAnaDev_data_AnaTuple_run00019382_Playlist.root
21a9bcc098e011b1441edb4945d0bee067231a53f2827263a1177d3131a09216	1019604561	2026-04-20T02:40:08Z	Data/Playlist1M/MasterAnaDev_data_AnaTuple_run00019440_Playlist.root
0e01802baced5ecb01ba7a4edba4807ce2ca74a75dbba8bdfc410d6dfc4d238e	1045055719	2026-04-20T02:40:23Z	Data/Playlist1M/MasterAnaDev_data_AnaTuple_run00019441_Playlist.root
32c91a13acfc1dbcfa2f693d9491329707f584e30c09ed0fdc0757a4f99ab880	1084298478	2026-04-20T02:40:29Z	Data/Playlist1M/MasterAnaDev_data_AnaTuple_run00019442_Playlist.root
74d9d775032214713d9300e9011f0a0df13c57416642a7def48dcef2773ddf94	1006707168	2026-04-20T02:40:34Z	Data/Playlist1M/MasterAnaDev_data_AnaTuple_run00019443_Playlist.root
2e88ebc258f4ac28b4204d11cf091a789a2958901cf3f05b973fc311c9adc3c8	1060405129	2026-04-20T02:40:39Z	Data/Playlist1M/MasterAnaDev_data_AnaTuple_run00019444_Playlist.root
49bc322094758f26dca9ac8ceecb8369aaf03577040ef03648c3fd297222980a	1003093798	2026-04-20T02:40:48Z	Data/Playlist1M/MasterAnaDev_data_AnaTuple_run00019445_Playlist.root
544e2d5c319ddbfce91c567d686ee9327c91782c598d7bb3e8ff66f323d5289d	1036268697	2026-04-20T02:40:54Z	Data/Playlist1M/MasterAnaDev_data_AnaTuple_run00019446_Playlist.root
3340ac6e0d2e01b8e62adc9933944d6e0c6d719d9a1e2090ae2330039b9b1675	979977456	2026-04-20T02:41:00Z	Data/Playlist1M/MasterAnaDev_data_AnaTuple_run00019447_Playlist.root
619e376009e2a0e2ba7473f34d2f4e90145e0ec3ebcbc41a8b0ead881767539d	1004035228	2026-04-20T02:41:05Z	Data/Playlist1M/MasterAnaDev_data_AnaTuple_run00019448_Playlist.root
52458fb8c6cc05032f8f4c58ce4be7015bb0faf73be3997e06cb24ebd9b14576	1048300478	2026-04-20T02:41:11Z	Data/Playlist1M/MasterAnaDev_data_AnaTuple_run00019449_Playlist.root
95533a96ab1f27f3536b1f1b37dcc4663ae35e0fc2babb886457c2ac7d2cafe9	994136006	2026-04-20T02:41:17Z	Data/Playlist1M/MasterAnaDev_data_AnaTuple_run00019450_Playlist.root
2825074fe6a65191fb5e50899a2cfb94fe507e2a5086d1082921112b452ac585	1028044675	2026-04-20T02:41:22Z	Data/Playlist1M/MasterAnaDev_data_AnaTuple_run00019451_Playlist.root
915cc5ac6de1b44684d9dee972d172b1fbb1e20216f78c4e2db274b09f87da7a	994927978	2026-04-20T02:41:29Z	Data/Playlist1M/MasterAnaDev_data_AnaTuple_run00019452_Playlist.root
48efc13cd553011dee9983ccf764b10b24c4d6423e5ca953dea7968f96702140	1013805306	2026-04-20T02:41:34Z	Data/Playlist1M/MasterAnaDev_data_AnaTuple_run00019453_Playlist.root
943a21cbccc46063e4e5441959e0a71ea7f8a09968a38161223d8e3105867436	899871046	2026-04-20T02:41:43Z	Data/Playlist1M/MasterAnaDev_data_AnaTuple_run00019454_Playlist.root
22fb315cd4a83946a1786cf406cca102186e9007f025398662d11dc217f898e6	880886676	2026-04-20T02:41:47Z	Data/Playlist1M/MasterAnaDev_data_AnaTuple_run00019455_Playlist.root
0ff10abd97eb2816e988deeb1284940034f6ef6ee4caf10e8d0624d348758cd7	897563877	2026-04-20T02:41:51Z	Data/Playlist1M/MasterAnaDev_data_AnaTuple_run00019456_Playlist.root
3dddb6955e1ae76fa519f5e21e4aeb9e5e20d105e2dde553bc2f79da3c56c055	1056966128	2026-04-20T02:41:56Z	Data/Playlist1M/MasterAnaDev_data_AnaTuple_run00019457_Playlist.root
8d93c91b800cdc21587ec2c67a1d3a2d2a2f184698d68243c8839478d3f664e4	1072310539	2026-04-20T02:46:57Z	Data/Playlist1M/MasterAnaDev_data_AnaTuple_run00019458_Playlist.root
a486253ac0d07d9b7224768773cdb044c4f4c37e578d587fff54727e6a671530	1014326882	2026-04-20T02:51:40Z	Data/Playlist1M/MasterAnaDev_data_AnaTuple_run00019459_Playlist.root
b419c69fe4175230c3566fddfd9b7387a8c6b62abf8bc677f2d6ea08632698c0	1083456419	2026-04-20T03:18:59Z	Data/Playlist1M/MasterAnaDev_data_AnaTuple_run00019460_Playlist.root
ac7a91aad4938c62bbdd26a64b3571856ccb54f77b3322108b8631cfb0cee695	1078303020	2026-04-20T03:19:08Z	Data/Playlist1M/MasterAnaDev_data_AnaTuple_run00019461_Playlist.root
b8a6b95ed41475750d84bd6c09f73aff71165379a2f786b03f1ce4b6ecaafb63	1022288182	2026-04-20T03:19:16Z	Data/Playlist1M/MasterAnaDev_data_AnaTuple_run00019462_Playlist.root
7d958458660857d1ee0e329e5a9dfd5d40c436a40262d6e0db4c838a481e4dd3	969195711	2026-04-20T03:19:20Z	Data/Playlist1M/MasterAnaDev_data_AnaTuple_run00019463_Playlist.root
6cf987f0e7c9f45dde8a3d171b6742448f1a4f18b4393c731a076ccdd5c2c220	1069654125	2026-04-20T03:19:25Z	Data/Playlist1M/MasterAnaDev_data_AnaTuple_run00019464_Playlist.root
258b200bcf01e6ba19b1a3900e05055a42df6da1c5b112b987139302a959e799	878850751	2026-04-20T03:19:29Z	Data/Playlist1M/MasterAnaDev_data_AnaTuple_run00019465_Playlist.root
29c84e8b8636a04926865337bbffcceb4ca80f4ef9d4978206adbc66151aab38	1057060101	2026-04-20T03:19:34Z	Data/Playlist1M/MasterAnaDev_data_AnaTuple_run00019466_Playlist.root
235badfd16c89ceec7bb3ee4596d17a0981704fee719d85fe49eca6f32a88511	1061586997	2026-04-20T03:19:39Z	Data/Playlist1M/MasterAnaDev_data_AnaTuple_run00019467_Playlist.root
8df4278965a951c3373838d2ca505ba18521b4126fea8d0923e6e5eac3ca23b7	1054057960	2026-04-20T03:19:46Z	Data/Playlist1M/MasterAnaDev_data_AnaTuple_run00019468_Playlist.root
531b2f786ea320a43faea8b03746c4587cc64e2717ab26be928f32a6de886bac	537424550	2026-04-20T03:19:49Z	Data/Playlist1M/MasterAnaDev_data_AnaTuple_run00019469_Playlist.root
785ae6b67d56e4cb3f3569ac7ad276cf0f3bca35386bdd19723c27e4fecf73e5	1039519381	2026-04-20T03:19:56Z	Data/Playlist1M/MasterAnaDev_data_AnaTuple_run00019470_Playlist.root
18725caa969cb5590383b6a8e7f296c91c46cb1fe744f04c008ee9c74ce0ef20	1068156686	2026-04-20T03:20:03Z	Data/Playlist1M/MasterAnaDev_data_AnaTuple_run00019471_Playlist.root
85e0244496df4b3d166224b5aadae248bdd8dc9f99830245a00b1876f7ee841b	1116542646	2026-04-20T03:20:08Z	Data/Playlist1M/MasterAnaDev_data_AnaTuple_run00019472_Playlist.root
9ec0b6767d7afe601dc6f322ca5ff078f924ea7b34a85192666154bd464b704c	1061394578	2026-04-20T03:20:13Z	Data/Playlist1M/MasterAnaDev_data_AnaTuple_run00019473_Playlist.root
dc34894521ae295071bd0387118ae61ee99fd3ff4dd191893c5ae99e4fe4aa37	982093987	2026-04-20T03:20:17Z	Data/Playlist1M/MasterAnaDev_data_AnaTuple_run00019474_Playlist.root
4a769f777363bda85080659560861045fabaddcfe22a331c3651f30eea11ed0f	1073870472	2026-04-20T03:20:22Z	Data/Playlist1M/MasterAnaDev_data_AnaTuple_run00019475_Playlist.root
58d822a80c5d2fa54d6b38549eca2365e004b4be0a8fb19e3345b4c5e2245279	978612574	2026-04-20T03:20:27Z	Data/Playlist1M/MasterAnaDev_data_AnaTuple_run00019476_Playlist.root
18a818029bc539eeac68430ef9f88fd55c386748843a688871bc3aa99a63b363	984189449	2026-04-20T03:20:34Z	Data/Playlist1M/MasterAnaDev_data_AnaTuple_run00019477_Playlist.root
f2691624ad1390c9e04d5f2da33aa0adc69f18ac08404d7086f2c9060ab32dde	1048664461	2026-04-20T03:20:38Z	Data/Playlist1M/MasterAnaDev_data_AnaTuple_run00019478_Playlist.root
3dccb1ca4b473bd061106a9e758249c19831381611b386103500486265644603	939102877	2026-04-20T03:20:44Z	Data/Playlist1M/MasterAnaDev_data_AnaTuple_run00019479_Playlist.root
aea891338fdc138ebfcbdbaae02c8ec50f8c3901288538ade2dba0c04fb5a759	1041383322	2026-04-20T03:20:48Z	Data/Playlist1M/MasterAnaDev_data_AnaTuple_run00019480_Playlist.root
5470ef3258afb78feb34faf72d3f254aaccd1636ea66c9e93e0074e294b46f52	824809974	2026-04-20T03:20:53Z	Data/Playlist1M/MasterAnaDev_data_AnaTuple_run00019481_Playlist.root
43e5feea4dab54c3c647768bea7bee2f2896fc989972a96a5df79d962d30309c	281577550	2026-04-20T03:28:11Z	Data/Playlist1M/MasterAnaDev_data_AnaTuple_run00019482_Playlist.root
7845b7e794857b909dd998dd695c1a77b423daf5726ca5d498fed29caacc1f43	318153695	2026-04-20T03:28:13Z	Data/Playlist1M/MasterAnaDev_data_AnaTuple_run00019483_Playlist.root
c7ad74a5a921aa32104d6f5abfc257fd74c769a00adaa8176c70da76fd11a7ec	691476856	2026-04-19T20:11:06Z	Data/Playlist1N/MasterAnaDev_data_AnaTuple_run00020328_Playlist.root
08964542ecc1284bdb3d4ecf5086b157e684ff5224cdf6afccfc6a7aee4277cd	228133459	2026-04-19T20:11:08Z	Data/Playlist1N/MasterAnaDev_data_AnaTuple_run00020329_Playlist.root
76a5621d3ec5efc3b10196a0bb91789340e0b64e8991f44d53fab3ed9c19c66a	13859801	2026-04-19T20:11:09Z	Data/Playlist1N/MasterAnaDev_data_AnaTuple_run00020330_Playlist.root
77a5a289e05b363660f9e543b329fcf85c872f2616bed1bb050b81232bc30dc2	10068391	2026-04-19T20:11:10Z	Data/Playlist1N/MasterAnaDev_data_AnaTuple_run00020331_Playlist.root
d0a484c4a383df5faeac2d900de6c8910d96bc514d1804ea3199d5481995bd97	2414679	2026-04-19T20:11:11Z	Data/Playlist1N/MasterAnaDev_data_AnaTuple_run00020332_Playlist.root
60b5cf567892088d99e3e7434f65b1a3ac98190a24fcbc821f8d7ae05f18f9a6	741486209	2026-04-19T20:11:17Z	Data/Playlist1N/MasterAnaDev_data_AnaTuple_run00020334_Playlist.root
cd554ffaf7ec994336c4cf062db87345cb455cbcf01a47eec55b61bb56973b57	97759750	2026-04-19T20:11:18Z	Data/Playlist1N/MasterAnaDev_data_AnaTuple_run00020335_Playlist.root
ec36b6a7ac159a2ddae09a00e45e03f1c2a70f653cb106f8cd55e163362b0cd6	7800541	2026-04-19T20:11:19Z	Data/Playlist1N/MasterAnaDev_data_AnaTuple_run00020350_Playlist.root
af7e36c2fe8c61c1a5968fa79398928e0e360bed89f78bea27dd594330813d7a	655534816	2026-04-19T20:11:22Z	Data/Playlist1N/MasterAnaDev_data_AnaTuple_run00020351_Playlist.root
5bbad2e4a0128440c150e9afde58eca12d945e88088ce713a4d48787f1afbc53	597182883	2026-04-19T20:11:25Z	Data/Playlist1N/MasterAnaDev_data_AnaTuple_run00020352_Playlist.root
0e3de3c3c2bd2b80b6b20d7469b45036f7b413afd99dd5fb30919e3019fa349c	767312996	2026-04-19T20:11:28Z	Data/Playlist1N/MasterAnaDev_data_AnaTuple_run00020353_Playlist.root
f7953bd5e18c6fd1d3dd61f5f74432510416daa3fb1b75c852db512af88e4cdd	572300498	2026-04-19T20:11:33Z	Data/Playlist1N/MasterAnaDev_data_AnaTuple_run00020354_Playlist.root
231787b5e2bca369f0f032f2f02532f40d2d3fbd6e92611e5484893739c38b99	80899331	2026-04-19T20:11:34Z	Data/Playlist1N/MasterAnaDev_data_AnaTuple_run00020364_Playlist.root
88a8133caa374ceeaa3de3d509b236e8779b69596d55c18abcd0e653fde1593e	740204697	2026-04-19T20:11:39Z	Data/Playlist1N/MasterAnaDev_data_AnaTuple_run00020365_Playlist.root
a52ec89692db980fb22d02248b30ae50b7cff89c81f15fad874cde80f5d0568b	731863399	2026-04-19T20:11:43Z	Data/Playlist1N/MasterAnaDev_data_AnaTuple_run00020366_Playlist.root
653f0eaa8799df9f4e97f4f6acda0e24216da210db0c0c187b8c2666e89e738e	759589781	2026-04-19T20:11:47Z	Data/Playlist1N/MasterAnaDev_data_AnaTuple_run00020367_Playlist.root
97e3148e861d90275ba4b9bd04b66f051e7c6f9bbf7374c794044252ff33a14f	210654703	2026-04-19T20:11:49Z	Data/Playlist1N/MasterAnaDev_data_AnaTuple_run00020368_Playlist.root
ca56a1b6be842f5db0608ab7ff6d3a9a6533bfe79da5119b8e2e11d1813aba3c	512167050	2026-04-19T20:11:53Z	Data/Playlist1N/MasterAnaDev_data_AnaTuple_run00020370_Playlist.root
f82addae91518dd606274881988f2e061ff5efaa8f5d9bb355a39b31250edfbd	440600835	2026-04-19T20:11:56Z	Data/Playlist1N/MasterAnaDev_data_AnaTuple_run00020371_Playlist.root
416913a64cd60900ecc1deb2007f2e6b5854d7d5087d393ff1b2bc6352243c61	548555385	2026-04-19T20:12:03Z	Data/Playlist1N/MasterAnaDev_data_AnaTuple_run00020381_Playlist.root
8194e228ba17445743695659ded33ce75e04d0e0b8ab8437b567a076dede33a0	647688472	2026-04-19T20:12:13Z	Data/Playlist1N/MasterAnaDev_data_AnaTuple_run00020382_Playlist.root
bd1fa613a27a12e3dc9dfc3267ae68e28e86317d6aa73369f9f5e66ef5a28563	693592523	2026-04-19T20:12:17Z	Data/Playlist1N/MasterAnaDev_data_AnaTuple_run00020383_Playlist.root
355f801a6863ee4100d740a1c36c07bbcb2569c75407d24fb0861dbe1a651e4b	711255984	2026-04-19T20:12:22Z	Data/Playlist1N/MasterAnaDev_data_AnaTuple_run00020384_Playlist.root
7353179308289846e9ad630071e01a9702595a3e846cadacfe1aa59a580c6341	686145039	2026-04-19T20:12:25Z	Data/Playlist1N/MasterAnaDev_data_AnaTuple_run00020385_Playlist.root
9f69e2831ac3959e404138cf6e2bb2630921849f665d574fe95ef2d3a5cfd387	668715451	2026-04-19T20:12:30Z	Data/Playlist1N/MasterAnaDev_data_AnaTuple_run00020386_Playlist.root
a3a23d56356eaeb5b835cb95bff3c1a9ad554d0d1c9f8e9251424ef3452b387d	660414117	2026-04-19T20:12:34Z	Data/Playlist1N/MasterAnaDev_data_AnaTuple_run00020387_Playlist.root
79df89b4799918fd1029ae9f114c579ba32876a1e0fa3aff18b093475b2d38d7	673415535	2026-04-19T20:12:37Z	Data/Playlist1N/MasterAnaDev_data_AnaTuple_run00020388_Playlist.root
746bd38aa4cf57c260d80ea51feae47324bf073adf2c8f7fe485b09c6b65abd0	661060182	2026-04-19T20:12:41Z	Data/Playlist1N/MasterAnaDev_data_AnaTuple_run00020389_Playlist.root
c5c63c2ad29ef4e6611813a407ddbe3e55a937f543eebcd6f96d66848ce4708a	729150789	2026-04-19T20:12:44Z	Data/Playlist1N/MasterAnaDev_data_AnaTuple_run00020390_Playlist.root
9979611d6c4940c5dffe603b42c7901bb636c21d468d63061e62aac2c6bd9d1d	719627593	2026-04-19T20:12:47Z	Data/Playlist1N/MasterAnaDev_data_AnaTuple_run00020391_Playlist.root
27fa9972a2da126b8c92e16b4a56c1637ebce5535b7a1402e3c13eb6268d299f	726865268	2026-04-19T20:12:54Z	Data/Playlist1N/MasterAnaDev_data_AnaTuple_run00020392_Playlist.root
2de1ebaf252a0fbfca1b1f8b027c8b81a55667da063ae3f00915457eb8d712fc	694173582	2026-04-19T20:15:54Z	Data/Playlist1N/MasterAnaDev_data_AnaTuple_run00020393_Playlist.root
252e6d941fd1bb2dc24a406195b9aa2888b2028cec7a3d5d8666e8346cf8e123	718622392	2026-04-19T20:15:57Z	Data/Playlist1N/MasterAnaDev_data_AnaTuple_run00020394_Playlist.root
6c581c169255d7972f32851472b321ebb0b4c721b8e594b8fa11a10f2ca5fd0e	716051884	2026-04-19T20:16:00Z	Data/Playlist1N/MasterAnaDev_data_AnaTuple_run00020395_Playlist.root
e084bb8df5c71c5e3d8447d38087d7f9e75d30a162e16caa7d27f89bfd4f3bf4	732767678	2026-04-19T20:16:08Z	Data/Playlist1N/MasterAnaDev_data_AnaTuple_run00020396_Playlist.root
bd0a2c4aafc864e84ec18f90484260b2a96a186b5138d517c7afb306ae31f68c	686466858	2026-04-19T20:16:13Z	Data/Playlist1N/MasterAnaDev_data_AnaTuple_run00020397_Playlist.root
da4ceca7a99efa340854d7a51901cf03af4aea5d1720e4e2de252ec7d759eb94	719050192	2026-04-19T20:16:16Z	Data/Playlist1N/MasterAnaDev_data_AnaTuple_run00020398_Playlist.root
4ad384f3ab7f34258842b844c244b9b56da310ed72acedf460c0d9911304e497	734184397	2026-04-19T20:16:20Z	Data/Playlist1N/MasterAnaDev_data_AnaTuple_run00020399_Playlist.root
193f63d2b6ca2f72975e3f17e1cf6d680d043b7f3dd40095515cdbbad6d61db5	689454654	2026-04-19T20:16:24Z	Data/Playlist1N/MasterAnaDev_data_AnaTuple_run00020400_Playlist.root
7528f8ceef8dca7c7ef9435774db12d8805d339f46e202e840c8a9ac097ffe57	117511115	2026-04-19T20:16:27Z	Data/Playlist1N/MasterAnaDev_data_AnaTuple_run00020401_Playlist.root
d9808270e5dc74b86a48aec5ab564d6d08872e030f5eaffc75b6587b418fb078	515418466	2026-04-19T20:16:29Z	Data/Playlist1N/MasterAnaDev_data_AnaTuple_run00020404_Playlist.root
1d2f49eb7597e1760aa87be1df1cb6fb0e4c9d4cef8c52d46a7054bd1188455e	668071683	2026-04-19T20:16:33Z	Data/Playlist1N/MasterAnaDev_data_AnaTuple_run00020405_Playlist.root
951406ef2668d10140a482b7b89a9b3d6af37a3ef87b1377c5c4a476449e591e	781560367	2026-04-19T20:16:37Z	Data/Playlist1N/MasterAnaDev_data_AnaTuple_run00020407_Playlist.root
d0c4bd515484665173ff350b25f569d1bb50916324a8b92eb4d8250e00e19f26	795475779	2026-04-19T20:16:41Z	Data/Playlist1N/MasterAnaDev_data_AnaTuple_run00020408_Playlist.root
ce94b8f2db558e431ef43174666fafa88b16baae8ee7d50dea0482e3e6b72e05	145560860	2026-04-19T20:16:42Z	Data/Playlist1N/MasterAnaDev_data_AnaTuple_run00020409_Playlist.root
07030b6a90842e46ab01d8a22fcd9f96339b3b2d63f592e98a5bd203b436bfbd	166321	2026-04-19T20:16:43Z	Data/Playlist1N/MasterAnaDev_data_AnaTuple_run00020410_Playlist.root
b22e43e4a97ce9c4b9d059f60b404ace29dcc50d6592b3ff315a55a8d2f1e2f1	166321	2026-04-19T20:16:44Z	Data/Playlist1N/MasterAnaDev_data_AnaTuple_run00020411_Playlist.root
638749d7df05c3f3d4fb4a19dca799618095d806d0caf393013b649e2a95a0f0	166321	2026-04-19T20:16:45Z	Data/Playlist1N/MasterAnaDev_data_AnaTuple_run00020412_Playlist.root
b11a6f0765dd4c21db4474d3cdf3bc02bb21a23c9b7d0631eee43901df675972	717517685	2026-04-19T20:16:48Z	Data/Playlist1N/MasterAnaDev_data_AnaTuple_run00020413_Playlist.root
abdd3cf669fb6e1a4ae0b0b26e243cfcca929e1a2e5a6caee73430ea4e58f35d	284765501	2026-04-19T20:16:50Z	Data/Playlist1N/MasterAnaDev_data_AnaTuple_run00020414_Playlist.root
e323bb2dabb5521300f73618f3d5e8c6f12288f705d5570e9c5adf484446d704	198767997	2026-04-19T20:16:52Z	Data/Playlist1N/MasterAnaDev_data_AnaTuple_run00020441_Playlist.root
bea26cca23fb668eeaff86c0185465a1dba66bdb3b604d35a3737cda913eb7b7	765502162	2026-04-19T20:16:56Z	Data/Playlist1N/MasterAnaDev_data_AnaTuple_run00020442_Playlist.root
5b78ea4b3f21bdbedfa8bb7f87cab15afde42cb36ccec5290519f21f9848bd01	561178772	2026-04-19T20:17:00Z	Data/Playlist1N/MasterAnaDev_data_AnaTuple_run00020443_Playlist.root
cd47c32d83ce69c6cd5cdf5a75ff2c63ddfc2137bd4b083e0bfc1d9edaca2ab9	729505348	2026-04-19T20:17:05Z	Data/Playlist1N/MasterAnaDev_data_AnaTuple_run00020444_Playlist.root
23ec93f8476bd82f553662e0bed1a76d3e4d50d1f24b20a0d8868d16f906cbd8	715278261	2026-04-19T20:17:08Z	Data/Playlist1N/MasterAnaDev_data_AnaTuple_run00020445_Playlist.root
83ca63618613f2b3c349d6996ae9f259ebdd7a1f720cdb7138c412b533991202	711119136	2026-04-19T20:17:13Z	Data/Playlist1N/MasterAnaDev_data_AnaTuple_run00020446_Playlist.root
92126b3e97094d671fe489266da1ef372d590d6187233be8782f96d8560fd46b	734513473	2026-04-19T20:17:17Z	Data/Playlist1N/MasterAnaDev_data_AnaTuple_run00020447_Playlist.root
3cd62dd52f1517c1609f076d1b0c4a075cd7ed5178fd3e35a4f0da284054ac50	703225434	2026-04-19T20:17:21Z	Data/Playlist1N/MasterAnaDev_data_AnaTuple_run00020448_Playlist.root
be30f047121940cac55c6b4affc92dd08faee4d46766b400865418682eca91bf	800682926	2026-04-19T20:17:25Z	Data/Playlist1N/MasterAnaDev_data_AnaTuple_run00020449_Playlist.root
92f6d486d29438821f54fd870774fe55bcba999112a51ee4f928cd3546e52f16	731092258	2026-04-19T20:17:28Z	Data/Playlist1N/MasterAnaDev_data_AnaTuple_run00020450_Playlist.root
55aa38baccac7c2e4caafc9978e1bf1a6e8b70aadf4d0a4adce7f1aa2245e367	786519844	2026-04-19T20:17:32Z	Data/Playlist1N/MasterAnaDev_data_AnaTuple_run00020451_Playlist.root
8ea000d5fa62daee78dce0a43f385552701a45aecc53201e802b338d95a05a9e	766453936	2026-04-19T20:17:38Z	Data/Playlist1N/MasterAnaDev_data_AnaTuple_run00020452_Playlist.root
8ca91ee32ef58b45bd798bc9a02af37c89624a005e579acacd866a4d04541b38	769316817	2026-04-19T20:17:41Z	Data/Playlist1N/MasterAnaDev_data_AnaTuple_run00020453_Playlist.root
798370825b268be610d167ef89db43db00f863f0b1a8ef7719236e90d49f8abd	842360262	2026-04-19T20:17:47Z	Data/Playlist1N/MasterAnaDev_data_AnaTuple_run00020454_Playlist.root
ce1d57b6ef814a2e9e43cd61ba92eade3c3793c536be6225be008a72ae6865dd	664524167	2026-04-19T20:17:51Z	Data/Playlist1N/MasterAnaDev_data_AnaTuple_run00020455_Playlist.root
032c306f5cc2cca3e9271fa1872961025a0d991169c8d7f03f7a580cd7f7eddc	150909383	2026-04-19T20:17:53Z	Data/Playlist1N/MasterAnaDev_data_AnaTuple_run00020457_Playlist.root
d30c9ac3299820e5dc48c7f6a0c995a22704db964f18a61ec6a526677c2a4d42	30780409	2026-04-19T20:17:54Z	Data/Playlist1N/MasterAnaDev_data_AnaTuple_run00020458_Playlist.root
c24182f52ce3e131bd4793e66f186a17a94e019f775d63d4179158b4db494402	858046412	2026-04-19T20:17:58Z	Data/Playlist1N/MasterAnaDev_data_AnaTuple_run00020459_Playlist.root
2d7471facaa69f1aa52371bf2aa4d93f78446a0dee1f4cdf5022bcdc7670a8f9	873063032	2026-04-19T20:18:05Z	Data/Playlist1N/MasterAnaDev_data_AnaTuple_run00020460_Playlist.root
d84fc4d849d98ef97372ea6a9aa2afca6c3453e8472154634f20c90fb9424289	814508350	2026-04-19T20:18:09Z	Data/Playlist1N/MasterAnaDev_data_AnaTuple_run00020461_Playlist.root
81ccaf81688fe7a50884b50085aad88769965ac9e86a9013b1572a4c16f357e7	872576136	2026-04-19T20:18:12Z	Data/Playlist1N/MasterAnaDev_data_AnaTuple_run00020462_Playlist.root
aa22e5b440c26a622278c8f90a0963778d1c642af4e6d5bde8f70ca7ab8e7c9f	563166504	2026-04-19T20:18:20Z	Data/Playlist1N/MasterAnaDev_data_AnaTuple_run00020463_Playlist.root
a71c02d0eeae273a73010dd411227020267a75cfe0693660f72c3b26b0ac9b5e	922890645	2026-04-19T20:18:25Z	Data/Playlist1N/MasterAnaDev_data_AnaTuple_run00020464_Playlist.root
529d4e7f885d74399d6b04660104bd16f7d21645228e950e150c0274b9f9162e	951433259	2026-04-19T20:18:31Z	Data/Playlist1N/MasterAnaDev_data_AnaTuple_run00020465_Playlist.root
2fe2dbaf4dd5f271216256251cde9dd0e953d9fb6474d89182ded34be48c7127	911060042	2026-04-19T20:18:41Z	Data/Playlist1N/MasterAnaDev_data_AnaTuple_run00020466_Playlist.root
2e77bfb20295aa42bde74a391258f3311c0908bc2291c8f83295fa0fe7071907	866089884	2026-04-19T20:18:53Z	Data/Playlist1N/MasterAnaDev_data_AnaTuple_run00020467_Playlist.root
18ca3663754f0a4a4a75c3115627fa1df3382a53f99804d34033abdbbc9c0fa2	313137883	2026-04-19T20:18:56Z	Data/Playlist1N/MasterAnaDev_data_AnaTuple_run00020468_Playlist.root
3e08980f6168be6d035f6e562d79f4e8014ab36a8adbdbba63b7d7773f8e967b	1027519224	2026-04-19T20:19:00Z	Data/Playlist1N/MasterAnaDev_data_AnaTuple_run00020469_Playlist.root
0f81752cb0b6635df4729180c83d0e267fdba517b602dd50e82ace05760f44d2	931155010	2026-04-19T20:19:03Z	Data/Playlist1N/MasterAnaDev_data_AnaTuple_run00020470_Playlist.root
e601f146118f3577eb47120aec2358c096d338782a2891666ea0587c24498297	950472231	2026-04-19T20:19:08Z	Data/Playlist1N/MasterAnaDev_data_AnaTuple_run00020471_Playlist.root
8d14907f7dab471fd5ae533aab21fcae68aa4da382682955cab3c07a0a70ae37	1018523514	2026-04-19T20:19:23Z	Data/Playlist1N/MasterAnaDev_data_AnaTuple_run00020472_Playlist.root
c186f01b4e91ba4e88ee9e0d6946c2a5c78436436341b8002f9a2a7de7888019	826136279	2026-04-19T20:19:29Z	Data/Playlist1N/MasterAnaDev_data_AnaTuple_run00020473_Playlist.root
56c067d66c6e2b8ccd1b6c48dd8d450ddb4fb1ebb549df135cd2117a810ef359	966685463	2026-04-19T20:19:33Z	Data/Playlist1N/MasterAnaDev_data_AnaTuple_run00020474_Playlist.root
6c4ed69f2db8e1ea18b88b42dca452986b083011e2cbf108a7339b7fb650480a	985050190	2026-04-19T20:19:39Z	Data/Playlist1N/MasterAnaDev_data_AnaTuple_run00020475_Playlist.root
3c02d2ebf78c6ef11cbc7170a878698f282be9f42cc44b75d7f304ee8e5a5bd1	990030759	2026-04-19T20:19:44Z	Data/Playlist1N/MasterAnaDev_data_AnaTuple_run00020476_Playlist.root
5b4532fc04af30b1d41da96f2af0496817b83837a6e49bd8544c9706490d0b27	965715647	2026-04-19T20:19:51Z	Data/Playlist1N/MasterAnaDev_data_AnaTuple_run00020477_Playlist.root
17886f835d2d35ddb6511d10ef22772c54580bdc59807650b952c8dc48db9af8	853048067	2026-04-19T20:19:57Z	Data/Playlist1N/MasterAnaDev_data_AnaTuple_run00020478_Playlist.root
a7ffdc0c5008089943a437d4ef9d38b5b555a71dbef164eb13dbbe348c39efda	869709168	2026-04-19T20:20:13Z	Data/Playlist1N/MasterAnaDev_data_AnaTuple_run00020479_Playlist.root
61f0bb2a6af44a30f1201713b8032348c1f7412eeedbdbc2e068b7d8cbca3d0f	886108145	2026-04-19T20:20:17Z	Data/Playlist1N/MasterAnaDev_data_AnaTuple_run00020480_Playlist.root
abf111747e323d59cc526c00f5fc1f191c0c82a270cd58c3fbabb553ae37ea27	29564530	2026-04-19T20:20:18Z	Data/Playlist1N/MasterAnaDev_data_AnaTuple_run00020481_Playlist.root
55083689b31b09c8a6b4b612bff8351e5fd20d55ba00f52836b8df6333708438	879764190	2026-04-19T20:20:25Z	Data/Playlist1N/MasterAnaDev_data_AnaTuple_run00020482_Playlist.root
ba803dde7eb8d0479887fae8d0d4a348b9dbb37be8a68dfeaf677db2234cb080	854618331	2026-04-19T20:20:29Z	Data/Playlist1N/MasterAnaDev_data_AnaTuple_run00020483_Playlist.root
a848ffc54e190d95b2cc3dc7a31907bddee550d451d66266fa516e55bf90b64e	642941253	2026-04-19T20:20:35Z	Data/Playlist1N/MasterAnaDev_data_AnaTuple_run00020484_Playlist.root
b4879878da27247ddef123335a31760a25e1879aecb0fad5aa25969c5258f580	927535330	2026-04-19T20:20:40Z	Data/Playlist1N/MasterAnaDev_data_AnaTuple_run00020485_Playlist.root
e2b2c9ac50086455b73523c1991fb785eb817208ef0382cd33cce41083ae89a5	1010369961	2026-04-19T20:20:46Z	Data/Playlist1N/MasterAnaDev_data_AnaTuple_run00020486_Playlist.root
19bcb46f5e67c5c7e49e9ae7bd4877a82c9a2846cc911feb3f4d54cb765b9ebc	824031919	2026-04-19T20:20:51Z	Data/Playlist1N/MasterAnaDev_data_AnaTuple_run00020487_Playlist.root
b7c44dddbfeb5c006ab624f27c0869bcce169056bb2123ff5f937c56f1a48bc6	1050509097	2026-04-19T20:20:57Z	Data/Playlist1N/MasterAnaDev_data_AnaTuple_run00020488_Playlist.root
13c085f4f55680ad45be6df9da4fcc5ccf63cd45e0ca5793c6337d583e5ee1a1	999201694	2026-04-19T20:21:01Z	Data/Playlist1N/MasterAnaDev_data_AnaTuple_run00020489_Playlist.root
b49436878a60eb933fc89c4e65f542f509c74dddec903d838fc696aead081f89	1059542683	2026-04-19T20:21:08Z	Data/Playlist1N/MasterAnaDev_data_AnaTuple_run00020490_Playlist.root
d42e892439a75da467e3a3dfa23832b572bd78b6fc79a70dc8ddff0c0a192ca5	970748386	2026-04-19T20:21:13Z	Data/Playlist1N/MasterAnaDev_data_AnaTuple_run00020491_Playlist.root
7ee2ab0fe383ba147f5409768f5c13ddad799bd6b4ce333734ea8d75c93b39cf	1080041334	2026-04-19T20:21:19Z	Data/Playlist1N/MasterAnaDev_data_AnaTuple_run00020492_Playlist.root
523368cb3487900200f46ab8c4de1d92861d181b31483f4daa6f4911a27d6e50	1002098183	2026-04-19T20:21:23Z	Data/Playlist1N/MasterAnaDev_data_AnaTuple_run00020493_Playlist.root
9242ecbfac818c4f22596214e397c8fc588a3571ead08564727e51ce7718d6de	163331220	2026-04-19T20:21:25Z	Data/Playlist1N/MasterAnaDev_data_AnaTuple_run00020494_Playlist.root
99f8c3fc89c4bf3e84cb49d1b7e26d6881ed0232b4876793989f111db17f4166	511440070	2026-04-19T20:21:28Z	Data/Playlist1N/MasterAnaDev_data_AnaTuple_run00020495_Playlist.root
2335b33e90b7cd47b131d9336a5e0905da9d18ef643aaf626dea55d0ad50e78c	1096573224	2026-04-19T20:21:34Z	Data/Playlist1N/MasterAnaDev_data_AnaTuple_run00020496_Playlist.root
a463fcbb837f829a9e01028a17dae84fe48893a6756e0eb6c4dc96b47fb2d4b0	1053703916	2026-04-19T20:21:39Z	Data/Playlist1N/MasterAnaDev_data_AnaTuple_run00020497_Playlist.root
645dbd54e228ee14a10c63580707f1848d15620fc15081d2a94fe79e2e2bffd8	1130493151	2026-04-19T20:21:46Z	Data/Playlist1N/MasterAnaDev_data_AnaTuple_run00020498_Playlist.root
d3b240b0fb196fe71670f005f08f1713843df60f884933fc62f7ab807a92a014	1083091482	2026-04-19T20:21:54Z	Data/Playlist1N/MasterAnaDev_data_AnaTuple_run00020499_Playlist.root
be313fdae4ce4a994b9249caaff274afda3633930bd58918304a17ac4f47464f	1037414311	2026-04-19T20:21:59Z	Data/Playlist1N/MasterAnaDev_data_AnaTuple_run00020500_Playlist.root
099ce3db1ce214d0f53281b4ec5bf4cd125583342d94734b040e673f5d868146	1008844269	2026-04-19T20:22:06Z	Data/Playlist1N/MasterAnaDev_data_AnaTuple_run00020501_Playlist.root
44b3c3572822e9f5e8332939763fa7e833d796a404bc6677385fa1f69a9d994d	1100536387	2026-04-19T20:22:11Z	Data/Playlist1N/MasterAnaDev_data_AnaTuple_run00020502_Playlist.root
48d6d1fc9bc972319f54cc524cf85d061f8c42735cb46f5278b326af84dbde77	1122921108	2026-04-19T20:22:16Z	Data/Playlist1N/MasterAnaDev_data_AnaTuple_run00020503_Playlist.root
c096e8dc1bcfb951cb3c9ad8bbc67ae977bce03d0dfce5e16167707b1f6aadfd	1093793598	2026-04-19T20:22:20Z	Data/Playlist1N/MasterAnaDev_data_AnaTuple_run00020504_Playlist.root
dc1575d4b5ec807ee513f2d7e2e004c71975f59fcf01f7ad266e69cddbcc6c03	1106129835	2026-04-19T20:22:26Z	Data/Playlist1N/MasterAnaDev_data_AnaTuple_run00020505_Playlist.root
570e4535c24e584ab074e03774b53218492ec37bec699b25d4f185cb6950f85b	1104202351	2026-04-19T20:22:32Z	Data/Playlist1N/MasterAnaDev_data_AnaTuple_run00020506_Playlist.root
757024c680263f8bacbe59ba294779193ed9a9a30520ba999e18d2157048c219	1026683409	2026-04-19T20:22:36Z	Data/Playlist1N/MasterAnaDev_data_AnaTuple_run00020507_Playlist.root
554a7dd517850f08d33992efd8dc4269a764dfcdec512c724527f8e255a31e4b	886341025	2026-04-19T20:22:42Z	Data/Playlist1N/MasterAnaDev_data_AnaTuple_run00020508_Playlist.root
06e271fdd6f74425fe580e07284526d24bfcacee8ba8d7bf3d8d6d65751054af	1150866524	2026-04-19T20:22:49Z	Data/Playlist1N/MasterAnaDev_data_AnaTuple_run00020509_Playlist.root
485d60a91622e3985c9d3eb44c88bb4536b45b3262587f6d84aec2d87a173492	1195456843	2026-04-19T20:22:54Z	Data/Playlist1N/MasterAnaDev_data_AnaTuple_run00020510_Playlist.root
7c0b9a03c63cf67af71918daa454c86dce60576171371a287a108002fe36679f	1160884378	2026-04-19T20:23:01Z	Data/Playlist1N/MasterAnaDev_data_AnaTuple_run00020511_Playlist.root
8152526ba1a493e0daa9e4f854cecfe8c17f172441eb5c618e3b2d606b547c24	921005983	2026-04-19T20:23:06Z	Data/Playlist1N/MasterAnaDev_data_AnaTuple_run00020512_Playlist.root
374c4e3ddb9ff25c2ea6c0fa124fb9e92e9e6b16ab74aaed9aa4d79f4aee1dc9	594730355	2026-04-19T20:23:08Z	Data/Playlist1N/MasterAnaDev_data_AnaTuple_run00020513_Playlist.root
0f264bd5f2ccd177cb9a13eb4b745303efe16ebcc81044b411d0d1025622670c	600878943	2026-04-19T20:23:13Z	Data/Playlist1N/MasterAnaDev_data_AnaTuple_run00020514_Playlist.root
2bcfae840bf659f664a03cf8dda0a4639219e0854e19daaad35ca22b7d04bb76	733401569	2026-04-19T20:23:16Z	Data/Playlist1N/MasterAnaDev_data_AnaTuple_run00020602_Playlist.root
8c57728a5dbacdfa8f5bc13c8d39d2008c37e6c39c59aebc2306662fb1f6797f	954296186	2026-04-19T20:23:20Z	Data/Playlist1N/MasterAnaDev_data_AnaTuple_run00020603_Playlist.root
7e7be4053be78d9f096102e9c52dbdd4ee6c9bc03c67402ed7d96c9bd94f01fe	993101929	2026-04-19T20:23:25Z	Data/Playlist1N/MasterAnaDev_data_AnaTuple_run00020604_Playlist.root
8c457441b0790e8e51cbfd85c77a41cd3c8b4cf59136947dc6cd656c81b0052b	1161315815	2026-04-19T20:23:32Z	Data/Playlist1N/MasterAnaDev_data_AnaTuple_run00020605_Playlist.root
f2a119e7238ead4bcdc36db4906a3bfe0ce68b5d4c70b71a15a5bd8a9fb9d089	1191008145	2026-04-19T20:23:37Z	Data/Playlist1N/MasterAnaDev_data_AnaTuple_run00020606_Playlist.root
e894e0067b22f7b93f8a3e2590149901f6fce9d52c943e5d4ad724451fd933cc	1160609220	2026-04-19T20:23:41Z	Data/Playlist1N/MasterAnaDev_data_AnaTuple_run00020607_Playlist.root
fe635363d5886bf831094ac086a613b1b7cc24050f0b2610da2825ee59bf8cf5	1207172090	2026-04-19T20:23:49Z	Data/Playlist1N/MasterAnaDev_data_AnaTuple_run00020608_Playlist.root
a5b72b65fc9391ae7e14b78e4a688999185c01027095eac69a3ca3b567fa1124	975588809	2026-04-19T20:23:52Z	Data/Playlist1N/MasterAnaDev_data_AnaTuple_run00020609_Playlist.root
1e7982a98613f1933dbe54532b540c922319894a2d30fc5f76b77d472175991a	1101166688	2026-04-19T20:23:58Z	Data/Playlist1N/MasterAnaDev_data_AnaTuple_run00020610_Playlist.root
8969ac786336acc468e29deda05dfab3a3c4e33a377b3153b119ca40157f8685	1099179664	2026-04-19T20:24:04Z	Data/Playlist1N/MasterAnaDev_data_AnaTuple_run00020611_Playlist.root
c3619857e0d2e8c4c3fefd8c76dfbef3590389b62f74d63a4d541618d95234fa	1146480136	2026-04-19T20:24:09Z	Data/Playlist1N/MasterAnaDev_data_AnaTuple_run00020612_Playlist.root
2c52efef36a3ff33fa013e0b1084b6657f8c419c1b561f09f684e87ebe77d0f2	516247799	2026-04-19T20:24:12Z	Data/Playlist1N/MasterAnaDev_data_AnaTuple_run00020613_Playlist.root
8ff2f288a72e235cc3da85b6d82d3dd001fbe741bcdf262e9c456f9be1ade25a	890348169	2026-04-19T20:24:19Z	Data/Playlist1N/MasterAnaDev_data_AnaTuple_run00020616_Playlist.root
4bc969921a41b1124038d57ac9f83ab6247392205e5c7f81506c6684ca22bbe0	1076942487	2026-04-19T20:24:24Z	Data/Playlist1N/MasterAnaDev_data_AnaTuple_run00020617_Playlist.root
5815555ea122b787f0b6c946ca92a7a095ae1020137087ebdec108ab932544d1	1029647913	2026-04-19T20:24:33Z	Data/Playlist1N/MasterAnaDev_data_AnaTuple_run00020618_Playlist.root
168a2bebba30f356349a4b7eae08b038f53cde7b391b8eb924eaf09570557f18	681902864	2026-04-19T02:38:42Z	Data/Playlist1O/MasterAnaDev_data_AnaTuple_run00020619_Playlist.root
f871693aee40e10fd66e59a60174a77281fcf179e701ad750ebb7b37648654ea	1059555876	2026-04-19T02:38:47Z	Data/Playlist1O/MasterAnaDev_data_AnaTuple_run00020620_Playlist.root
cc4fcc8364c00e312aa4fd9f613acb84a440fe6427ec2ad68374437f82ceb93f	1034817538	2026-04-19T02:38:52Z	Data/Playlist1O/MasterAnaDev_data_AnaTuple_run00020621_Playlist.root
56bfed37de47e0020e270a82aa088ed999599b1c60dc3c58f45ad2d0fdfdfc70	1109566096	2026-04-19T02:38:57Z	Data/Playlist1O/MasterAnaDev_data_AnaTuple_run00020622_Playlist.root
2ec447718c0874550f5cbedc045fa885bc57af1fdf7ee99cb152d5a936a14917	1109745243	2026-04-19T02:39:02Z	Data/Playlist1O/MasterAnaDev_data_AnaTuple_run00020623_Playlist.root
b5d69545718ae1b8eea70d06ad61b33e515e82f1bff10ddf87868563bc2240bf	1087083302	2026-04-19T02:39:07Z	Data/Playlist1O/MasterAnaDev_data_AnaTuple_run00020624_Playlist.root
f95d9ee4454e75d76883a2db0d312dd4827fa9c741afc88b20320ca69026be70	1040401348	2026-04-19T02:39:17Z	Data/Playlist1O/MasterAnaDev_data_AnaTuple_run00020625_Playlist.root
1dd784460bb754fb7a2613ae0f5721df08ad28a435863c00af86f65c61a13bed	1202927542	2026-04-19T02:39:22Z	Data/Playlist1O/MasterAnaDev_data_AnaTuple_run00020626_Playlist.root
6d12bc7a5282b29e86b9b80f2ebff6000473f1ca9788274e7aa511d7b3daefc3	1144763299	2026-04-19T02:39:28Z	Data/Playlist1O/MasterAnaDev_data_AnaTuple_run00020627_Playlist.root
5398b73bff9a5f65820ca1cc4ce2ceedd53684ee08097cddb3d10339eb0f3434	1293161567	2026-04-19T02:39:35Z	Data/Playlist1O/MasterAnaDev_data_AnaTuple_run00020628_Playlist.root
38e8a8fcb65feb3bee66840c58d375366fff8e83ba0d25de66d9cf22eaba5ab0	617934353	2026-04-19T02:39:41Z	Data/Playlist1O/MasterAnaDev_data_AnaTuple_run00020629_Playlist.root
daccd224ed38b0d67f0acc192d2c156705586c082a28f2452f281a5d1f2c3963	1276253813	2026-04-19T02:39:46Z	Data/Playlist1O/MasterAnaDev_data_AnaTuple_run00020630_Playlist.root
a0430641658508ad26ebd6138d4675a53e8192bbd8a6d1aa4654255c5450092c	1281696528	2026-04-19T02:39:52Z	Data/Playlist1O/MasterAnaDev_data_AnaTuple_run00020631_Playlist.root
cdb3aa8054ccc829a40f825fc3045b1e71e8270502a493487844c060494e6d34	1212451710	2026-04-19T02:39:59Z	Data/Playlist1O/MasterAnaDev_data_AnaTuple_run00020632_Playlist.root
823687a33764e008d7cb3595c69bbd7dad797061643b32fda245747326b2859e	1166164654	2026-04-19T02:40:05Z	Data/Playlist1O/MasterAnaDev_data_AnaTuple_run00020633_Playlist.root
c1d353c13743dbfb00353e6952d34184f9e228741cbb35ed4cd5029b57f67f3d	89394544	2026-04-19T02:40:07Z	Data/Playlist1O/MasterAnaDev_data_AnaTuple_run00020634_Playlist.root
7220be95a4c669031605cfeba8c7e9ee237ad631058d9eff9dd6a5449e9d482f	1212575156	2026-04-19T02:40:12Z	Data/Playlist1O/MasterAnaDev_data_AnaTuple_run00020644_Playlist.root
6a0f6752c274247d425e8a64afbd7cd01abdaa37418c00b05cbb401ae13d8cab	1264974486	2026-04-19T02:40:18Z	Data/Playlist1O/MasterAnaDev_data_AnaTuple_run00020645_Playlist.root
a37160566e39bdfc552123630671c0fed7c5a01b8ac9d1caca33686a0e3f143c	1296161804	2026-04-19T02:40:26Z	Data/Playlist1O/MasterAnaDev_data_AnaTuple_run00020646_Playlist.root
14d5439d01e16a1567d232676f06dd7b41c6e27c3084eca3b9836931ba73a8d2	1252424361	2026-04-19T02:40:30Z	Data/Playlist1O/MasterAnaDev_data_AnaTuple_run00020647_Playlist.root
1da61be41d8e62871fd7e6711546a63981cda2bec7e500f72c025e489723f441	1199715711	2026-04-19T02:40:35Z	Data/Playlist1O/MasterAnaDev_data_AnaTuple_run00020648_Playlist.root
b62e8acdffac2234664422eeeceef4c4c08017faf0ec9055f027828405b1d7a5	1198871069	2026-04-19T02:40:45Z	Data/Playlist1O/MasterAnaDev_data_AnaTuple_run00020649_Playlist.root
ff7df4e412ee84ecf4ac597b0fa49f7dcb13a1a8022af1ec0e6c344af09ed48e	1287219438	2026-04-19T02:40:50Z	Data/Playlist1O/MasterAnaDev_data_AnaTuple_run00020650_Playlist.root
36b4aa1d8121d1cced40711a4b9bbee5fcd4ce4f76e1dd8141b167fdbf48ce95	1091662362	2026-04-19T02:40:58Z	Data/Playlist1O/MasterAnaDev_data_AnaTuple_run00020651_Playlist.root
60fb927b339f1285d153c985b6af8cf953370a431ff421da193cb28eb72786a1	1252535907	2026-04-19T02:41:05Z	Data/Playlist1O/MasterAnaDev_data_AnaTuple_run00020652_Playlist.root
2bc9284818ab749dfac4dd5f290d8ca2f141202bc0c7daad632b4cb5f291f33a	511557112	2026-04-19T02:41:08Z	Data/Playlist1O/MasterAnaDev_data_AnaTuple_run00020653_Playlist.root
65f46fce3640df92fcbeb74058fd939f28a5d1312ae3a6cb8d2b50f1a88b2f03	854067348	2026-04-19T02:50:29Z	Data/Playlist1P/MasterAnaDev_data_AnaTuple_run00020800_Playlist.root
a76d38fc40743dd93286a58b4c3f8373974a7de5394a3186ca23b0ada1ea4c30	1150419794	2026-04-19T02:50:34Z	Data/Playlist1P/MasterAnaDev_data_AnaTuple_run00020801_Playlist.root
fe301fe61409d49a658b0dcb4afeb5a36875aa92dd8f6d4f1230cfa4d4bb4107	1204711708	2026-04-19T02:50:40Z	Data/Playlist1P/MasterAnaDev_data_AnaTuple_run00020802_Playlist.root
ab31a881f41c53442bddc312fe5b6279d1a04ffa27487553ccc3bb3ebd952ff7	1987081808	2026-04-19T02:50:53Z	Data/Playlist1P/MasterAnaDev_data_AnaTuple_run00020803_Playlist.root
29b3db8aa9f7edfcbacd2d098793fefa8f5e833da17b0ef40be6a4ba4c0518c9	1166382653	2026-04-19T02:50:59Z	Data/Playlist1P/MasterAnaDev_data_AnaTuple_run00020804_Playlist.root
a019c7db56f15953a5726e49e3df27aa32d508b30d337b0908b3f1a043441af1	1209477051	2026-04-19T02:51:04Z	Data/Playlist1P/MasterAnaDev_data_AnaTuple_run00020805_Playlist.root
eeaa3dc41e5f74911e4d1a8503ba9095ab84bae1821a777dfd4231aeb49cc03a	1146395688	2026-04-19T02:51:11Z	Data/Playlist1P/MasterAnaDev_data_AnaTuple_run00020806_Playlist.root
3e4feb6faa28aedfb70f25f0b046ee9cc1049dd094aa1d02fae8f70560771357	1248075533	2026-04-19T02:51:17Z	Data/Playlist1P/MasterAnaDev_data_AnaTuple_run00020807_Playlist.root
b67c1bc41e7b01fe60f4a07367cb502f1bddce32ce7541835b20347906b755a0	1243139270	2026-04-19T02:51:22Z	Data/Playlist1P/MasterAnaDev_data_AnaTuple_run00020808_Playlist.root
534bddffe93e7d89264bf4184418705790bba6bffe1af451acfc5d668b641b49	1238194953	2026-04-19T02:51:29Z	Data/Playlist1P/MasterAnaDev_data_AnaTuple_run00020809_Playlist.root
1d2f6bfb24b2fcda49b99d23e306e91a99e50ffe01edfc975718db5d97e15253	1219915607	2026-04-19T02:51:35Z	Data/Playlist1P/MasterAnaDev_data_AnaTuple_run00020810_Playlist.root
32b6c15b288c646dccde22dfe0e68aa3aa1d19b64abea41255b0bc20967de93c	1144403079	2026-04-19T02:51:42Z	Data/Playlist1P/MasterAnaDev_data_AnaTuple_run00020811_Playlist.root
872531ea548292a7324e3734c02c2d7ce4e1d2e5d47eb32dafb020e3ce33f3dd	993348107	2026-04-19T02:51:48Z	Data/Playlist1P/MasterAnaDev_data_AnaTuple_run00020812_Playlist.root
96fb58c293ec4bbfa477404bde4c19298422fe2e61956542c1f414369fb320fa	1160727556	2026-04-19T02:51:53Z	Data/Playlist1P/MasterAnaDev_data_AnaTuple_run00020813_Playlist.root
62f854b48c01c87b9f9d7fc416eb08a6a04a75d1afe72277253809979f1b9c60	1070718047	2026-04-19T02:51:58Z	Data/Playlist1P/MasterAnaDev_data_AnaTuple_run00020814_Playlist.root
d9549177c48a3c5051559ef52bf91e5cd7a06abc2c77e7ca42af06dc71d12f50	1238946882	2026-04-19T02:52:03Z	Data/Playlist1P/MasterAnaDev_data_AnaTuple_run00020815_Playlist.root
b24e97c9806a3f3d79da4edfb70ec425da9be87057a67197d4f3797948d0cf49	1232878790	2026-04-19T02:52:08Z	Data/Playlist1P/MasterAnaDev_data_AnaTuple_run00020816_Playlist.root
3c422246e6d2ab114d304d8e49c180b43b5c192eb92b718fc91285072d82914a	8940257	2026-04-19T02:52:09Z	Data/Playlist1P/MasterAnaDev_data_AnaTuple_run00020817_Playlist.root
a17163d4ece808a84c1f92a6d404583efae6948414a27d489c824b05e5a384ac	21688305	2026-04-19T02:52:11Z	Data/Playlist1P/MasterAnaDev_data_AnaTuple_run00020818_Playlist.root
b13656fb96a441e475a7b54269f0eafa4425965d2c09ac262c05718f85cdb38d	1268439422	2026-04-19T02:52:22Z	Data/Playlist1P/MasterAnaDev_data_AnaTuple_run00020819_Playlist.root
ec423999dc20d0fd493b3f8adec29b4b4ddd7f9a2df5f7c00a713d4c2474772a	588027970	2026-04-19T02:52:25Z	Data/Playlist1P/MasterAnaDev_data_AnaTuple_run00020820_Playlist.root
1466d025e97da12bf80d08ba7bc6ddb3362dc09871cd0e87af30842219fa4814	1230122137	2026-04-19T02:52:31Z	Data/Playlist1P/MasterAnaDev_data_AnaTuple_run00020821_Playlist.root
aecf95e7cd1067c1e82b3578f8984cf2482d2a6c598737946acafa8954ece00b	845398660	2026-04-19T02:52:35Z	Data/Playlist1P/MasterAnaDev_data_AnaTuple_run00020822_Playlist.root
363cbd8f9e64ac89b770289a6d1025038965a471decda3fd30561f77e70ae6af	1124196804	2026-04-19T02:52:43Z	Data/Playlist1P/MasterAnaDev_data_AnaTuple_run00020823_Playlist.root
47c42a620c2b219c2bb96e8cf812356a25617ae3200f203d00eb61aa4b1c1c4b	1221766103	2026-04-19T02:52:50Z	Data/Playlist1P/MasterAnaDev_data_AnaTuple_run00020824_Playlist.root
a6d4d9c697893b7b8beeb8fe29ab8ab88fd46bd6b9894ce94a3b96a9033e0198	1270015867	2026-04-19T02:52:57Z	Data/Playlist1P/MasterAnaDev_data_AnaTuple_run00020825_Playlist.root
dd4659dcfb0fe9775a2c470f44c49a38b528cb57c4f9556f38f9a97aad2fc36b	1238674873	2026-04-19T02:53:02Z	Data/Playlist1P/MasterAnaDev_data_AnaTuple_run00020826_Playlist.root
76510038415a9c7bbc1a318c116ebe99aaa7f680e1cc83e616561ebb88b62dea	1191728730	2026-04-19T02:53:07Z	Data/Playlist1P/MasterAnaDev_data_AnaTuple_run00020827_Playlist.root
21486c62c48f9c429ddb822f93677c7d1e1fd76c036f148bf7ac10dff0def0db	1234361961	2026-04-19T02:53:13Z	Data/Playlist1P/MasterAnaDev_data_AnaTuple_run00020828_Playlist.root
92a31478c85f8faaff81d0f29e1b5be1733b928a01243d8a4038a0931d949ddd	1151431674	2026-04-19T02:53:19Z	Data/Playlist1P/MasterAnaDev_data_AnaTuple_run00020829_Playlist.root
fd7cd9744d59ccf73b6a6cf479ec4aff6fbefc65b2218ebe0b5e4236ec9e91db	1164473560	2026-04-19T02:53:27Z	Data/Playlist1P/MasterAnaDev_data_AnaTuple_run00020830_Playlist.root
6952cc653dea25b00acf1a18ffc1ef1a7bfda28d849d259c1dd2b2b416c6ae88	1181968316	2026-04-19T02:53:32Z	Data/Playlist1P/MasterAnaDev_data_AnaTuple_run00020831_Playlist.root
57150b4b20671199d749aad3be95a68893de19e019ed12dd0a28e7b60f8ac486	1236131878	2026-04-19T02:53:39Z	Data/Playlist1P/MasterAnaDev_data_AnaTuple_run00020832_Playlist.root
dc44472546449e7d116b319df6c6a3c8181e5f6af60d2ce6087336c1263b79a6	750559576	2026-04-19T02:53:42Z	Data/Playlist1P/MasterAnaDev_data_AnaTuple_run00020833_Playlist.root
decf2dfb4a2ad4e3d009346215f565d80473a67fc09fcfa3ab51b5f98e194e15	752957824	2026-04-19T02:53:46Z	Data/Playlist1P/MasterAnaDev_data_AnaTuple_run00020834_Playlist.root
b6141d62495b3abcc68004a5bab28b7f1ef09c0ce6fd4dfec3b54060cfb7c9cb	1243380997	2026-04-19T02:53:57Z	Data/Playlist1P/MasterAnaDev_data_AnaTuple_run00020835_Playlist.root
a1cc726c8bc755c516f355a3a1ffe64813e1e2e259bdfb8b287203dd0b654465	1192538329	2026-04-19T02:54:02Z	Data/Playlist1P/MasterAnaDev_data_AnaTuple_run00020836_Playlist.root
796ff66653b57257bc000f145aa4699f7969b65682c04da907753ab59613340a	1197954722	2026-04-19T02:54:09Z	Data/Playlist1P/MasterAnaDev_data_AnaTuple_run00020837_Playlist.root
83da80f9550697239e1056b068cdf820f8f7fd741b5831afb0d4c663947004a1	1109908586	2026-04-19T02:54:30Z	Data/Playlist1P/MasterAnaDev_data_AnaTuple_run00020838_Playlist.root
8db589951496060018ae2e09ec1bf40a1af5a8a941b6bd014474aeb3dc0e6f5f	1152759745	2026-04-19T02:54:35Z	Data/Playlist1P/MasterAnaDev_data_AnaTuple_run00020839_Playlist.root
c8d895a94f97e189326993cf320ef25b064793b808928fb4052410e866580788	46	2021-09-13T15:54:05Z	MATFluxAndReweightFiles/CVS/Repository
f10ad26c5f1e0cd41ab508fa8c6d38286bcd34ce04524c4c18e450b880cf2d8f	39	2021-09-13T15:54:05Z	MATFluxAndReweightFiles/CVS/Root
91977e51975544029dc5420e48135c9e811002f3295c8d0aa40ee5f3f254e430	5801	2021-09-13T16:31:15Z	MATFluxAndReweightFiles/Minerva_Planes.txt
57121d5260a30a0049ca07e2c6ea44b4e313723d7b0962e5f2a9a484b302a3ac	10750	2023-07-21T16:01:41Z	MATFluxAndReweightFiles/flux/CVS/Entries
e0b18567afd7da89930a6b573820e1c96e3d731ab25117785e71914dbeed296a	3087330	2021-07-07T16:55:52Z	MATFluxAndReweightFiles/flux/flux-g4numiv6-pdg-12-minervame1D_rearrangedUniverses.root
db7346ff8b3cfa963121225ba109497dff922aa7b16c0b90d9811a226d720139	3115973	2021-07-07T16:55:52Z	MATFluxAndReweightFiles/flux/flux-g4numiv6-pdg-12-minervame1M_rearrangedUniverses.root
fbb57c9574bea02caa7402512d77c140a6cbd5f4d085a745acdf283f6d67d32c	2993824	2021-07-07T16:55:52Z	MATFluxAndReweightFiles/flux/flux-g4numiv6-pdg-12-minervame1N_rearrangedUniverses.root
2ceba3558e89f7b152435ac3f46e32e7d73c8186e02870b5df1f82ccb8d88211	3130612	2021-07-07T16:55:53Z	MATFluxAndReweightFiles/flux/flux-g4numiv6-pdg-14-minervame1D_rearrangedUniverses.root
e672e633f637f14fee7c169cf9c1bfaad83ac3f033d1c6f171e451a704b941f3	3127208	2021-07-07T16:55:53Z	MATFluxAndReweightFiles/flux/flux-g4numiv6-pdg-14-minervame1M_rearrangedUniverses.root
9b66bf82b13c3d45332100cc6b37e52d7f97873c289109a2f99dcb8ce5195077	3135889	2021-07-07T16:55:53Z	MATFluxAndReweightFiles/flux/flux-g4numiv6-pdg-14-minervame1N_rearrangedUniverses.root
9d62cb5072943ccc1b3300913ba319b8cd20d3416fd679fe938ce121531c28d1	3110389	2021-07-07T16:55:54Z	MATFluxAndReweightFiles/flux/flux-g4numiv6-pdg12-minervame1D_rearrangedUniverses.root
aa3b421ba033b22368696d051a55b0602fa08033592e461ece70c1bb1293757f	3108265	2021-07-07T16:55:54Z	MATFluxAndReweightFiles/flux/flux-g4numiv6-pdg12-minervame1M_rearrangedUniverses.root
f46c98b46ba3abeb9b7fc4c6cd1f35705d0653109beac35559eff531db509ed3	3083001	2021-07-07T16:55:54Z	MATFluxAndReweightFiles/flux/flux-g4numiv6-pdg12-minervame1N_rearrangedUniverses.root
fa6e3a085f674957589d2d75e662ae4af6167996929da0d809a4cb6d89a26f31	3242764	2021-07-07T16:55:56Z	MATFluxAndReweightFiles/flux/flux-g4numiv6-pdg14-minervame1D.root
9c1b561c5245355898c03cdd1b221c7e3c6679fcd33bc6adc38b9c903ec29825	3184947	2021-07-07T16:55:56Z	MATFluxAndReweightFiles/flux/flux-g4numiv6-pdg14-minervame1D_rearrangedUniverses.root
f03207e7063b91eb51291d3f223bafa99d75428aa28c2bb5097b065319b0a6f5	3185381	2021-07-07T16:55:56Z	MATFluxAndReweightFiles/flux/flux-g4numiv6-pdg14-minervame1M_rearrangedUniverses.root
5a051aa71eeffae2e9dbd1efe51e8d51f7e04fe12e9fcda82893cd586119f315	3186949	2021-07-07T16:55:56Z	MATFluxAndReweightFiles/flux/flux-g4numiv6-pdg14-minervame1N_rearrangedUniverses.root
d9e88dc4332e01a9fd3ca09fc15e860f75cdd4659815e859938c3fd3d0f6784c	3082288	2021-07-07T16:55:58Z	MATFluxAndReweightFiles/flux/flux-gen2thin-pdg-12-minervame1D_rearrangedUniverses.root
e2fd14cad52b5c30e67e340302cb899e5698b595113f2374e56fad821fdb75e5	3112781	2021-07-07T16:55:58Z	MATFluxAndReweightFiles/flux/flux-gen2thin-pdg-12-minervame1M_rearrangedUniverses.root
e40620f02ce6fa7641562110332d8b102c3f8dcfd269a988e796af05832a05cd	2993076	2021-07-07T16:55:58Z	MATFluxAndReweightFiles/flux/flux-gen2thin-pdg-12-minervame1N_rearrangedUniverses.root
4cc2c17103c9c62de310434ce34bf2f4b7665eb7799f4a84c8da6a851678ab7d	3132419	2021-07-07T16:56:00Z	MATFluxAndReweightFiles/flux/flux-gen2thin-pdg-14-minervame1D_rearrangedUniverses.root
d9704aa45c016b044284d9e3cfc8c6d5c07cda0835a445866d5f792c8ac82840	3136251	2021-07-07T16:56:00Z	MATFluxAndReweightFiles/flux/flux-gen2thin-pdg-14-minervame1M_rearrangedUniverses.root
4789910343e493118ccc13651dbcd6a977189e4e27c081c043c9c90f1da18091	3130100	2021-07-07T16:56:00Z	MATFluxAndReweightFiles/flux/flux-gen2thin-pdg-14-minervame1N_rearrangedUniverses.root
da9c4e15d8e283ccfb638c25b43db6aa07fedd5b8d37c9f4271237d677d31f18	3109202	2021-07-07T16:56:01Z	MATFluxAndReweightFiles/flux/flux-gen2thin-pdg12-minervame1D_rearrangedUniverses.root
6a47d3c0c2d4b2120999a43bd3651e0dd92a802f4498fd7c53c277bb58f4c31c	3104859	2021-07-07T16:56:01Z	MATFluxAndReweightFiles/flux/flux-gen2thin-pdg12-minervame1M_rearrangedUniverses.root
87c0a2bb900a37d3d13247aadf8728c529f504daabc8293ff5a94ac83dd73438	3082120	2021-07-07T16:56:01Z	MATFluxAndReweightFiles/flux/flux-gen2thin-pdg12-minervame1N_rearrangedUniverses.root
93b860a6a7265479a9a59f1b0a198a20eb2e40e6eecbb3f64b329846daf70b91	3243550	2021-07-07T16:56:03Z	MATFluxAndReweightFiles/flux/flux-gen2thin-pdg14-minervame1D.root
951a400ea3aa9c62ab289119ac91b835fcb473ff8898d65065eb229fc2668ae5	3188849	2021-07-07T16:56:03Z	MATFluxAndReweightFiles/flux/flux-gen2thin-pdg14-minervame1D_rearrangedUniverses.root
3c76ed6fbb2d0623c645b0192b720253843f37d015cfc4c1cfc10f283433db0f	3187397	2021-07-07T16:56:03Z	MATFluxAndReweightFiles/flux/flux-gen2thin-pdg14-minervame1M_rearrangedUniverses.root
bfe5e3c5fb66252c64f1fde06f66dd0d656e2f69f5e5bd7cc159a537f31e5cfa	3182011	2021-07-07T16:56:03Z	MATFluxAndReweightFiles/flux/flux-gen2thin-pdg14-minervame1N_rearrangedUniverses.root
996a2752dbd08c32252f9b8c52706f8aa841ffe40539ab5b27d15b870a6f704f	5469	2021-07-14T21:05:41Z	MATFluxAndReweightFiles/flux/sys/Muon_Energy_MnvH1D.root
2ea12b5ed775dbaef12da397107809e7ac4a88e9bd7cb23e7a860ab3c0b138e2	6784	2021-07-07T16:45:00Z	MATFluxAndReweightFiles/hadronReweight/cross_section_neutron_carbon.root
4e0c8f1bf2e7dfa960ee8270325dda5b26f0a032b0950861cb1ab3b99353b92d	20349	2021-07-07T16:45:00Z	MATFluxAndReweightFiles/hadronReweight/cross_section_neutron_carbon_hd.root
8583f7815420321fb585863649db4bf0a58634c492bac4b1dc50fb31db615194	33617	2021-07-07T16:45:00Z	MATFluxAndReweightFiles/hadronReweight/cross_section_neutron_hydrogen_hd.root
9efa2bed1ceee009eb908d041de757e5b35c05151e70f220e89dd1d18f5b73f2	6739	2021-07-07T16:45:00Z	MATFluxAndReweightFiles/hadronReweight/cross_section_neutron_iron.root
17d1ac422d67821fe3c5673156d5b60ac2acad3219f9c0af347e913259843fed	43362	2021-07-07T16:45:00Z	MATFluxAndReweightFiles/hadronReweight/cross_section_neutron_iron_hd.root
f52e90128b2afe7821e9d1589cec3837d0c01fbad4b294d62d5f1447e4f78fe7	6815	2021-07-07T16:45:00Z	MATFluxAndReweightFiles/hadronReweight/cross_section_neutron_lead.root
f68576b4da1c5a22b901c2b405def86087b5fa19a6a8600b5e83947ff4fa595f	48056	2021-07-07T16:45:00Z	MATFluxAndReweightFiles/hadronReweight/cross_section_neutron_lead_hd.root
e142fb7b7107e612dbc6fc239e32cf5f64e418dcff29313370052cad30f07cea	6035	2021-07-07T16:45:00Z	MATFluxAndReweightFiles/hadronReweight/cross_section_pion_carbon.root
a16153592e960caa571ce2e261513c254c925db8d6b91d8aa9731c9d0cb9268a	6194	2021-07-07T16:45:00Z	MATFluxAndReweightFiles/hadronReweight/cross_section_pion_iron.root
901b8c9fad01d9a242111e36d70bf39e37bf8de62d3868cd63bf6ef73df00012	6457	2021-07-07T16:45:00Z	MATFluxAndReweightFiles/hadronReweight/cross_section_pion_lead.root
c1eca9d66f37a323ef3f8b2285ab85bd76167f9950db38bc26688c5d07a77a26	6856	2021-07-07T16:45:00Z	MATFluxAndReweightFiles/hadronReweight/cross_section_proton_carbon.root
f47d418e80a89c341523a03865f97eca3384249cadba1364094fb3d21bb2f63e	6813	2021-07-07T16:45:00Z	MATFluxAndReweightFiles/hadronReweight/cross_section_proton_iron.root
aa5d2020b37a21349cb765a90be7a84c3ee07324b60b030e82593b7eb2b2d6f0	6809	2021-07-07T16:45:00Z	MATFluxAndReweightFiles/hadronReweight/cross_section_proton_lead.root
03f019f64a0ec8796a5e9dddce8a9c21073ffb5a8b451bd09f2bcaa89aea73e3	22307	2021-07-14T21:05:41Z	MATFluxAndReweightFiles/hadronReweight/new_geant4_xsec.root
fbec8d2ae91bdd4989e6aeedb50c5a0c74de4884be4fc99ae5ee950606a9b553	5013	2021-07-07T16:45:00Z	MATFluxAndReweightFiles/lowNuReweight/lowNuReweight.root
4e67f560655d6c96da02d9b524b2c30b82d67ebd8cd725d2ab7dbff6a2c6d6a5	765987	2021-07-07T16:45:01Z	MATFluxAndReweightFiles/mhrwKineRenorm/Renorm_Kine_Truth_MinervaME1A_v10_HD_withElastics_RwgtNeutronCV_z5991-8408_a850.root
b8176a68ede2313b18b4b57477810c5b5f59a57f6f25d9edee4e4ba0e1f649f5	715413	2021-07-07T16:45:01Z	MATFluxAndReweightFiles/mhrwKineRenorm/Renorm_Kine_Truth_MinervaME1B_v10_HD_withElastics_RwgtNeutronCV_z5991-8408_a850.root
5852c17f52a86fb734e6e74f89c4f5ed6ee3133a72c6b6749694a99f25f9f74d	740609	2021-07-07T16:45:01Z	MATFluxAndReweightFiles/mhrwKineRenorm/Renorm_Kine_Truth_MinervaME1C_v10_HD_withElastics_RwgtNeutronCV_z5991-8408_a850.root
d9b86c059175fd337333613b59948d4acc093f37f4c90735ef067783887005cb	780328	2021-07-07T16:45:02Z	MATFluxAndReweightFiles/mhrwKineRenorm/Renorm_Kine_Truth_MinervaME1D_v10_HD_withElastics_RwgtNeutronCV_z5991-8408_a850.root
956ecadcdfdb88fcb1a4765a5f893af64053ef786006ccf134316d94305aeca2	774892	2021-07-07T16:45:02Z	MATFluxAndReweightFiles/mhrwKineRenorm/Renorm_Kine_Truth_MinervaME1E_v10_HD_withElastics_RwgtNeutronCV_z5991-8408_a850.root
06b7ed6fddf26f994ceb3f24972032fdbcbe9d44b0bf752f36013834d4791d5c	785761	2021-07-07T16:45:02Z	MATFluxAndReweightFiles/mhrwKineRenorm/Renorm_Kine_Truth_MinervaME1F_v10_HD_withElastics_RwgtNeutronCV_z5991-8408_a850.root
691043ad9cb2d0917d09a68a822f0d68b359aec30b397497dc404cc7637f7dae	780259	2021-07-07T16:45:02Z	MATFluxAndReweightFiles/mhrwKineRenorm/Renorm_Kine_Truth_MinervaME1G_v10_HD_withElastics_RwgtNeutronCV_z5991-8408_a850.root
b0df83a0ceb316989f5f5903736b45274ad6eea9371090791726b8e9eebc427b	699932	2021-07-07T16:45:02Z	MATFluxAndReweightFiles/mhrwKineRenorm/Renorm_Kine_Truth_MinervaME1L_v10_HD_withElastics_RwgtNeutronCV_z5991-8408_a850.root
27f2719db5ae768212aea3afc04c700ab4451627869611ac588ff52dd7dda171	816268	2021-07-07T16:45:03Z	MATFluxAndReweightFiles/mhrwKineRenorm/Renorm_Kine_Truth_MinervaME1M_v10_HD_withElastics_RwgtNeutronCV_z5991-8408_a850.root
5e20b8da8afa43659f230d70fb7dcb1aa36b08cccecf7d04aae6edfcf5fbcb7c	795929	2021-07-07T16:45:03Z	MATFluxAndReweightFiles/mhrwKineRenorm/Renorm_Kine_Truth_MinervaME1N_v10_HD_withElastics_RwgtNeutronCV_z5991-8408_a850.root
48732224797030aeba728b6f9f9dd894db39e6e2a098706c04e63d32305dd43f	747621	2021-07-07T16:45:03Z	MATFluxAndReweightFiles/mhrwKineRenorm/Renorm_Kine_Truth_MinervaME1O_v10_HD_withElastics_RwgtNeutronCV_z5991-8408_a850.root
f32b61ea3e1fe63ce4e98be2a36c3d6371bbcbce5f2bec46ce1a750972570c9f	760496	2021-07-07T16:45:03Z	MATFluxAndReweightFiles/mhrwKineRenorm/Renorm_Kine_Truth_MinervaME1P_v10_HD_withElastics_RwgtNeutronCV_z5991-8408_a850.root
172a0087727e1b2df6131f37c2242ecbb3e00e623e06b007b745974e4e82460b	17318473069	2025-12-18T19:49:28Z	MC/StandardMC/Playlist1A/MasterAnaDev_mc_AnaTuple_run00110000_Playlist.root
03c3f319dcc9933f367f70edefcf137c836f2d00a49d9b22db8c60ed0e4a9751	17319286427	2025-12-18T19:51:24Z	MC/StandardMC/Playlist1A/MasterAnaDev_mc_AnaTuple_run00110001_Playlist.root
e8a69b6c1a9f601bc2ad85e2939dd8e322eced71a0164a97450e75469d160c92	17325481336	2025-12-18T20:00:50Z	MC/StandardMC/Playlist1A/MasterAnaDev_mc_AnaTuple_run00110002_Playlist.root
754a10c008874bc837f04b76cb541232554a69ed27c7a7817e6089b717b751ee	17352797247	2025-12-18T20:01:34Z	MC/StandardMC/Playlist1A/MasterAnaDev_mc_AnaTuple_run00110003_Playlist.root
5ca3a896018f23d70f6515a7499c7c55a7c80d576233dfc0537dc7ac2103823d	17223610571	2025-12-18T20:03:01Z	MC/StandardMC/Playlist1A/MasterAnaDev_mc_AnaTuple_run00110004_Playlist.root
293a783354e34f51bc743eebcbdc8b621b05ed8f5373346f35e78ba5cfab1541	17385912299	2025-12-18T20:07:48Z	MC/StandardMC/Playlist1A/MasterAnaDev_mc_AnaTuple_run00110005_Playlist.root
398dce33eb38335de36a4eea458d445ebedc8a0d4d44ffae5e6e682a077a1f17	17371285874	2025-12-18T20:09:19Z	MC/StandardMC/Playlist1A/MasterAnaDev_mc_AnaTuple_run00110006_Playlist.root
49e556c313176f173e7eaf8d900f5d0a9f0603550c31bc6c57f6339a26521809	17300557113	2025-12-18T20:10:26Z	MC/StandardMC/Playlist1A/MasterAnaDev_mc_AnaTuple_run00110007_Playlist.root
1b074e4afaba7c9796c47df309c699990c8829a8e1795323024aa2c17b850ab5	17445176323	2025-12-18T20:11:46Z	MC/StandardMC/Playlist1A/MasterAnaDev_mc_AnaTuple_run00110008_Playlist.root
40aceaf06802f7c9360841d38b66479f876d51ecbf78caa79d0038959cd3e521	17283116863	2025-12-18T20:12:27Z	MC/StandardMC/Playlist1A/MasterAnaDev_mc_AnaTuple_run00110009_Playlist.root
6aa5d42b43905e5fb89a1c01ab8d86af496b2742612647fdd1c2be60da0c3842	17254688528	2025-12-18T20:13:26Z	MC/StandardMC/Playlist1A/MasterAnaDev_mc_AnaTuple_run00110010_Playlist.root
ae7ba5bb85608bd08e226cf37c5b61c245187b0c45cbc66d6eaaf426bf2dd2c3	17311834543	2025-12-18T20:14:37Z	MC/StandardMC/Playlist1A/MasterAnaDev_mc_AnaTuple_run00110011_Playlist.root
44b4eff036ac2d093d71dabd67796aed0a95a51498beb3a43aafefbf68427963	17302640136	2025-12-18T20:15:36Z	MC/StandardMC/Playlist1A/MasterAnaDev_mc_AnaTuple_run00110012_Playlist.root
f328f96b16cf632655be1d8f3083f0fb31a4e4c10b1684f856f0de8a031f9515	17324827202	2025-12-18T20:19:40Z	MC/StandardMC/Playlist1A/MasterAnaDev_mc_AnaTuple_run00110013_Playlist.root
80e84967d30f5d4f05e871c5637fa7a3f4031cfce96f9254635b51d45ac8211b	17296991992	2025-12-18T20:29:56Z	MC/StandardMC/Playlist1A/MasterAnaDev_mc_AnaTuple_run00110014_Playlist.root
61c00e486539ecc61c0d1b224717b15a2d733fe2289e9dd83780ea4d8945fbc4	17403373174	2025-12-18T20:32:17Z	MC/StandardMC/Playlist1A/MasterAnaDev_mc_AnaTuple_run00110015_Playlist.root
7ae65a40d4af2bbcd564a8cb7502eb2e8615d827d0a1f5154cc2a97f8951d153	17373934378	2025-12-18T20:33:16Z	MC/StandardMC/Playlist1A/MasterAnaDev_mc_AnaTuple_run00110016_Playlist.root
bb43e55babfa6beec224a1195aaeca6d24ba764236042f47252851bc57109399	17335745034	2025-12-18T20:38:03Z	MC/StandardMC/Playlist1A/MasterAnaDev_mc_AnaTuple_run00110017_Playlist.root
dc630fd90cbd1759e56ce6792674a57ca43e86b6f4f2a8445ca75c8198ea94c0	15152200944	2025-12-18T20:39:00Z	MC/StandardMC/Playlist1A/MasterAnaDev_mc_AnaTuple_run00110018_Playlist.root
8e5044452d62326a81cfa1ad04b5cc2778eda5fc9939e98f6b9a4a1c3032bd3c	17200380413	2025-12-18T20:40:23Z	MC/StandardMC/Playlist1A/MasterAnaDev_mc_AnaTuple_run00110019_Playlist.root
0cb6116911289ea48c0b1e6a864a11178ac01ae703186f1b8c551db5e1ba0b1b	17413513152	2025-12-18T20:49:00Z	MC/StandardMC/Playlist1A/MasterAnaDev_mc_AnaTuple_run00110020_Playlist.root
8ec8f835cba85d769255a3955a6e6bb35053732511a7ab7b25757205f5e337a5	17392167621	2025-12-18T20:51:19Z	MC/StandardMC/Playlist1A/MasterAnaDev_mc_AnaTuple_run00110021_Playlist.root
87ef74eac9c0a649059573216b563eb48059a40e511acad57f2d1c36cbbe6be8	17276361461	2025-12-18T20:52:52Z	MC/StandardMC/Playlist1A/MasterAnaDev_mc_AnaTuple_run00110022_Playlist.root
1b9918a63fc2e88f61fbdca21df31a1ad8a241e269a88fe198bf771bddbe6d2f	17215683453	2025-12-18T20:55:05Z	MC/StandardMC/Playlist1A/MasterAnaDev_mc_AnaTuple_run00110023_Playlist.root
c2ef7debeabc0dbb59c09256f3422228af0b8dc2c52bfc2567f21492239a478e	17297276516	2025-12-18T20:56:09Z	MC/StandardMC/Playlist1A/MasterAnaDev_mc_AnaTuple_run00110024_Playlist.root
7551f7cf0482e942d012e7e5101bfca382bb43b9e66ed9935f6b167d94626a26	17279876566	2025-12-18T20:57:05Z	MC/StandardMC/Playlist1A/MasterAnaDev_mc_AnaTuple_run00110025_Playlist.root
9764bab08382498fb358cae96e6666b8844f79fef71ed51ef68e5068ce8d07f1	17236417122	2025-12-18T20:59:06Z	MC/StandardMC/Playlist1A/MasterAnaDev_mc_AnaTuple_run00110026_Playlist.root
e5473253c55536d66476a8aad140f316ae8a790c6f3253ad7c7c6575b5788b75	17202905253	2025-12-18T21:00:10Z	MC/StandardMC/Playlist1A/MasterAnaDev_mc_AnaTuple_run00110027_Playlist.root
59f81febb33dea9532c9f0ed39b545e48a30ee4c1998c102b75326a0b58f152f	17383416785	2025-12-18T21:01:30Z	MC/StandardMC/Playlist1A/MasterAnaDev_mc_AnaTuple_run00110028_Playlist.root
b60aa94907d47b2be7142b73b983ba2c6274dc771a909955ac568e88759ffd0d	17252551451	2025-12-18T21:02:16Z	MC/StandardMC/Playlist1A/MasterAnaDev_mc_AnaTuple_run00110029_Playlist.root
03f42c4feb46af990754699c528b6e096ce813cbe9269f2ba1feb75ab932e08a	17089950532	2025-12-18T21:03:32Z	MC/StandardMC/Playlist1A/MasterAnaDev_mc_AnaTuple_run00110030_Playlist.root
3e5c1820b4a827a33e34000a76474a2fa56c3a60f433cbd992835ca46cd4ca13	17269904178	2025-12-18T21:04:20Z	MC/StandardMC/Playlist1A/MasterAnaDev_mc_AnaTuple_run00110031_Playlist.root
ea851acdf86af7af3558c2799b1100393a473356a724a3a42fc0077caaad3d19	17291036155	2025-12-18T21:05:57Z	MC/StandardMC/Playlist1A/MasterAnaDev_mc_AnaTuple_run00110032_Playlist.root
1b3dc3ef580b4d51170ad9177c3a3e12c2d3f4c0f0fca76241b3ec0628984e53	17286334948	2025-12-18T21:07:13Z	MC/StandardMC/Playlist1A/MasterAnaDev_mc_AnaTuple_run00110033_Playlist.root
8579b788e1259c0c6a5b3f22b9ab31a594a5ed136c3da9bf231f8254e5cce6f5	17248285481	2025-12-18T21:08:56Z	MC/StandardMC/Playlist1A/MasterAnaDev_mc_AnaTuple_run00110034_Playlist.root
60fab525674136c8cdbab4e415fa82137e3ba3a206997b13795da32d22322604	17332384466	2025-12-18T21:09:46Z	MC/StandardMC/Playlist1A/MasterAnaDev_mc_AnaTuple_run00110035_Playlist.root
21280864bdf839ac0f9712e0677561d3f4943e4556e99137a7faa4e358401f67	17152055950	2025-12-18T21:10:49Z	MC/StandardMC/Playlist1A/MasterAnaDev_mc_AnaTuple_run00110036_Playlist.root
e6309396ac2df5144a8d28abf2f03fd9b17d931b8fc38a87ca420d31ee51b1d4	17145161653	2025-12-18T21:11:39Z	MC/StandardMC/Playlist1A/MasterAnaDev_mc_AnaTuple_run00110037_Playlist.root
11aa4576729602b69394479a20a24f46d07f143074986caa12d428cd4b34c8e8	17205270009	2025-12-18T21:13:17Z	MC/StandardMC/Playlist1A/MasterAnaDev_mc_AnaTuple_run00110038_Playlist.root
34d63e19543d757630e10380589d865668953053b079fec7f64fcf3802eafacf	17317806193	2025-12-18T21:14:59Z	MC/StandardMC/Playlist1A/MasterAnaDev_mc_AnaTuple_run00110039_Playlist.root
cc9c63672793af45bd05b3cb93c6224d3c4112b130f7c39985e0d28e3c946cb2	17358406869	2025-12-18T21:15:53Z	MC/StandardMC/Playlist1A/MasterAnaDev_mc_AnaTuple_run00110040_Playlist.root
7ab6f65c8c612f4f481df24efa588d5c0d3d21e87e0c02a074987233dc3b3ee4	21456672032	2026-04-19T02:03:54Z	MC/StandardMC/Playlist1B/MasterAnaDev_mc_AnaTuple_run00111000_Playlist.root
6d86dd032eb363db4afb6fd7b82db63cbeb39a61d12688d96f11bc7c8881ea64	21719130441	2026-04-19T02:10:37Z	MC/StandardMC/Playlist1B/MasterAnaDev_mc_AnaTuple_run00111001_Playlist.root
45a531407e07963a2aeaa7750b2d209d0c337f9c3822c1b1faae17ceab4b001d	21621344900	2026-04-19T02:12:24Z	MC/StandardMC/Playlist1B/MasterAnaDev_mc_AnaTuple_run00111002_Playlist.root
64ee10994af6fe989ec7dba0d47c62ecea980d1c73ff61cafc2d76dc60fb4a5f	21604975871	2026-04-19T02:20:03Z	MC/StandardMC/Playlist1B/MasterAnaDev_mc_AnaTuple_run00111003_Playlist.root
38b5dc090afdee890942bc0737a015cf096069efcc8a2f3add3fb63aa5461376	21536173415	2026-04-19T02:21:36Z	MC/StandardMC/Playlist1B/MasterAnaDev_mc_AnaTuple_run00111004_Playlist.root
3dff49e03738ff0db2325ac87c8698a5a814cea97745d26e938e9ba51383db7b	21652613607	2026-04-19T02:23:21Z	MC/StandardMC/Playlist1B/MasterAnaDev_mc_AnaTuple_run00111005_Playlist.root
59008ef3d9dec4b1dfc168ada08f2fc920cf480864cf8fbee35773254cfb09e5	21540099700	2026-04-19T02:25:03Z	MC/StandardMC/Playlist1B/MasterAnaDev_mc_AnaTuple_run00111006_Playlist.root
a0584f4bd95354e855d48d9cd5e6c4eb7d80d34606af2aab15799925856aa573	21674042524	2026-04-19T02:26:26Z	MC/StandardMC/Playlist1B/MasterAnaDev_mc_AnaTuple_run00111007_Playlist.root
6618c3139273b8cd873464b7f19973c3d18a39f0e9fdd426d3de89257a1a4ba8	21482574785	2026-04-19T02:28:22Z	MC/StandardMC/Playlist1B/MasterAnaDev_mc_AnaTuple_run00111008_Playlist.root
f645f5520ba935526f1f8b49aca7199bac8fdc8e2cb890d59113e3f5afb92246	21713147162	2026-04-19T02:29:44Z	MC/StandardMC/Playlist1B/MasterAnaDev_mc_AnaTuple_run00111009_Playlist.root
f268d855f6ed95bcd42af4b148602651857968d70eb358e4f8755a2670cf23fc	21612720072	2026-04-19T02:32:09Z	MC/StandardMC/Playlist1B/MasterAnaDev_mc_AnaTuple_run00111010_Playlist.root
601d54dd150ee89a2d11a57c4a41fa3b9bae3716e7e7bc85d592c52a51ed158b	21788209355	2026-04-19T18:38:21Z	MC/StandardMC/Playlist1C/MasterAnaDev_mc_AnaTuple_run00111030_Playlist.root
624b7a2617b2ddc50d9fe723fa4bf2173f7c2c9ff3995da11978e016f10eb6b3	21695789576	2026-04-19T18:40:08Z	MC/StandardMC/Playlist1C/MasterAnaDev_mc_AnaTuple_run00111031_Playlist.root
3a4e546f89b65d75ce996e0dead7506574fa9a00b4145a69b2bf241480775fa9	21714626283	2026-04-19T18:41:55Z	MC/StandardMC/Playlist1C/MasterAnaDev_mc_AnaTuple_run00111032_Playlist.root
934fddc9e3312321eb8514b436a0613c627ec11a0b172fc4494f013b9cc7778b	21668845945	2026-04-19T18:43:17Z	MC/StandardMC/Playlist1C/MasterAnaDev_mc_AnaTuple_run00111033_Playlist.root
66e98ebe17184097f3e18105b5b10361228163cda1111d26e8886edab3e03438	21643129884	2026-04-19T18:44:50Z	MC/StandardMC/Playlist1C/MasterAnaDev_mc_AnaTuple_run00111034_Playlist.root
e06efa41d4cfe29be04399587ff0974d04edb36d5865a100a5b95d1d9d6355f7	21648638439	2026-04-19T18:46:11Z	MC/StandardMC/Playlist1C/MasterAnaDev_mc_AnaTuple_run00111035_Playlist.root
a1e6c55c34083fad9c1064fb99f862ade7ff2412b17eaf940deb09b800d48c85	21794673993	2026-04-19T18:47:43Z	MC/StandardMC/Playlist1C/MasterAnaDev_mc_AnaTuple_run00111036_Playlist.root
ecb861d24d0736516783a4a84b4be90f9ebbb9b2a06a037e390f001ef3c44837	21738055094	2026-04-19T18:51:47Z	MC/StandardMC/Playlist1C/MasterAnaDev_mc_AnaTuple_run00111037_Playlist.root
41df40481b86a7f63184d4287409b5c5d52a28213aff38a12b0532ae9667a2e6	21666535764	2026-04-19T18:54:20Z	MC/StandardMC/Playlist1C/MasterAnaDev_mc_AnaTuple_run00111038_Playlist.root
fb8d2a97e288cb81084667ce44215365b78d1181d8b926d2028af21766f893cb	21622868884	2026-04-19T18:55:34Z	MC/StandardMC/Playlist1C/MasterAnaDev_mc_AnaTuple_run00111039_Playlist.root
fe35785b92ee99b49f4dbfdbe9f88e3844cfffe1064af4103651f0ccb4850d52	21341562127	2026-04-19T18:57:31Z	MC/StandardMC/Playlist1C/MasterAnaDev_mc_AnaTuple_run00111040_Playlist.root
4737115a1a1379be6de4ba8f19765ab227953fec093b666e399af996c1333773	21706350836	2026-04-19T18:59:27Z	MC/StandardMC/Playlist1C/MasterAnaDev_mc_AnaTuple_run00111041_Playlist.root
eb62851d13aa512db999af2cff552e1476c1a2cd838f97e0fe0d3478209f6f48	21819487057	2026-04-19T19:03:51Z	MC/StandardMC/Playlist1C/MasterAnaDev_mc_AnaTuple_run00111042_Playlist.root
4d3d86f448bd626d4da524ca9d238745ce529db4ede53530564a7d42fa5de482	21644513196	2026-04-19T19:05:41Z	MC/StandardMC/Playlist1C/MasterAnaDev_mc_AnaTuple_run00111043_Playlist.root
704372e926cdf959efa57637acb0ddd1e4307e324a2d7517ad6f9ba5245cde4b	21651507752	2026-04-19T19:07:44Z	MC/StandardMC/Playlist1C/MasterAnaDev_mc_AnaTuple_run00111044_Playlist.root
4ed0bbaf26eb9c53abb8f7e02e3c995aca4e4659ce92ca48bb26aadca5c30502	21725707785	2026-04-19T19:09:42Z	MC/StandardMC/Playlist1C/MasterAnaDev_mc_AnaTuple_run00111045_Playlist.root
b70555abce7a75f8703ee25cded5168be344e81debc1f5fafba5b19c997892ff	21500720840	2026-04-19T19:11:13Z	MC/StandardMC/Playlist1C/MasterAnaDev_mc_AnaTuple_run00111046_Playlist.root
dd4db45581e2c62311c976a7791477c8a3185e68c4d395f315973efa4d16c030	21143714195	2026-04-19T19:12:33Z	MC/StandardMC/Playlist1C/MasterAnaDev_mc_AnaTuple_run00111047_Playlist.root
7be36fba0105c7175b3575e952e7c2c2cee1fd80c9c591615dbe97d359d0d0c4	21590769599	2026-04-19T19:14:19Z	MC/StandardMC/Playlist1C/MasterAnaDev_mc_AnaTuple_run00111048_Playlist.root
9458f851cc62e7aaf68ec5dea86219e7f2e07bfae21513bc25cd9580c9811aa7	21571377092	2026-04-19T19:15:32Z	MC/StandardMC/Playlist1C/MasterAnaDev_mc_AnaTuple_run00111049_Playlist.root
45f7ff92c2f5988d115782bf7159b6ca4628c26b147783aaea3b1e41e8e60495	21612105651	2026-04-19T19:16:54Z	MC/StandardMC/Playlist1C/MasterAnaDev_mc_AnaTuple_run00111050_Playlist.root
a441d4442630f66b596db0bf1dfa4cfb784b1b5970976140abc5d5fcd52264e3	21631153471	2026-04-19T19:54:56Z	MC/StandardMC/Playlist1D/MasterAnaDev_mc_AnaTuple_run00111100_Playlist.root
bbc390103575f2d5c2d78a0eccaef1a91b10dae5ddcf97fe967bbbbf945a0abf	21612288904	2026-04-19T19:56:39Z	MC/StandardMC/Playlist1D/MasterAnaDev_mc_AnaTuple_run00111101_Playlist.root
541932ffd4f7ecfc1f2673bb729de7072fd4698892ae71574c1cf411d3bb9a0c	21694327181	2026-04-19T19:58:38Z	MC/StandardMC/Playlist1D/MasterAnaDev_mc_AnaTuple_run00111102_Playlist.root
7319a22ca783223dae68160cb19b28d849bd62eb22ca635ca61953222edbcc6e	21611045716	2026-04-19T20:00:20Z	MC/StandardMC/Playlist1D/MasterAnaDev_mc_AnaTuple_run00111103_Playlist.root
c32f62915478a1f9715f5341c6a854650d2de66f59c078bba1a2b2d9dab51326	21732508201	2026-04-19T20:05:20Z	MC/StandardMC/Playlist1D/MasterAnaDev_mc_AnaTuple_run00111104_Playlist.root
064f369504b1ed64069052e4e6f6b4f644cc768790536860bbf527344530c917	21668546962	2026-04-19T20:06:47Z	MC/StandardMC/Playlist1D/MasterAnaDev_mc_AnaTuple_run00111105_Playlist.root
a53219a63498b521932b0434266db84e2f69f48e58df6e1f0403f0ab8d051916	21664512666	2026-04-19T20:08:12Z	MC/StandardMC/Playlist1D/MasterAnaDev_mc_AnaTuple_run00111106_Playlist.root
b90d0760d52c3378ffd1a9b5eeca3caf886e566d9526242e255dec5d368071ec	21659823989	2026-04-19T20:09:49Z	MC/StandardMC/Playlist1D/MasterAnaDev_mc_AnaTuple_run00111107_Playlist.root
ef1ff19c954644197df829c46ee2a3b8d6c4f7246ce7877a209ae8596723103d	21587939007	2026-04-19T20:11:46Z	MC/StandardMC/Playlist1D/MasterAnaDev_mc_AnaTuple_run00111108_Playlist.root
6f8db587f8275e1e031ade79ab7cd0686e4cccfec2abcb41289f46b369d3258e	21741167087	2026-04-19T20:12:50Z	MC/StandardMC/Playlist1D/MasterAnaDev_mc_AnaTuple_run00111109_Playlist.root
2f44e8c41f69d8c2b4e22636fbcd678969e7977d44b8081fe9254e34f139890b	21651621555	2026-04-19T20:14:30Z	MC/StandardMC/Playlist1D/MasterAnaDev_mc_AnaTuple_run00111110_Playlist.root
9a5861df1c19c8e51ebbf116e8022e0983dae9bb7b948e21452c9cb4c13f7bcd	21618240120	2026-04-19T20:16:00Z	MC/StandardMC/Playlist1D/MasterAnaDev_mc_AnaTuple_run00111111_Playlist.root
8150b0435ee6f76f336aa0468edd32af2ba3a1d3cfe8bf17ba94058a9f931517	21617742511	2026-04-19T20:22:38Z	MC/StandardMC/Playlist1D/MasterAnaDev_mc_AnaTuple_run00111112_Playlist.root
5f3add2e8969908a1c3e3df72d3271c97a42490a29208a5c04431dabb14fe8a8	21539050213	2026-04-19T20:24:47Z	MC/StandardMC/Playlist1D/MasterAnaDev_mc_AnaTuple_run00111113_Playlist.root
4a8c308024f0c12d874cbce56b2e709a0f22a71aef9813e5770acead3833416b	21574472338	2026-04-19T20:26:10Z	MC/StandardMC/Playlist1D/MasterAnaDev_mc_AnaTuple_run00111114_Playlist.root
db9b003011e492b760396d62d9874662c125134be2bc72704af05011845ffdf9	21648641869	2026-04-19T20:27:21Z	MC/StandardMC/Playlist1D/MasterAnaDev_mc_AnaTuple_run00111115_Playlist.root
9e24433bf47f3dae5e3b85ee85387f9cbb558aa525cd8ac7c5537e6422a0b345	21667298136	2026-04-19T20:29:03Z	MC/StandardMC/Playlist1D/MasterAnaDev_mc_AnaTuple_run00111116_Playlist.root
bddfa35d4b3851b73cc09449a7d32f65bd22e66cc74f0313fe30d58b50e2de73	21753145959	2026-04-19T20:33:37Z	MC/StandardMC/Playlist1D/MasterAnaDev_mc_AnaTuple_run00111117_Playlist.root
514fc31f494b679b1798b4c55e1db4cb5b8508b9d7b5b352e55b46ffadff2b13	21687159341	2026-04-19T20:35:15Z	MC/StandardMC/Playlist1D/MasterAnaDev_mc_AnaTuple_run00111118_Playlist.root
c9405f26624c1f652834da869ca7f5a602218d5180c5c3a40e6b2fb968cb5cad	21632187292	2026-04-19T20:36:49Z	MC/StandardMC/Playlist1D/MasterAnaDev_mc_AnaTuple_run00111119_Playlist.root
718bf66f69494aab172b40dfda5b94bc74261900a3f0e51ab51a3bfbd2215e47	21769388514	2026-04-19T20:38:21Z	MC/StandardMC/Playlist1D/MasterAnaDev_mc_AnaTuple_run00111120_Playlist.root
7d8956873b97388ea0e8b93a672fa3fd57c88508bbea90df1019056c6b518c82	21647353235	2026-04-19T20:40:13Z	MC/StandardMC/Playlist1D/MasterAnaDev_mc_AnaTuple_run00111121_Playlist.root
5fd17f7ea04970e83aa6e8b3947d8640e85ff528c04f5e5690666ca07cf20ec7	21584447545	2026-04-19T20:41:36Z	MC/StandardMC/Playlist1D/MasterAnaDev_mc_AnaTuple_run00111122_Playlist.root
66cb2efa79f596b3959130c6b70b3c8eccf9930995f36e658db5c6b35ee8d3a1	21679745638	2026-04-19T20:43:11Z	MC/StandardMC/Playlist1D/MasterAnaDev_mc_AnaTuple_run00111123_Playlist.root
11b82a0d30595b230f88a581a0b766af51275e827848b1a5f2183bedfcb891e5	21780308549	2026-04-19T20:44:15Z	MC/StandardMC/Playlist1D/MasterAnaDev_mc_AnaTuple_run00111124_Playlist.root
e5912863b87b531e887abee5c2cc2f25472d4d846391f2f8e76d149d1c3658fb	21588797372	2026-04-19T20:46:10Z	MC/StandardMC/Playlist1D/MasterAnaDev_mc_AnaTuple_run00111125_Playlist.root
4cd396af75981d65094f734e94bf512e3db625f5aa441b04120c350684dc4961	21670549817	2026-04-19T20:51:27Z	MC/StandardMC/Playlist1D/MasterAnaDev_mc_AnaTuple_run00111126_Playlist.root
2e201323a14f9bed9f7d90486e710a6e98d896754924ec792ac55bf9ef35ceb6	21596119189	2026-04-19T20:52:31Z	MC/StandardMC/Playlist1D/MasterAnaDev_mc_AnaTuple_run00111127_Playlist.root
b2fd42975c1022883690b171dc40049ac4812df6373bd653cfad54bebfd9dbfa	21711895968	2026-04-19T20:53:58Z	MC/StandardMC/Playlist1D/MasterAnaDev_mc_AnaTuple_run00111128_Playlist.root
acb3ca1f93f01433da90d5994ce9297b1ba1dcded068f2881c65df8a574dac3f	21733144802	2026-04-19T20:55:31Z	MC/StandardMC/Playlist1D/MasterAnaDev_mc_AnaTuple_run00111129_Playlist.root
3cb0aa804d23d79901969007df954e7c673089ee5865acdbd740a8fbce9e1884	21621010374	2026-04-19T20:57:07Z	MC/StandardMC/Playlist1D/MasterAnaDev_mc_AnaTuple_run00111130_Playlist.root
a4143cffbd96890b527d9f97d48ee922897ad367541644f3fcd79e9cdd9533fe	21460806987	2026-04-19T20:58:13Z	MC/StandardMC/Playlist1D/MasterAnaDev_mc_AnaTuple_run00111131_Playlist.root
3c6e7913b353478d9109842c1d0fdccc918c48e3bbf2af015dcd7d519d1014ff	21652391381	2026-04-19T20:59:42Z	MC/StandardMC/Playlist1D/MasterAnaDev_mc_AnaTuple_run00111132_Playlist.root
5c4724e0d054ed8b3f1e9b67a9545603dfa5c7b59f4ea72f32f2021f40595ce3	21483668021	2026-04-19T21:00:56Z	MC/StandardMC/Playlist1D/MasterAnaDev_mc_AnaTuple_run00111133_Playlist.root
83d8f6de4ba894dea2e76136e0676e34171afba52bd05f4479d69c241c54e344	21560837844	2026-04-19T21:02:06Z	MC/StandardMC/Playlist1D/MasterAnaDev_mc_AnaTuple_run00111134_Playlist.root
689638914605b21c5e209668f0b0b9dcb5b2be44a540d854d2dd7edb54f69eb1	21574420851	2026-04-19T21:03:28Z	MC/StandardMC/Playlist1D/MasterAnaDev_mc_AnaTuple_run00111135_Playlist.root
1c9cec065ddc668972576483f28bf4c98f1076e430de31c10b714f9655e7e073	21603144146	2026-04-19T21:04:58Z	MC/StandardMC/Playlist1D/MasterAnaDev_mc_AnaTuple_run00111136_Playlist.root
2b799f272ed3eff1c48ce6552aa63a1ffcfd7117f331991125c2fd532fe10b02	21742610216	2026-04-19T21:06:45Z	MC/StandardMC/Playlist1D/MasterAnaDev_mc_AnaTuple_run00111137_Playlist.root
850bb71cbfbb69c669aacf59cfa44abea0594c8035b409cb8876d55b577d8cd0	21774765475	2026-04-19T21:08:07Z	MC/StandardMC/Playlist1D/MasterAnaDev_mc_AnaTuple_run00111138_Playlist.root
85542881b8300dd23d83a893b1a6c4e2aed2118c6f82ee88f46d7a57df55f26a	21837400216	2026-04-19T21:09:47Z	MC/StandardMC/Playlist1D/MasterAnaDev_mc_AnaTuple_run00111139_Playlist.root
11ee549a177c1ab07c8f483a26bfcc447e32d8d237ecba2c56876b147da70adb	21620242928	2026-04-19T21:11:13Z	MC/StandardMC/Playlist1D/MasterAnaDev_mc_AnaTuple_run00111140_Playlist.root
b6163b555001cd023c497c4336300a0ea4ddb0d4dd5225ae86d67b93a9f6877b	21539868876	2026-04-19T21:12:16Z	MC/StandardMC/Playlist1D/MasterAnaDev_mc_AnaTuple_run00111141_Playlist.root
5dde18bb4441d505b10b428896964ff04111ff868a02a8adb9211bb15efc26e2	21693028953	2026-04-19T21:13:35Z	MC/StandardMC/Playlist1D/MasterAnaDev_mc_AnaTuple_run00111142_Playlist.root
204abc43e41e8fc96b1b5f09ac677ae8be828f742e8c28ddb97d7e7379e0a4d5	21619618229	2026-04-19T21:20:33Z	MC/StandardMC/Playlist1D/MasterAnaDev_mc_AnaTuple_run00111143_Playlist.root
d01b6e73aa7320dd8a2b321002db5226a8fcb0c12edf5bac94abf14d19b209c2	21719480886	2026-04-19T21:22:24Z	MC/StandardMC/Playlist1D/MasterAnaDev_mc_AnaTuple_run00111144_Playlist.root
3c0d9c88cde1dc10fc6802f55fb1e7f877d56e61f12ccd8a7c4ab1936ba727d2	21538793676	2026-04-19T21:23:48Z	MC/StandardMC/Playlist1D/MasterAnaDev_mc_AnaTuple_run00111145_Playlist.root
d3cd31ef4571810a1b036d1b52f98fbd3c9ca685365b75ae7c92e53fdd475471	21711910765	2026-04-19T21:31:38Z	MC/StandardMC/Playlist1D/MasterAnaDev_mc_AnaTuple_run00111146_Playlist.root
bd1886b60d36def308e6f1a1c8d079f6683dd7bb68e9e7bcfc128ac15fcc4cbf	21655611183	2026-04-19T21:36:06Z	MC/StandardMC/Playlist1D/MasterAnaDev_mc_AnaTuple_run00111147_Playlist.root
dd33592ac798c9551900b3b5a5741f8cede805ae366fe32bcf320868eb0385ce	21555165273	2026-04-19T21:40:50Z	MC/StandardMC/Playlist1D/MasterAnaDev_mc_AnaTuple_run00111148_Playlist.root
c5731589c1919ac1b764f8f53d23bf2bd516228364013a66aeae38f7007c54bb	21739973491	2026-04-19T21:42:16Z	MC/StandardMC/Playlist1D/MasterAnaDev_mc_AnaTuple_run00111149_Playlist.root
722c03028ad531fa28e5ccea2fcec649aefded4fc051326dde7a26fb37079c8c	21691993801	2026-04-19T21:43:43Z	MC/StandardMC/Playlist1D/MasterAnaDev_mc_AnaTuple_run00111150_Playlist.root
1555bf03c6261e2abe31e6ea02f7279b213b7a84b1542da551b340affef77a61	21701775160	2026-04-19T21:48:53Z	MC/StandardMC/Playlist1D/MasterAnaDev_mc_AnaTuple_run00111151_Playlist.root
9ca1084caf52101f5cbbff7e870806d9783146428f7036e58bbcc57740106b26	21563027685	2026-04-19T21:50:18Z	MC/StandardMC/Playlist1D/MasterAnaDev_mc_AnaTuple_run00111152_Playlist.root
7bf4d3432484ad8e5fe478e3cd2d0f3b66b296b8b825e80173bffbca7cbd438b	21547065952	2026-04-19T21:56:59Z	MC/StandardMC/Playlist1D/MasterAnaDev_mc_AnaTuple_run00111153_Playlist.root
73cb4622c5d6011ab6a84e95d9b24cd4f1794eda662363ce737b1c54e9394e8b	21601069125	2026-04-19T21:58:48Z	MC/StandardMC/Playlist1D/MasterAnaDev_mc_AnaTuple_run00111154_Playlist.root
26128910d3171a9de32eac91c4d5c8888a1c4228b8daa600b1f4b7394cb082ac	21448824828	2026-04-19T22:00:10Z	MC/StandardMC/Playlist1D/MasterAnaDev_mc_AnaTuple_run00111155_Playlist.root
513e73c73c5159612096ab37d1761fbc53cf3c5732446a598c1220d53439dd79	21401929396	2026-04-19T22:04:20Z	MC/StandardMC/Playlist1D/MasterAnaDev_mc_AnaTuple_run00111156_Playlist.root
28064e8fca303a32ca8485615601e07de6cf77f088d0cebd48dcdc3959912361	21309535419	2026-04-19T22:07:47Z	MC/StandardMC/Playlist1D/MasterAnaDev_mc_AnaTuple_run00111157_Playlist.root
a403bb0cf9306f55f8d685b6838ee4673b22bca67e85c8c5f0e76a67e0cf4c45	21340243739	2026-04-19T22:09:47Z	MC/StandardMC/Playlist1D/MasterAnaDev_mc_AnaTuple_run00111158_Playlist.root
c77fdd55e17d5939e005e70b02b618f109cce7dbe78b1d5f8285c8d6d0d4201f	21492837364	2026-04-19T22:11:33Z	MC/StandardMC/Playlist1D/MasterAnaDev_mc_AnaTuple_run00111159_Playlist.root
85ffc178b84226439b623145e5e495bede7eb1214d28e8abbbb4958a08ac5903	21416808203	2026-04-19T22:13:27Z	MC/StandardMC/Playlist1D/MasterAnaDev_mc_AnaTuple_run00111160_Playlist.root
4beb564b3008b17ab10873c791efbeb0431b947bca25712092e684fa7f4e7a54	21714362314	2026-04-19T19:55:09Z	MC/StandardMC/Playlist1E/MasterAnaDev_mc_AnaTuple_run00111325_Playlist.root
38d56ef1748eb9252a120533c0812a3ce9864a4a0d68ac4105bb40cc0cf2515e	21603544779	2026-04-19T20:00:05Z	MC/StandardMC/Playlist1E/MasterAnaDev_mc_AnaTuple_run00111326_Playlist.root
0445b62e9bb075f5d82d247d68eb71bf4c94eba7da76a2a272a98c05c4706c03	21665672852	2026-04-19T20:02:15Z	MC/StandardMC/Playlist1E/MasterAnaDev_mc_AnaTuple_run00111327_Playlist.root
226978ab32c9154fe62e61ae4d52b7d3107013f0894eb84100cf9cea47d74acb	21613489831	2026-04-19T20:03:26Z	MC/StandardMC/Playlist1E/MasterAnaDev_mc_AnaTuple_run00111328_Playlist.root
7006e1ecb19ebe7118e37677f0fb772d16a89a13f94a67b2761d17cff99a17dc	21329148940	2026-04-19T20:04:18Z	MC/StandardMC/Playlist1E/MasterAnaDev_mc_AnaTuple_run00111329_Playlist.root
3b860b3e85a793324a7b0cac336fef0a61d1a8fc2edeb51038486f627ba20932	21703902873	2026-04-19T20:05:36Z	MC/StandardMC/Playlist1E/MasterAnaDev_mc_AnaTuple_run00111330_Playlist.root
cb58de8e777a540cb017bb498066d908378e3d0a680c9e9947f1a9f9dc545a35	21650911485	2026-04-19T20:06:54Z	MC/StandardMC/Playlist1E/MasterAnaDev_mc_AnaTuple_run00111331_Playlist.root
b410b786f1d92f7dd991f252a7b434a28aa8d8d44687d8e843d40f600defc3b6	21712465959	2026-04-19T20:12:04Z	MC/StandardMC/Playlist1E/MasterAnaDev_mc_AnaTuple_run00111332_Playlist.root
c904b326a500be0d70b9ae06d2d79dc75e7028a735b3b1342be4040e4f275003	21777099047	2026-04-19T20:13:02Z	MC/StandardMC/Playlist1E/MasterAnaDev_mc_AnaTuple_run00111333_Playlist.root
51296c3d25e496409c107e3fe5ea089840b0d2928913a39c0a34c87050489528	21700317982	2026-04-19T20:14:12Z	MC/StandardMC/Playlist1E/MasterAnaDev_mc_AnaTuple_run00111334_Playlist.root
a191fab1dda801a915c57bc77f9e6862c069563e76d0379a7cd0676d15ea24ba	21602513048	2026-04-19T20:16:12Z	MC/StandardMC/Playlist1E/MasterAnaDev_mc_AnaTuple_run00111335_Playlist.root
07fffaebfb7124ce24829ca9be0d8035a13bb6b7796ae01f0670422c4fd350bd	21544180888	2026-04-19T20:17:27Z	MC/StandardMC/Playlist1E/MasterAnaDev_mc_AnaTuple_run00111336_Playlist.root
96141aac9b002bad9b80f4fb0a15e7b3d495e1fc09af8d7d303e8903ac34c14b	21627574641	2026-04-19T20:19:42Z	MC/StandardMC/Playlist1E/MasterAnaDev_mc_AnaTuple_run00111337_Playlist.root
1c4c703d16a2ec6ab3647bf80b5c9b28e54c2d7dab70328423bd265daca790bf	21711117577	2026-04-19T20:21:44Z	MC/StandardMC/Playlist1E/MasterAnaDev_mc_AnaTuple_run00111338_Playlist.root
fd6669554e0addc3a3b33e522e5b141c15c2c399ec083edbc4c7c1f78ebd6c9e	21581273689	2026-04-19T20:23:51Z	MC/StandardMC/Playlist1E/MasterAnaDev_mc_AnaTuple_run00111339_Playlist.root
7a921e22e5bf2bc31907e697548e36f33a4bfc43a146a9c089e1d3adc9364b73	21582579809	2026-04-19T20:25:53Z	MC/StandardMC/Playlist1E/MasterAnaDev_mc_AnaTuple_run00111340_Playlist.root
534d5b76ed82aa7168c28e32399e86fa8754560b7f912e9f6dea77f9c565ffb4	21701262346	2026-04-19T20:27:13Z	MC/StandardMC/Playlist1E/MasterAnaDev_mc_AnaTuple_run00111341_Playlist.root
83a6e682e583b68421920144441c1cef6f744443ad9e7ba0b38faae29279eae1	21798830043	2026-04-19T20:28:10Z	MC/StandardMC/Playlist1E/MasterAnaDev_mc_AnaTuple_run00111342_Playlist.root
4e8d56749d24b0e3834ac9f1bd4364f71315b3e9f78a54af16c996adab103423	21584163523	2026-04-19T20:29:30Z	MC/StandardMC/Playlist1E/MasterAnaDev_mc_AnaTuple_run00111343_Playlist.root
a5dc1c74466e8e5e884a0a3868506bb3b9393ec98b278e9ab1395ba2612907b8	21642358331	2026-04-19T20:30:50Z	MC/StandardMC/Playlist1E/MasterAnaDev_mc_AnaTuple_run00111344_Playlist.root
81fd9d9a80e306fff514e715a1cb818a4a60ee08805f4252de04426297f67f7a	21680467600	2026-04-19T20:32:04Z	MC/StandardMC/Playlist1E/MasterAnaDev_mc_AnaTuple_run00111345_Playlist.root
d0fda4891aa65a1918987e9ec5b8145734ba35fb033149c0928c24653a30ca46	21540863572	2026-04-19T20:33:16Z	MC/StandardMC/Playlist1E/MasterAnaDev_mc_AnaTuple_run00111346_Playlist.root
7b126c026604ec4231a451038e1d157edf9bf5499327f9e8b316eff73cd60a70	21510055424	2026-04-19T20:34:31Z	MC/StandardMC/Playlist1E/MasterAnaDev_mc_AnaTuple_run00111347_Playlist.root
f72ac78bb230a9d4a5bcdda82e4bfa2b5787d5d54a3aa295c2e85da4e02a5964	21603411983	2026-04-19T20:35:56Z	MC/StandardMC/Playlist1E/MasterAnaDev_mc_AnaTuple_run00111348_Playlist.root
2d7bc0bd1b48c970e524ba347eef079655935c5c28eda00dc6333f19709bcbd4	21628293267	2026-04-19T20:37:29Z	MC/StandardMC/Playlist1E/MasterAnaDev_mc_AnaTuple_run00111349_Playlist.root
92ffe5fdc6b398706ae7802eee47fdc1c40146f14e612bcb12167310a0bc5303	21718670995	2026-04-19T20:38:49Z	MC/StandardMC/Playlist1E/MasterAnaDev_mc_AnaTuple_run00111350_Playlist.root
581851e6cdf76cbda43009a442b2178f9afa399f5953caf9ed23079ab57cd566	21533778248	2026-04-19T20:40:33Z	MC/StandardMC/Playlist1E/MasterAnaDev_mc_AnaTuple_run00111351_Playlist.root
8c7831eb150ef027015a518a0e30a51c7eeadbeb567cd2051909979723360451	21727996466	2026-04-19T20:41:49Z	MC/StandardMC/Playlist1E/MasterAnaDev_mc_AnaTuple_run00111352_Playlist.root
29d2467b7f8caa6bed5f121ab10d2bd662e3b91fcc7aa3486d93d7bea659953d	21514945193	2026-04-19T20:43:10Z	MC/StandardMC/Playlist1E/MasterAnaDev_mc_AnaTuple_run00111353_Playlist.root
4ff27f024d1b6d5650b121698ccc4d72032597d1d89eb8e61f9b54a5673febf3	21343565037	2026-04-19T20:44:50Z	MC/StandardMC/Playlist1E/MasterAnaDev_mc_AnaTuple_run00111354_Playlist.root
c4edf1980fba747d5978e137b4634a936972525044b0db9ebc64347323701504	21709774352	2026-04-19T20:50:21Z	MC/StandardMC/Playlist1E/MasterAnaDev_mc_AnaTuple_run00111355_Playlist.root
40a3f0cd49ce6f709c623bbb43b3c335c43a8cf5b3e26c655c68c3645dcb4193	21629980616	2026-04-19T20:56:00Z	MC/StandardMC/Playlist1E/MasterAnaDev_mc_AnaTuple_run00111356_Playlist.root
edcf2145b4d75ad2152f2e8924042664affa04c020fd7b4ea29bbc391e06b37d	21556730072	2026-04-19T20:57:14Z	MC/StandardMC/Playlist1E/MasterAnaDev_mc_AnaTuple_run00111357_Playlist.root
e3ad6a90d63b1493690094dc53ec4ca4cca205f69a204459b03edebb5222e3c6	21512923650	2026-04-19T20:58:48Z	MC/StandardMC/Playlist1E/MasterAnaDev_mc_AnaTuple_run00111358_Playlist.root
90d87c6d59fbbe62d0d4be306ab574c9255894eec08995882ba617441e09682b	21678582466	2026-04-19T21:00:15Z	MC/StandardMC/Playlist1E/MasterAnaDev_mc_AnaTuple_run00111359_Playlist.root
622b872e3cf42609cc49b42f88fc3508662d346c4f233044fc379668efef03d8	21567149045	2026-04-19T21:01:36Z	MC/StandardMC/Playlist1E/MasterAnaDev_mc_AnaTuple_run00111360_Playlist.root
5558cea92efeb69f66bcc61e899c73210cf64662d0b3bb1cd7d0b76846e6002d	21759438319	2026-04-19T21:06:35Z	MC/StandardMC/Playlist1E/MasterAnaDev_mc_AnaTuple_run00111361_Playlist.root
762c649d4cd5c5e49b43aa1917c0fda993fb4451dd95b047c23b3cd5221ef772	21683787304	2026-04-19T21:08:45Z	MC/StandardMC/Playlist1E/MasterAnaDev_mc_AnaTuple_run00111362_Playlist.root
4b5868e7bd7941cef204baf7c80e0857c796d698282370d4accaab559b877631	21627195617	2026-04-19T21:15:58Z	MC/StandardMC/Playlist1E/MasterAnaDev_mc_AnaTuple_run00111363_Playlist.root
db559583ac3c431d4466fdba9448a5f9bbdb2f06acc8f4331b2080d85f9e41b4	21648619534	2026-04-19T21:17:36Z	MC/StandardMC/Playlist1E/MasterAnaDev_mc_AnaTuple_run00111364_Playlist.root
7102ecdbd03d6e8c16231cd0a265f4a9be789334c61e533151bf75fcc67bdcad	21485380103	2026-04-19T21:19:02Z	MC/StandardMC/Playlist1E/MasterAnaDev_mc_AnaTuple_run00111365_Playlist.root
aac9ecd7d01561139c74b2ee87681f0e2789985b4f10c35cb1b5a846495de4a5	21605295367	2026-04-19T21:20:52Z	MC/StandardMC/Playlist1E/MasterAnaDev_mc_AnaTuple_run00111366_Playlist.root
2edda791ed2d8dc9d13beca2256864b89bf4c04b6442a0bcfe2f904f8e760ae6	21566438977	2026-04-19T21:28:34Z	MC/StandardMC/Playlist1E/MasterAnaDev_mc_AnaTuple_run00111367_Playlist.root
9f2f0a6491e3ed20de8675f40495635666d0969a2fbf60747e7e5411d4bf1f93	21712904295	2026-04-19T21:30:36Z	MC/StandardMC/Playlist1E/MasterAnaDev_mc_AnaTuple_run00111368_Playlist.root
b9153979b0b240d80d5c618fbb75f934756f6f3a0ebffe4d6f16fe31de371f50	21490372818	2026-04-19T21:32:23Z	MC/StandardMC/Playlist1E/MasterAnaDev_mc_AnaTuple_run00111369_Playlist.root
a408c47b8b64a41444c1a60b76c6d40f2c3651e443a4f23fca4bef67a553caab	21685192091	2026-04-19T21:33:50Z	MC/StandardMC/Playlist1E/MasterAnaDev_mc_AnaTuple_run00111370_Playlist.root
a8fa82d36dbfe21b55c475890486a98b12715c7db7ed989de6f1c0944626d3d8	21751275484	2026-04-19T21:35:25Z	MC/StandardMC/Playlist1E/MasterAnaDev_mc_AnaTuple_run00111371_Playlist.root
72a71b8a8fc212108a83451dca833bc6527b59be4be1da347a08e371f21b0709	21625865060	2026-04-19T21:36:44Z	MC/StandardMC/Playlist1E/MasterAnaDev_mc_AnaTuple_run00111372_Playlist.root
240c63ec74c31f30c7dde7d0c526ca076a169b6ce21fa0c9d95c7f12a5c1ca5e	21655527270	2026-04-19T21:38:13Z	MC/StandardMC/Playlist1E/MasterAnaDev_mc_AnaTuple_run00111373_Playlist.root
199dd83e30a02c1eca84e75d12f8fa6e639bf36f7b6a72d3ebc53a42e7678b32	21699997958	2026-04-19T21:39:45Z	MC/StandardMC/Playlist1E/MasterAnaDev_mc_AnaTuple_run00111374_Playlist.root
91c7a50a70be243bd5f559a9de839459e9cd9f6886753f735a240f2dcad72428	21668370630	2026-04-19T21:41:22Z	MC/StandardMC/Playlist1E/MasterAnaDev_mc_AnaTuple_run00111375_Playlist.root
7f1270308b10b1715dd1bfacdb5182c3c41dbdc4e1d59edaa49c289e05ac828c	21273654864	2026-04-19T22:28:05Z	MC/StandardMC/Playlist1F/MasterAnaDev_mc_AnaTuple_run00111490_Playlist.root
080c39d5dd226fc980fc56dd7582243e6426d8d730f0bc26b2579795c6208e65	21469450172	2026-04-19T22:31:08Z	MC/StandardMC/Playlist1F/MasterAnaDev_mc_AnaTuple_run00111491_Playlist.root
cac3db85f8eb8606f7f904adb7e02872f7eea736d484ffe1337ca54b6fc72c35	21414181694	2026-04-19T22:32:25Z	MC/StandardMC/Playlist1F/MasterAnaDev_mc_AnaTuple_run00111492_Playlist.root
29e67c0fe5cac57765443ca1ca99a4e870336b177742cc9fdad46783859546bf	21260371758	2026-04-19T22:34:07Z	MC/StandardMC/Playlist1F/MasterAnaDev_mc_AnaTuple_run00111493_Playlist.root
ca379413972a6cc8b7eff562a7ba6587a04206bd01ce3192a898ca10d23090bf	21405498970	2026-04-19T22:35:35Z	MC/StandardMC/Playlist1F/MasterAnaDev_mc_AnaTuple_run00111494_Playlist.root
0def02e0a3533c817eb196e04e68d573405fd2c65485bd606b258e16650cbc3b	21493698793	2026-04-19T22:36:44Z	MC/StandardMC/Playlist1F/MasterAnaDev_mc_AnaTuple_run00111495_Playlist.root
1b435190dc734a3f40b54348e4dc0ddfdd44e9e5e082a65c0d045be9b53451c8	21375081507	2026-04-19T22:37:52Z	MC/StandardMC/Playlist1F/MasterAnaDev_mc_AnaTuple_run00111496_Playlist.root
098f9f2443e08daae8ba53e00da5cc9f94b243062e47ec7ba8b51e4579063251	21395125606	2026-04-19T22:39:15Z	MC/StandardMC/Playlist1F/MasterAnaDev_mc_AnaTuple_run00111497_Playlist.root
b5ffc43127d08187a88c68d8bd2b6eb4cef5f233c4ff2a16df00f8f77480ac4d	21311623781	2026-04-19T22:40:41Z	MC/StandardMC/Playlist1F/MasterAnaDev_mc_AnaTuple_run00111498_Playlist.root
d0809b83f0724a00c7b6386fbc6e45f6332a4d6ef9be6c3472ffc3d3ac9ccc01	21395921581	2026-04-19T22:42:07Z	MC/StandardMC/Playlist1F/MasterAnaDev_mc_AnaTuple_run00111499_Playlist.root
5d61c4665e41579be43815f3fbfac836f64f097856afd3a1a1c9495324affe2a	21356659301	2026-04-19T22:43:45Z	MC/StandardMC/Playlist1F/MasterAnaDev_mc_AnaTuple_run00111500_Playlist.root
7df2cc35573d7fcffc3fbaa9fa82b1dcceeadea8d15aca69624b66e2823347cc	21391567996	2026-04-19T22:45:06Z	MC/StandardMC/Playlist1F/MasterAnaDev_mc_AnaTuple_run00111501_Playlist.root
a8847842d6a46a8aa549ce02189ae8e85d06e29f181d1b9cc478f11ee3afe7be	21320232781	2026-04-19T22:47:11Z	MC/StandardMC/Playlist1F/MasterAnaDev_mc_AnaTuple_run00111502_Playlist.root
39872a3d875c3560d89c6143467a1a7c1a9a424342d9c73ea8a3b449154d0bcf	21362807056	2026-04-19T22:51:11Z	MC/StandardMC/Playlist1F/MasterAnaDev_mc_AnaTuple_run00111503_Playlist.root
2ae32070654e765fc6606bcc716f82e026dc173cb24fed2eb4eb968b5f52c51a	21338007678	2026-04-19T22:52:33Z	MC/StandardMC/Playlist1F/MasterAnaDev_mc_AnaTuple_run00111504_Playlist.root
3812ec1516d4547d174114a54dfcd5e4e54848f9e9591f71c26242f03e30c5e3	21357060399	2026-04-19T22:53:57Z	MC/StandardMC/Playlist1F/MasterAnaDev_mc_AnaTuple_run00111505_Playlist.root
b7fc44042385a3782764d007986e885403af4bbbd521f5c36c202bc3e91d47d0	21309018210	2026-04-19T22:55:47Z	MC/StandardMC/Playlist1F/MasterAnaDev_mc_AnaTuple_run00111506_Playlist.root
7bbe19ddc1cb6f54a696e1a6a1810d9e7ec78be6a4f75660e1271d70fe925f4f	21241854381	2026-04-19T22:56:55Z	MC/StandardMC/Playlist1F/MasterAnaDev_mc_AnaTuple_run00111507_Playlist.root
e7170b787d1292d09ff57eb32db9b3ebee9826a99f388de8da7502f219c5de27	21159597461	2026-04-19T22:58:41Z	MC/StandardMC/Playlist1F/MasterAnaDev_mc_AnaTuple_run00111508_Playlist.root
012566dded1adf88fa75b4ce0dc594d6e199f99c8d4fb19cac699bd5b98e96e3	21354460371	2026-04-19T23:00:08Z	MC/StandardMC/Playlist1F/MasterAnaDev_mc_AnaTuple_run00111509_Playlist.root
937140051aa2db227cfa858896d1b2ed577024ab6dbcb32682db46d2d7d7b4cb	21216388636	2026-04-19T23:02:04Z	MC/StandardMC/Playlist1F/MasterAnaDev_mc_AnaTuple_run00111510_Playlist.root
1ef75b2dd53a169dd171349e48549a58447bab99792ebfbc679202efb2cbb740	21409950687	2026-04-19T23:03:32Z	MC/StandardMC/Playlist1F/MasterAnaDev_mc_AnaTuple_run00111511_Playlist.root
08d570a4ff5afa4c45a71a73372220247458bed2baf32182872dedf1a5c255a5	21409709067	2026-04-19T23:05:43Z	MC/StandardMC/Playlist1F/MasterAnaDev_mc_AnaTuple_run00111512_Playlist.root
3d372186a119a57b0d096df2056636c423d896eb3b92588a0bdce88d7edccd9e	21442555834	2026-04-19T23:07:42Z	MC/StandardMC/Playlist1F/MasterAnaDev_mc_AnaTuple_run00111513_Playlist.root
752ab58a4db0bb474ee379e0f2baf98235b94907a7d7085a52fc272b92e7c05a	21338502341	2026-04-19T23:10:09Z	MC/StandardMC/Playlist1F/MasterAnaDev_mc_AnaTuple_run00111514_Playlist.root
d28b190c5ecff93b5c11b06014ebb49b4337e6959b9e09e79069f0d3b0d3959a	21447475081	2026-04-19T23:12:23Z	MC/StandardMC/Playlist1F/MasterAnaDev_mc_AnaTuple_run00111515_Playlist.root
a74095bb19924f0fc4026bfd7de4341f9b451a955552594606e1a1c37df9ba9d	21401332780	2026-04-19T23:13:56Z	MC/StandardMC/Playlist1F/MasterAnaDev_mc_AnaTuple_run00111516_Playlist.root
b33fd0872c097bfa45054be5f61627e0239a0e61cd7f1fed3c68a2c24bf056c7	21443011862	2026-04-19T23:16:00Z	MC/StandardMC/Playlist1F/MasterAnaDev_mc_AnaTuple_run00111517_Playlist.root
f26c12e903f708f09725dec013b23c6ccfc971c76eebec2004d25b3554d2c55a	21471077184	2026-04-19T23:17:26Z	MC/StandardMC/Playlist1F/MasterAnaDev_mc_AnaTuple_run00111518_Playlist.root
b32e99127ba732aec67c8d58c6a1f14a0d9283ffc4cca3ec5565860cc4000d66	21328667148	2026-04-19T23:19:48Z	MC/StandardMC/Playlist1F/MasterAnaDev_mc_AnaTuple_run00111519_Playlist.root
46668dae0c53f4f9a3d940e4e9f844b18194a4f73edf30b2cdfe16955e5e3969	21435126571	2026-04-19T23:21:41Z	MC/StandardMC/Playlist1F/MasterAnaDev_mc_AnaTuple_run00111520_Playlist.root
dd3340c0d85167f743b06b4a077f24b9677ec30ddf69b8aa946765e911ce167b	21319890799	2026-04-19T23:22:57Z	MC/StandardMC/Playlist1F/MasterAnaDev_mc_AnaTuple_run00111521_Playlist.root
2812d565d3b2e78a103feb1534abff1f314065c8a1d668554462beb0b571656c	21295530310	2026-04-19T23:28:20Z	MC/StandardMC/Playlist1F/MasterAnaDev_mc_AnaTuple_run00111522_Playlist.root
01c779d7c333f3ef1bd12cfd181745b9b15d517f80bf9c1ab953ea2fa26d071e	21256866037	2026-04-19T23:29:48Z	MC/StandardMC/Playlist1F/MasterAnaDev_mc_AnaTuple_run00111523_Playlist.root
0edd8c40cb6a86848e4e15a04bbac35ba27b1135818377df35ce4b6106036a6e	21288248757	2026-04-19T23:31:00Z	MC/StandardMC/Playlist1F/MasterAnaDev_mc_AnaTuple_run00111524_Playlist.root
4d94299402241d6f9ea747dafb956dc004e568ad4e3176af7bee9c083782f9bc	21212339289	2026-04-19T23:32:23Z	MC/StandardMC/Playlist1F/MasterAnaDev_mc_AnaTuple_run00111525_Playlist.root
33ba4846df71906924b0eabafbf5aa7bfd2ac1f73ec8cc799a26e9022f3ce29c	21281104167	2026-04-19T23:36:41Z	MC/StandardMC/Playlist1F/MasterAnaDev_mc_AnaTuple_run00111526_Playlist.root
092e5b4bd1b869fc8ab29193b493066c3783d55e3eaca12a62a79a2bb148d1ae	21365001805	2026-04-19T23:38:09Z	MC/StandardMC/Playlist1F/MasterAnaDev_mc_AnaTuple_run00111527_Playlist.root
c54873f2ce02d3faaa0f989dd855f454533133b17d8325fb76635f083e66aedf	21370620128	2026-04-19T23:39:37Z	MC/StandardMC/Playlist1F/MasterAnaDev_mc_AnaTuple_run00111528_Playlist.root
05af2142417e0a145ff3cebc14bbaa2ba35f9c8057de409c35f3c84595fe9f65	21307353800	2026-04-19T23:41:12Z	MC/StandardMC/Playlist1F/MasterAnaDev_mc_AnaTuple_run00111529_Playlist.root
95751f0805bdfff38c4b0fd95a6e46497b90a4a1562eebdf077c215a1da8ecbf	21350734303	2026-04-19T23:42:59Z	MC/StandardMC/Playlist1F/MasterAnaDev_mc_AnaTuple_run00111530_Playlist.root
75ffec0ca3316772d7d8c9d45aea67e0e3def60611ff07d889dfb410c97d47a1	21388208400	2026-04-19T23:44:51Z	MC/StandardMC/Playlist1F/MasterAnaDev_mc_AnaTuple_run00111531_Playlist.root
088b740cd2e3eb3a1ed68328050d8e007d15bed6365f0401d018b707c355dfed	21470701788	2026-04-19T23:46:10Z	MC/StandardMC/Playlist1F/MasterAnaDev_mc_AnaTuple_run00111532_Playlist.root
06acff133f86e0690437a7b54d0fa6091b76e5c6237ae81c77e4c9f202ca0539	21210828009	2026-04-19T23:47:17Z	MC/StandardMC/Playlist1F/MasterAnaDev_mc_AnaTuple_run00111533_Playlist.root
0f172b3be330b9f2a59799d6e7f81550f8aabf93bf65a678f7611bf701ef398a	21313290198	2026-04-19T23:49:08Z	MC/StandardMC/Playlist1F/MasterAnaDev_mc_AnaTuple_run00111534_Playlist.root
02717ffefc8d820154f4d2b1d7c9da75f382d2846f82474c21e2881be9cd8e09	21340451953	2026-04-19T23:50:57Z	MC/StandardMC/Playlist1F/MasterAnaDev_mc_AnaTuple_run00111535_Playlist.root
6c567b969c4d448c0976d90829532326cc3f9e733f08153bdbd96211ef81e12c	21238490940	2026-04-19T23:53:01Z	MC/StandardMC/Playlist1F/MasterAnaDev_mc_AnaTuple_run00111536_Playlist.root
e24978a0b442ff636e39be8b796cecb9d1e551ddb21eabef117c024f2b98176b	21223950070	2026-04-19T23:54:20Z	MC/StandardMC/Playlist1F/MasterAnaDev_mc_AnaTuple_run00111537_Playlist.root
132f76a46834c45c3de08dbdcb70a1c97b5922503e9977122e94d65284e9baa9	21339204092	2026-04-19T23:55:43Z	MC/StandardMC/Playlist1F/MasterAnaDev_mc_AnaTuple_run00111538_Playlist.root
0a508e12020ede2c0363a8f758b7e5d5c9312fb617b27b06a5accf069dc1a09f	21366577587	2026-04-19T23:57:28Z	MC/StandardMC/Playlist1F/MasterAnaDev_mc_AnaTuple_run00111539_Playlist.root
69755df9a456bcb742d7e892cc79fed391b89e154f9131e27f147898f2fdeac5	21357885061	2026-04-19T23:59:30Z	MC/StandardMC/Playlist1F/MasterAnaDev_mc_AnaTuple_run00111540_Playlist.root
4fcff851b07c8ff20095742459addeeb760d57a9a2c9876c365b03df82264e01	21358338512	2026-04-20T00:01:21Z	MC/StandardMC/Playlist1F/MasterAnaDev_mc_AnaTuple_run00111541_Playlist.root
5dfa37f6a30da8a04e1d2908fc31d1d1dc41cc633d6ef987e32a10968f282e99	21416000044	2026-04-20T00:02:43Z	MC/StandardMC/Playlist1F/MasterAnaDev_mc_AnaTuple_run00111542_Playlist.root
0efa1140471e0abaf42f6d2adf2ef17db25ffb2056c8e043f5d77efedc6fc55a	21375634319	2026-04-20T00:04:24Z	MC/StandardMC/Playlist1F/MasterAnaDev_mc_AnaTuple_run00111543_Playlist.root
ac56e59142e213769f1eefb7360de170a7704ab42404d4f2ecb6d94ac1c9408b	21442338742	2026-04-20T00:12:22Z	MC/StandardMC/Playlist1F/MasterAnaDev_mc_AnaTuple_run00111544_Playlist.root
394b853a0967b913a9feb75fb7308eaf1af21e0efd08f85527b9d94f31d86479	21267969607	2026-04-20T00:14:56Z	MC/StandardMC/Playlist1F/MasterAnaDev_mc_AnaTuple_run00111545_Playlist.root
8739ce7800e8b2b1429d874045a968aab5a1687913590918be24445f1ffddb3f	21328174182	2026-04-20T00:16:48Z	MC/StandardMC/Playlist1F/MasterAnaDev_mc_AnaTuple_run00111546_Playlist.root
dfae380ffdcfc6b28f7ebcae29f79acf79b9baa620031a83eab1e4fed746bc00	21367096741	2026-04-20T00:21:42Z	MC/StandardMC/Playlist1F/MasterAnaDev_mc_AnaTuple_run00111547_Playlist.root
9c3d445f8d1775ae804d1e10dcc039944e9c40f9c8e7218f6577226a60e99fa5	21363912675	2026-04-20T00:23:10Z	MC/StandardMC/Playlist1F/MasterAnaDev_mc_AnaTuple_run00111548_Playlist.root
aaf70d74159afc038f0d772da53301a9aa7a2b077cd30c54cc96683e7d686e64	21142864331	2026-04-20T00:25:24Z	MC/StandardMC/Playlist1F/MasterAnaDev_mc_AnaTuple_run00111549_Playlist.root
a6e31a147bd3cd59c3226b64107d30607ece5870aaafb0cd23966015eb8f05d1	21256273977	2026-04-20T00:35:45Z	MC/StandardMC/Playlist1F/MasterAnaDev_mc_AnaTuple_run00111550_Playlist.root
caac80a1af6833090d406ebf864ef4b45072fc3066910c2b90ecc67a83d1ba80	21262865793	2026-04-20T00:41:38Z	MC/StandardMC/Playlist1F/MasterAnaDev_mc_AnaTuple_run00111551_Playlist.root
6e7c68489db38e2b02e63d26606b68ade4c0638f75b128e760684057e4a2417d	21352686137	2026-04-20T00:43:51Z	MC/StandardMC/Playlist1F/MasterAnaDev_mc_AnaTuple_run00111552_Playlist.root
ba479c620ffb58d45a20a98140c7699e33d5788abd4044671d276b3371326ec9	21371391561	2026-04-20T00:45:46Z	MC/StandardMC/Playlist1F/MasterAnaDev_mc_AnaTuple_run00111553_Playlist.root
0564368b8d71fab5b441e824cbba5384e1694870987b9fd3e1b7b4cacce43d16	21172357442	2026-04-20T00:47:17Z	MC/StandardMC/Playlist1F/MasterAnaDev_mc_AnaTuple_run00111554_Playlist.root
d1187d860444b7cf557b4e1dad1fe8913be30630a02c7581f7bb1d6f946e1721	21410798167	2026-04-20T00:48:36Z	MC/StandardMC/Playlist1F/MasterAnaDev_mc_AnaTuple_run00111555_Playlist.root
76bfc242fabfe205fefada94f13adbaeeff07865fd8ae52d22c94cb30e296b70	21165929247	2026-04-20T00:49:58Z	MC/StandardMC/Playlist1F/MasterAnaDev_mc_AnaTuple_run00111556_Playlist.root
80ad1dcfe68831273c3b9e2fbca8145d4855b10ac9c06749819f0f75355ab0dd	21478679805	2026-04-20T00:51:11Z	MC/StandardMC/Playlist1F/MasterAnaDev_mc_AnaTuple_run00111557_Playlist.root
f6734f9c106cb502b1c5d7713a2b882a7a91a52c7715eab853d032108d03abae	21335062947	2026-04-20T00:52:26Z	MC/StandardMC/Playlist1F/MasterAnaDev_mc_AnaTuple_run00111558_Playlist.root
b72f87dcbd0d2a59aa846c192eb60e19eb602e2be6f0e294bd433e0ef017174a	21412732420	2026-04-20T00:53:34Z	MC/StandardMC/Playlist1F/MasterAnaDev_mc_AnaTuple_run00111559_Playlist.root
e2582a3acba4c47e34328d657dc238d1a71babb5a85906e164ea7462af76098a	21392359059	2026-04-20T00:55:16Z	MC/StandardMC/Playlist1F/MasterAnaDev_mc_AnaTuple_run00111560_Playlist.root
ca55c9b831e1d55e65ac6acb85edb5baa2cde4a409dfcd4ffe80423057c4cd60	21198565001	2026-04-19T22:28:18Z	MC/StandardMC/Playlist1G/MasterAnaDev_mc_AnaTuple_run00110150_Playlist.root
27de022ff6e7845c40886a5de354cae482480d37fcb7917b2a4a16555f279efb	20732105734	2026-04-19T22:29:16Z	MC/StandardMC/Playlist1G/MasterAnaDev_mc_AnaTuple_run00110151_Playlist.root
9975a4b92a7514e3a71a84785480beb4fbd8bec8ac71cdc10a4f6da5e261ff0f	21105190938	2026-04-19T22:30:41Z	MC/StandardMC/Playlist1G/MasterAnaDev_mc_AnaTuple_run00110152_Playlist.root
c0fedc3bf49d445a432f3c69c469d798be576d8c296deed3b658a74de9f63579	21030816059	2026-04-19T22:32:00Z	MC/StandardMC/Playlist1G/MasterAnaDev_mc_AnaTuple_run00110153_Playlist.root
3f4df9fdbddd7520d7bbaa819c71b430b0b9b485dcd8d1a300ddccad718d2a78	20880060000	2026-04-19T22:33:34Z	MC/StandardMC/Playlist1G/MasterAnaDev_mc_AnaTuple_run00110154_Playlist.root
b829870de6857712da9a0c06fb291045b42fd704526fa158119dfd507c87962f	20921006772	2026-04-19T22:34:46Z	MC/StandardMC/Playlist1G/MasterAnaDev_mc_AnaTuple_run00110155_Playlist.root
f8610ccff75a6a7a38a3dcfeaf06ad2f08810ff60e1efc5bb1c6a08c7fc83cb2	20877084973	2026-04-19T22:35:52Z	MC/StandardMC/Playlist1G/MasterAnaDev_mc_AnaTuple_run00110156_Playlist.root
8319c52e0eeff79c81937b18d3a1b61c712d3d5b4aa89ccc6a71aa371ffee759	20823925526	2026-04-19T22:37:08Z	MC/StandardMC/Playlist1G/MasterAnaDev_mc_AnaTuple_run00110157_Playlist.root
c728a5f7f7f05bb8a78c453343778803b3e922062480c2c340d49edd5b5656a3	20869345740	2026-04-19T22:38:23Z	MC/StandardMC/Playlist1G/MasterAnaDev_mc_AnaTuple_run00110158_Playlist.root
152b088fe0dee234d4fdc4c496c11dfcc479091e90c1345c1faff516bcc81868	20938506191	2026-04-19T22:39:40Z	MC/StandardMC/Playlist1G/MasterAnaDev_mc_AnaTuple_run00110159_Playlist.root
9f7b95c0dd2cdb87151b8faa59a3e332e316f1255e71b7ce4dd6815ccdca9594	21054633494	2026-04-19T22:40:41Z	MC/StandardMC/Playlist1G/MasterAnaDev_mc_AnaTuple_run00110160_Playlist.root
0e6608f5cab114d292947bfccab0a33e03f924d0e9a63de1b1c0250c2fc8e42c	20815434509	2026-04-19T22:42:13Z	MC/StandardMC/Playlist1G/MasterAnaDev_mc_AnaTuple_run00110161_Playlist.root
6ae052063ff2e39133425e250d86b270728dc180928eca86efba148502c88e4c	21109508731	2026-04-19T22:43:56Z	MC/StandardMC/Playlist1G/MasterAnaDev_mc_AnaTuple_run00110162_Playlist.root
fd8aa3eb64d3050d06636f4e766abaa0f1a884be0c06f41b15c94ac3bb665357	20877935478	2026-04-19T22:47:52Z	MC/StandardMC/Playlist1G/MasterAnaDev_mc_AnaTuple_run00110163_Playlist.root
0a63e824118ad85f6c4dd434d87f3a475e2e86e3b0d6c80b3c90a2b83121b5f5	21105256319	2026-04-19T22:49:10Z	MC/StandardMC/Playlist1G/MasterAnaDev_mc_AnaTuple_run00110164_Playlist.root
ca689bdfcf1f01df000c6fe479c03879e3c05d678ec522295577a7a3988b8a83	21092456234	2026-04-19T22:50:31Z	MC/StandardMC/Playlist1G/MasterAnaDev_mc_AnaTuple_run00110165_Playlist.root
25d043c839393198f62785154318141d7f7b5b88147e6e33b99440b4d6970cb5	21170777015	2026-04-19T22:56:45Z	MC/StandardMC/Playlist1G/MasterAnaDev_mc_AnaTuple_run00110166_Playlist.root
9142e3e204ed41b8f1165e3c26a6f6ed3ff8f748061feccd1e94ce035eb2a483	20736101992	2026-04-19T22:58:36Z	MC/StandardMC/Playlist1G/MasterAnaDev_mc_AnaTuple_run00110167_Playlist.root
8ba1272aa55549659020d74d901b2c6e7e50b449cd8be9a970babeff8be968fc	20976508364	2026-04-19T23:00:01Z	MC/StandardMC/Playlist1G/MasterAnaDev_mc_AnaTuple_run00110168_Playlist.root
c852c403f772d0e30e9ef244362d29f9b830fd041039396a3a907480f569d8c1	20887616919	2026-04-19T23:01:33Z	MC/StandardMC/Playlist1G/MasterAnaDev_mc_AnaTuple_run00110169_Playlist.root
7e9298490b35559d3902ad3d5869b3cba9c4c1636230f68534650578ae44ef56	21076895147	2026-04-19T23:06:41Z	MC/StandardMC/Playlist1G/MasterAnaDev_mc_AnaTuple_run00110170_Playlist.root
bd5afc8c7ee6f87a89c8d076f1ec6751e8dfb33516c9d6571d7a6b63d04ee19c	20877301274	2026-04-19T23:11:31Z	MC/StandardMC/Playlist1G/MasterAnaDev_mc_AnaTuple_run00110171_Playlist.root
4f218d098998271f6d799ccd2f8239c4589d1840e84cb08421641ae58b078135	21009348042	2026-04-19T23:13:00Z	MC/StandardMC/Playlist1G/MasterAnaDev_mc_AnaTuple_run00110172_Playlist.root
96b1731d4f7dd8eace935ce7f7246f18fb702b724dd34a261b1b963ffa7c06fb	21167036776	2026-04-19T23:14:15Z	MC/StandardMC/Playlist1G/MasterAnaDev_mc_AnaTuple_run00110173_Playlist.root
6a47881c8de916d9b53fa1a48c551904ae51400f041b567868e6b1771515c3a4	20900500696	2026-04-19T23:16:00Z	MC/StandardMC/Playlist1G/MasterAnaDev_mc_AnaTuple_run00110174_Playlist.root
add51b3ad1d906479fdf6938a1d91856049e27bc3f3d1fb4bbd21ee52c4b6d06	20878680726	2026-04-19T23:16:58Z	MC/StandardMC/Playlist1G/MasterAnaDev_mc_AnaTuple_run00110175_Playlist.root
77a8192de21bcb3b33c2025665fb894a344f31167ba9d30f8df12de120471870	20740092575	2026-04-19T23:19:18Z	MC/StandardMC/Playlist1G/MasterAnaDev_mc_AnaTuple_run00110176_Playlist.root
c1e47d11573105b0cff52771f45f37d063ec8ffb2ba9f9d47b9b0a1f28b4b670	21005570248	2026-04-19T23:21:11Z	MC/StandardMC/Playlist1G/MasterAnaDev_mc_AnaTuple_run00110177_Playlist.root
b624048307cb0c374a54a2193d0894a7511d5e13b4f0aba502d9c8c0f9a677d1	20771421938	2026-04-19T23:22:26Z	MC/StandardMC/Playlist1G/MasterAnaDev_mc_AnaTuple_run00110178_Playlist.root
3ee26bf47ea4f59555ffe6f6c6585d0d4b34da6530d8dd34e26c956bd6aef9a4	20706464205	2026-04-19T23:23:55Z	MC/StandardMC/Playlist1G/MasterAnaDev_mc_AnaTuple_run00110179_Playlist.root
96ab4004617ace5f79968bb689d24254c65b9bce2b6e57479d27d590e424eb97	20919336150	2026-04-19T23:24:57Z	MC/StandardMC/Playlist1G/MasterAnaDev_mc_AnaTuple_run00110180_Playlist.root
c9617cb5ab5c8a6bd6371bf5febd58500f4021af07a4a576a995d8b8cdca19a4	20721241222	2026-04-19T23:26:35Z	MC/StandardMC/Playlist1G/MasterAnaDev_mc_AnaTuple_run00110181_Playlist.root
0617cf9da4e8da5c1517aafa62ad3da8326363b201c237e684718405791eae34	20852119801	2026-04-19T23:27:57Z	MC/StandardMC/Playlist1G/MasterAnaDev_mc_AnaTuple_run00110182_Playlist.root
be28788690723607e9414c0cc030d64094fb0304636e6991b21f6313f57bbb22	20761591704	2026-04-19T23:29:25Z	MC/StandardMC/Playlist1G/MasterAnaDev_mc_AnaTuple_run00110183_Playlist.root
567f9890c0a4e6af3900fe8efa218d1a6abc51ef832d9730ab6ccdcf5c629f19	21019552737	2026-04-19T23:31:26Z	MC/StandardMC/Playlist1G/MasterAnaDev_mc_AnaTuple_run00110184_Playlist.root
c860afd4cdadc09ecb26c3da7a2d5fe503411ed39bd2f34d419e0759f74a5a40	21129091075	2026-04-19T23:32:27Z	MC/StandardMC/Playlist1G/MasterAnaDev_mc_AnaTuple_run00110185_Playlist.root
6c08b9bd47cea823d0669788b6d74b463cddb85a4ef687f32c4112067879b935	20719951507	2026-04-19T23:33:44Z	MC/StandardMC/Playlist1G/MasterAnaDev_mc_AnaTuple_run00110186_Playlist.root
e224b28755a02accf2005a10bbd896ed962164ea064249f34dab9c1c5c5cc948	20861399043	2026-04-19T23:34:58Z	MC/StandardMC/Playlist1G/MasterAnaDev_mc_AnaTuple_run00110187_Playlist.root
dbacff619a9e3572c4348c5c23230bf891ac37daf1fe57592952e6764da8f396	20605650269	2026-04-19T23:37:03Z	MC/StandardMC/Playlist1G/MasterAnaDev_mc_AnaTuple_run00110188_Playlist.root
bc26c41f4fdbfe752e5c92cae8e0a3a9f0565b3e1855e3205d5d2248da684356	20693572464	2026-04-19T23:38:24Z	MC/StandardMC/Playlist1G/MasterAnaDev_mc_AnaTuple_run00110189_Playlist.root
86a5584e68f2f3f107df41255aa1abd126d289320943e3d6a52f1681871a9835	20776458754	2026-04-19T23:39:37Z	MC/StandardMC/Playlist1G/MasterAnaDev_mc_AnaTuple_run00110190_Playlist.root
f245c1af78027be258de1eb296c2d59152cdd7432b6cb112d0387990d3eecf66	21032244061	2026-04-19T23:41:31Z	MC/StandardMC/Playlist1G/MasterAnaDev_mc_AnaTuple_run00110191_Playlist.root
b7ef9bfc20e122cdb69c5646f9c84eff8016c68679341a7de5cbf85c1645fe1d	20847687495	2026-04-19T23:42:30Z	MC/StandardMC/Playlist1G/MasterAnaDev_mc_AnaTuple_run00110192_Playlist.root
11d463ed8ca97326940dcd67150cfeb8d34ef86dbb311ed240f69bb6edcba9bc	20837984325	2026-04-19T23:44:14Z	MC/StandardMC/Playlist1G/MasterAnaDev_mc_AnaTuple_run00110193_Playlist.root
d721cb68cdd3df80e59c075fa3a1645464d3c42e54b5fdc1b60f6b40bb0408a3	20628794754	2026-04-19T23:46:51Z	MC/StandardMC/Playlist1G/MasterAnaDev_mc_AnaTuple_run00110194_Playlist.root
1d051a91ad6d167a2b7779ca26169d95b20e74cb672545af98ae0b8f348da36d	20614003927	2026-04-19T23:47:59Z	MC/StandardMC/Playlist1G/MasterAnaDev_mc_AnaTuple_run00110195_Playlist.root
49a818e67eb570ede14851ba016ea0aa6410b83b6efcf92659ca65c5033b59cf	20826614098	2026-04-19T23:49:26Z	MC/StandardMC/Playlist1G/MasterAnaDev_mc_AnaTuple_run00110196_Playlist.root
5eb5fc0f4de63dec90be90810dc781c17b2320e150b8e17e9e2d9166b1673846	20755039388	2026-04-19T23:50:52Z	MC/StandardMC/Playlist1G/MasterAnaDev_mc_AnaTuple_run00110197_Playlist.root
127c2f38bdb2ec34ae1ef1262ef47eace82dd08f90d0fea0ab0e3aa3e1ba36e0	20580684286	2026-04-19T23:52:21Z	MC/StandardMC/Playlist1G/MasterAnaDev_mc_AnaTuple_run00110198_Playlist.root
f75ab1565de574f95449f3bef03a2d2d4abae7aed73f139fe5433ab46a639cc4	20793800316	2026-04-19T23:57:05Z	MC/StandardMC/Playlist1G/MasterAnaDev_mc_AnaTuple_run00110199_Playlist.root
932a79da4c1ba572f8e050a65534629399ee79d831d42214dd72bcf86bac8289	20227613213	2026-04-19T23:58:43Z	MC/StandardMC/Playlist1G/MasterAnaDev_mc_AnaTuple_run00110200_Playlist.root
b2c65efad2d004301a4a420a3f18dd1d9b548496ac4c9dddaaff08125f4bd5f9	20856747959	2026-04-20T00:00:13Z	MC/StandardMC/Playlist1G/MasterAnaDev_mc_AnaTuple_run00110201_Playlist.root
6d7c2828de60b6bcd61585fa8798857c6df8666561584c845d62d82eec0a23e7	20918618525	2026-04-20T00:03:12Z	MC/StandardMC/Playlist1G/MasterAnaDev_mc_AnaTuple_run00110202_Playlist.root
324acb76460b52e2d01689a5162822917b23e0f82b73d5b947955099af46edd0	20837257016	2026-04-20T00:04:36Z	MC/StandardMC/Playlist1G/MasterAnaDev_mc_AnaTuple_run00110203_Playlist.root
cf05b7c901d65ab9c2ab3d7e94c6abb36e9af8c7248109cdf0ad932c9a220450	20679240198	2026-04-20T00:06:33Z	MC/StandardMC/Playlist1G/MasterAnaDev_mc_AnaTuple_run00110204_Playlist.root
fe5da51f3d46101383b01f3501dfdf54754d3e0d7f1671d6e366ad41840ecad8	21029024575	2026-04-20T00:09:19Z	MC/StandardMC/Playlist1G/MasterAnaDev_mc_AnaTuple_run00110205_Playlist.root
5335338abd723782dfca8a67ff31140d1a82d4ff51b7da68e7328de38fc63150	21005017731	2026-04-20T00:10:32Z	MC/StandardMC/Playlist1G/MasterAnaDev_mc_AnaTuple_run00110206_Playlist.root
447acf603b25a6c7b7a1a970dd175eb3288ecca71ab3c6de575873e90b494cd3	20912037147	2026-04-20T00:15:54Z	MC/StandardMC/Playlist1G/MasterAnaDev_mc_AnaTuple_run00110207_Playlist.root
fed6356a044ab5d34d3b657772fc88d0a9c78f9f8c2241e3095cbe13d106181b	20816949577	2026-04-20T00:18:17Z	MC/StandardMC/Playlist1G/MasterAnaDev_mc_AnaTuple_run00110208_Playlist.root
477c0699d565c596d80b3b9012b64c0efc0788fa019be451e0d87e65189fd8c1	20621765539	2026-04-20T00:19:50Z	MC/StandardMC/Playlist1G/MasterAnaDev_mc_AnaTuple_run00110209_Playlist.root
5eb1a4b4d569598eeb81ccadc0da08f3c0234f5c34c54668913ebe35f6ce79dd	20742061717	2026-04-20T00:21:17Z	MC/StandardMC/Playlist1G/MasterAnaDev_mc_AnaTuple_run00110210_Playlist.root
57ade93c494afc26e9d65462f3a572bb384ee9d345c9f13741004431be19fda5	20379530036	2026-04-19T00:43:22Z	MC/StandardMC/Playlist1L/MasterAnaDev_mc_AnaTuple_run00113000_Playlist.root
ecd1232b26eb48c57b3e641a130024ad03ae2eac10824c167387deef22bcbff6	20972724136	2026-04-19T00:50:42Z	MC/StandardMC/Playlist1L/MasterAnaDev_mc_AnaTuple_run00113001_Playlist.root
19d433ab9719641df7f45c53a071312ae3ad435bfd9746622647fa495ccb6650	21082235312	2026-04-19T00:58:53Z	MC/StandardMC/Playlist1L/MasterAnaDev_mc_AnaTuple_run00113002_Playlist.root
ee16d6bd5be55f0835a31a640650af9849d8586509ab3a9dc21463c111897acd	20747907119	2026-04-19T01:01:27Z	MC/StandardMC/Playlist1L/MasterAnaDev_mc_AnaTuple_run00113003_Playlist.root
613a9970f71ae69f5c949548caceeea0ddd07ecff4fed5f267f3d8b9b3eb37e2	20965992868	2026-04-19T01:04:15Z	MC/StandardMC/Playlist1L/MasterAnaDev_mc_AnaTuple_run00113004_Playlist.root
93a7ede3c4edaa4867b59feef256718e3d795ed3e9ef31aaba885e7a6842eccf	20732819731	2026-04-19T01:06:12Z	MC/StandardMC/Playlist1L/MasterAnaDev_mc_AnaTuple_run00113005_Playlist.root
74973c2f0ca6730af90d4636a18af5243b50f2b772622c309450ecf2bdc75d3a	20827601483	2026-04-19T22:28:23Z	MC/StandardMC/Playlist1M/MasterAnaDev_mc_AnaTuple_run00113020_Playlist.root
e8ce3dcab116e32d2f50030bc64b56e6663ef7707ae502ad0d97ff1e82183ad9	20910653901	2026-04-19T22:30:35Z	MC/StandardMC/Playlist1M/MasterAnaDev_mc_AnaTuple_run00113021_Playlist.root
b6e95f2803b45d9c3c1a9b3b54b2b4ded192fbcb383262aacf0baa5017121b57	20671218940	2026-04-19T22:32:39Z	MC/StandardMC/Playlist1M/MasterAnaDev_mc_AnaTuple_run00113022_Playlist.root
2a9586dd0fb83771a034fc5adf8e6f0689d33470322669932330fbe399135d4d	20829867344	2026-04-19T22:34:31Z	MC/StandardMC/Playlist1M/MasterAnaDev_mc_AnaTuple_run00113023_Playlist.root
c64a498e448b1b8629b24d5c973370bc8d6e7ac04456bdb421665bc720468132	20604651176	2026-04-19T22:35:41Z	MC/StandardMC/Playlist1M/MasterAnaDev_mc_AnaTuple_run00113024_Playlist.root
5bd38d25b77131b24a05b25f1e7518cd56523b0f8316c71c6b150682295828de	21193852076	2026-04-19T22:37:08Z	MC/StandardMC/Playlist1M/MasterAnaDev_mc_AnaTuple_run00113025_Playlist.root
ccc74b71355e4b84003bedd22ba394dd604e58b427a6acd401825afa9559fdbc	20983499170	2026-04-19T22:38:19Z	MC/StandardMC/Playlist1M/MasterAnaDev_mc_AnaTuple_run00113026_Playlist.root
0bea7c90971a676a65ae4105091c9e96f714cb72b2210b72e93ef79dc6236673	20657743846	2026-04-19T22:39:49Z	MC/StandardMC/Playlist1M/MasterAnaDev_mc_AnaTuple_run00113027_Playlist.root
e7a621054e10aa757183c16e9f96ebfb94294175505570318c300500b20726a9	20410641077	2026-04-19T22:42:51Z	MC/StandardMC/Playlist1M/MasterAnaDev_mc_AnaTuple_run00113028_Playlist.root
fce0a98cc7c75bad9f61525a834d56e9758673b98d95e63eee035c9ce7a0cf8b	20684609721	2026-04-19T22:43:56Z	MC/StandardMC/Playlist1M/MasterAnaDev_mc_AnaTuple_run00113029_Playlist.root
eef9785326e50c1383ff0c3444b179900c12d52fc2093af36d4b24def45baf5e	20696651521	2026-04-19T22:45:38Z	MC/StandardMC/Playlist1M/MasterAnaDev_mc_AnaTuple_run00113030_Playlist.root
143a078ac882c42a71fc5c478563c62e7e0a9455557026c28c44bbeef26c58ff	20636873342	2026-04-19T22:46:59Z	MC/StandardMC/Playlist1M/MasterAnaDev_mc_AnaTuple_run00113031_Playlist.root
555c5d3bc4e1472fa48a26b2e3b440ae060091d81c903a4eb2ba438f18d2066a	20330408804	2026-04-19T22:48:54Z	MC/StandardMC/Playlist1M/MasterAnaDev_mc_AnaTuple_run00113032_Playlist.root
72a530a9e2c9ba1e7aa88b34b18e81c9ad3ce2a2ab4ab8f212339f35817cd885	20623829934	2026-04-19T22:51:36Z	MC/StandardMC/Playlist1M/MasterAnaDev_mc_AnaTuple_run00113033_Playlist.root
c0b5a2157a2a2d20e26aaa829a299d3c027682cf8f0e42b907f72871781873d3	20269410334	2026-04-19T22:53:11Z	MC/StandardMC/Playlist1M/MasterAnaDev_mc_AnaTuple_run00113034_Playlist.root
148c38e336a694ecf0eceacd9f24f0a900831fe9f1b8cbe20d95804547a4412c	19866838644	2026-04-19T22:54:24Z	MC/StandardMC/Playlist1M/MasterAnaDev_mc_AnaTuple_run00113055_Playlist.root
dac80693946c0b7b38f4b2b4358b65f351f8f1fba6b2b9535f756c3c7dc5ee4e	19660564486	2026-04-19T23:00:51Z	MC/StandardMC/Playlist1M/MasterAnaDev_mc_AnaTuple_run00113056_Playlist.root
67dcb35f53cfca19c73078d1b2b24d7a7d3ffbb114b1be64543ef04c8592770f	20110139348	2026-04-19T23:04:55Z	MC/StandardMC/Playlist1M/MasterAnaDev_mc_AnaTuple_run00113057_Playlist.root
2fc239d2692c6e93356a5f737d31b39f926711c3d1e0de5284877845a4533fea	19495988683	2026-04-19T23:06:13Z	MC/StandardMC/Playlist1M/MasterAnaDev_mc_AnaTuple_run00113058_Playlist.root
674e511990bb1273b04f6c77318a02ca5119e5ec5e738b3c746fc19834865b17	19758760454	2026-04-19T23:07:41Z	MC/StandardMC/Playlist1M/MasterAnaDev_mc_AnaTuple_run00113059_Playlist.root
b04893e629e94f86bebff8234bcc91c077eb6f7b5bbdac8d6e119f76e967125e	19613143158	2026-04-19T23:10:06Z	MC/StandardMC/Playlist1M/MasterAnaDev_mc_AnaTuple_run00113060_Playlist.root
d76897f9a85c5f8d4a526021114489801b1b2014ce5fc65e53d087be331effd5	20026482380	2026-04-19T23:11:42Z	MC/StandardMC/Playlist1M/MasterAnaDev_mc_AnaTuple_run00113061_Playlist.root
e5aab6efe4e0f8100c1fbc752dd304560a46c53a15f1f08bffa876ea619afe72	19365506113	2026-04-19T23:17:07Z	MC/StandardMC/Playlist1M/MasterAnaDev_mc_AnaTuple_run00113062_Playlist.root
dbf0683e17bf76f912b2a497a8aca8390d40fb3d5d33427bb3d3863a1d3020ad	20720545338	2026-04-19T23:18:38Z	MC/StandardMC/Playlist1M/MasterAnaDev_mc_AnaTuple_run00113063_Playlist.root
96f7cb94e4e2fd4fedf47c42b8e81fa6a6ae31ac0e54d2b5c81c658d2a87fa6c	20664501526	2026-04-19T23:20:30Z	MC/StandardMC/Playlist1M/MasterAnaDev_mc_AnaTuple_run00113064_Playlist.root
560a233dda632515d773a20e0b0c5dd77b71cf8ae11c272ab16efac05763a3bc	19882689030	2026-04-19T23:25:03Z	MC/StandardMC/Playlist1M/MasterAnaDev_mc_AnaTuple_run00113065_Playlist.root
98b578c1cd1f0ad6c6595aac439280557d4e25b0918d3205acb9fe2a80e02614	18998880244	2026-04-19T23:26:41Z	MC/StandardMC/Playlist1M/MasterAnaDev_mc_AnaTuple_run00113066_Playlist.root
9a469541ad38db9f093c5d6ab4066521d5b2a75897b32de03e0b458528872ccb	19747742141	2026-04-19T23:28:03Z	MC/StandardMC/Playlist1M/MasterAnaDev_mc_AnaTuple_run00113067_Playlist.root
cb8e2b54133f69f68cdae4f770e17888d008d12236a037686c45e012f12945d3	19966558156	2026-04-19T23:29:30Z	MC/StandardMC/Playlist1M/MasterAnaDev_mc_AnaTuple_run00113068_Playlist.root
2271fea1214be05d413731a6d9722314de3f1b6e0291fd7066cd3b17cf781172	19794645021	2026-04-19T23:30:55Z	MC/StandardMC/Playlist1M/MasterAnaDev_mc_AnaTuple_run00113069_Playlist.root
25e41bc751d47aedd31898a5fcb3d744bc09d21bca2a28503a22be2dc6101987	20402822591	2026-04-19T23:32:12Z	MC/StandardMC/Playlist1M/MasterAnaDev_mc_AnaTuple_run00113070_Playlist.root
f3552eade10138cd2a677e9ce82c78399371fc1bf221c51910b6113285a92604	19915665686	2026-04-19T23:33:58Z	MC/StandardMC/Playlist1M/MasterAnaDev_mc_AnaTuple_run00113071_Playlist.root
d0f9bc11bbdc2b14d092ab238b2d8dc3a3ff0de3b96573d87a950fd4350db5fa	20572198283	2026-04-19T23:36:03Z	MC/StandardMC/Playlist1M/MasterAnaDev_mc_AnaTuple_run00113072_Playlist.root
1d4622c10c4340a801e16c7bb2af968dc5be757f3ba95107f6637cb12156b858	19505117835	2026-04-19T23:37:24Z	MC/StandardMC/Playlist1M/MasterAnaDev_mc_AnaTuple_run00113073_Playlist.root
69cc7eebf7d20145170aee7fabfe6a7a34045516eebdd7febcd5c7d32ad64b9c	20391278270	2026-04-19T23:38:34Z	MC/StandardMC/Playlist1M/MasterAnaDev_mc_AnaTuple_run00113074_Playlist.root
2f92789f779222695ae2d2c26b9534be60a6d9c21b6cff24e1650263d2df2c46	19976896263	2026-04-19T23:40:03Z	MC/StandardMC/Playlist1M/MasterAnaDev_mc_AnaTuple_run00113075_Playlist.root
8a607ecd69ab37870bca2066af95b1e18a41deb592da1f5ebe5b20ead34eeddf	20067296657	2026-04-19T23:41:24Z	MC/StandardMC/Playlist1M/MasterAnaDev_mc_AnaTuple_run00113076_Playlist.root
5a6d2574242d294d4a0a16ee404c37692bdd7893d85ccf7cd1560e46fc2996c9	19687272507	2026-04-19T23:42:48Z	MC/StandardMC/Playlist1M/MasterAnaDev_mc_AnaTuple_run00113077_Playlist.root
359b7ad2d597f922f484eb509b5cf2f33e299fd7d5d6a4a8ee9b09fe14eaf6a9	19741654498	2026-04-19T23:44:26Z	MC/StandardMC/Playlist1M/MasterAnaDev_mc_AnaTuple_run00113078_Playlist.root
7e2687499294dee537d6bb26187cdee500845ff35f083706b5c492e900047572	11782038735	2026-04-19T23:46:22Z	MC/StandardMC/Playlist1M/MasterAnaDev_mc_AnaTuple_run00113079_Playlist.root
b76dc99419ed7e96af1732316c03dcef86a4cc5281cf6b084c37acc91a880a58	17606232937	2026-04-19T23:47:57Z	MC/StandardMC/Playlist1M/MasterAnaDev_mc_AnaTuple_run00113080_Playlist.root
a778de978824b528865663ac2df56e64f51489509693cc264ce5111091aece34	14023066330	2026-04-19T23:51:01Z	MC/StandardMC/Playlist1M/MasterAnaDev_mc_AnaTuple_run00113081_Playlist.root
bbbb83db6a759d25bd56f09efe1b06f7d5d7e345cdcac405ec89f1fb1e4f657a	17564084677	2026-04-19T23:52:25Z	MC/StandardMC/Playlist1M/MasterAnaDev_mc_AnaTuple_run00113082_Playlist.root
6d05a5ae17806c743b51d4d8b751c3d0c6974dd39adc7f3b232197d9fc891165	15397248623	2026-04-19T23:53:22Z	MC/StandardMC/Playlist1M/MasterAnaDev_mc_AnaTuple_run00113083_Playlist.root
732740b31e7e6f2b4072e8ef96b3b037a3436fe180fbe447b57d329f4728dc09	14575154513	2026-04-19T23:54:11Z	MC/StandardMC/Playlist1M/MasterAnaDev_mc_AnaTuple_run00113084_Playlist.root
a2efc7b6f2ac00c1dc41484b831d8defb612a9ac24b518a382d5b42b45052389	19730495295	2026-04-19T23:55:37Z	MC/StandardMC/Playlist1M/MasterAnaDev_mc_AnaTuple_run00113085_Playlist.root
3fab211df620570d27179a5c3d6aba2916397b78b95b208a38f748b790f5de4f	20017634568	2026-04-19T23:56:44Z	MC/StandardMC/Playlist1M/MasterAnaDev_mc_AnaTuple_run00113086_Playlist.root
33b2edffcd6656b67eea9b50e210790a8edf5576e9939aa5b4a9972dd11e74f3	19831485846	2026-04-19T23:58:21Z	MC/StandardMC/Playlist1M/MasterAnaDev_mc_AnaTuple_run00113087_Playlist.root
9b1bc915175bd354c7537f6c663d1025b8399a96f3adb9e3beda2c33e9fe7d9a	19684299358	2026-04-19T23:59:30Z	MC/StandardMC/Playlist1M/MasterAnaDev_mc_AnaTuple_run00113088_Playlist.root
be1506cf5b575876b9d7b087d12603bbe09d33d09c51bd3eb1754560fe865915	19895108244	2026-04-20T00:03:52Z	MC/StandardMC/Playlist1M/MasterAnaDev_mc_AnaTuple_run00113089_Playlist.root
bdd148b7593a97a099f07c4edab88e30eed957a6bedeedef94554ede4976a991	20032303680	2026-04-20T00:05:53Z	MC/StandardMC/Playlist1M/MasterAnaDev_mc_AnaTuple_run00113090_Playlist.root
735c7e6d7783e8274f7edb936f8f364c2af0b2468b6c91eab461e0b29ec804de	18167613468	2026-04-20T00:07:26Z	MC/StandardMC/Playlist1M/MasterAnaDev_mc_AnaTuple_run00113091_Playlist.root
d9619eb842c1c54451e22af1f06f90801784633757c7a7847f3b2be1b6fa9731	20254755994	2026-04-20T00:08:42Z	MC/StandardMC/Playlist1M/MasterAnaDev_mc_AnaTuple_run00113092_Playlist.root
109f0af314cbcccf45a9d3f8a24d612bd4aa52712fcce7d756bcf1bd530fc31f	19940360180	2026-04-20T00:10:01Z	MC/StandardMC/Playlist1M/MasterAnaDev_mc_AnaTuple_run00113093_Playlist.root
f3f27c0d588698b5443738d23b93394454fe2a267b36380e908cad96c67f7b57	19599273437	2026-04-20T00:11:11Z	MC/StandardMC/Playlist1M/MasterAnaDev_mc_AnaTuple_run00113094_Playlist.root
856dd3dd487a980663a3ea89fb9b320507acf9694e2036ec64acbaade52a7f53	19866204435	2026-04-20T00:12:22Z	MC/StandardMC/Playlist1M/MasterAnaDev_mc_AnaTuple_run00113095_Playlist.root
e9d91daa0f8466b51bcc73203fb37076be94af77e2a3a10f44eb615b11c373ac	20149071167	2026-04-20T00:14:15Z	MC/StandardMC/Playlist1M/MasterAnaDev_mc_AnaTuple_run00113096_Playlist.root
9a39ac1a7fcb94569b745cde7ee1583b646d24f8a6f125351e2abdee1589affc	20113885933	2026-04-20T00:17:36Z	MC/StandardMC/Playlist1M/MasterAnaDev_mc_AnaTuple_run00113097_Playlist.root
b3e38db6ec96c259c7d8a94dd11f32879330c6c15139dbe3cdb4df7e283c47c2	19704228888	2026-04-20T00:19:12Z	MC/StandardMC/Playlist1M/MasterAnaDev_mc_AnaTuple_run00113098_Playlist.root
5aac2ff54bc3fbafaf2a214974539d2373bb118f88169d59c00c7ac9e7741f2c	19605503403	2026-04-20T00:21:18Z	MC/StandardMC/Playlist1M/MasterAnaDev_mc_AnaTuple_run00113099_Playlist.root
18fa498d2f0119ee4825c47fc8f4482734e042b39117bc24f02b8067907c4146	19859064258	2026-04-20T00:23:19Z	MC/StandardMC/Playlist1M/MasterAnaDev_mc_AnaTuple_run00113100_Playlist.root
b9c6282014c6e48d427e59fffba52d356d76d15634460cc946bcec2c6c3331dd	19681801388	2026-04-20T00:25:19Z	MC/StandardMC/Playlist1M/MasterAnaDev_mc_AnaTuple_run00113101_Playlist.root
9d3f97ed14b0b65963add11ece5846d938592c653e0c4f38efcbc61f98581403	20074157748	2026-04-20T00:26:58Z	MC/StandardMC/Playlist1M/MasterAnaDev_mc_AnaTuple_run00113102_Playlist.root
d2322c1ffb2ffed1d5e7132022b83ee9d693b61fc4dcf1263c1a22aaca47afc0	20038556152	2026-04-20T00:29:02Z	MC/StandardMC/Playlist1M/MasterAnaDev_mc_AnaTuple_run00113103_Playlist.root
6c04405c82bcb48dd7793a34d5dcd1aa95e377fe2935213b6125eff211e54a70	19814103022	2026-04-20T00:31:14Z	MC/StandardMC/Playlist1M/MasterAnaDev_mc_AnaTuple_run00113104_Playlist.root
edf2a56f948a047097ed53ee166f6d7b8601227bec557af9c9b3849837e0da6c	19463467166	2026-04-20T00:32:47Z	MC/StandardMC/Playlist1M/MasterAnaDev_mc_AnaTuple_run00113105_Playlist.root
3df7d0ee097e1da38a1d35308094ee86fd347f7786e47527d6ed386a7dccbdf2	19956543395	2026-04-20T00:34:09Z	MC/StandardMC/Playlist1M/MasterAnaDev_mc_AnaTuple_run00113106_Playlist.root
282b78604bf15eb27a9304e80392843bd5687da74004f2d84372fd2cde65a541	20250722440	2026-04-20T00:35:45Z	MC/StandardMC/Playlist1M/MasterAnaDev_mc_AnaTuple_run00113107_Playlist.root
bce82cece83e15a58a3e45d3f91ff25d82fdb9a1f7777c582abac43b4e134c12	19300212018	2026-04-20T00:37:09Z	MC/StandardMC/Playlist1M/MasterAnaDev_mc_AnaTuple_run00113108_Playlist.root
7195e2927cde47ec9fb4b90c162f12a20c50800ff16c38def04b94d5ba8c0f2b	19920536402	2026-04-20T00:38:32Z	MC/StandardMC/Playlist1M/MasterAnaDev_mc_AnaTuple_run00113109_Playlist.root
67b168bf442cb984248efc9faecdc21b6b80e20feec3ba72b0f4fb2c72e4196a	20088343557	2026-04-20T00:40:28Z	MC/StandardMC/Playlist1M/MasterAnaDev_mc_AnaTuple_run00113110_Playlist.root
9ada8dfc511b78641a1d9518a1d8e1cd76327abfca476f8c07053ea0fe6e1193	19188680740	2026-04-20T00:42:09Z	MC/StandardMC/Playlist1M/MasterAnaDev_mc_AnaTuple_run00113111_Playlist.root
6b73667cc447f37db01de0ef35cb5075349bacab5ce4c0ead08d0478a59bd25a	19826585745	2026-04-20T00:44:10Z	MC/StandardMC/Playlist1M/MasterAnaDev_mc_AnaTuple_run00113112_Playlist.root
8ad06da97642288a0cc762e2ca89b5608ec837af830090b7a027fff40634af90	20013051390	2026-04-20T00:49:25Z	MC/StandardMC/Playlist1M/MasterAnaDev_mc_AnaTuple_run00113113_Playlist.root
648ed48aae4608e497f048cc453ab5f4d256a2a75a87e11e1cf83e3d76563cbf	19665712755	2026-04-20T00:50:43Z	MC/StandardMC/Playlist1M/MasterAnaDev_mc_AnaTuple_run00113114_Playlist.root
aa2c4cdee5205e125d78cb16280f5e050141a2247260c3fe74d958395a2b19d2	19835294537	2026-04-20T00:52:12Z	MC/StandardMC/Playlist1M/MasterAnaDev_mc_AnaTuple_run00113115_Playlist.root
da2f465e301d06e6c6dcbc6beecbec8b146a1129edb8ce8d3a4123b97d6cd149	20017241931	2026-04-20T00:53:46Z	MC/StandardMC/Playlist1M/MasterAnaDev_mc_AnaTuple_run00113116_Playlist.root
dbc9f03743b2bce4135bc5f95c1c20e342f6038d66f282799191b171d6a2eb67	20038967411	2026-04-20T00:55:06Z	MC/StandardMC/Playlist1M/MasterAnaDev_mc_AnaTuple_run00113117_Playlist.root
88d821ba05d91534fd9197657c87506b7c7463ebc2b1f54d0a6cf2fbd970e78b	19841432420	2026-04-20T00:56:39Z	MC/StandardMC/Playlist1M/MasterAnaDev_mc_AnaTuple_run00113118_Playlist.root
cd270ef6aece59a3ff8a417fac5cb8bb9cef29002d29d5a57474dd46e7edf5d4	19396500320	2026-04-20T00:58:05Z	MC/StandardMC/Playlist1M/MasterAnaDev_mc_AnaTuple_run00113119_Playlist.root
ad4b0a777fa30a61170b5a2c8e08ab6ebf3029bcedf7b6e3a19f08b00ec08393	20229392598	2026-04-20T00:59:26Z	MC/StandardMC/Playlist1M/MasterAnaDev_mc_AnaTuple_run00113120_Playlist.root
befa855c8d03f2e72869ee3df57a0105baac261625acaa60b4b1c3d011ce2515	19931773509	2026-04-20T01:00:58Z	MC/StandardMC/Playlist1M/MasterAnaDev_mc_AnaTuple_run00113121_Playlist.root
2234ffafcbc62e16a42daa934c78d2637347c0cf5eedbef936633bf29fd8c5eb	19677656318	2026-04-20T01:02:39Z	MC/StandardMC/Playlist1M/MasterAnaDev_mc_AnaTuple_run00113122_Playlist.root
7d542c3cc547740f0f15a3c7cb13d78cddb0b549eff6618db1881c81177c37d1	19607439882	2026-04-20T01:04:27Z	MC/StandardMC/Playlist1M/MasterAnaDev_mc_AnaTuple_run00113123_Playlist.root
ddf31dd588f356bc6c44c61353d0fd67993ab4983d3b242cb6f95ba8dd1e7486	19817487931	2026-04-20T01:05:57Z	MC/StandardMC/Playlist1M/MasterAnaDev_mc_AnaTuple_run00113124_Playlist.root
16b4ecff9bc52690e6f6ef3f1acd47c11aa86e5c1115066673a912a438991920	19790002148	2026-04-20T01:07:23Z	MC/StandardMC/Playlist1M/MasterAnaDev_mc_AnaTuple_run00113125_Playlist.root
421603737ecc9e34f64ce18357cfe9c4d757273861fffc1aac132d9bda922592	19991681092	2026-04-20T01:09:05Z	MC/StandardMC/Playlist1M/MasterAnaDev_mc_AnaTuple_run00113126_Playlist.root
7d4da9330bb31cf04a46a56d0283a9df0a60d885d5fabc635e37a5fca3c57f57	19765093756	2026-04-20T01:10:51Z	MC/StandardMC/Playlist1M/MasterAnaDev_mc_AnaTuple_run00113127_Playlist.root
11cd7b82002a9523cda44546a67f51635f533aadb666188f870dab14692f2d28	20006884435	2026-04-20T01:12:04Z	MC/StandardMC/Playlist1M/MasterAnaDev_mc_AnaTuple_run00113128_Playlist.root
db7a0d8ee1fac9ae3236939997dc43f7c43b6a232c07e4673ec3e98f1b6494c6	19750502473	2026-04-20T01:13:30Z	MC/StandardMC/Playlist1M/MasterAnaDev_mc_AnaTuple_run00113129_Playlist.root
22aefec60d51df2f80bf733a71df7be517ccab4686cd794fae765e6fc5a2e985	19393555653	2026-04-20T01:15:21Z	MC/StandardMC/Playlist1M/MasterAnaDev_mc_AnaTuple_run00113130_Playlist.root
0f42f55f2c08761c23bb75a9ab3317815c240e57a0cb2437911241ced0b1705f	19587152015	2026-04-20T01:16:47Z	MC/StandardMC/Playlist1M/MasterAnaDev_mc_AnaTuple_run00113131_Playlist.root
a4a3a92ab8780db69bd2e68180a9a2d58bdd4451c56a554af8b687223bf3c485	19629691837	2026-04-20T01:18:03Z	MC/StandardMC/Playlist1M/MasterAnaDev_mc_AnaTuple_run00113132_Playlist.root
a0ac62c4e0485c37aab6add2b5e44756d8b8fbbfdc5a40ca5865a7f6a31a1f88	19957948688	2026-04-20T01:20:00Z	MC/StandardMC/Playlist1M/MasterAnaDev_mc_AnaTuple_run00113133_Playlist.root
eb433623bdab6c7cfeea9eeda5bc3578d3ecae485c416355644fd4d3a65c1d8b	20073418171	2026-04-20T01:21:22Z	MC/StandardMC/Playlist1M/MasterAnaDev_mc_AnaTuple_run00113134_Playlist.root
5b9fb6613dae08b5075e9eddd2216116a5947e044ebefc0a55ed6b3e9df040ea	19308611011	2026-04-20T01:25:47Z	MC/StandardMC/Playlist1M/MasterAnaDev_mc_AnaTuple_run00113135_Playlist.root
1b22adc80b79b49d744407178ec47ea0f3b118fec0f378810f05ecb355eed738	19802426548	2026-04-20T01:27:39Z	MC/StandardMC/Playlist1M/MasterAnaDev_mc_AnaTuple_run00113136_Playlist.root
2de55b0884f978c69a4cf97c5cf5dc0e6d74f3a50348a9e202b8cab0ab271a48	19524405191	2026-04-20T01:28:46Z	MC/StandardMC/Playlist1M/MasterAnaDev_mc_AnaTuple_run00113137_Playlist.root
033ce02734240b5d7363f973f1a67aaa8ff15222d099b5ca26abf15ba5658802	35473011763	2026-04-19T18:39:48Z	MC/StandardMC/Playlist1N/MasterAnaDev_mc_AnaTuple_run00113270_Playlist.root
9ef733ca95feb5b9b986d3d6c22d65e00c79b20142c5394a9c4acc35673ab904	35189883895	2026-04-19T18:42:19Z	MC/StandardMC/Playlist1N/MasterAnaDev_mc_AnaTuple_run00113271_Playlist.root
c6d3d3068cca5e2a9df365f0a81736113b0313502e7714365f7544db2c2e7f4d	34492173364	2026-04-19T18:51:47Z	MC/StandardMC/Playlist1N/MasterAnaDev_mc_AnaTuple_run00113272_Playlist.root
72b7594c0b8d0575209d3450a11c315413598173aeaa80ae81bbf9789b3bca93	35023518544	2026-04-19T18:55:38Z	MC/StandardMC/Playlist1N/MasterAnaDev_mc_AnaTuple_run00113273_Playlist.root
9328b773ca967beb34b0e61f5bad507952aa31b07ce69955fb680f9f371111a6	35066026283	2026-04-19T18:57:59Z	MC/StandardMC/Playlist1N/MasterAnaDev_mc_AnaTuple_run00113274_Playlist.root
de4d362fa5d7d5cf65ad1cabe60ce54e4afaa70be6dcbcd4672ee8fc4132ddae	35748867599	2026-04-19T19:00:11Z	MC/StandardMC/Playlist1N/MasterAnaDev_mc_AnaTuple_run00113275_Playlist.root
15dcba13def0af9b75c425138b5c6070c9db7f05c60851bf6bb5c9355e416c9f	35102602290	2026-04-19T19:03:28Z	MC/StandardMC/Playlist1N/MasterAnaDev_mc_AnaTuple_run00113276_Playlist.root
6408a2e8e7619a036279b7224f3744914a95ee3f12b8e675809e2694541327ce	35826305421	2026-04-19T19:06:18Z	MC/StandardMC/Playlist1N/MasterAnaDev_mc_AnaTuple_run00113277_Playlist.root
989e60ddafb5d1a523342ebe83c201a5ac6ec042261e6c22b80434e381b5d379	35861328688	2026-04-19T19:09:24Z	MC/StandardMC/Playlist1N/MasterAnaDev_mc_AnaTuple_run00113278_Playlist.root
25db2c14ef7bc4d19b54570b9f5fde2090b60c5ce3386ecb75545e9ea6097758	34346876484	2026-04-19T19:11:30Z	MC/StandardMC/Playlist1N/MasterAnaDev_mc_AnaTuple_run00113279_Playlist.root
054a846a05ac296d4427254d8ba9ada3888bd58d106792fbc82acc6c261d0f62	35514709935	2026-04-19T19:13:40Z	MC/StandardMC/Playlist1N/MasterAnaDev_mc_AnaTuple_run00113280_Playlist.root
264d4d2f98eae7773a8611b4473e95168a236ce45d6cb2f7ebf851f7f4639d15	35838008626	2026-04-19T19:15:50Z	MC/StandardMC/Playlist1N/MasterAnaDev_mc_AnaTuple_run00113281_Playlist.root
0df9e69c91eca0595bcc0e6b9f7cf2448d81d20825079e1ea0c400813ce03e9d	33534417725	2026-04-19T19:18:14Z	MC/StandardMC/Playlist1N/MasterAnaDev_mc_AnaTuple_run00113282_Playlist.root
3777673780a8626e2c8e84a2e2e72f6f128b0217ffd1401c94a07ac304e3c8aa	35255681839	2026-04-19T19:20:48Z	MC/StandardMC/Playlist1N/MasterAnaDev_mc_AnaTuple_run00113283_Playlist.root
5eeda11163b7ff285d186dafda8571be5c9b97af0f80ea839c95ab3b511b8890	35301675662	2026-04-19T19:22:53Z	MC/StandardMC/Playlist1N/MasterAnaDev_mc_AnaTuple_run00113284_Playlist.root
16fb862042c0d659c622fa9f7ddaa91c4dbf7dfc47875ba00037cfa2d734830a	35567305069	2026-04-19T19:26:15Z	MC/StandardMC/Playlist1N/MasterAnaDev_mc_AnaTuple_run00113285_Playlist.root
d606fb9d72489d7e1e2b492f3fb4975ee4f6bba78b8a6d1f379ea3c443be73bf	35973772304	2026-04-19T19:29:35Z	MC/StandardMC/Playlist1N/MasterAnaDev_mc_AnaTuple_run00113286_Playlist.root
ebc84c469d05c21c789163d961bc6a9cdb4fc2cb7104e4e13c599c74459af4ee	36033017289	2026-04-19T19:32:12Z	MC/StandardMC/Playlist1N/MasterAnaDev_mc_AnaTuple_run00113287_Playlist.root
468cb6dfb869f211e0d18760a2dc099ebb604ef31dd64b24a7a59988194eaa2c	36132788165	2026-04-19T19:34:33Z	MC/StandardMC/Playlist1N/MasterAnaDev_mc_AnaTuple_run00113288_Playlist.root
4161ad29f2998a13d68af274a6430978e68dbe1e67902f7832de2e8560827f1f	35973906063	2026-04-19T19:36:41Z	MC/StandardMC/Playlist1N/MasterAnaDev_mc_AnaTuple_run00113289_Playlist.root
b66941c537f9e8a675e6a4e600177a70f9dd55a4ff1b056e5030dd715ed57c70	36052422907	2026-04-19T19:38:50Z	MC/StandardMC/Playlist1N/MasterAnaDev_mc_AnaTuple_run00113290_Playlist.root
7ee2f5309a06a860a7d00f9f84a68b34ecb5930f23d5d3acef943594a79e7e13	35908933345	2026-04-19T19:41:27Z	MC/StandardMC/Playlist1N/MasterAnaDev_mc_AnaTuple_run00113291_Playlist.root
371941b7107dbd73926bcb4a70fb6797d1c16b6c6ccc6eabbe26a0b314f577d3	36037928526	2026-04-19T19:43:39Z	MC/StandardMC/Playlist1N/MasterAnaDev_mc_AnaTuple_run00113292_Playlist.root
97a08b6a0e3ed74a7daead83cc189bb9398d644af8a1b42a67ebe444c44d40b3	36144143059	2026-04-19T19:54:54Z	MC/StandardMC/Playlist1N/MasterAnaDev_mc_AnaTuple_run00113293_Playlist.root
b1b4d52bf1b35b721284036cd4e1172ecf2f52d9e337044b2b15413b013cff34	35928970188	2026-04-19T19:57:22Z	MC/StandardMC/Playlist1N/MasterAnaDev_mc_AnaTuple_run00113294_Playlist.root
c718c2b067bba4132061204c71eefdd7a78101cc2972a9cc2dfeb9293c31ebaa	35865416550	2026-04-19T19:58:59Z	MC/StandardMC/Playlist1N/MasterAnaDev_mc_AnaTuple_run00113295_Playlist.root
3aab6b0a664e087b25e0f1bfbc4acd301ee95fb8b42ff2ced2606604564d9976	36014994044	2026-04-19T20:01:39Z	MC/StandardMC/Playlist1N/MasterAnaDev_mc_AnaTuple_run00113296_Playlist.root
87cc13f0576cd630a78f365c63d36c3b89dae32059cd0fad9b227cf03888d176	35968838936	2026-04-19T20:04:21Z	MC/StandardMC/Playlist1N/MasterAnaDev_mc_AnaTuple_run00113297_Playlist.root
a72a0b07a2b1536c24c01a51ee7bb4ed9d41f09431f82904591aba2afeda74bc	36052979096	2026-04-19T20:06:38Z	MC/StandardMC/Playlist1N/MasterAnaDev_mc_AnaTuple_run00113298_Playlist.root
d6a9bb3bef5fd173a3dca2c953e5296daa388816f2eeba9903a4f267e6904229	36125654998	2026-04-19T20:08:56Z	MC/StandardMC/Playlist1N/MasterAnaDev_mc_AnaTuple_run00113299_Playlist.root
37523d784423d70525fce5181405b8690018050723f8c500a4b3cdcd8ebf3049	35368776275	2026-04-19T20:11:01Z	MC/StandardMC/Playlist1N/MasterAnaDev_mc_AnaTuple_run00113300_Playlist.root
59493b73bfdddb01cbdc0922b375cd149931a1b8deec939fe4823ca874f75f4a	20662968485	2026-04-19T02:03:56Z	MC/StandardMC/Playlist1O/MasterAnaDev_mc_AnaTuple_run00113375_Playlist.root
493b0625524b83ed55780d79dcac68feafee832acf3d9dd9b3d8e5a5965515fc	20413593716	2026-04-19T02:05:08Z	MC/StandardMC/Playlist1O/MasterAnaDev_mc_AnaTuple_run00113376_Playlist.root
68349f1a30dea65a9fc056049c460a435f5faa7c9797afadd407ea4d10bd332b	20912139178	2026-04-19T02:07:24Z	MC/StandardMC/Playlist1O/MasterAnaDev_mc_AnaTuple_run00113377_Playlist.root
a04998fb40a09bca050f59928407c7a451d4f377cbdcad192d8de14c1bb96b5e	20812520997	2026-04-19T02:09:32Z	MC/StandardMC/Playlist1O/MasterAnaDev_mc_AnaTuple_run00113378_Playlist.root
2be2302c76bccaaa05a6a145225996ec0617fb01330e4791725af229f2e6ed6e	20845899537	2026-04-19T02:11:38Z	MC/StandardMC/Playlist1O/MasterAnaDev_mc_AnaTuple_run00113379_Playlist.root
c5979488d1c38584f8da8e8b52dd3ed48dd0f996ee0a847dca91d074d0ebce7a	20958903943	2026-04-19T02:13:22Z	MC/StandardMC/Playlist1O/MasterAnaDev_mc_AnaTuple_run00113380_Playlist.root
dfb20bf0c4031e4c52df390dbc869f472d1fdec2a686256f8ff50aaf700f8969	20810905842	2026-04-19T02:15:53Z	MC/StandardMC/Playlist1O/MasterAnaDev_mc_AnaTuple_run00113381_Playlist.root
40fcacb9ea17b0d4e95d34d3be21d8725ca6e40457fe35074360bc0d8e0f1ac5	19910250837	2026-04-19T02:20:55Z	MC/StandardMC/Playlist1O/MasterAnaDev_mc_AnaTuple_run00113382_Playlist.root
0a9651940bc7f37f613b96505c0713583827775fa1fe8c5069746f9c3dbbfe00	20973261814	2026-04-19T02:23:06Z	MC/StandardMC/Playlist1O/MasterAnaDev_mc_AnaTuple_run00113383_Playlist.root
597e59031e3064c6db408b7eb4deeef9de2b5d3a52e4f120b6318896803ae109	20768376129	2026-04-19T02:25:10Z	MC/StandardMC/Playlist1O/MasterAnaDev_mc_AnaTuple_run00113384_Playlist.root
4cc2406cc31cfa0cf8660b75291df475528544c98618f50d2926c7d9aaec7d38	20872596300	2026-04-19T02:27:05Z	MC/StandardMC/Playlist1O/MasterAnaDev_mc_AnaTuple_run00113385_Playlist.root
99fb2acbd12b72f37b6a0a04da384cd405274ed0b299cc5484bb5b8b9ef99337	20009494806	2026-04-19T02:28:54Z	MC/StandardMC/Playlist1O/MasterAnaDev_mc_AnaTuple_run00113386_Playlist.root
6e133ee51b574c9ddfdda6c2d9a5470889ab25884a03cdf52b069eb26c04a5e4	20860663084	2026-04-19T02:30:28Z	MC/StandardMC/Playlist1O/MasterAnaDev_mc_AnaTuple_run00113387_Playlist.root
2957acee62cc2ed0fd70c9e57e9ac98f9e0feabd35fe9db143085065cd684604	20804726915	2026-04-19T02:31:31Z	MC/StandardMC/Playlist1O/MasterAnaDev_mc_AnaTuple_run00113388_Playlist.root
41e8f4e0905b722c17302ede4e46399674f0b03ede442e455893774874a71851	20767591445	2026-04-19T02:36:43Z	MC/StandardMC/Playlist1O/MasterAnaDev_mc_AnaTuple_run00113389_Playlist.root
f59cb48dd7cc8fc5985d218c045daab6a1ef8e5717b561342494c38e7fb40c35	20697948770	2026-04-19T02:38:38Z	MC/StandardMC/Playlist1O/MasterAnaDev_mc_AnaTuple_run00113390_Playlist.root
3c0f6cdc7ee7dd3cb37aff207bce1bbe5faa6f6a57c5af3af35f2a37d261f78d	20328781801	2026-04-19T02:03:29Z	MC/StandardMC/Playlist1P/MasterAnaDev_mc_AnaTuple_run00112000_Playlist.root
95e3e09896eb036ee48fa724bdfe72148e9f639bf50b3ca69a856663de3df356	19922251266	2026-04-19T02:04:41Z	MC/StandardMC/Playlist1P/MasterAnaDev_mc_AnaTuple_run00112001_Playlist.root
a69bb8b39e69f0e1b636226a3b0ea5fce679de1467246d214aa33765d2968aa9	20905823417	2026-04-19T02:06:33Z	MC/StandardMC/Playlist1P/MasterAnaDev_mc_AnaTuple_run00112002_Playlist.root
6ded1746556ebdf6a9cefe67204750685daebbc202d266981a18806e3bed3079	20852841436	2026-04-19T02:08:09Z	MC/StandardMC/Playlist1P/MasterAnaDev_mc_AnaTuple_run00112003_Playlist.root
934efd3ce6da16e033a13462af7ad84e54d9a5ca7a569ba1e8895d26912753aa	21048904408	2026-04-19T02:09:52Z	MC/StandardMC/Playlist1P/MasterAnaDev_mc_AnaTuple_run00112004_Playlist.root
35aa9a290a06607f5960a261f3f7505b88f45d6403271accb1e774ce55b95799	21024687200	2026-04-19T02:18:00Z	MC/StandardMC/Playlist1P/MasterAnaDev_mc_AnaTuple_run00112005_Playlist.root
e1584f1777dc1d1e77bc49b9a523e5018f38844c5460ad36b7b66c71e878ca64	21063137103	2026-04-19T02:20:01Z	MC/StandardMC/Playlist1P/MasterAnaDev_mc_AnaTuple_run00112006_Playlist.root
64ab32f7dd5ade38c4cd1015cdca7d22bcb10206e78952f3e1399901731d2967	21067785942	2026-04-19T02:22:12Z	MC/StandardMC/Playlist1P/MasterAnaDev_mc_AnaTuple_run00112007_Playlist.root
5042174b5c183ae2a437d61d9afe9f68ca77ec18ccb37694a3af2a268e46834b	20939216974	2026-04-19T02:23:24Z	MC/StandardMC/Playlist1P/MasterAnaDev_mc_AnaTuple_run00112008_Playlist.root
7014a9b81e4aace96b0a37d884eeaa293a52a076c4db5db58686d811e29654e6	20967923928	2026-04-19T02:25:27Z	MC/StandardMC/Playlist1P/MasterAnaDev_mc_AnaTuple_run00112009_Playlist.root
505eedb0e62bcc5bd13e0aa91a74613926d2a09de61e3059ab2e6ee01f9ad474	20823454836	2026-04-19T02:27:16Z	MC/StandardMC/Playlist1P/MasterAnaDev_mc_AnaTuple_run00112010_Playlist.root
7b84c8bfc5fd10b0a440e369ccc5feeaef6faa5454b81a1d140479f0396ce660	20966979530	2026-04-19T02:29:04Z	MC/StandardMC/Playlist1P/MasterAnaDev_mc_AnaTuple_run00112011_Playlist.root
fec856b0292b21ef9775d978a731737f7ccca0fd0fc56f254644482bff7030c9	20884953063	2026-04-19T02:30:19Z	MC/StandardMC/Playlist1P/MasterAnaDev_mc_AnaTuple_run00112012_Playlist.root
fcbb9b9b00d1501a568f56fb7a193603626c1f7c6ee57a98ca4f8f12d5e73680	20907389401	2026-04-19T02:31:42Z	MC/StandardMC/Playlist1P/MasterAnaDev_mc_AnaTuple_run00112013_Playlist.root
886d186a91e1b24a7348adb478cb3848e34344e7ba69fe3bd74be6da2d3c034d	21005898985	2026-04-19T02:35:10Z	MC/StandardMC/Playlist1P/MasterAnaDev_mc_AnaTuple_run00112014_Playlist.root
febcb9e051bbdfd0cc1dad1e8e21a5a52c79981aed5283127da7320224dcbd22	21086400179	2026-04-19T02:36:40Z	MC/StandardMC/Playlist1P/MasterAnaDev_mc_AnaTuple_run00112015_Playlist.root
981252578e4ee17137e56be82d2161a0b29696fc0e1268054a4f090bcd91f1e1	20676258989	2026-04-19T02:38:32Z	MC/StandardMC/Playlist1P/MasterAnaDev_mc_AnaTuple_run00112016_Playlist.root
07001ea859b0c9b6d500f0e27d4fa62d2052927551496da8904b5015e50739c9	20881100137	2026-04-19T02:40:25Z	MC/StandardMC/Playlist1P/MasterAnaDev_mc_AnaTuple_run00112017_Playlist.root
a92d8b26a4401bcb15180e9d2aadde2b606e409847979c46d7fd299c3fc8fa15	21064414547	2026-04-19T02:42:10Z	MC/StandardMC/Playlist1P/MasterAnaDev_mc_AnaTuple_run00112018_Playlist.root
1a24fe296d81e41be2cb97786eb14e9b1d2d658ac2a79470c876fe108ba8e579	21000187341	2026-04-19T02:48:40Z	MC/StandardMC/Playlist1P/MasterAnaDev_mc_AnaTuple_run00112019_Playlist.root
a11040bbbea5f65456a79df4842a54a3cc50f76b0f6d5e95c6931c458917a487	20897338826	2026-04-19T02:50:24Z	MC/StandardMC/Playlist1P/MasterAnaDev_mc_AnaTuple_run00112020_Playlist.root
e38ad7d28354d071577113a18c8c569f88b6239f7fb193d20285273f172fc0c2	25403	2021-08-31T15:49:26Z	MParamFiles/data/FluxConstraints/sorted_NuEConstraint_FHC_RHC_IMD.txt
78336bfaadf256ccc44ba87215b34f8a55d69c3de6cd92d36ad7ea64b1e16b40	73	2017-03-09T21:59:05Z	MParamFiles/data/Reweight/fit-mec-2d-nn-only-noScaleDown-penalty00300-best-fit.txt
90c611c145c747cbc94f8492af05ae5ad095d14f113d190352a79a5936d7ec7b	72	2017-03-09T21:59:05Z	MParamFiles/data/Reweight/fit-mec-2d-noScaleDown-penalty00300-best-fit.txt
155c92c351aa8d948381321cc2160470c610bb009dc0ba3036f5c8b21102b937	72	2017-03-09T21:59:05Z	MParamFiles/data/Reweight/fit-mec-2d-np-only-noScaleDown-penalty02000-best-fit.txt
46e40ec8c3c36bec970d62baed8310ae6170863c3a744aa6a28661cb3ff62306	72	2017-03-09T21:59:05Z	MParamFiles/data/Reweight/fit-qe-gaussian-noScaleDown-penalty02000-best-fit.txt
4d82db2c014a43ca2349b7d20b145177b0007a2b5661a65f6477b92d491141e1	18424817	2017-02-05T22:17:19Z	MParamFiles/data/Reweight/outNievesRPAratio-nu12C-20GeV-20170202.root
0f18d04b04f0f17a82c74a3b2530fc37f23eab736354882f1bef1a55f86068b2	18042737	2017-02-05T22:17:19Z	MParamFiles/data/Reweight/outNievesRPAratio-nu16O-20GeV-20170202.root
a25c1b8ae093b89be7f5ff9070e2887d453d9d8016d552456cbb37f28336ef57	18059469	2024-02-07T17:51:37Z	MParamFiles/data/Reweight/outNievesRPAratio-nu208Pb-20GeV-20170202.root
5921cfce7917b7f74fb6455918e55a2f654c62a58c7e91364791e9c86a3b863b	18015485	2024-02-07T17:48:25Z	MParamFiles/data/Reweight/outNievesRPAratio-nu56Fe-20GeV-20170202.root
