{
  "campaign": "PET bkgsub 5D corrected C_stat (Phase 4)",
  "n_replicas": 20,
  "replica_ids": [
    1,
    2,
    3,
    4,
    5,
    6,
    7,
    8,
    9,
    10,
    11,
    12,
    13,
    14,
    15,
    16,
    17,
    18,
    19,
    20
  ],
  "expected_ids": "1-20",
  "n_reported_bins": 10550,
  "sqrt_trace": 7.438990877925954e-39,
  "per_bin_rel_median": 0.07850517792372416,
  "per_bin_rel_p90": 0.5084260790158814,
  "per_bin_rel_max": 6.359416255355226,
  "floor_per_bin_rel_median": 9.107722024316863e-06,
  "cstat_over_floor_ratio": 8619.628235701732,
  "out": "/pscratch/sd/j/josephrb/MINERvA-OmniFold/nd-unfolding/products/pet/bkgsub/pet_cstat_bkgsub_5d.npz"
}