{
  "event_census": {
    "N": 32849103,
    "pass_truth": 32849103,
    "pass_truth_and_reco": 20404292,
    "truth_only_miss": 12444811,
    "has_cloud": 32848929,
    "empty_cloud": 174
  },
  "n_validation_events": 32848929,
  "eavail_validation": {
    "n": 32848929,
    "median": -2.3365020807020187e-08,
    "mean": -0.006422885338877497,
    "q16": -9.870529177335996e-08,
    "q84": 3.051757779815034e-08,
    "frac_within": 0.9878386902659749,
    "rms": 0.08222141300149216
  },
  "eavail_bias_vs_nhad": {
    "1-4": {
      "n": 20883580,
      "median": -1.4424324040751557e-08
    },
    "5-8": {
      "n": 9002652,
      "median": -3.957748412330986e-08
    },
    "9-11": {
      "n": 2204729,
      "median": -8.201599133172977e-08
    },
    "12 (sat)": {
      "n": 757968,
      "median": -0.035492860794067216
    }
  },
  "frac_saturated": 0.023074359593276236,
  "W_validation": {
    "n": 32847455,
    "median": 0.9579842725967493,
    "mean": 1.817684177484584,
    "q16": -0.07177703323866379,
    "q84": 4.311263864283954,
    "frac_within": 0.19693525723682398,
    "rms": 3.238619920026924
  },
  "projection_eavail": {
    "edges": [
      0.0,
      0.1,
      0.2,
      0.4,
      0.8,
      1.5,
      3.0,
      100.0
    ],
    "pet_cloud_hascloud": [
      2.569225111418399e-38,
      2.4416535116038235e-38,
      2.3924639791229963e-38,
      1.815263261539722e-38,
      1.1600723175910196e-38,
      6.981428506237676e-39,
      1.264374422928498e-40
    ],
    "pet_stored_hascloud": [
      2.5603519030431427e-38,
      2.4328948646874743e-38,
      2.386743911156204e-38,
      1.810271076271784e-38,
      1.1569376521656574e-38,
      6.994162734841236e-39,
      1.2701604948547205e-40
    ],
    "pet_stored_full": [
      2.560540671341199e-38,
      2.4328948646874743e-38,
      2.386743911156204e-38,
      1.810271076271784e-38,
      1.1569376521656574e-38,
      6.994162734841236e-39,
      1.2701604948547205e-40
    ],
    "gbdt": [
      2.09878816282593e-38,
      2.0144827966680695e-38,
      1.8624779622896982e-38,
      1.2492425300047038e-38,
      7.621795363370127e-39,
      4.137630752554544e-39,
      6.517916550958639e-41
    ]
  },
  "projection_W": {
    "edges": [
      0.0,
      1.1,
      1.4,
      1.8,
      2.2,
      3.0,
      100.0
    ],
    "pet_cloud_hascloud": [
      2.6528612033394956e-39,
      9.008215573593621e-39,
      9.25498153958167e-39,
      1.350318542945324e-38,
      1.1133641664228773e-38,
      2.4442540088814938e-40
    ],
    "pet_stored_hascloud": [
      5.1759933534360805e-39,
      2.4852652170661705e-38,
      2.232657272073087e-38,
      1.822744502745011e-38,
      1.3951995482593928e-38,
      7.691963658161509e-41
    ],
    "pet_stored_full": [
      5.1759973344601157e-39,
      2.4852667511794943e-38,
      2.2326626115945308e-38,
      1.822746861669636e-38,
      1.395202684317623e-38,
      7.69206719410347e-41
    ],
    "gbdt": [
      4.370403832702287e-39,
      1.8751279071206662e-38,
      1.4187145388309698e-38,
      1.152303661573146e-38,
      7.481012778336282e-39,
      4.1212041031886573e-41
    ]
  },
  "projection_nproton": {
    "edges": [
      -0.5,
      0.5,
      1.5,
      2.5,
      3.5,
      4.5,
      5.5,
      6.5
    ],
    "pet_cloud": [
      1.79222749005889e-38,
      2.2745093715903735e-38,
      4.16026100983397e-39,
      1.4755393961924257e-39,
      6.054872695941188e-40,
      2.113027668284708e-40,
      6.628109810954978e-41
    ]
  },
  "projection_npi": {
    "edges": [
      -0.5,
      0.5,
      1.5,
      2.5,
      3.5,
      4.5,
      5.5,
      6.5
    ],
    "pet_cloud": [
      1.4910997988436182e-38,
      1.7135317835828486e-38,
      7.590086805891653e-39,
      4.9189014502701515e-39,
      1.7706975364007678e-39,
      8.353693213053907e-40,
      3.2522796395538852e-40
    ]
  }
}