job	name	qos	partition	state	submit	start	end	elapsed_h	gpus	billing	gpu_hours	cpu_node_hours	account
58879530	pfd-task	debug	regular_milan_ss11	COMPLETED	2026-09-25T14:57:57	2026-09-25T14:58:02	2026-09-25T14:59:44	0.0283	0.0	256.0	0.0	0.0283	m3246
58879616	pfd-task	debug	regular_milan_ss11	COMPLETED	2026-09-25T15:01:10	2026-09-25T15:01:16	2026-09-25T15:06:11	0.0819	0.0	256.0	0.0	0.0819	m3246
58879830	pfd-task	debug	regular_milan_ss11	COMPLETED	2026-09-25T15:08:44	2026-09-25T15:08:49	2026-09-25T15:13:59	0.0861	0.0	256.0	0.0	0.0861	m3246
58880230	pfd-chain	gpu_debug	gpu_ss11	FAILED	2026-09-25T15:22:16	2026-09-25T15:25:23	2026-09-25T15:25:56	0.0092	4.0	128.0	0.0367	0.0	m3246_g
58880231	pfd-chain	gpu_debug	gpu_ss11	FAILED	2026-09-25T15:22:19	2026-09-25T15:25:25	2026-09-25T15:25:58	0.0092	4.0	128.0	0.0367	0.0	m3246_g
58880239	pfd-inter	gpu_interactive	urgent_gpu_ss11	FAILED	2026-09-25T15:22:36	2026-09-25T15:22:36	2026-09-25T15:23:27	0.0142	4.0	128.0	0.0567	0.0	m3246_g
58880337	pfd-chain	gpu_debug	gpu_ss11	COMPLETED	2026-09-25T15:26:20	2026-09-25T15:27:35	2026-09-25T15:42:54	0.2553	4.0	128.0	1.0211	0.0	m3246_g
58880338	pfd-chain	gpu_debug	gpu_ss11	COMPLETED	2026-09-25T15:26:22	2026-09-25T15:27:35	2026-09-25T15:42:59	0.2567	4.0	128.0	1.0267	0.0	m3246_g
58880339	pfd-inter	gpu_interactive	urgent_gpu_ss11	COMPLETED	2026-09-25T15:26:24	2026-09-25T15:26:24	2026-09-25T19:13:38	3.7872	4.0	128.0	15.1489	0.0	m3246_g
58880357	pfd-chain	gpu_debug	gpu_ss11	COMPLETED	2026-09-25T15:27:45	2026-09-25T15:51:47	2026-09-25T16:07:25	0.2606	4.0	128.0	1.0422	0.0	m3246_g
58880358	pfd-chain	gpu_debug	gpu_ss11	COMPLETED	2026-09-25T15:27:45	2026-09-25T15:53:46	2026-09-25T16:09:15	0.2581	4.0	128.0	1.0322	0.0	m3246_g
58880409	pfd-shared	gpu_shared	shared_gpu_ss11	CANCELLED by 112498	2026-09-25T15:29:12	None	2026-09-25T19:35:48	0.0	0.0	0.0	0.0	0.0	m3246_g
58880410	pfd-shared	gpu_shared	shared_gpu_ss11	CANCELLED by 112498	2026-09-25T15:29:14	None	2026-09-25T19:35:48	0.0	0.0	0.0	0.0	0.0	m3246_g
58880411	pfd-shared	gpu_shared	shared_gpu_ss11	CANCELLED by 112498	2026-09-25T15:29:14	None	2026-09-25T19:35:48	0.0	0.0	0.0	0.0	0.0	m3246_g
58880412	pfd-shared	gpu_shared	shared_gpu_ss11	CANCELLED by 112498	2026-09-25T15:29:14	None	2026-09-25T19:35:48	0.0	0.0	0.0	0.0	0.0	m3246_g
58880413	pfd-shared	gpu_shared	shared_gpu_ss11	CANCELLED by 112498	2026-09-25T15:29:17	None	2026-09-25T19:35:48	0.0	0.0	0.0	0.0	0.0	m3246_g
58880414	pfd-shared	gpu_shared	shared_gpu_ss11	CANCELLED by 112498	2026-09-25T15:29:19	None	2026-09-25T19:35:48	0.0	0.0	0.0	0.0	0.0	m3246_g
58880416	pfd-shared	gpu_shared	shared_gpu_ss11	CANCELLED by 112498	2026-09-25T15:29:19	None	2026-09-25T19:35:48	0.0	0.0	0.0	0.0	0.0	m3246_g
58880449	pfd-scalar-extract	shared	shared_milan_ss11	FAILED	2026-09-25T15:30:22	2026-09-25T16:05:12	2026-09-25T16:05:49	0.0103	0.0	18.0	0.0	0.0007	m3246
58880466	pfd-step2	gpu_interactive	urgent_gpu_ss11	COMPLETED	2026-09-25T15:31:53	2026-09-25T15:31:53	2026-09-25T16:33:38	1.0292	4.0	128.0	4.1167	0.0	m3246_g
58880781	pfd-task	shared	shared_milan_ss11	CANCELLED by 112498	2026-09-25T15:44:10	None	2026-09-25T15:44:29	0.0	0.0	0.0	0.0	0.0	m3246
58880782	pfd-task	shared	shared_milan_ss11	CANCELLED by 112498	2026-09-25T15:44:13	None	2026-09-25T15:44:29	0.0	0.0	0.0	0.0	0.0	m3246
58880785	pfd-banks	shared	shared_milan_ss11	COMPLETED	2026-09-25T15:44:16	2026-09-25T16:07:15	2026-09-25T16:10:37	0.0561	0.0	22.0	0.0	0.0048	m3246
58880786	pfd-runner-cpu	shared	shared_milan_ss11	FAILED	2026-09-25T15:44:18	2026-09-25T16:41:02	2026-09-25T16:41:08	0.0017	0.0	22.0	0.0	0.0001	m3246
58880787	pfd-task	shared	shared_milan_ss11	COMPLETED	2026-09-25T15:44:30	2026-09-25T16:41:02	2026-09-25T16:49:19	0.1381	0.0	4.0	0.0	0.0022	m3246
58880788	pfd-task	shared	shared_milan_ss11	FAILED	2026-09-25T15:44:30	2026-09-25T17:01:41	2026-09-25T17:10:02	0.1392	0.0	4.0	0.0	0.0022	m3246
58880934	pfd-chain	gpu_debug	gpu_ss11	COMPLETED	2026-09-25T15:52:02	2026-09-25T16:08:56	2026-09-25T16:24:28	0.2589	4.0	128.0	1.0356	0.0	m3246_g
58880967	pfd-chain	gpu_debug	gpu_ss11	COMPLETED	2026-09-25T15:54:01	2026-09-25T16:11:08	2026-09-25T16:26:41	0.2592	4.0	128.0	1.0367	0.0	m3246_g
58881055	pfd-pet2-smoke	gpu_shared	shared_gpu_ss11	FAILED	2026-09-25T15:58:11	2026-09-25T16:34:17	2026-09-25T16:51:58	0.2947	1.0	32.0	0.2947	0.0	m3246_g
58881280	pfd-chain	gpu_debug	gpu_ss11	COMPLETED	2026-09-25T16:09:10	2026-09-25T16:31:38	2026-09-25T16:47:11	0.2592	4.0	128.0	1.0367	0.0	m3246_g
58881339	pfd-chain	gpu_debug	gpu_ss11	COMPLETED	2026-09-25T16:11:23	2026-09-25T16:31:38	2026-09-25T16:47:19	0.2614	4.0	128.0	1.0456	0.0	m3246_g
58881764	pfd-chain	gpu_debug	gpu_ss11	COMPLETED	2026-09-25T16:31:53	2026-09-25T16:49:30	2026-09-25T17:05:02	0.2589	4.0	128.0	1.0356	0.0	m3246_g
58881765	pfd-chain	gpu_debug	gpu_ss11	COMPLETED	2026-09-25T16:31:53	2026-09-25T16:49:30	2026-09-25T17:05:08	0.2606	4.0	128.0	1.0422	0.0	m3246_g
58882126	pfd-chain	gpu_debug	gpu_ss11	COMPLETED	2026-09-25T16:49:44	2026-09-25T17:09:33	2026-09-25T17:25:15	0.2617	4.0	128.0	1.0467	0.0	m3246_g
58882127	pfd-chain	gpu_debug	gpu_ss11	COMPLETED	2026-09-25T16:49:44	2026-09-25T17:09:33	2026-09-25T17:25:22	0.2636	4.0	128.0	1.0544	0.0	m3246_g
58882618	pfd-chain	gpu_debug	gpu_ss11	COMPLETED	2026-09-25T17:09:47	2026-09-25T17:28:02	2026-09-25T17:43:39	0.2603	4.0	128.0	1.0411	0.0	m3246_g
58882619	pfd-chain	gpu_debug	gpu_ss11	COMPLETED	2026-09-25T17:09:47	2026-09-25T17:30:36	2026-09-25T17:46:13	0.2603	4.0	128.0	1.0411	0.0	m3246_g
58883356	pfd-chain	gpu_debug	gpu_ss11	COMPLETED	2026-09-25T17:28:15	2026-09-25T17:47:53	2026-09-25T18:03:27	0.2594	4.0	128.0	1.0378	0.0	m3246_g
58883496	pfd-chain	gpu_debug	gpu_ss11	COMPLETED	2026-09-25T17:30:49	2026-09-25T17:49:40	2026-09-25T18:05:12	0.2589	4.0	128.0	1.0356	0.0	m3246_g
58883906	pfd-chain	gpu_debug	gpu_ss11	COMPLETED	2026-09-25T17:48:08	2026-09-25T18:05:29	2026-09-25T18:20:59	0.2583	4.0	128.0	1.0333	0.0	m3246_g
58883984	pfd-chain	gpu_debug	gpu_ss11	COMPLETED	2026-09-25T17:49:55	2026-09-25T18:07:07	2026-09-25T18:22:26	0.2553	4.0	128.0	1.0211	0.0	m3246_g
58884275	pfd-chain	gpu_debug	gpu_ss11	COMPLETED	2026-09-25T18:05:41	2026-09-25T18:21:53	2026-09-25T18:37:25	0.2589	4.0	128.0	1.0356	0.0	m3246_g
58884374	pfd-chain	gpu_debug	gpu_ss11	COMPLETED	2026-09-25T18:07:15	2026-09-25T18:23:24	2026-09-25T18:38:50	0.2572	4.0	128.0	1.0289	0.0	m3246_g
58884868	pfd-chain	gpu_debug	gpu_ss11	COMPLETED	2026-09-25T18:22:11	2026-09-25T18:38:32	2026-09-25T18:54:13	0.2614	4.0	128.0	1.0456	0.0	m3246_g
58884897	pfd-chain	gpu_debug	gpu_ss11	COMPLETED	2026-09-25T18:23:38	2026-09-25T18:40:16	2026-09-25T18:55:38	0.2561	4.0	128.0	1.0244	0.0	m3246_g
58885263	pfd-chain	gpu_debug	gpu_ss11	COMPLETED	2026-09-25T18:38:47	2026-09-25T18:55:09	2026-09-25T19:11:00	0.2642	4.0	128.0	1.0567	0.0	m3246_g
58885302	pfd-chain	gpu_debug	gpu_ss11	COMPLETED	2026-09-25T18:40:26	2026-09-25T18:56:49	2026-09-25T19:12:47	0.2661	4.0	128.0	1.0644	0.0	m3246_g
58885831	pfd-chain	gpu_debug	gpu_ss11	COMPLETED	2026-09-25T18:55:24	2026-09-25T19:12:40	2026-09-25T19:28:25	0.2625	4.0	128.0	1.05	0.0	m3246_g
58886791	pfd-chain	gpu_debug	gpu_ss11	COMPLETED	2026-09-25T19:35:53	2026-09-25T19:37:53	2026-09-25T20:06:20	0.4742	4.0	128.0	1.8967	0.0	m3246_g
58886792	pfd-chain	gpu_debug	gpu_ss11	COMPLETED	2026-09-25T19:35:56	2026-09-25T19:39:29	2026-09-25T20:07:27	0.4661	4.0	128.0	1.8644	0.0	m3246_g
58886793	pfd-inter	gpu_interactive	urgent_gpu_ss11	COMPLETED	2026-09-25T19:35:58	2026-09-25T19:35:58	2026-09-25T23:20:05	3.7353	4.0	128.0	14.9411	0.0	m3246_g
58886796	pfd-inter2	gpu_interactive	urgent_gpu_ss11	COMPLETED	2026-09-25T19:36:14	2026-09-25T19:36:14	2026-09-25T23:18:10	3.6989	4.0	128.0	14.7956	0.0	m3246_g
58886797	pfd-scalar-extract	shared	shared_milan_ss11	COMPLETED	2026-09-25T19:36:26	2026-09-25T20:21:59	2026-09-25T20:22:57	0.0161	0.0	18.0	0.0	0.0011	m3246
58886807	pfd-task	shared	shared_milan_ss11	FAILED	2026-09-25T19:36:55	2026-09-25T20:20:31	2026-09-25T20:28:52	0.1392	0.0	4.0	0.0	0.0022	m3246
58886813	pfd-chain	gpu_debug	gpu_ss11	COMPLETED	2026-09-25T19:38:08	2026-09-25T20:28:39	2026-09-25T20:56:45	0.4683	4.0	128.0	1.8733	0.0	m3246_g
58886821	pfd-runner-cpu	shared	shared_milan_ss11	FAILED	2026-09-25T19:38:45	2026-09-25T20:36:52	2026-09-25T20:41:32	0.0778	0.0	22.0	0.0	0.0067	m3246
58886822	pfd-runner-cpu	shared	shared_milan_ss11	COMPLETED	2026-09-25T19:38:45	2026-09-25T20:36:53	2026-09-25T20:40:40	0.0631	0.0	22.0	0.0	0.0054	m3246
58886830	pfd-chain	gpu_debug	gpu_ss11	COMPLETED	2026-09-25T19:39:43	2026-09-25T20:28:39	2026-09-25T20:56:53	0.4706	4.0	128.0	1.8822	0.0	m3246_g
58886850	pfd-long	gpu_regular	gpu_ss11	COMPLETED	2026-09-25T19:41:06	2026-09-26T03:44:09	2026-09-26T03:44:41	0.0089	4.0	128.0	0.0356	0.0	m3246_g
58886851	pfd-long	gpu_regular	gpu_ss11	COMPLETED	2026-09-25T19:41:09	2026-09-26T03:45:24	2026-09-26T03:45:56	0.0089	4.0	128.0	0.0356	0.0	m3246_g
58886852	pfd-long	gpu_preempt	gpu_ss11	COMPLETED	2026-09-25T19:41:12	2026-09-26T03:45:24	2026-09-26T03:46:06	0.0117	4.0	128.0	0.0467	0.0	m3246_g
58886854	pfd-long	gpu_preempt	gpu_ss11	COMPLETED	2026-09-25T19:41:15	2026-09-26T03:46:40	2026-09-26T03:47:12	0.0089	4.0	128.0	0.0356	0.0	m3246_g
58887690	pfd-chain	gpu_debug	gpu_ss11	COMPLETED	2026-09-25T20:28:55	2026-09-25T21:11:59	2026-09-25T21:40:03	0.4678	4.0	128.0	1.8711	0.0	m3246_g
58887691	pfd-chain	gpu_debug	gpu_ss11	COMPLETED	2026-09-25T20:28:55	2026-09-25T21:06:11	2026-09-25T21:34:56	0.4792	4.0	128.0	1.9167	0.0	m3246_g
58887741	pfd-pet2-smoke	gpu_shared	shared_gpu_ss11	COMPLETED	2026-09-25T20:31:15	2026-09-25T21:27:40	2026-09-25T21:58:50	0.5194	1.0	32.0	0.5194	0.0	m3246_g
58888549	pfd-chain	gpu_debug	gpu_ss11	COMPLETED	2026-09-25T21:06:24	2026-09-25T21:38:32	2026-09-25T22:06:41	0.4692	4.0	128.0	1.8767	0.0	m3246_g
58888646	pfd-chain	gpu_debug	gpu_ss11	COMPLETED	2026-09-25T21:12:12	2026-09-25T21:41:10	2026-09-25T22:09:22	0.47	4.0	128.0	1.88	0.0	m3246_g
58889060	pfd-chain	gpu_debug	gpu_ss11	COMPLETED	2026-09-25T21:38:47	2026-09-25T22:11:25	2026-09-25T22:39:21	0.4656	4.0	128.0	1.8622	0.0	m3246_g
58889092	pfd-chain	gpu_debug	gpu_ss11	COMPLETED	2026-09-25T21:41:19	2026-09-25T22:11:25	2026-09-25T22:39:30	0.4681	4.0	128.0	1.8722	0.0	m3246_g
58889498	pfd-chain	gpu_debug	gpu_ss11	COMPLETED	2026-09-25T22:11:37	2026-09-25T23:01:30	2026-09-25T23:29:37	0.4686	4.0	128.0	1.8744	0.0	m3246_g
58889500	pfd-chain	gpu_debug	gpu_ss11	COMPLETED	2026-09-25T22:11:40	2026-09-25T23:01:30	2026-09-25T23:29:46	0.4711	4.0	128.0	1.8844	0.0	m3246_g
58890452	pfd-chain	gpu_debug	gpu_ss11	COMPLETED	2026-09-25T23:01:45	2026-09-25T23:30:36	2026-09-25T23:46:06	0.2583	4.0	128.0	1.0333	0.0	m3246_g
58890453	pfd-chain	gpu_debug	gpu_ss11	COMPLETED	2026-09-25T23:01:45	2026-09-25T23:34:17	2026-09-25T23:49:45	0.2578	4.0	128.0	1.0311	0.0	m3246_g
58890798	pfd-chain	gpu_debug	gpu_ss11	COMPLETED	2026-09-25T23:30:46	2026-09-25T23:47:10	2026-09-26T00:15:38	0.4744	4.0	128.0	1.8978	0.0	m3246_g
58890839	pfd-chain	gpu_debug	gpu_ss11	COMPLETED	2026-09-25T23:34:30	2026-09-26T00:02:19	2026-09-26T00:30:21	0.4672	4.0	128.0	1.8689	0.0	m3246_g
58891004	pfd-chain	gpu_debug	gpu_ss11	COMPLETED	2026-09-25T23:47:25	2026-09-26T00:16:10	2026-09-26T00:43:31	0.4558	4.0	128.0	1.8233	0.0	m3246_g
58891312	pfd-chain	gpu_debug	gpu_ss11	COMPLETED	2026-09-26T00:02:32	2026-09-26T00:31:52	2026-09-26T01:00:02	0.4694	4.0	128.0	1.8778	0.0	m3246_g
58891483	pfd-chain	gpu_debug	gpu_ss11	COMPLETED	2026-09-26T00:16:20	2026-09-26T01:01:02	2026-09-26T01:29:15	0.4703	4.0	128.0	1.8811	0.0	m3246_g
58891636	pfd-chain	gpu_debug	gpu_ss11	COMPLETED	2026-09-26T00:32:01	2026-09-26T01:14:51	2026-09-26T01:15:28	0.0103	4.0	128.0	0.0411	0.0	m3246_g
58891641	pfd-inter1	gpu_interactive	urgent_gpu_ss11	COMPLETED	2026-09-26T00:32:13	2026-09-26T00:32:13	2026-09-26T04:11:54	3.6614	4.0	128.0	14.6456	0.0	m3246_g
58891644	pfd-inter2	gpu_interactive	urgent_gpu_ss11	COMPLETED	2026-09-26T00:32:40	2026-09-26T00:32:40	2026-09-26T04:16:20	3.7278	4.0	128.0	14.9111	0.0	m3246_g
58891690	pfd-task	shared	shared_milan_ss11	COMPLETED	2026-09-26T00:35:55	2026-09-26T00:40:16	2026-09-26T00:52:24	0.2022	0.0	4.0	0.0	0.0032	m3246
58891695	pfd-chain	gpu_debug	gpu_ss11	TIMEOUT	2026-09-26T00:36:45	2026-09-26T00:44:32	2026-09-26T01:14:36	0.5011	4.0	128.0	2.0044	0.0	m3246_g
58891701	pfd-task	debug	regular_milan_ss11	COMPLETED	2026-09-26T00:37:06	2026-09-26T00:37:20	2026-09-26T00:37:36	0.0044	0.0	256.0	0.0	0.0044	m3246
58891793	pfd-chain	gpu_debug	gpu_ss11	CANCELLED by 112498	2026-09-26T00:44:47	2026-09-26T01:16:14	2026-09-26T01:32:58	0.2789	4.0	128.0	1.1156	0.0	m3246_g
58891950	pfd-chain	gpu_debug	gpu_ss11	COMPLETED	2026-09-26T01:01:13	2026-09-26T01:34:15	2026-09-26T01:34:48	0.0092	4.0	128.0	0.0367	0.0	m3246_g
58892222	pfd-chain	gpu_debug	gpu_ss11	COMPLETED	2026-09-26T01:15:05	2026-09-26T01:30:10	2026-09-26T01:58:10	0.4667	4.0	128.0	1.8667	0.0	m3246_g
58892429	pfd-chain	gpu_debug	gpu_ss11	COMPLETED	2026-09-26T01:30:24	2026-09-26T02:00:30	2026-09-26T02:28:05	0.4597	4.0	128.0	1.8389	0.0	m3246_g
58892468	pfd-shr	gpu_shared	shared_gpu_ss11	CANCELLED by 112498	2026-09-26T01:33:59	None	2026-09-26T02:42:06	0.0	0.0	0.0	0.0	0.0	m3246_g
58892469	pfd-shr	gpu_shared	shared_gpu_ss11	CANCELLED by 112498	2026-09-26T01:33:59	None	2026-09-26T02:42:03	0.0	0.0	0.0	0.0	0.0	m3246_g
58892470	pfd-shr	gpu_shared	shared_gpu_ss11	CANCELLED by 112498	2026-09-26T01:33:59	None	2026-09-26T02:42:07	0.0	0.0	0.0	0.0	0.0	m3246_g
58892471	pfd-shr	gpu_shared	shared_gpu_ss11	CANCELLED by 112498	2026-09-26T01:33:59	None	2026-09-26T02:42:07	0.0	0.0	0.0	0.0	0.0	m3246_g
58892472	pfd-shr	gpu_shared	shared_gpu_ss11	CANCELLED by 112498	2026-09-26T01:33:59	None	2026-09-26T02:42:07	0.0	0.0	0.0	0.0	0.0	m3246_g
58892473	pfd-shr	gpu_shared	shared_gpu_ss11	CANCELLED by 112498	2026-09-26T01:33:59	None	2026-09-26T02:42:07	0.0	0.0	0.0	0.0	0.0	m3246_g
58892474	pfd-shr	gpu_shared	shared_gpu_ss11	CANCELLED by 112498	2026-09-26T01:33:59	None	2026-09-26T02:42:07	0.0	0.0	0.0	0.0	0.0	m3246_g
58892475	pfd-shr	gpu_shared	shared_gpu_ss11	CANCELLED by 112498	2026-09-26T01:33:59	None	2026-09-26T02:42:07	0.0	0.0	0.0	0.0	0.0	m3246_g
58892476	pfd-shr	gpu_shared	shared_gpu_ss11	CANCELLED by 112498	2026-09-26T01:33:59	None	2026-09-26T02:42:07	0.0	0.0	0.0	0.0	0.0	m3246_g
58892477	pfd-shr	gpu_shared	shared_gpu_ss11	CANCELLED by 112498	2026-09-26T01:33:59	None	2026-09-26T02:42:07	0.0	0.0	0.0	0.0	0.0	m3246_g
58892480	pfd-chain	gpu_debug	gpu_ss11	COMPLETED	2026-09-26T01:34:27	2026-09-26T01:35:37	2026-09-26T01:36:10	0.0092	4.0	128.0	0.0367	0.0	m3246_g
58892493	pfd-chain	gpu_debug	gpu_ss11	COMPLETED	2026-09-26T01:35:49	2026-09-26T01:36:52	2026-09-26T01:37:28	0.01	4.0	128.0	0.04	0.0	m3246_g
58892506	pfd-chain	gpu_debug	gpu_ss11	COMPLETED	2026-09-26T01:37:07	2026-09-26T01:38:08	2026-09-26T01:38:41	0.0092	4.0	128.0	0.0367	0.0	m3246_g
58892529	pfd-chain	gpu_debug	gpu_ss11	COMPLETED	2026-09-26T01:38:20	2026-09-26T01:39:13	2026-09-26T01:39:46	0.0092	4.0	128.0	0.0367	0.0	m3246_g
58892542	pfd-chain	gpu_debug	gpu_ss11	COMPLETED	2026-09-26T01:39:24	2026-09-26T01:40:30	2026-09-26T01:41:03	0.0092	4.0	128.0	0.0367	0.0	m3246_g
58892568	pfd-chain	gpu_debug	gpu_ss11	COMPLETED	2026-09-26T01:40:43	2026-09-26T01:41:44	2026-09-26T01:42:18	0.0094	4.0	128.0	0.0378	0.0	m3246_g
58892578	pfd-chain	gpu_debug	gpu_ss11	COMPLETED	2026-09-26T01:41:57	2026-09-26T01:43:00	2026-09-26T01:43:33	0.0092	4.0	128.0	0.0367	0.0	m3246_g
58892604	pfd-chain	gpu_debug	gpu_ss11	COMPLETED	2026-09-26T01:43:12	2026-09-26T01:44:18	2026-09-26T01:44:54	0.01	4.0	128.0	0.04	0.0	m3246_g
58892624	pfd-chain	gpu_debug	gpu_ss11	COMPLETED	2026-09-26T01:44:31	2026-09-26T01:46:54	2026-09-26T02:14:56	0.4672	4.0	128.0	1.8689	0.0	m3246_g
58892655	pfd-chain	gpu_debug	gpu_ss11	COMPLETED	2026-09-26T01:47:07	2026-09-26T02:16:29	2026-09-26T02:44:36	0.4686	4.0	128.0	1.8744	0.0	m3246_g
58892700	pfd-shr	gpu_shared	shared_gpu_ss11	CANCELLED by 112498	2026-09-26T01:55:00	None	2026-09-26T02:42:07	0.0	0.0	0.0	0.0	0.0	m3246_g
58892701	pfd-shr	gpu_shared	shared_gpu_ss11	CANCELLED by 112498	2026-09-26T01:55:00	None	2026-09-26T02:42:07	0.0	0.0	0.0	0.0	0.0	m3246_g
58892702	pfd-shr	gpu_shared	shared_gpu_ss11	CANCELLED by 112498	2026-09-26T01:55:00	None	2026-09-26T02:42:06	0.0	0.0	0.0	0.0	0.0	m3246_g
58892703	pfd-shr	gpu_shared	shared_gpu_ss11	CANCELLED by 112498	2026-09-26T01:55:01	None	2026-09-26T02:42:06	0.0	0.0	0.0	0.0	0.0	m3246_g
58892704	pfd-shr	gpu_shared	shared_gpu_ss11	CANCELLED by 112498	2026-09-26T01:55:01	None	2026-09-26T02:42:06	0.0	0.0	0.0	0.0	0.0	m3246_g
58892705	pfd-shr	gpu_shared	shared_gpu_ss11	CANCELLED by 112498	2026-09-26T01:55:01	None	2026-09-26T02:42:06	0.0	0.0	0.0	0.0	0.0	m3246_g
58892706	pfd-shr	gpu_shared	shared_gpu_ss11	CANCELLED by 112498	2026-09-26T01:55:01	None	2026-09-26T02:42:06	0.0	0.0	0.0	0.0	0.0	m3246_g
58892707	pfd-shr	gpu_shared	shared_gpu_ss11	CANCELLED by 112498	2026-09-26T01:55:01	None	2026-09-26T02:42:06	0.0	0.0	0.0	0.0	0.0	m3246_g
58892738	pfd-chain	gpu_debug	gpu_ss11	COMPLETED	2026-09-26T02:00:41	2026-09-26T02:29:32	2026-09-26T02:57:24	0.4644	4.0	128.0	1.8578	0.0	m3246_g
58892894	pfd-chain	gpu_debug	gpu_ss11	COMPLETED	2026-09-26T02:16:44	2026-09-26T02:45:14	2026-09-26T03:00:17	0.2508	4.0	128.0	1.0033	0.0	m3246_g
58892991	pfd-chain	gpu_debug	gpu_ss11	COMPLETED	2026-09-26T02:29:45	2026-09-26T03:01:12	2026-09-26T03:15:55	0.2453	4.0	128.0	0.9811	0.0	m3246_g
58893066	pfd-shr	gpu_shared	shared_gpu_ss11	COMPLETED	2026-09-26T02:42:13	2026-09-26T03:32:21	2026-09-26T05:15:11	1.7139	1.0	32.0	1.7139	0.0	m3246_g
58893067	pfd-shr	gpu_shared	shared_gpu_ss11	COMPLETED	2026-09-26T02:42:13	2026-09-26T05:47:50	2026-09-26T07:26:29	1.6442	1.0	32.0	1.6442	0.0	m3246_g
58893068	pfd-shr	gpu_shared	shared_gpu_ss11	COMPLETED	2026-09-26T02:42:13	2026-09-26T06:08:24	2026-09-26T07:43:45	1.5892	1.0	32.0	1.5892	0.0	m3246_g
58893069	pfd-shr	gpu_shared	shared_gpu_ss11	COMPLETED	2026-09-26T02:42:13	2026-09-26T08:06:15	2026-09-26T09:44:12	1.6325	1.0	32.0	1.6325	0.0	m3246_g
58893070	pfd-shr	gpu_shared	shared_gpu_ss11	COMPLETED	2026-09-26T02:42:13	2026-09-26T08:06:16	2026-09-26T09:41:42	1.5906	1.0	32.0	1.5906	0.0	m3246_g
58893071	pfd-shr	gpu_shared	shared_gpu_ss11	COMPLETED	2026-09-26T02:42:13	2026-09-26T10:22:49	2026-09-26T12:04:15	1.6906	1.0	32.0	1.6906	0.0	m3246_g
58893072	pfd-shr	gpu_shared	shared_gpu_ss11	COMPLETED	2026-09-26T02:42:13	2026-09-26T10:23:58	2026-09-26T11:59:46	1.5967	1.0	32.0	1.5967	0.0	m3246_g
58893073	pfd-shr	gpu_shared	shared_gpu_ss11	COMPLETED	2026-09-26T02:42:13	2026-09-26T11:51:47	2026-09-26T11:52:04	0.0047	1.0	32.0	0.0047	0.0	m3246_g
58893074	pfd-shr	gpu_shared	shared_gpu_ss11	COMPLETED	2026-09-26T02:42:13	2026-09-26T11:52:57	2026-09-26T11:53:15	0.005	1.0	32.0	0.005	0.0	m3246_g
58893075	pfd-shr	gpu_shared	shared_gpu_ss11	COMPLETED	2026-09-26T02:42:13	2026-09-26T12:52:52	2026-09-26T12:53:10	0.005	1.0	32.0	0.005	0.0	m3246_g
58893076	pfd-shr	gpu_shared	shared_gpu_ss11	COMPLETED	2026-09-26T02:42:13	2026-09-26T12:54:01	2026-09-26T12:54:17	0.0044	1.0	32.0	0.0044	0.0	m3246_g
58893077	pfd-shr	gpu_shared	shared_gpu_ss11	COMPLETED	2026-09-26T02:42:13	2026-09-26T13:13:20	2026-09-26T13:13:39	0.0053	1.0	32.0	0.0053	0.0	m3246_g
58893078	pfd-shr	gpu_shared	shared_gpu_ss11	COMPLETED	2026-09-26T02:42:14	2026-09-26T13:14:26	2026-09-26T13:14:45	0.0053	1.0	32.0	0.0053	0.0	m3246_g
58893079	pfd-shr	gpu_shared	shared_gpu_ss11	COMPLETED	2026-09-26T02:42:14	2026-09-26T13:43:50	2026-09-26T13:44:08	0.005	1.0	32.0	0.005	0.0	m3246_g
58893080	pfd-shr	gpu_shared	shared_gpu_ss11	CANCELLED by 112498	2026-09-26T02:42:14	None	2026-09-26T13:01:20	0.0	0.0	0.0	0.0	0.0	m3246_g
58893081	pfd-shr	gpu_shared	shared_gpu_ss11	CANCELLED by 112498	2026-09-26T02:42:14	None	2026-09-26T13:01:20	0.0	0.0	0.0	0.0	0.0	m3246_g
58893099	pfd-chain	gpu_debug	gpu_ss11	COMPLETED	2026-09-26T02:45:30	2026-09-26T03:16:46	2026-09-26T03:16:54	0.0022	4.0	128.0	0.0089	0.0	m3246_g
58893144	pfd-chain	gpu_debug	gpu_ss11	COMPLETED	2026-09-26T02:54:05	2026-09-26T02:57:28	2026-09-26T03:16:14	0.3128	4.0	128.0	1.2511	0.0	m3246_g
58893159	pfd-chain	gpu_debug	gpu_ss11	COMPLETED	2026-09-26T02:57:40	2026-09-26T03:16:46	2026-09-26T03:35:25	0.3108	4.0	128.0	1.2433	0.0	m3246_g
58893304	pfd-chain	gpu_debug	gpu_ss11	COMPLETED	2026-09-26T03:16:56	2026-09-26T03:39:30	2026-09-26T03:58:31	0.3169	4.0	128.0	1.2678	0.0	m3246_g
58893366	pfd-chain	gpu_debug	gpu_ss11	COMPLETED	2026-09-26T03:25:49	2026-09-26T03:26:20	2026-09-26T03:45:19	0.3164	4.0	128.0	1.2656	0.0	m3246_g
58893369	pfd-chain	gpu_debug	gpu_ss11	COMPLETED	2026-09-26T03:26:32	2026-09-26T03:46:40	2026-09-26T04:05:36	0.3156	4.0	128.0	1.2622	0.0	m3246_g
58893426	pfd-chain	gpu_shared	shared_gpu_ss11	COMPLETED	2026-09-26T03:32:39	2026-09-26T13:45:03	2026-09-26T13:45:25	0.0061	1.0	32.0	0.0061	0.0	m3246_g
58893598	pfd-chain	gpu_debug	gpu_ss11	COMPLETED	2026-09-26T03:39:42	2026-09-26T03:59:56	2026-09-26T04:18:29	0.3092	4.0	128.0	1.2367	0.0	m3246_g
58893782	pfd-chain	gpu_debug	gpu_ss11	COMPLETED	2026-09-26T03:46:54	2026-09-26T04:06:07	2026-09-26T04:24:52	0.3125	4.0	128.0	1.25	0.0	m3246_g
58894106	pfd-chain	gpu_debug	gpu_ss11	COMPLETED	2026-09-26T04:00:08	2026-09-26T04:19:22	2026-09-26T04:38:04	0.3117	4.0	128.0	1.2467	0.0	m3246_g
58894269	pfd-chain	gpu_debug	gpu_ss11	COMPLETED	2026-09-26T04:06:17	2026-09-26T04:25:30	2026-09-26T04:44:21	0.3142	4.0	128.0	1.2567	0.0	m3246_g
58894500	pfd-inter1	gpu_interactive	urgent_gpu_ss11	COMPLETED	2026-09-26T04:12:31	2026-09-26T04:12:31	2026-09-26T07:50:07	3.6267	4.0	128.0	14.5067	0.0	m3246_g
58894651	pfd-inter2	gpu_interactive	urgent_gpu_ss11	COMPLETED	2026-09-26T04:16:38	2026-09-26T04:16:38	2026-09-26T07:34:29	3.2975	4.0	128.0	13.19	0.0	m3246_g
58894753	pfd-chain	gpu_debug	gpu_ss11	COMPLETED	2026-09-26T04:19:35	2026-09-26T04:39:31	2026-09-26T04:58:25	0.315	4.0	128.0	1.26	0.0	m3246_g
58894919	pfd-chain	gpu_debug	gpu_ss11	COMPLETED	2026-09-26T04:25:43	2026-09-26T04:45:33	2026-09-26T05:04:51	0.3217	4.0	128.0	1.2867	0.0	m3246_g
58895388	pfd-chain	gpu_debug	gpu_ss11	COMPLETED	2026-09-26T04:39:43	2026-09-26T04:59:45	2026-09-26T05:18:13	0.3078	4.0	128.0	1.2311	0.0	m3246_g
58895576	pfd-chain	gpu_debug	gpu_ss11	COMPLETED	2026-09-26T04:45:46	2026-09-26T05:06:10	2026-09-26T05:25:01	0.3142	4.0	128.0	1.2567	0.0	m3246_g
58895710	pfd-shr	gpu_shared	shared_gpu_ss11	CANCELLED by 112498	2026-09-26T04:49:37	None	2026-09-26T13:01:20	0.0	0.0	0.0	0.0	0.0	m3246_g
58895711	pfd-shr	gpu_shared	shared_gpu_ss11	CANCELLED by 112498	2026-09-26T04:49:37	None	2026-09-26T13:01:20	0.0	0.0	0.0	0.0	0.0	m3246_g
58895714	pfd-shr	gpu_shared	shared_gpu_ss11	CANCELLED by 112498	2026-09-26T04:49:37	None	2026-09-26T13:01:20	0.0	0.0	0.0	0.0	0.0	m3246_g
58895715	pfd-shr	gpu_shared	shared_gpu_ss11	CANCELLED by 112498	2026-09-26T04:49:40	None	2026-09-26T13:01:20	0.0	0.0	0.0	0.0	0.0	m3246_g
58895718	pfd-shr	gpu_shared	shared_gpu_ss11	CANCELLED by 112498	2026-09-26T04:49:40	None	2026-09-26T13:01:20	0.0	0.0	0.0	0.0	0.0	m3246_g
58895719	pfd-shr	gpu_shared	shared_gpu_ss11	CANCELLED by 112498	2026-09-26T04:49:42	None	2026-09-26T13:01:20	0.0	0.0	0.0	0.0	0.0	m3246_g
58895720	pfd-shr	gpu_shared	shared_gpu_ss11	CANCELLED by 112498	2026-09-26T04:49:43	None	2026-09-26T13:01:20	0.0	0.0	0.0	0.0	0.0	m3246_g
58895722	pfd-shr	gpu_shared	shared_gpu_ss11	CANCELLED by 112498	2026-09-26T04:49:45	None	2026-09-26T13:01:20	0.0	0.0	0.0	0.0	0.0	m3246_g
58896040	pfd-chain	gpu_debug	gpu_ss11	COMPLETED	2026-09-26T04:59:57	2026-09-26T05:18:50	2026-09-26T05:37:35	0.3125	4.0	128.0	1.25	0.0	m3246_g
58896256	pfd-chain	gpu_debug	gpu_ss11	COMPLETED	2026-09-26T05:06:26	2026-09-26T05:26:15	2026-09-26T05:44:57	0.3117	4.0	128.0	1.2467	0.0	m3246_g
58896673	pfd-chain	gpu_debug	gpu_ss11	COMPLETED	2026-09-26T05:19:05	2026-09-26T05:38:52	2026-09-26T05:57:48	0.3156	4.0	128.0	1.2622	0.0	m3246_g
58897019	pfd-chain	gpu_debug	gpu_ss11	COMPLETED	2026-09-26T05:26:26	2026-09-26T05:46:34	2026-09-26T06:05:06	0.3089	4.0	128.0	1.2356	0.0	m3246_g
58897471	pfd-chain	gpu_debug	gpu_ss11	COMPLETED	2026-09-26T05:39:05	2026-09-26T05:59:59	2026-09-26T06:19:02	0.3175	4.0	128.0	1.27	0.0	m3246_g
58897721	pfd-chain	gpu_debug	gpu_ss11	COMPLETED	2026-09-26T05:46:43	2026-09-26T06:07:07	2026-09-26T06:26:10	0.3175	4.0	128.0	1.27	0.0	m3246_g
58897770	pfd-chain	gpu_shared	shared_gpu_ss11	COMPLETED	2026-09-26T05:48:03	2026-09-26T13:53:15	2026-09-26T13:53:34	0.0053	1.0	32.0	0.0053	0.0	m3246_g
58898116	pfd-chain	gpu_debug	gpu_ss11	COMPLETED	2026-09-26T06:00:11	2026-09-26T06:19:28	2026-09-26T06:37:59	0.3086	4.0	128.0	1.2344	0.0	m3246_g
58898292	pfd-chain	gpu_debug	gpu_ss11	COMPLETED	2026-09-26T06:07:21	2026-09-26T06:27:55	2026-09-26T06:46:47	0.3144	4.0	128.0	1.2578	0.0	m3246_g
58898328	pfd-chain	gpu_shared	shared_gpu_ss11	COMPLETED	2026-09-26T06:08:35	2026-09-26T13:53:15	2026-09-26T13:53:34	0.0053	1.0	32.0	0.0053	0.0	m3246_g
58898536	pfd-fin	gpu_shared	shared_gpu_ss11	CANCELLED by 112498	2026-09-26T06:15:47	None	2026-09-26T13:01:20	0.0	0.0	0.0	0.0	0.0	m3246_g
58898537	pfd-fin	gpu_shared	shared_gpu_ss11	CANCELLED by 112498	2026-09-26T06:15:50	None	2026-09-26T13:01:20	0.0	0.0	0.0	0.0	0.0	m3246_g
58898538	pfd-fin	gpu_shared	shared_gpu_ss11	CANCELLED by 112498	2026-09-26T06:15:50	None	2026-09-26T13:01:20	0.0	0.0	0.0	0.0	0.0	m3246_g
58898539	pfd-fin	gpu_shared	shared_gpu_ss11	CANCELLED by 112498	2026-09-26T06:15:53	None	2026-09-26T13:01:20	0.0	0.0	0.0	0.0	0.0	m3246_g
58898542	pfd-fin	gpu_shared	shared_gpu_ss11	CANCELLED by 112498	2026-09-26T06:15:55	None	2026-09-26T13:01:20	0.0	0.0	0.0	0.0	0.0	m3246_g
58898544	pfd-fin	gpu_shared	shared_gpu_ss11	CANCELLED by 112498	2026-09-26T06:15:55	None	2026-09-26T13:01:20	0.0	0.0	0.0	0.0	0.0	m3246_g
58898545	pfd-fin	gpu_shared	shared_gpu_ss11	CANCELLED by 112498	2026-09-26T06:15:55	None	2026-09-26T13:01:20	0.0	0.0	0.0	0.0	0.0	m3246_g
58898546	pfd-fin	gpu_shared	shared_gpu_ss11	CANCELLED by 112498	2026-09-26T06:15:55	None	2026-09-26T13:01:20	0.0	0.0	0.0	0.0	0.0	m3246_g
58898547	pfd-fin	gpu_shared	shared_gpu_ss11	CANCELLED by 112498	2026-09-26T06:15:56	None	2026-09-26T13:01:20	0.0	0.0	0.0	0.0	0.0	m3246_g
58898548	pfd-fin	gpu_shared	shared_gpu_ss11	CANCELLED by 112498	2026-09-26T06:15:58	None	2026-09-26T13:01:20	0.0	0.0	0.0	0.0	0.0	m3246_g
58898549	pfd-fin	gpu_shared	shared_gpu_ss11	CANCELLED by 112498	2026-09-26T06:15:58	None	2026-09-26T13:01:20	0.0	0.0	0.0	0.0	0.0	m3246_g
58898550	pfd-fin	gpu_shared	shared_gpu_ss11	CANCELLED by 112498	2026-09-26T06:15:58	None	2026-09-26T13:01:20	0.0	0.0	0.0	0.0	0.0	m3246_g
58898551	pfd-fin	gpu_shared	shared_gpu_ss11	CANCELLED by 112498	2026-09-26T06:16:00	None	2026-09-26T13:01:20	0.0	0.0	0.0	0.0	0.0	m3246_g
58898553	pfd-fin	gpu_shared	shared_gpu_ss11	CANCELLED by 112498	2026-09-26T06:16:01	None	2026-09-26T13:01:20	0.0	0.0	0.0	0.0	0.0	m3246_g
58898555	pfd-fin	gpu_shared	shared_gpu_ss11	CANCELLED by 112498	2026-09-26T06:16:04	None	2026-09-26T13:01:20	0.0	0.0	0.0	0.0	0.0	m3246_g
58898556	pfd-fin	gpu_shared	shared_gpu_ss11	CANCELLED by 112498	2026-09-26T06:16:07	None	2026-09-26T13:01:20	0.0	0.0	0.0	0.0	0.0	m3246_g
58898557	pfd-fin	gpu_shared	shared_gpu_ss11	CANCELLED by 112498	2026-09-26T06:16:09	None	2026-09-26T13:01:20	0.0	0.0	0.0	0.0	0.0	m3246_g
58898559	pfd-fin	gpu_shared	shared_gpu_ss11	CANCELLED by 112498	2026-09-26T06:16:09	None	2026-09-26T13:01:20	0.0	0.0	0.0	0.0	0.0	m3246_g
58898560	pfd-fin	gpu_shared	shared_gpu_ss11	CANCELLED by 112498	2026-09-26T06:16:09	None	2026-09-26T13:01:20	0.0	0.0	0.0	0.0	0.0	m3246_g
58898561	pfd-fin	gpu_shared	shared_gpu_ss11	CANCELLED by 112498	2026-09-26T06:16:09	None	2026-09-26T13:01:20	0.0	0.0	0.0	0.0	0.0	m3246_g
58898562	pfd-fin	gpu_shared	shared_gpu_ss11	CANCELLED by 112498	2026-09-26T06:16:09	None	2026-09-26T13:01:20	0.0	0.0	0.0	0.0	0.0	m3246_g
58898563	pfd-fin	gpu_shared	shared_gpu_ss11	CANCELLED by 112498	2026-09-26T06:16:09	None	2026-09-26T13:01:20	0.0	0.0	0.0	0.0	0.0	m3246_g
58898564	pfd-fin	gpu_shared	shared_gpu_ss11	CANCELLED by 112498	2026-09-26T06:16:09	None	2026-09-26T13:01:20	0.0	0.0	0.0	0.0	0.0	m3246_g
58898565	pfd-fin	gpu_shared	shared_gpu_ss11	CANCELLED by 112498	2026-09-26T06:16:12	None	2026-09-26T13:01:20	0.0	0.0	0.0	0.0	0.0	m3246_g
58898652	pfd-chain	gpu_debug	gpu_ss11	COMPLETED	2026-09-26T06:19:44	2026-09-26T06:38:59	2026-09-26T06:57:50	0.3142	4.0	128.0	1.2567	0.0	m3246_g
58898984	pfd-chain	gpu_debug	gpu_ss11	COMPLETED	2026-09-26T06:28:10	2026-09-26T06:47:21	2026-09-26T07:06:11	0.3139	4.0	128.0	1.2556	0.0	m3246_g
58899289	pfd-chain	gpu_debug	gpu_ss11	COMPLETED	2026-09-26T06:39:11	2026-09-26T06:58:51	2026-09-26T07:17:45	0.315	4.0	128.0	1.26	0.0	m3246_g
58899504	pfd-chain	gpu_debug	gpu_ss11	COMPLETED	2026-09-26T06:47:34	2026-09-26T07:07:24	2026-09-26T07:26:24	0.3167	4.0	128.0	1.2667	0.0	m3246_g
58899862	pfd-chain	gpu_debug	gpu_ss11	COMPLETED	2026-09-26T06:59:05	2026-09-26T07:18:29	2026-09-26T07:37:24	0.3153	4.0	128.0	1.2611	0.0	m3246_g
58900098	pfd-chain	gpu_debug	gpu_ss11	COMPLETED	2026-09-26T07:07:36	2026-09-26T07:27:16	2026-09-26T07:45:52	0.31	4.0	128.0	1.24	0.0	m3246_g
58900382	pfd-chain	gpu_debug	gpu_ss11	COMPLETED	2026-09-26T07:18:38	2026-09-26T07:38:19	2026-09-26T07:57:01	0.3117	4.0	128.0	1.2467	0.0	m3246_g
58900645	pfd-chain	gpu_debug	gpu_ss11	COMPLETED	2026-09-26T07:27:25	2026-09-26T07:46:37	2026-09-26T08:06:06	0.3247	4.0	128.0	1.2989	0.0	m3246_g
58900863	pfd-inter2	gpu_interactive	urgent_gpu_ss11	COMPLETED	2026-09-26T07:34:56	2026-09-26T07:34:56	2026-09-26T11:20:29	3.7592	4.0	128.0	15.0367	0.0	m3246_g
58900952	pfd-chain	gpu_debug	gpu_ss11	COMPLETED	2026-09-26T07:38:31	2026-09-26T07:57:44	2026-09-26T08:17:16	0.3256	4.0	128.0	1.3022	0.0	m3246_g
58901258	pfd-chain	gpu_debug	gpu_ss11	COMPLETED	2026-09-26T07:46:53	2026-09-26T08:08:33	2026-09-26T08:27:35	0.3172	4.0	128.0	1.2689	0.0	m3246_g
58901422	pfd-inter1	gpu_interactive	urgent_gpu_ss11	COMPLETED	2026-09-26T07:50:46	2026-09-26T07:50:46	2026-09-26T11:14:41	3.3986	4.0	128.0	13.5944	0.0	m3246_g
58901668	pfd-chain	gpu_debug	gpu_ss11	COMPLETED	2026-09-26T07:57:55	2026-09-26T08:18:10	2026-09-26T08:37:27	0.3214	4.0	128.0	1.2856	0.0	m3246_g
58901945	pfd-chain	gpu_shared	shared_gpu_ss11	COMPLETED	2026-09-26T08:06:28	2026-09-26T14:18:20	2026-09-26T14:18:31	0.0031	1.0	32.0	0.0031	0.0	m3246_g
58901946	pfd-chain	gpu_shared	shared_gpu_ss11	COMPLETED	2026-09-26T08:06:28	2026-09-26T14:18:20	2026-09-26T14:18:31	0.0031	1.0	32.0	0.0031	0.0	m3246_g
58902015	pfd-chain	gpu_debug	gpu_ss11	COMPLETED	2026-09-26T08:08:45	2026-09-26T08:28:50	2026-09-26T08:47:47	0.3158	4.0	128.0	1.2633	0.0	m3246_g
58902445	pfd-chain	gpu_debug	gpu_ss11	COMPLETED	2026-09-26T08:18:25	2026-09-26T08:38:33	2026-09-26T08:57:15	0.3117	4.0	128.0	1.2467	0.0	m3246_g
58902729	pfd-chain	gpu_debug	gpu_ss11	COMPLETED	2026-09-26T08:29:00	2026-09-26T08:49:09	2026-09-26T09:08:14	0.3181	4.0	128.0	1.2722	0.0	m3246_g
58903088	pfd-chain	gpu_debug	gpu_ss11	COMPLETED	2026-09-26T08:38:46	2026-09-26T08:58:18	2026-09-26T09:16:31	0.3036	4.0	128.0	1.2144	0.0	m3246_g
58903377	pfd-chain	gpu_debug	gpu_ss11	COMPLETED	2026-09-26T08:49:22	2026-09-26T09:09:38	2026-09-26T09:28:28	0.3139	4.0	128.0	1.2556	0.0	m3246_g
58903623	pfd-chain	gpu_debug	gpu_ss11	COMPLETED	2026-09-26T08:58:30	2026-09-26T09:17:24	2026-09-26T09:35:57	0.3092	4.0	128.0	1.2367	0.0	m3246_g
58903951	pfd-chain	gpu_debug	gpu_ss11	COMPLETED	2026-09-26T09:09:49	2026-09-26T09:29:28	2026-09-26T09:49:44	0.3378	4.0	128.0	1.3511	0.0	m3246_g
58904235	pfd-chain	gpu_debug	gpu_ss11	COMPLETED	2026-09-26T09:17:39	2026-09-26T09:36:33	2026-09-26T09:54:57	0.3067	4.0	128.0	1.2267	0.0	m3246_g
58904572	pfd-chain	gpu_debug	gpu_ss11	COMPLETED	2026-09-26T09:29:42	2026-09-26T09:54:26	2026-09-26T10:12:46	0.3056	4.0	128.0	1.2222	0.0	m3246_g
58904735	pfd-chain	gpu_debug	gpu_ss11	COMPLETED	2026-09-26T09:36:44	2026-09-26T09:55:41	2026-09-26T09:56:12	0.0086	4.0	128.0	0.0344	0.0	m3246_g
58905045	pfd-chain	gpu_debug	gpu_ss11	COMPLETED	2026-09-26T09:54:38	2026-09-26T10:13:25	2026-09-26T10:13:58	0.0092	4.0	128.0	0.0367	0.0	m3246_g
58905084	pfd-chain	gpu_debug	gpu_ss11	COMPLETED	2026-09-26T09:55:51	2026-09-26T09:56:49	2026-09-26T09:57:24	0.0097	4.0	128.0	0.0389	0.0	m3246_g
58905122	pfd-chain	gpu_debug	gpu_ss11	COMPLETED	2026-09-26T09:57:03	2026-09-26T09:58:02	2026-09-26T09:58:34	0.0089	4.0	128.0	0.0356	0.0	m3246_g
58905154	pfd-chain	gpu_debug	gpu_ss11	COMPLETED	2026-09-26T09:58:14	2026-09-26T09:59:12	2026-09-26T09:59:44	0.0089	4.0	128.0	0.0356	0.0	m3246_g
58905187	pfd-chain	gpu_debug	gpu_ss11	COMPLETED	2026-09-26T09:59:23	2026-09-26T10:00:18	2026-09-26T10:00:55	0.0103	4.0	128.0	0.0411	0.0	m3246_g
58905221	pfd-chain	gpu_debug	gpu_ss11	COMPLETED	2026-09-26T10:00:34	2026-09-26T10:01:28	2026-09-26T10:01:59	0.0086	4.0	128.0	0.0344	0.0	m3246_g
58905247	pfd-chain	gpu_debug	gpu_ss11	COMPLETED	2026-09-26T10:01:38	2026-09-26T10:02:36	2026-09-26T10:03:08	0.0089	4.0	128.0	0.0356	0.0	m3246_g
58905279	pfd-chain	gpu_debug	gpu_ss11	COMPLETED	2026-09-26T10:02:48	2026-09-26T10:03:46	2026-09-26T10:04:18	0.0089	4.0	128.0	0.0356	0.0	m3246_g
58905306	pfd-chain	gpu_debug	gpu_ss11	COMPLETED	2026-09-26T10:03:57	2026-09-26T10:04:56	2026-09-26T10:05:29	0.0092	4.0	128.0	0.0367	0.0	m3246_g
58905336	pfd-chain	gpu_debug	gpu_ss11	COMPLETED	2026-09-26T10:05:08	2026-09-26T10:06:04	2026-09-26T10:06:36	0.0089	4.0	128.0	0.0356	0.0	m3246_g
58905367	pfd-chain	gpu_debug	gpu_ss11	COMPLETED	2026-09-26T10:06:16	2026-09-26T10:07:16	2026-09-26T10:07:47	0.0086	4.0	128.0	0.0344	0.0	m3246_g
58905405	pfd-chain	gpu_debug	gpu_ss11	COMPLETED	2026-09-26T10:07:26	2026-09-26T10:08:30	2026-09-26T10:09:01	0.0086	4.0	128.0	0.0344	0.0	m3246_g
58905436	pfd-chain	gpu_debug	gpu_ss11	COMPLETED	2026-09-26T10:08:41	2026-09-26T10:09:40	2026-09-26T10:10:12	0.0089	4.0	128.0	0.0356	0.0	m3246_g
58905467	pfd-chain	gpu_debug	gpu_ss11	COMPLETED	2026-09-26T10:09:51	2026-09-26T10:10:55	2026-09-26T10:11:27	0.0089	4.0	128.0	0.0356	0.0	m3246_g
58905505	pfd-chain	gpu_debug	gpu_ss11	COMPLETED	2026-09-26T10:11:06	2026-09-26T10:12:09	2026-09-26T10:12:42	0.0092	4.0	128.0	0.0367	0.0	m3246_g
58905533	pfd-chain	gpu_debug	gpu_ss11	COMPLETED	2026-09-26T10:12:21	2026-09-26T10:13:25	2026-09-26T10:13:58	0.0092	4.0	128.0	0.0367	0.0	m3246_g
58905567	pfd-chain	gpu_debug	gpu_ss11	COMPLETED	2026-09-26T10:13:37	2026-09-26T10:14:35	2026-09-26T10:42:51	0.4711	4.0	128.0	1.8844	0.0	m3246_g
58905568	pfd-chain	gpu_debug	gpu_ss11	COMPLETED	2026-09-26T10:13:37	2026-09-26T10:14:35	2026-09-26T10:15:05	0.0083	4.0	128.0	0.0333	0.0	m3246_g
58905569	pfd-chain	gpu_debug	gpu_ss11	COMPLETED	2026-09-26T10:13:37	2026-09-26T10:15:44	2026-09-26T10:16:16	0.0089	4.0	128.0	0.0356	0.0	m3246_g
58905605	pfd-chain	gpu_debug	gpu_ss11	COMPLETED	2026-09-26T10:14:44	2026-09-26T10:16:58	2026-09-26T10:17:29	0.0086	4.0	128.0	0.0344	0.0	m3246_g
58905658	pfd-chain	gpu_debug	gpu_ss11	COMPLETED	2026-09-26T10:15:56	2026-09-26T10:18:05	2026-09-26T10:18:36	0.0086	4.0	128.0	0.0344	0.0	m3246_g
58905770	pfd-chain	gpu_debug	gpu_ss11	COMPLETED	2026-09-26T10:17:09	2026-09-26T10:19:18	2026-09-26T10:19:50	0.0089	4.0	128.0	0.0356	0.0	m3246_g
58905817	pfd-chain	gpu_debug	gpu_ss11	COMPLETED	2026-09-26T10:18:15	2026-09-26T10:20:27	2026-09-26T10:20:59	0.0089	4.0	128.0	0.0356	0.0	m3246_g
58905876	pfd-chain	gpu_debug	gpu_ss11	COMPLETED	2026-09-26T10:19:30	2026-09-26T10:21:38	2026-09-26T10:21:49	0.0031	4.0	128.0	0.0122	0.0	m3246_g
58905917	pfd-chain	gpu_debug	gpu_ss11	COMPLETED	2026-09-26T10:20:38	2026-09-26T10:22:48	2026-09-26T10:22:59	0.0031	4.0	128.0	0.0122	0.0	m3246_g
58905996	pfd-chain	gpu_shared	shared_gpu_ss11	COMPLETED	2026-09-26T10:22:59	2026-09-26T14:24:23	2026-09-26T14:24:28	0.0014	1.0	32.0	0.0014	0.0	m3246_g
58906029	pfd-chain	gpu_debug	gpu_ss11	COMPLETED	2026-09-26T10:23:41	2026-09-26T10:23:56	2026-09-26T10:52:26	0.475	4.0	128.0	1.9	0.0	m3246_g
58906043	pfd-chain	gpu_shared	shared_gpu_ss11	COMPLETED	2026-09-26T10:24:10	2026-09-26T14:24:23	2026-09-26T14:24:29	0.0017	1.0	32.0	0.0017	0.0	m3246_g
58906985	pfd-chain	gpu_debug	gpu_ss11	COMPLETED	2026-09-26T10:44:01	2026-09-26T10:44:51	2026-09-26T11:04:10	0.3219	4.0	128.0	1.2878	0.0	m3246_g
58907021	pfd-chain	gpu_debug	gpu_ss11	COMPLETED	2026-09-26T10:45:05	2026-09-26T11:06:54	2026-09-26T11:26:12	0.3217	4.0	128.0	1.2867	0.0	m3246_g
58907616	pfd-chain	gpu_debug	gpu_ss11	COMPLETED	2026-09-26T10:54:06	2026-09-26T10:55:32	2026-09-26T11:14:25	0.3147	4.0	128.0	1.2589	0.0	m3246_g
58907694	pfd-chain	gpu_debug	gpu_ss11	COMPLETED	2026-09-26T10:55:47	2026-09-26T11:16:25	2026-09-26T11:35:05	0.3111	4.0	128.0	1.2444	0.0	m3246_g
58908168	pfd-chain	gpu_debug	gpu_ss11	COMPLETED	2026-09-26T11:07:08	2026-09-26T11:26:57	2026-09-26T11:45:50	0.3147	4.0	128.0	1.2589	0.0	m3246_g
58908278	pfd-posthoc	shared	shared_milan_ss11	CANCELLED by 112498	2026-09-26T11:09:49	None	2026-09-26T11:22:22	0.0	0.0	0.0	0.0	0.0	m3246
58908279	pfd-posthoc	shared	shared_milan_ss11	CANCELLED by 112498	2026-09-26T11:09:49	None	2026-09-26T11:22:22	0.0	0.0	0.0	0.0	0.0	m3246
58908280	pfd-posthoc	shared	shared_milan_ss11	CANCELLED by 112498	2026-09-26T11:09:49	None	2026-09-26T11:22:22	0.0	0.0	0.0	0.0	0.0	m3246
58908281	pfd-posthoc	shared	shared_milan_ss11	CANCELLED by 112498	2026-09-26T11:09:49	None	2026-09-26T11:22:22	0.0	0.0	0.0	0.0	0.0	m3246
58908282	pfd-posthoc	shared	shared_milan_ss11	CANCELLED by 112498	2026-09-26T11:09:49	None	2026-09-26T11:22:22	0.0	0.0	0.0	0.0	0.0	m3246
58908518	pfd-inter1	gpu_interactive	urgent_gpu_ss11	COMPLETED	2026-09-26T11:16:03	2026-09-26T11:16:03	2026-09-26T13:57:45	2.695	4.0	128.0	10.78	0.0	m3246_g
58908538	pfd-chain	gpu_debug	gpu_ss11	COMPLETED	2026-09-26T11:16:35	2026-09-26T11:36:24	2026-09-26T11:55:01	0.3103	4.0	128.0	1.2411	0.0	m3246_g
58908749	pfd-inter2	gpu_interactive	urgent_gpu_ss11	COMPLETED	2026-09-26T11:22:04	2026-09-26T11:22:04	2026-09-26T14:48:09	3.4347	4.0	128.0	13.7389	0.0	m3246_g
58908773	pfd-posthoc	debug	regular_milan_ss11	COMPLETED	2026-09-26T11:22:30	2026-09-26T11:23:32	2026-09-26T11:23:56	0.0067	0.0	256.0	0.0	0.0067	m3246
58908775	pfd-posthoc	debug	regular_milan_ss11	COMPLETED	2026-09-26T11:22:30	2026-09-26T11:23:32	2026-09-26T11:23:44	0.0033	0.0	256.0	0.0	0.0033	m3246
58908780	pfd-posthoc	debug	regular_milan_ss11	COMPLETED	2026-09-26T11:22:31	2026-09-26T11:24:35	2026-09-26T11:24:49	0.0039	0.0	256.0	0.0	0.0039	m3246
58908782	pfd-posthoc	debug	regular_milan_ss11	COMPLETED	2026-09-26T11:22:33	2026-09-26T11:24:35	2026-09-26T11:24:47	0.0033	0.0	256.0	0.0	0.0033	m3246
58908784	pfd-posthoc	debug	regular_milan_ss11	COMPLETED	2026-09-26T11:22:33	2026-09-26T11:25:48	2026-09-26T11:26:16	0.0078	0.0	256.0	0.0	0.0078	m3246
58908933	pfd-posthoc	debug	regular_milan_ss11	COMPLETED	2026-09-26T11:26:48	2026-09-26T11:28:03	2026-09-26T11:28:16	0.0036	0.0	256.0	0.0	0.0036	m3246
58908934	pfd-posthoc	debug	regular_milan_ss11	COMPLETED	2026-09-26T11:26:49	2026-09-26T11:28:03	2026-09-26T11:28:16	0.0036	0.0	256.0	0.0	0.0036	m3246
58908942	pfd-chain	gpu_debug	gpu_ss11	COMPLETED	2026-09-26T11:27:10	2026-09-26T11:46:59	2026-09-26T12:06:13	0.3206	4.0	128.0	1.2822	0.0	m3246_g
58909326	pfd-chain	gpu_debug	gpu_ss11	COMPLETED	2026-09-26T11:36:37	2026-09-26T11:56:28	2026-09-26T12:25:03	0.4764	4.0	128.0	1.9056	0.0	m3246_g
58909726	pfd-chain	gpu_debug	gpu_ss11	COMPLETED	2026-09-26T11:47:11	2026-09-26T12:07:18	2026-09-26T12:26:12	0.315	4.0	128.0	1.26	0.0	m3246_g
58909910	pfd-chain	gpu_shared	shared_gpu_ss11	COMPLETED	2026-09-26T11:51:58	2026-09-26T14:24:23	2026-09-26T14:24:31	0.0022	1.0	32.0	0.0022	0.0	m3246_g
58910011	pfd-chain	gpu_shared	shared_gpu_ss11	COMPLETED	2026-09-26T11:53:08	2026-09-26T14:24:24	2026-09-26T14:24:35	0.0031	1.0	32.0	0.0031	0.0	m3246_g
58910204	pfd-chain	gpu_debug	gpu_ss11	COMPLETED	2026-09-26T11:56:39	2026-09-26T12:26:41	2026-09-26T12:45:25	0.3122	4.0	128.0	1.2489	0.0	m3246_g
58910886	pfd-chain	gpu_debug	gpu_ss11	COMPLETED	2026-09-26T12:07:30	2026-09-26T12:27:52	2026-09-26T12:28:23	0.0086	4.0	128.0	0.0344	0.0	m3246_g
58911924	pfd-chain	gpu_debug	gpu_ss11	COMPLETED	2026-09-26T12:28:02	2026-09-26T12:29:05	2026-09-26T12:29:42	0.0103	4.0	128.0	0.0411	0.0	m3246_g
58912033	pfd-chain	gpu_debug	gpu_ss11	COMPLETED	2026-09-26T12:29:21	2026-09-26T12:30:22	2026-09-26T12:30:52	0.0083	4.0	128.0	0.0333	0.0	m3246_g
58912074	pfd-chain	gpu_debug	gpu_ss11	COMPLETED	2026-09-26T12:30:32	2026-09-26T12:31:35	2026-09-26T12:32:14	0.0108	4.0	128.0	0.0433	0.0	m3246_g
58912122	pfd-chain	gpu_debug	gpu_ss11	COMPLETED	2026-09-26T12:31:53	2026-09-26T12:32:47	2026-09-26T12:33:20	0.0092	4.0	128.0	0.0367	0.0	m3246_g
58912172	pfd-chain	gpu_debug	gpu_ss11	COMPLETED	2026-09-26T12:32:59	2026-09-26T12:33:58	2026-09-26T12:34:32	0.0094	4.0	128.0	0.0378	0.0	m3246_g
58912241	pfd-chain	gpu_debug	gpu_ss11	COMPLETED	2026-09-26T12:34:12	2026-09-26T12:39:05	2026-09-26T12:39:40	0.0097	4.0	128.0	0.0389	0.0	m3246_g
58912754	pfd-chain	gpu_debug	gpu_ss11	COMPLETED	2026-09-26T12:39:19	2026-09-26T12:40:20	2026-09-26T12:40:52	0.0089	4.0	128.0	0.0356	0.0	m3246_g
58912796	pfd-chain	gpu_debug	gpu_ss11	COMPLETED	2026-09-26T12:40:31	2026-09-26T12:41:39	2026-09-26T12:42:12	0.0092	4.0	128.0	0.0367	0.0	m3246_g
58912844	pfd-chain	gpu_debug	gpu_ss11	COMPLETED	2026-09-26T12:41:52	2026-09-26T12:44:05	2026-09-26T12:44:37	0.0089	4.0	128.0	0.0356	0.0	m3246_g
58912928	pfd-chain	gpu_debug	gpu_ss11	COMPLETED	2026-09-26T12:44:16	2026-09-26T12:45:20	2026-09-26T12:45:38	0.005	4.0	128.0	0.02	0.0	m3246_g
58912976	pfd-score	debug	regular_milan_ss11	COMPLETED	2026-09-26T12:45:42	2026-09-26T12:47:55	2026-09-26T12:49:01	0.0183	0.0	256.0	0.0	0.0183	m3246
58912978	pfd-score	debug	regular_milan_ss11	COMPLETED	2026-09-26T12:45:45	2026-09-26T12:47:55	2026-09-26T12:48:39	0.0122	0.0	256.0	0.0	0.0122	m3246
58913007	pfd-chain	gpu_debug	gpu_ss11	COMPLETED	2026-09-26T12:46:30	2026-09-26T12:47:55	2026-09-26T13:16:25	0.475	4.0	128.0	1.9	0.0	m3246_g
58913092	pfd-chain	gpu_debug	gpu_ss11	COMPLETED	2026-09-26T12:48:31	2026-09-26T12:51:33	2026-09-26T13:20:26	0.4814	4.0	128.0	1.9256	0.0	m3246_g
58913167	pfd-posthoc	debug	regular_milan_ss11	COMPLETED	2026-09-26T12:50:13	2026-09-26T12:51:33	2026-09-26T12:51:49	0.0044	0.0	256.0	0.0	0.0044	m3246
58913277	pfd-chain	gpu_shared	shared_gpu_ss11	COMPLETED	2026-09-26T12:53:03	2026-09-26T14:24:24	2026-09-26T14:24:37	0.0036	1.0	32.0	0.0036	0.0	m3246_g
58913320	pfd-chain	gpu_shared	shared_gpu_ss11	COMPLETED	2026-09-26T12:54:12	2026-09-26T14:24:24	2026-09-26T14:24:34	0.0028	1.0	32.0	0.0028	0.0	m3246_g
58913455	pfd-chain	gpu_debug	gpu_ss11	COMPLETED	2026-09-26T12:57:47	2026-09-26T13:16:47	2026-09-26T13:17:20	0.0092	4.0	128.0	0.0367	0.0	m3246_g
58913748	pfd-shr	gpu_shared	shared_gpu_ss11	COMPLETED	2026-09-26T13:01:23	2026-09-26T14:24:24	2026-09-26T15:55:23	1.5164	1.0	32.0	1.5164	0.0	m3246_g
58913750	pfd-shr	gpu_shared	shared_gpu_ss11	COMPLETED	2026-09-26T13:01:23	2026-09-26T14:25:33	2026-09-26T15:55:52	1.5053	1.0	32.0	1.5053	0.0	m3246_g
58913751	pfd-shr	gpu_shared	shared_gpu_ss11	COMPLETED	2026-09-26T13:01:25	2026-09-26T14:25:33	2026-09-26T15:56:10	1.5103	1.0	32.0	1.5103	0.0	m3246_g
58913755	pfd-shr	gpu_shared	shared_gpu_ss11	COMPLETED	2026-09-26T13:01:26	2026-09-26T14:25:33	2026-09-26T15:56:10	1.5103	1.0	32.0	1.5103	0.0	m3246_g
58913756	pfd-shr	gpu_shared	shared_gpu_ss11	COMPLETED	2026-09-26T13:01:26	2026-09-26T14:25:33	2026-09-26T15:47:11	1.3606	1.0	32.0	1.3606	0.0	m3246_g
58913757	pfd-shr	gpu_shared	shared_gpu_ss11	COMPLETED	2026-09-26T13:01:29	2026-09-26T14:25:33	2026-09-26T16:09:07	1.7261	1.0	32.0	1.7261	0.0	m3246_g
58913759	pfd-shr	gpu_shared	shared_gpu_ss11	COMPLETED	2026-09-26T13:01:31	2026-09-26T14:25:33	2026-09-26T15:52:47	1.4539	1.0	32.0	1.4539	0.0	m3246_g
58913760	pfd-shr	gpu_shared	shared_gpu_ss11	COMPLETED	2026-09-26T13:01:31	2026-09-26T14:25:33	2026-09-26T16:03:11	1.6272	1.0	32.0	1.6272	0.0	m3246_g
58913761	pfd-shr	gpu_shared	shared_gpu_ss11	COMPLETED	2026-09-26T13:01:34	2026-09-26T14:25:33	2026-09-26T16:19:45	1.9033	1.0	32.0	1.9033	0.0	m3246_g
58913762	pfd-shr	gpu_shared	shared_gpu_ss11	COMPLETED	2026-09-26T13:01:34	2026-09-26T14:29:54	2026-09-26T16:12:58	1.7178	1.0	32.0	1.7178	0.0	m3246_g
58914434	pfd-chain	gpu_shared	shared_gpu_ss11	COMPLETED	2026-09-26T13:13:31	2026-09-26T14:29:54	2026-09-26T14:30:12	0.005	1.0	32.0	0.005	0.0	m3246_g
58914471	pfd-chain	gpu_shared	shared_gpu_ss11	COMPLETED	2026-09-26T13:14:40	2026-09-26T15:36:45	2026-09-26T15:36:55	0.0028	1.0	32.0	0.0028	0.0	m3246_g
58914680	pfd-chain	gpu_debug	gpu_ss11	COMPLETED	2026-09-26T13:16:59	2026-09-26T13:17:56	2026-09-26T13:18:29	0.0092	4.0	128.0	0.0367	0.0	m3246_g
58914721	pfd-chain	gpu_debug	gpu_ss11	COMPLETED	2026-09-26T13:17:57	2026-09-26T13:19:05	2026-09-26T13:19:42	0.0103	4.0	128.0	0.0411	0.0	m3246_g
58914728	pfd-chain	gpu_debug	gpu_ss11	COMPLETED	2026-09-26T13:18:08	2026-09-26T13:20:18	2026-09-26T13:20:47	0.0081	4.0	128.0	0.0322	0.0	m3246_g
58914769	pfd-chain	gpu_debug	gpu_ss11	COMPLETED	2026-09-26T13:19:21	2026-09-26T13:21:30	2026-09-26T13:22:00	0.0083	4.0	128.0	0.0333	0.0	m3246_g
58914801	pfd-chain	gpu_debug	gpu_ss11	COMPLETED	2026-09-26T13:20:26	2026-09-26T13:21:30	2026-09-26T13:22:00	0.0083	4.0	128.0	0.0333	0.0	m3246_g
58914859	pfd-chain	gpu_debug	gpu_ss11	COMPLETED	2026-09-26T13:21:40	2026-09-26T13:22:39	2026-09-26T13:23:11	0.0089	4.0	128.0	0.0356	0.0	m3246_g
58914860	pfd-chain	gpu_debug	gpu_ss11	COMPLETED	2026-09-26T13:21:40	2026-09-26T13:22:39	2026-09-26T13:23:11	0.0089	4.0	128.0	0.0356	0.0	m3246_g
58914906	pfd-chain	gpu_debug	gpu_ss11	COMPLETED	2026-09-26T13:22:40	2026-09-26T13:23:46	2026-09-26T13:24:21	0.0097	4.0	128.0	0.0389	0.0	m3246_g
58914912	pfd-chain	gpu_debug	gpu_ss11	COMPLETED	2026-09-26T13:22:51	2026-09-26T13:23:46	2026-09-26T13:24:21	0.0097	4.0	128.0	0.0389	0.0	m3246_g
58914913	pfd-chain	gpu_debug	gpu_ss11	COMPLETED	2026-09-26T13:22:51	2026-09-26T13:24:56	2026-09-26T13:25:29	0.0092	4.0	128.0	0.0367	0.0	m3246_g
58914966	pfd-chain	gpu_debug	gpu_ss11	COMPLETED	2026-09-26T13:24:00	2026-09-26T13:24:56	2026-09-26T13:25:29	0.0092	4.0	128.0	0.0367	0.0	m3246_g
58914967	pfd-chain	gpu_debug	gpu_ss11	COMPLETED	2026-09-26T13:24:00	2026-09-26T13:26:07	2026-09-26T13:26:39	0.0089	4.0	128.0	0.0356	0.0	m3246_g
58915021	pfd-chain	gpu_debug	gpu_ss11	COMPLETED	2026-09-26T13:25:09	2026-09-26T13:26:07	2026-09-26T13:26:39	0.0089	4.0	128.0	0.0356	0.0	m3246_g
58915022	pfd-chain	gpu_debug	gpu_ss11	COMPLETED	2026-09-26T13:25:09	2026-09-26T13:27:16	2026-09-26T13:27:51	0.0097	4.0	128.0	0.0389	0.0	m3246_g
58915077	pfd-chain	gpu_debug	gpu_ss11	COMPLETED	2026-09-26T13:26:18	2026-09-26T13:27:16	2026-09-26T13:27:51	0.0097	4.0	128.0	0.0389	0.0	m3246_g
58915078	pfd-chain	gpu_debug	gpu_ss11	COMPLETED	2026-09-26T13:26:18	2026-09-26T13:28:28	2026-09-26T13:29:00	0.0089	4.0	128.0	0.0356	0.0	m3246_g
58915130	pfd-chain	gpu_debug	gpu_ss11	COMPLETED	2026-09-26T13:27:31	2026-09-26T13:28:28	2026-09-26T13:28:57	0.0081	4.0	128.0	0.0322	0.0	m3246_g
58915131	pfd-chain	gpu_debug	gpu_ss11	COMPLETED	2026-09-26T13:27:31	2026-09-26T13:29:39	2026-09-26T13:30:10	0.0086	4.0	128.0	0.0344	0.0	m3246_g
58915199	pfd-chain	gpu_debug	gpu_ss11	COMPLETED	2026-09-26T13:28:37	2026-09-26T13:29:39	2026-09-26T13:30:10	0.0086	4.0	128.0	0.0344	0.0	m3246_g
58915204	pfd-chain	gpu_debug	gpu_ss11	COMPLETED	2026-09-26T13:28:40	2026-09-26T13:30:47	2026-09-26T13:31:31	0.0122	4.0	128.0	0.0489	0.0	m3246_g
58915252	pfd-chain	gpu_debug	gpu_ss11	COMPLETED	2026-09-26T13:29:49	2026-09-26T13:30:48	2026-09-26T13:31:31	0.0119	4.0	128.0	0.0478	0.0	m3246_g
58915253	pfd-chain	gpu_debug	gpu_ss11	COMPLETED	2026-09-26T13:29:49	2026-09-26T13:31:58	2026-09-26T13:32:30	0.0089	4.0	128.0	0.0356	0.0	m3246_g
58915295	pfd-chain	gpu_debug	gpu_ss11	COMPLETED	2026-09-26T13:31:03	2026-09-26T13:33:08	2026-09-26T13:33:43	0.0097	4.0	128.0	0.0389	0.0	m3246_g
58915296	pfd-chain	gpu_debug	gpu_ss11	COMPLETED	2026-09-26T13:31:03	2026-09-26T13:33:08	2026-09-26T13:33:43	0.0097	4.0	128.0	0.0389	0.0	m3246_g
58915354	pfd-chain	gpu_debug	gpu_ss11	COMPLETED	2026-09-26T13:32:09	2026-09-26T13:34:24	2026-09-26T13:34:55	0.0086	4.0	128.0	0.0344	0.0	m3246_g
58915408	pfd-chain	gpu_debug	gpu_ss11	COMPLETED	2026-09-26T13:33:23	2026-09-26T13:34:24	2026-09-26T13:34:55	0.0086	4.0	128.0	0.0344	0.0	m3246_g
58915409	pfd-chain	gpu_debug	gpu_ss11	COMPLETED	2026-09-26T13:33:23	2026-09-26T13:35:33	2026-09-26T13:36:04	0.0086	4.0	128.0	0.0344	0.0	m3246_g
58915468	pfd-chain	gpu_debug	gpu_ss11	COMPLETED	2026-09-26T13:34:35	2026-09-26T13:35:33	2026-09-26T13:36:04	0.0086	4.0	128.0	0.0344	0.0	m3246_g
58915469	pfd-chain	gpu_debug	gpu_ss11	COMPLETED	2026-09-26T13:34:35	2026-09-26T13:36:43	2026-09-26T13:37:15	0.0089	4.0	128.0	0.0356	0.0	m3246_g
58915514	pfd-chain	gpu_debug	gpu_ss11	COMPLETED	2026-09-26T13:35:44	2026-09-26T13:36:43	2026-09-26T13:37:15	0.0089	4.0	128.0	0.0356	0.0	m3246_g
58915515	pfd-chain	gpu_debug	gpu_ss11	COMPLETED	2026-09-26T13:35:44	2026-09-26T13:37:56	2026-09-26T13:38:27	0.0086	4.0	128.0	0.0344	0.0	m3246_g
58915576	pfd-chain	gpu_debug	gpu_ss11	COMPLETED	2026-09-26T13:36:55	2026-09-26T13:39:06	2026-09-26T13:39:42	0.01	4.0	128.0	0.04	0.0	m3246_g
58915577	pfd-chain	gpu_debug	gpu_ss11	COMPLETED	2026-09-26T13:36:55	2026-09-26T13:39:06	2026-09-26T13:39:41	0.0097	4.0	128.0	0.0389	0.0	m3246_g
58915578	pfd-smk	gpu_shared	shared_gpu_ss11	COMPLETED	2026-09-26T13:36:55	2026-09-26T14:17:28	2026-09-26T15:14:32	0.9511	1.0	32.0	0.9511	0.0	m3246_g
58915621	pfd-chain	gpu_debug	gpu_ss11	COMPLETED	2026-09-26T13:38:06	2026-09-26T13:40:20	2026-09-26T13:40:49	0.0081	4.0	128.0	0.0322	0.0	m3246_g
58915703	pfd-chain	gpu_debug	gpu_ss11	COMPLETED	2026-09-26T13:39:21	2026-09-26T13:40:20	2026-09-26T13:40:49	0.0081	4.0	128.0	0.0322	0.0	m3246_g
58915705	pfd-chain	gpu_debug	gpu_ss11	COMPLETED	2026-09-26T13:39:21	2026-09-26T13:41:26	2026-09-26T13:42:01	0.0097	4.0	128.0	0.0389	0.0	m3246_g
58915772	pfd-chain	gpu_debug	gpu_ss11	COMPLETED	2026-09-26T13:40:29	2026-09-26T13:42:38	2026-09-26T13:43:09	0.0086	4.0	128.0	0.0344	0.0	m3246_g
58915773	pfd-chain	gpu_debug	gpu_ss11	COMPLETED	2026-09-26T13:40:29	2026-09-26T13:42:38	2026-09-26T13:43:09	0.0086	4.0	128.0	0.0344	0.0	m3246_g
58915841	pfd-chain	gpu_debug	gpu_ss11	COMPLETED	2026-09-26T13:41:41	2026-09-26T13:43:47	2026-09-26T13:44:15	0.0078	4.0	128.0	0.0311	0.0	m3246_g
58915916	pfd-chain	gpu_debug	gpu_ss11	COMPLETED	2026-09-26T13:42:49	2026-09-26T13:43:47	2026-09-26T13:44:18	0.0086	4.0	128.0	0.0344	0.0	m3246_g
58915917	pfd-chain	gpu_debug	gpu_ss11	COMPLETED	2026-09-26T13:42:49	2026-09-26T13:44:59	2026-09-26T13:45:35	0.01	4.0	128.0	0.04	0.0	m3246_g
58915975	pfd-chain	gpu_debug	gpu_ss11	COMPLETED	2026-09-26T13:43:54	2026-09-26T13:44:59	2026-09-26T13:45:35	0.01	4.0	128.0	0.04	0.0	m3246_g
58915976	pfd-chain	gpu_debug	gpu_ss11	COMPLETED	2026-09-26T13:43:57	2026-09-26T13:46:06	2026-09-26T13:46:38	0.0089	4.0	128.0	0.0356	0.0	m3246_g
58915986	pfd-chain	gpu_shared	shared_gpu_ss11	COMPLETED	2026-09-26T13:44:03	2026-09-26T15:36:45	2026-09-26T15:36:55	0.0028	1.0	32.0	0.0028	0.0	m3246_g
58916060	pfd-chain	gpu_debug	gpu_ss11	COMPLETED	2026-09-26T13:45:15	2026-09-26T13:47:18	2026-09-26T13:47:49	0.0086	4.0	128.0	0.0344	0.0	m3246_g
58916061	pfd-chain	gpu_debug	gpu_ss11	COMPLETED	2026-09-26T13:45:15	2026-09-26T13:47:18	2026-09-26T13:47:49	0.0086	4.0	128.0	0.0344	0.0	m3246_g
58916072	pfd-chain	gpu_shared	shared_gpu_ss11	COMPLETED	2026-09-26T13:45:20	2026-09-26T16:48:22	2026-09-26T16:48:33	0.0031	1.0	32.0	0.0031	0.0	m3246_g
58916124	pfd-chain	gpu_debug	gpu_ss11	COMPLETED	2026-09-26T13:46:18	2026-09-26T13:48:32	2026-09-26T13:49:02	0.0083	4.0	128.0	0.0333	0.0	m3246_g
58916201	pfd-chain	gpu_debug	gpu_ss11	COMPLETED	2026-09-26T13:47:29	2026-09-26T13:48:32	2026-09-26T13:49:02	0.0083	4.0	128.0	0.0333	0.0	m3246_g
58916202	pfd-chain	gpu_debug	gpu_ss11	COMPLETED	2026-09-26T13:47:29	2026-09-26T13:49:41	2026-09-26T13:50:15	0.0094	4.0	128.0	0.0378	0.0	m3246_g
58916267	pfd-chain	gpu_debug	gpu_ss11	COMPLETED	2026-09-26T13:48:42	2026-09-26T13:49:41	2026-09-26T13:50:15	0.0094	4.0	128.0	0.0378	0.0	m3246_g
58916268	pfd-chain	gpu_debug	gpu_ss11	COMPLETED	2026-09-26T13:48:42	2026-09-26T13:50:53	2026-09-26T13:51:25	0.0089	4.0	128.0	0.0356	0.0	m3246_g
58916317	pfd-chain	gpu_debug	gpu_ss11	COMPLETED	2026-09-26T13:49:54	2026-09-26T13:50:53	2026-09-26T13:51:25	0.0089	4.0	128.0	0.0356	0.0	m3246_g
58916318	pfd-chain	gpu_debug	gpu_ss11	COMPLETED	2026-09-26T13:49:54	2026-09-26T13:52:02	2026-09-26T13:52:31	0.0081	4.0	128.0	0.0322	0.0	m3246_g
58916377	pfd-chain	gpu_debug	gpu_ss11	COMPLETED	2026-09-26T13:51:04	2026-09-26T13:52:02	2026-09-26T13:52:31	0.0081	4.0	128.0	0.0322	0.0	m3246_g
58916378	pfd-chain	gpu_debug	gpu_ss11	COMPLETED	2026-09-26T13:51:04	2026-09-26T13:53:12	2026-09-26T13:53:45	0.0092	4.0	128.0	0.0367	0.0	m3246_g
58916440	pfd-chain	gpu_debug	gpu_ss11	COMPLETED	2026-09-26T13:52:11	2026-09-26T13:53:12	2026-09-26T13:53:45	0.0092	4.0	128.0	0.0367	0.0	m3246_g
58916441	pfd-chain	gpu_debug	gpu_ss11	COMPLETED	2026-09-26T13:52:11	2026-09-26T13:54:23	2026-09-26T13:54:56	0.0092	4.0	128.0	0.0367	0.0	m3246_g
58916499	pfd-chain	gpu_debug	gpu_ss11	COMPLETED	2026-09-26T13:53:25	2026-09-26T13:54:23	2026-09-26T13:54:53	0.0083	4.0	128.0	0.0333	0.0	m3246_g
58916500	pfd-chain	gpu_debug	gpu_ss11	COMPLETED	2026-09-26T13:53:25	2026-09-26T13:55:43	2026-09-26T13:56:16	0.0092	4.0	128.0	0.0367	0.0	m3246_g
58916508	pfd-chain	gpu_shared	shared_gpu_ss11	COMPLETED	2026-09-26T13:53:28	2026-09-26T16:48:22	2026-09-26T16:48:36	0.0039	1.0	32.0	0.0039	0.0	m3246_g
58916509	pfd-chain	gpu_shared	shared_gpu_ss11	COMPLETED	2026-09-26T13:53:28	2026-09-26T16:54:32	2026-09-26T16:54:47	0.0042	1.0	32.0	0.0042	0.0	m3246_g
58916548	pfd-chain	gpu_debug	gpu_ss11	COMPLETED	2026-09-26T13:54:32	2026-09-26T13:55:43	2026-09-26T13:56:16	0.0092	4.0	128.0	0.0367	0.0	m3246_g
58916561	pfd-chain	gpu_debug	gpu_ss11	COMPLETED	2026-09-26T13:54:36	2026-09-26T13:56:51	2026-09-26T13:57:23	0.0089	4.0	128.0	0.0356	0.0	m3246_g
58916639	pfd-chain	gpu_debug	gpu_ss11	COMPLETED	2026-09-26T13:55:56	2026-09-26T13:57:56	2026-09-26T13:58:26	0.0083	4.0	128.0	0.0333	0.0	m3246_g
58916640	pfd-chain	gpu_debug	gpu_ss11	COMPLETED	2026-09-26T13:55:56	2026-09-26T13:57:56	2026-09-26T13:58:26	0.0083	4.0	128.0	0.0333	0.0	m3246_g
58916685	pfd-chain	gpu_debug	gpu_ss11	COMPLETED	2026-09-26T13:57:03	2026-09-26T13:59:06	2026-09-26T13:59:40	0.0094	4.0	128.0	0.0378	0.0	m3246_g
58916729	pfd-chain	gpu_debug	gpu_ss11	COMPLETED	2026-09-26T13:58:06	2026-09-26T14:00:22	2026-09-26T14:01:00	0.0106	4.0	128.0	0.0422	0.0	m3246_g
58916730	pfd-chain	gpu_debug	gpu_ss11	COMPLETED	2026-09-26T13:58:06	2026-09-26T14:00:22	2026-09-26T14:00:55	0.0092	4.0	128.0	0.0367	0.0	m3246_g
58916755	pfd-inter1	gpu_interactive	urgent_gpu_ss11	COMPLETED	2026-09-26T13:59:00	2026-09-26T13:59:00	2026-09-26T17:37:23	3.6397	4.0	128.0	14.5589	0.0	m3246_g
58916782	pfd-chain	gpu_debug	gpu_ss11	COMPLETED	2026-09-26T13:59:19	2026-09-26T14:01:36	2026-09-26T14:02:10	0.0094	4.0	128.0	0.0378	0.0	m3246_g
58916847	pfd-chain	gpu_debug	gpu_ss11	COMPLETED	2026-09-26T14:00:35	2026-09-26T14:01:36	2026-09-26T14:02:10	0.0094	4.0	128.0	0.0378	0.0	m3246_g
58916850	pfd-chain	gpu_debug	gpu_ss11	COMPLETED	2026-09-26T14:00:39	2026-09-26T14:02:51	2026-09-26T14:03:20	0.0081	4.0	128.0	0.0322	0.0	m3246_g
58916885	pfd-chain	gpu_debug	gpu_ss11	COMPLETED	2026-09-26T14:01:50	2026-09-26T14:02:51	2026-09-26T14:03:23	0.0089	4.0	128.0	0.0356	0.0	m3246_g
58916886	pfd-chain	gpu_debug	gpu_ss11	COMPLETED	2026-09-26T14:01:50	2026-09-26T14:04:02	2026-09-26T14:04:33	0.0086	4.0	128.0	0.0344	0.0	m3246_g
58916975	pfd-chain	gpu_debug	gpu_ss11	COMPLETED	2026-09-26T14:03:00	2026-09-26T14:04:03	2026-09-26T14:04:33	0.0083	4.0	128.0	0.0333	0.0	m3246_g
58916977	pfd-chain	gpu_debug	gpu_ss11	COMPLETED	2026-09-26T14:03:02	2026-09-26T14:05:15	2026-09-26T14:05:49	0.0094	4.0	128.0	0.0378	0.0	m3246_g
58917013	pfd-chain	gpu_debug	gpu_ss11	COMPLETED	2026-09-26T14:04:13	2026-09-26T14:05:15	2026-09-26T14:05:45	0.0083	4.0	128.0	0.0333	0.0	m3246_g
58917014	pfd-chain	gpu_debug	gpu_ss11	COMPLETED	2026-09-26T14:04:13	2026-09-26T14:06:23	2026-09-26T14:06:59	0.01	4.0	128.0	0.04	0.0	m3246_g
58917058	pfd-chain	gpu_debug	gpu_ss11	COMPLETED	2026-09-26T14:05:25	2026-09-26T14:06:23	2026-09-26T14:06:59	0.01	4.0	128.0	0.04	0.0	m3246_g
58917062	pfd-chain	gpu_debug	gpu_ss11	COMPLETED	2026-09-26T14:05:28	2026-09-26T14:07:40	2026-09-26T14:08:15	0.0097	4.0	128.0	0.0389	0.0	m3246_g
58917092	pfd-chain	gpu_debug	gpu_ss11	COMPLETED	2026-09-26T14:06:38	2026-09-26T14:07:40	2026-09-26T14:08:15	0.0097	4.0	128.0	0.0389	0.0	m3246_g
58917093	pfd-chain	gpu_debug	gpu_ss11	CANCELLED by 112498	2026-09-26T14:06:38	2026-09-26T14:08:54	2026-09-26T14:08:58	0.0011	4.0	128.0	0.0044	0.0	m3246_g
58917170	pfd-chain	gpu_debug	gpu_ss11	CANCELLED by 112498	2026-09-26T14:07:54	2026-09-26T14:08:54	2026-09-26T14:08:58	0.0011	4.0	128.0	0.0044	0.0	m3246_g
58917172	pfd-chain	gpu_debug	gpu_ss11	CANCELLED by 112498	2026-09-26T14:07:55	None	2026-09-26T14:08:56	0.0	0.0	0.0	0.0	0.0	m3246_g
58917262	pfd-chain	gpu_debug	gpu_ss11	TIMEOUT	2026-09-26T14:10:25	2026-09-26T14:11:14	2026-09-26T14:41:37	0.5064	4.0	128.0	2.0256	0.0	m3246_g
58917289	pfd-chain	gpu_debug	gpu_ss11	TIMEOUT	2026-09-26T14:11:27	2026-09-26T14:42:36	2026-09-26T15:12:54	0.505	4.0	128.0	2.02	0.0	m3246_g
58917301	pfd-chain	gpu_debug	gpu_ss11	TIMEOUT	2026-09-26T14:11:40	2026-09-26T14:12:23	2026-09-26T14:42:36	0.5036	4.0	128.0	2.0144	0.0	m3246_g
58917320	pfd-chain	gpu_debug	gpu_ss11	TIMEOUT	2026-09-26T14:12:34	2026-09-26T14:43:45	2026-09-26T15:13:55	0.5028	4.0	128.0	2.0111	0.0	m3246_g
58917697	pfd-chain	gpu_shared	shared_gpu_ss11	COMPLETED	2026-09-26T14:24:29	2026-09-26T16:54:32	2026-09-26T16:54:47	0.0042	1.0	32.0	0.0042	0.0	m3246_g
58917698	pfd-chain	gpu_shared	shared_gpu_ss11	COMPLETED	2026-09-26T14:24:29	2026-09-26T16:56:00	2026-09-26T16:56:06	0.0017	1.0	32.0	0.0017	0.0	m3246_g
58917699	pfd-chain	gpu_shared	shared_gpu_ss11	COMPLETED	2026-09-26T14:24:32	2026-09-26T16:57:15	2026-09-26T16:57:23	0.0022	1.0	32.0	0.0022	0.0	m3246_g
58917879	pfd-chain	gpu_shared	shared_gpu_ss11	COMPLETED	2026-09-26T14:30:07	2026-09-26T16:58:38	2026-09-26T16:58:46	0.0022	1.0	32.0	0.0022	0.0	m3246_g
58918256	pfd-chain	gpu_debug	gpu_ss11	TIMEOUT	2026-09-26T14:42:49	2026-09-26T15:14:10	2026-09-26T15:44:40	0.5083	4.0	128.0	2.0333	0.0	m3246_g
58918292	pfd-chain	gpu_debug	gpu_ss11	TIMEOUT	2026-09-26T14:43:58	2026-09-26T15:15:20	2026-09-26T15:45:41	0.5058	4.0	128.0	2.0233	0.0	m3246_g
58918498	pfd-inter2	gpu_interactive	urgent_gpu_ss11	COMPLETED	2026-09-26T14:49:54	2026-09-26T14:49:54	2026-09-26T18:31:44	3.6972	4.0	128.0	14.7889	0.0	m3246_g
58919153	pfd-posthoc	debug	regular_milan_ss11	COMPLETED	2026-09-26T15:12:46	2026-09-26T15:14:10	2026-09-26T15:14:24	0.0039	0.0	256.0	0.0	0.0039	m3246
58919155	pfd-posthoc	debug	regular_milan_ss11	COMPLETED	2026-09-26T15:12:46	2026-09-26T15:14:10	2026-09-26T15:14:26	0.0044	0.0	256.0	0.0	0.0044	m3246
58919205	pfd-chain	gpu_debug	gpu_ss11	TIMEOUT	2026-09-26T15:14:24	2026-09-26T15:46:09	2026-09-26T16:16:24	0.5042	4.0	128.0	2.0167	0.0	m3246_g
58919244	pfd-chain	gpu_debug	gpu_ss11	TIMEOUT	2026-09-26T15:15:31	2026-09-26T15:47:20	2026-09-26T16:17:24	0.5011	4.0	128.0	2.0044	0.0	m3246_g
58919254	pfd-shr	gpu_shared	shared_gpu_ss11	COMPLETED	2026-09-26T15:15:41	2026-09-26T16:59:52	2026-09-26T18:36:39	1.6131	1.0	32.0	1.6131	0.0	m3246_g
58919255	pfd-shr	gpu_shared	shared_gpu_ss11	COMPLETED	2026-09-26T15:15:44	2026-09-26T17:04:34	2026-09-26T18:41:41	1.6186	1.0	32.0	1.6186	0.0	m3246_g
58919269	pfd-chain	gpu_shared	shared_gpu_ss11	COMPLETED	2026-09-26T15:16:00	2026-09-26T17:09:49	2026-09-26T18:51:38	1.6969	1.0	32.0	1.6969	0.0	m3246_g
58919271	pfd-chain	gpu_shared	shared_gpu_ss11	COMPLETED	2026-09-26T15:16:01	2026-09-26T17:41:18	2026-09-26T19:23:41	1.7064	1.0	32.0	1.7064	0.0	m3246_g
58919272	pfd-chain	gpu_shared	shared_gpu_ss11	COMPLETED	2026-09-26T15:16:01	2026-09-26T17:54:35	2026-09-26T19:35:48	1.6869	1.0	32.0	1.6869	0.0	m3246_g
58919274	pfd-chain	gpu_shared	shared_gpu_ss11	COMPLETED	2026-09-26T15:16:01	2026-09-26T17:55:49	2026-09-26T19:37:08	1.6886	1.0	32.0	1.6886	0.0	m3246_g
58919275	pfd-chain	gpu_shared	shared_gpu_ss11	COMPLETED	2026-09-26T15:16:01	2026-09-26T18:27:05	2026-09-26T19:19:25	0.8722	1.0	32.0	0.8722	0.0	m3246_g
58919276	pfd-chain	gpu_shared	shared_gpu_ss11	COMPLETED	2026-09-26T15:16:01	2026-09-26T18:30:50	2026-09-26T19:22:58	0.8689	1.0	32.0	0.8689	0.0	m3246_g
58920592	pfd-chain	gpu_debug	gpu_ss11	TIMEOUT	2026-09-26T15:46:11	2026-09-26T16:17:03	2026-09-26T16:47:06	0.5008	4.0	128.0	2.0033	0.0	m3246_g
58920602	pfd-chain	gpu_debug	gpu_ss11	TIMEOUT	2026-09-26T15:46:25	2026-09-26T16:18:07	2026-09-26T16:48:07	0.5	4.0	128.0	2.0	0.0	m3246_g
58920633	pfd-chain	gpu_debug	gpu_ss11	TIMEOUT	2026-09-26T15:47:30	2026-09-26T16:48:19	2026-09-26T17:18:45	0.5072	4.0	128.0	2.0289	0.0	m3246_g
58921170	pfd-posthoc	debug	regular_milan_ss11	COMPLETED	2026-09-26T16:03:57	2026-09-26T16:08:49	2026-09-26T16:09:02	0.0036	0.0	256.0	0.0	0.0036	m3246
58921552	pfd-chain	gpu_debug	gpu_ss11	TIMEOUT	2026-09-26T16:17:13	2026-09-26T16:48:21	2026-09-26T17:18:45	0.5067	4.0	128.0	2.0267	0.0	m3246_g
58921580	pfd-chain	gpu_debug	gpu_ss11	TIMEOUT	2026-09-26T16:18:16	2026-09-26T17:19:46	2026-09-26T17:50:13	0.5075	4.0	128.0	2.03	0.0	m3246_g
58922498	pfd-chain	gpu_debug	gpu_ss11	TIMEOUT	2026-09-26T16:48:30	2026-09-26T17:19:46	2026-09-26T17:50:13	0.5075	4.0	128.0	2.03	0.0	m3246_g
58922501	pfd-chain	gpu_debug	gpu_ss11	TIMEOUT	2026-09-26T16:48:33	2026-09-26T17:50:35	2026-09-26T18:20:37	0.5006	4.0	128.0	2.0022	0.0	m3246_g
58923274	pfd-chain	gpu_shared	shared_gpu_ss11	COMPLETED	2026-09-26T17:10:01	2026-09-26T19:59:36	2026-09-26T21:40:44	1.6856	1.0	32.0	1.6856	0.0	m3246_g
58923563	pfd-chain	gpu_debug	gpu_ss11	TIMEOUT	2026-09-26T17:20:02	2026-09-26T17:51:48	2026-09-26T18:22:07	0.5053	4.0	128.0	2.0211	0.0	m3246_g
58923564	pfd-chain	gpu_debug	gpu_ss11	TIMEOUT	2026-09-26T17:20:02	2026-09-26T18:20:38	2026-09-26T18:51:07	0.5081	4.0	128.0	2.0322	0.0	m3246_g
58924710	pfd-inter1	gpu_interactive	urgent_gpu_ss11	COMPLETED	2026-09-26T17:38:39	2026-09-26T17:38:39	2026-09-26T21:25:30	3.7808	4.0	128.0	15.1233	0.0	m3246_g
58924881	pfd-chain	gpu_shared	shared_gpu_ss11	COMPLETED	2026-09-26T17:41:34	2026-09-26T20:28:30	2026-09-26T22:04:19	1.5969	1.0	32.0	1.5969	0.0	m3246_g
58925431	pfd-chain	gpu_debug	gpu_ss11	TIMEOUT	2026-09-26T17:50:42	2026-09-26T18:23:11	2026-09-26T18:53:18	0.5019	4.0	128.0	2.0078	0.0	m3246_g
58925508	pfd-chain	gpu_debug	gpu_ss11	TIMEOUT	2026-09-26T17:52:00	2026-09-26T18:51:44	2026-09-26T19:21:44	0.5	4.0	128.0	2.0	0.0	m3246_g
58925664	pfd-chain	gpu_shared	shared_gpu_ss11	COMPLETED	2026-09-26T17:54:49	2026-09-26T20:31:26	2026-09-26T22:07:11	1.5958	1.0	32.0	1.5958	0.0	m3246_g
58925705	pfd-chain	gpu_shared	shared_gpu_ss11	COMPLETED	2026-09-26T17:55:59	2026-09-26T20:53:46	2026-09-26T20:54:05	0.0053	1.0	32.0	0.0053	0.0	m3246_g
58926759	pfd-chain	gpu_debug	gpu_ss11	TIMEOUT	2026-09-26T18:20:51	2026-09-26T18:54:05	2026-09-26T19:24:16	0.5031	4.0	128.0	2.0122	0.0	m3246_g
58926858	pfd-chain	gpu_debug	gpu_ss11	TIMEOUT	2026-09-26T18:23:24	2026-09-26T19:22:47	2026-09-26T19:53:11	0.5067	4.0	128.0	2.0267	0.0	m3246_g
58927033	pfd-chain	gpu_shared	shared_gpu_ss11	COMPLETED	2026-09-26T18:27:15	2026-09-26T20:10:56	2026-09-26T20:11:25	0.0081	1.0	32.0	0.0081	0.0	m3246_g
58927191	pfd-chain	gpu_shared	shared_gpu_ss11	COMPLETED	2026-09-26T18:31:01	2026-09-26T20:58:10	2026-09-26T20:58:34	0.0067	1.0	32.0	0.0067	0.0	m3246_g
58927302	pfd-inter2	gpu_interactive	urgent_gpu_ss11	COMPLETED	2026-09-26T18:32:56	2026-09-26T18:32:56	2026-09-26T22:22:13	3.8214	4.0	128.0	15.2856	0.0	m3246_g
58928127	pfd-posthoc	debug	regular_milan_ss11	COMPLETED	2026-09-26T18:47:36	2026-09-26T18:47:50	2026-09-26T18:48:04	0.0039	0.0	256.0	0.0	0.0039	m3246
58928128	pfd-posthoc	debug	regular_milan_ss11	COMPLETED	2026-09-26T18:47:38	2026-09-26T18:47:50	2026-09-26T18:48:04	0.0039	0.0	256.0	0.0	0.0039	m3246
58928324	pfd-chain	gpu_debug	gpu_ss11	TIMEOUT	2026-09-26T18:51:56	2026-09-26T19:25:22	2026-09-26T19:55:49	0.5075	4.0	128.0	2.03	0.0	m3246_g
58928456	pfd-chain	gpu_debug	gpu_ss11	CANCELLED by 112498	2026-09-26T18:54:17	None	2026-09-26T19:46:39	0.0	0.0	0.0	0.0	0.0	m3246_g
58930978	pfd-chain	gpu_debug	gpu_ss11	COMPLETED	2026-09-26T19:46:50	2026-09-26T19:54:19	2026-09-26T20:12:37	0.305	4.0	128.0	1.22	0.0	m3246_g
58930989	pfd-chain	gpu_shared	shared_gpu_ss11	COMPLETED	2026-09-26T19:47:14	2026-09-26T21:13:42	2026-09-26T22:52:53	1.6531	1.0	32.0	1.6531	0.0	m3246_g
58930990	pfd-chain	gpu_shared	shared_gpu_ss11	COMPLETED	2026-09-26T19:47:14	2026-09-26T21:16:58	2026-09-26T22:55:45	1.6464	1.0	32.0	1.6464	0.0	m3246_g
58930991	pfd-chain	gpu_shared	shared_gpu_ss11	COMPLETED	2026-09-26T19:47:14	2026-09-26T21:42:10	2026-09-26T23:03:48	1.3606	1.0	32.0	1.3606	0.0	m3246_g
58930992	pfd-chain	gpu_shared	shared_gpu_ss11	COMPLETED	2026-09-26T19:47:14	2026-09-26T21:46:50	2026-09-26T23:08:29	1.3608	1.0	32.0	1.3608	0.0	m3246_g
58930993	pfd-chain	gpu_shared	shared_gpu_ss11	COMPLETED	2026-09-26T19:47:14	2026-09-26T21:59:41	2026-09-26T23:43:36	1.7319	1.0	32.0	1.7319	0.0	m3246_g
58930994	pfd-chain	gpu_shared	shared_gpu_ss11	COMPLETED	2026-09-26T19:47:14	2026-09-26T22:08:55	2026-09-26T22:09:21	0.0072	1.0	32.0	0.0072	0.0	m3246_g
58930995	pfd-chain	gpu_shared	shared_gpu_ss11	COMPLETED	2026-09-26T19:47:14	2026-09-26T22:29:07	2026-09-26T22:29:31	0.0067	1.0	32.0	0.0067	0.0	m3246_g
58931362	pfd-chain	gpu_debug	gpu_ss11	COMPLETED	2026-09-26T19:54:31	2026-09-26T20:13:47	2026-09-26T20:32:02	0.3042	4.0	128.0	1.2167	0.0	m3246_g
58931440	pfd-chain	gpu_debug	gpu_ss11	COMPLETED	2026-09-26T19:56:55	2026-09-26T19:58:13	2026-09-26T20:15:55	0.295	4.0	128.0	1.18	0.0	m3246_g
58931484	pfd-chain	gpu_debug	gpu_ss11	COMPLETED	2026-09-26T19:58:26	2026-09-26T20:18:09	2026-09-26T20:35:54	0.2958	4.0	128.0	1.1833	0.0	m3246_g
58931529	pfd-chain	gpu_shared	shared_gpu_ss11	COMPLETED	2026-09-26T19:59:49	2026-09-26T22:36:39	2026-09-26T23:45:07	1.1411	1.0	32.0	1.1411	0.0	m3246_g
58931987	pfd-chain	gpu_debug	gpu_ss11	COMPLETED	2026-09-26T20:13:58	2026-09-26T20:32:53	2026-09-26T20:51:26	0.3092	4.0	128.0	1.2367	0.0	m3246_g
58932380	pfd-chain	gpu_debug	gpu_ss11	COMPLETED	2026-09-26T20:18:22	2026-09-26T20:37:30	2026-09-26T21:05:58	0.4744	4.0	128.0	1.8978	0.0	m3246_g
58932687	pfd-chain	gpu_shared	shared_gpu_ss11	COMPLETED	2026-09-26T20:28:43	2026-09-26T22:52:09	2026-09-26T23:57:00	1.0808	1.0	32.0	1.0808	0.0	m3246_g
58932777	pfd-chain	gpu_shared	shared_gpu_ss11	COMPLETED	2026-09-26T20:31:38	2026-09-26T23:00:59	2026-09-26T23:01:16	0.0047	1.0	32.0	0.0047	0.0	m3246_g
58932937	pfd-chain	gpu_debug	gpu_ss11	COMPLETED	2026-09-26T20:33:07	2026-09-26T20:52:14	2026-09-26T21:10:40	0.3072	4.0	128.0	1.2289	0.0	m3246_g
58933073	pfd-chain	gpu_debug	gpu_ss11	COMPLETED	2026-09-26T20:37:42	2026-09-26T21:07:33	2026-09-26T21:25:19	0.2961	4.0	128.0	1.1844	0.0	m3246_g
58933313	pfd-sint1	gpu_shared_interactive	shared_urgent_gpu_ss11	COMPLETED	2026-09-26T20:44:00	2026-09-26T20:44:00	2026-09-27T00:23:43	3.6619	2.0	64.0	7.3239	0.0	m3246_g
58933315	pfd-sint2	gpu_shared_interactive	shared_urgent_gpu_ss11	COMPLETED	2026-09-26T20:44:04	2026-09-26T20:44:04	2026-09-27T00:04:38	3.3428	2.0	64.0	6.6856	0.0	m3246_g
58933532	pfd-chain	gpu_debug	gpu_ss11	COMPLETED	2026-09-26T20:52:32	2026-09-26T21:12:02	2026-09-26T21:31:07	0.3181	4.0	128.0	1.2722	0.0	m3246_g
58934543	pfd-chain	gpu_debug	gpu_ss11	COMPLETED	2026-09-26T21:07:45	2026-09-26T21:26:32	2026-09-26T21:44:34	0.3006	4.0	128.0	1.2022	0.0	m3246_g
58934788	pfd-chain	gpu_debug	gpu_ss11	COMPLETED	2026-09-26T21:12:13	2026-09-26T21:32:37	2026-09-26T22:01:28	0.4808	4.0	128.0	1.9233	0.0	m3246_g
58934887	pfd-chain	gpu_shared	shared_gpu_ss11	COMPLETED	2026-09-26T21:13:59	2026-09-26T23:20:08	2026-09-27T01:07:10	1.7839	1.0	32.0	1.7839	0.0	m3246_g
58935053	pfd-chain	gpu_shared	shared_gpu_ss11	COMPLETED	2026-09-26T21:17:12	2026-09-26T23:21:30	2026-09-27T00:43:08	1.3606	1.0	32.0	1.3606	0.0	m3246_g
58935549	pfd-chain	gpu_debug	gpu_ss11	COMPLETED	2026-09-26T21:26:41	2026-09-26T21:46:45	2026-09-26T22:03:31	0.2794	4.0	128.0	1.1178	0.0	m3246_g
58935564	pfd-inter1	gpu_interactive	urgent_gpu_ss11	COMPLETED	2026-09-26T21:27:05	2026-09-26T21:27:05	2026-09-27T01:11:18	3.7369	4.0	128.0	14.9478	0.0	m3246_g
58935889	pfd-chain	gpu_debug	gpu_ss11	COMPLETED	2026-09-26T21:32:51	2026-09-26T22:02:40	2026-09-26T22:19:15	0.2764	4.0	128.0	1.1056	0.0	m3246_g
58936397	pfd-chain	gpu_shared	shared_gpu_ss11	COMPLETED	2026-09-26T21:42:26	2026-09-26T23:39:56	2026-09-26T23:40:23	0.0075	1.0	32.0	0.0075	0.0	m3246_g
58936529	pfd-score	debug	regular_milan_ss11	COMPLETED	2026-09-26T21:44:46	2026-09-26T21:44:55	2026-09-26T21:45:15	0.0056	0.0	256.0	0.0	0.0056	m3246
58936530	pfd-score	debug	regular_milan_ss11	COMPLETED	2026-09-26T21:44:46	2026-09-26T21:45:27	2026-09-26T21:45:44	0.0047	0.0	256.0	0.0	0.0047	m3246
58936531	pfd-score	debug	regular_milan_ss11	COMPLETED	2026-09-26T21:44:47	2026-09-26T21:45:27	2026-09-26T21:45:44	0.0047	0.0	256.0	0.0	0.0047	m3246
58936532	pfd-score	debug	regular_milan_ss11	COMPLETED	2026-09-26T21:44:47	2026-09-26T21:46:01	2026-09-26T21:46:20	0.0053	0.0	256.0	0.0	0.0053	m3246
58936647	pfd-chain	gpu_debug	gpu_ss11	COMPLETED	2026-09-26T21:46:58	2026-09-26T22:04:14	2026-09-26T22:32:47	0.4758	4.0	128.0	1.9033	0.0	m3246_g
58936652	pfd-chain	gpu_shared	shared_gpu_ss11	COMPLETED	2026-09-26T21:47:02	2026-09-26T23:39:56	2026-09-26T23:40:23	0.0075	1.0	32.0	0.0075	0.0	m3246_g
58937344	pfd-chain	gpu_shared	shared_gpu_ss11	COMPLETED	2026-09-26T21:59:49	2026-09-27T00:24:15	2026-09-27T00:24:26	0.0031	1.0	32.0	0.0031	0.0	m3246_g
58937482	pfd-chain	gpu_debug	gpu_ss11	COMPLETED	2026-09-26T22:02:51	2026-09-26T22:21:20	2026-09-26T22:38:01	0.2781	4.0	128.0	1.1122	0.0	m3246_g
58937564	pfd-chain	gpu_debug	gpu_ss11	COMPLETED	2026-09-26T22:04:28	2026-09-26T22:33:40	2026-09-26T22:34:11	0.0086	4.0	128.0	0.0344	0.0	m3246_g
58938214	pfd-chain	gpu_debug	gpu_ss11	COMPLETED	2026-09-26T22:21:30	2026-09-26T22:44:25	2026-09-26T23:00:46	0.2725	4.0	128.0	1.09	0.0	m3246_g
58938270	pfd-inter2	gpu_interactive	urgent_gpu_ss11	COMPLETED	2026-09-26T22:23:24	2026-09-26T22:23:24	2026-09-27T02:12:36	3.82	4.0	128.0	15.28	0.0	m3246_g
58938888	pfd-chain	gpu_debug	gpu_ss11	COMPLETED	2026-09-26T22:35:26	2026-09-26T22:36:35	2026-09-26T22:52:43	0.2689	4.0	128.0	1.0756	0.0	m3246_g
58938943	pfd-chain	gpu_debug	gpu_ss11	COMPLETED	2026-09-26T22:36:49	2026-09-26T22:55:01	2026-09-26T23:23:24	0.4731	4.0	128.0	1.8922	0.0	m3246_g
58938944	pfd-chain	gpu_shared	shared_gpu_ss11	COMPLETED	2026-09-26T22:36:49	2026-09-27T00:25:34	2026-09-27T00:25:45	0.0031	1.0	32.0	0.0031	0.0	m3246_g
58939281	pfd-chain	gpu_debug	gpu_ss11	COMPLETED	2026-09-26T22:44:40	2026-09-26T23:02:28	2026-09-26T23:18:48	0.2722	4.0	128.0	1.0889	0.0	m3246_g
58939511	pfd-chain	gpu_shared	shared_gpu_ss11	COMPLETED	2026-09-26T22:52:17	2026-09-27T00:42:24	2026-09-27T00:42:35	0.0031	1.0	32.0	0.0031	0.0	m3246_g
58939592	pfd-chain	gpu_debug	gpu_ss11	COMPLETED	2026-09-26T22:55:15	2026-09-26T23:24:23	2026-09-26T23:53:01	0.4772	4.0	128.0	1.9089	0.0	m3246_g
58940212	pfd-score	debug	regular_milan_ss11	COMPLETED	2026-09-26T23:17:20	2026-09-26T23:17:37	2026-09-26T23:18:00	0.0064	0.0	256.0	0.0	0.0064	m3246
58940213	pfd-score	debug	regular_milan_ss11	COMPLETED	2026-09-26T23:17:23	2026-09-26T23:17:42	2026-09-26T23:17:53	0.0031	0.0	256.0	0.0	0.0031	m3246
58940214	pfd-score	debug	regular_milan_ss11	COMPLETED	2026-09-26T23:17:23	2026-09-26T23:18:02	2026-09-26T23:18:23	0.0058	0.0	256.0	0.0	0.0058	m3246
58940215	pfd-score	debug	regular_milan_ss11	COMPLETED	2026-09-26T23:17:25	2026-09-26T23:18:02	2026-09-26T23:18:19	0.0047	0.0	256.0	0.0	0.0047	m3246
58940219	pfd-score	debug	regular_milan_ss11	COMPLETED	2026-09-26T23:17:29	2026-09-26T23:18:34	2026-09-26T23:19:01	0.0075	0.0	256.0	0.0	0.0075	m3246
58940281	pfd-chain	gpu_debug	gpu_ss11	COMPLETED	2026-09-26T23:19:48	2026-09-26T23:21:28	2026-09-26T23:49:33	0.4681	4.0	128.0	1.8722	0.0	m3246_g
58940284	pfd-score	debug	regular_milan_ss11	COMPLETED	2026-09-26T23:20:00	2026-09-26T23:20:23	2026-09-26T23:20:47	0.0067	0.0	256.0	0.0	0.0067	m3246
58940287	pfd-score	debug	regular_milan_ss11	COMPLETED	2026-09-26T23:20:04	2026-09-26T23:20:23	2026-09-26T23:20:37	0.0039	0.0	256.0	0.0	0.0039	m3246
58940290	pfd-score	debug	regular_milan_ss11	COMPLETED	2026-09-26T23:20:07	2026-09-26T23:20:45	2026-09-26T23:21:12	0.0075	0.0	256.0	0.0	0.0075	m3246
58940292	pfd-score	debug	regular_milan_ss11	COMPLETED	2026-09-26T23:20:07	2026-09-26T23:20:56	2026-09-26T23:21:20	0.0067	0.0	256.0	0.0	0.0067	m3246
58940293	pfd-score	debug	regular_milan_ss11	COMPLETED	2026-09-26T23:20:09	2026-09-26T23:21:34	2026-09-26T23:21:57	0.0064	0.0	256.0	0.0	0.0064	m3246
58940300	pfd-chain	gpu_shared	shared_gpu_ss11	COMPLETED	2026-09-26T23:20:18	2026-09-27T01:25:26	2026-09-27T01:25:51	0.0069	1.0	32.0	0.0069	0.0	m3246_g
58940335	pfd-chain	gpu_debug	gpu_ss11	COMPLETED	2026-09-26T23:21:40	2026-09-26T23:51:11	2026-09-27T00:19:53	0.4783	4.0	128.0	1.9133	0.0	m3246_g
58940336	pfd-chain	gpu_shared	shared_gpu_ss11	COMPLETED	2026-09-26T23:21:45	2026-09-27T01:05:58	2026-09-27T01:56:51	0.8481	1.0	32.0	0.8481	0.0	m3246_g
58940416	pfd-chain	gpu_debug	gpu_ss11	COMPLETED	2026-09-26T23:24:32	2026-09-26T23:56:52	2026-09-27T00:24:39	0.4631	4.0	128.0	1.8522	0.0	m3246_g
58940658	pfd-chain	gpu_shared	shared_gpu_ss11	CANCELLED by 112498	2026-09-26T23:31:38	2026-09-26T23:58:12	2026-09-27T02:03:39	2.0908	1.0	32.0	2.0908	0.0	m3246_g
58940661	pfd-chain	gpu_shared	shared_gpu_ss11	CANCELLED by 112498	2026-09-26T23:31:38	2026-09-27T00:02:30	2026-09-27T02:03:36	2.0183	1.0	32.0	2.0183	0.0	m3246_g
58940665	pfd-chain	gpu_shared	shared_gpu_ss11	CANCELLED by 112498	2026-09-26T23:31:38	2026-09-27T00:43:45	2026-09-27T02:03:39	1.3317	1.0	32.0	1.3317	0.0	m3246_g
58940668	pfd-chain	gpu_shared	shared_gpu_ss11	CANCELLED by 112498	2026-09-26T23:31:38	2026-09-27T01:14:03	2026-09-27T02:03:33	0.825	1.0	32.0	0.825	0.0	m3246_g
58940670	pfd-chain	gpu_shared	shared_gpu_ss11	CANCELLED by 112498	2026-09-26T23:31:38	2026-09-27T01:33:58	2026-09-27T02:03:39	0.4947	1.0	32.0	0.4947	0.0	m3246_g
58940672	pfd-chain	gpu_shared	shared_gpu_ss11	CANCELLED by 112498	2026-09-26T23:31:41	2026-09-27T01:51:13	2026-09-27T02:03:33	0.2056	1.0	32.0	0.2056	0.0	m3246_g
58940675	pfd-chain	gpu_shared	shared_gpu_ss11	CANCELLED by 112498	2026-09-26T23:31:41	None	2026-09-27T02:03:39	0.0	0.0	0.0	0.0	0.0	m3246_g
58940677	pfd-chain	gpu_shared	shared_gpu_ss11	CANCELLED by 112498	2026-09-26T23:31:43	None	2026-09-27T02:03:33	0.0	0.0	0.0	0.0	0.0	m3246_g
58941255	pfd-chain	gpu_debug	gpu_ss11	COMPLETED	2026-09-26T23:51:25	2026-09-27T00:21:18	2026-09-27T00:49:11	0.4647	4.0	128.0	1.8589	0.0	m3246_g
58941409	pfd-chain	gpu_debug	gpu_ss11	COMPLETED	2026-09-26T23:57:02	2026-09-27T00:25:32	2026-09-27T00:53:23	0.4642	4.0	128.0	1.8567	0.0	m3246_g
58941439	pfd-chain	gpu_shared	shared_gpu_ss11	CANCELLED by 112498	2026-09-26T23:58:22	None	2026-09-27T02:03:53	0.0	0.0	0.0	0.0	0.0	m3246_g
58941666	pfd-sint2	gpu_shared_interactive	shared_urgent_gpu_ss11	COMPLETED	2026-09-27T00:05:59	2026-09-27T00:06:00	2026-09-27T03:51:34	3.7594	2.0	64.0	7.5189	0.0	m3246_g
58942038	pfd-score	debug	regular_milan_ss11	COMPLETED	2026-09-27T00:18:27	2026-09-27T00:18:51	2026-09-27T00:19:12	0.0058	0.0	256.0	0.0	0.0058	m3246
58942040	pfd-score	debug	regular_milan_ss11	COMPLETED	2026-09-27T00:18:30	2026-09-27T00:19:12	2026-09-27T00:19:22	0.0028	0.0	256.0	0.0	0.0028	m3246
58942043	pfd-score	debug	regular_milan_ss11	COMPLETED	2026-09-27T00:18:34	2026-09-27T00:19:23	2026-09-27T00:19:37	0.0039	0.0	256.0	0.0	0.0039	m3246
58942044	pfd-score	debug	regular_milan_ss11	COMPLETED	2026-09-27T00:18:36	2026-09-27T00:19:40	2026-09-27T00:20:02	0.0061	0.0	256.0	0.0	0.0061	m3246
58942046	pfd-score	debug	regular_milan_ss11	COMPLETED	2026-09-27T00:18:39	2026-09-27T00:19:56	2026-09-27T00:20:23	0.0075	0.0	256.0	0.0	0.0075	m3246
58942123	pfd-posthoc	debug	regular_milan_ss11	COMPLETED	2026-09-27T00:20:49	2026-09-27T00:20:52	2026-09-27T00:21:02	0.0028	0.0	256.0	0.0	0.0028	m3246
58942124	pfd-posthoc	debug	regular_milan_ss11	COMPLETED	2026-09-27T00:20:49	2026-09-27T00:20:52	2026-09-27T00:21:02	0.0028	0.0	256.0	0.0	0.0028	m3246
58942136	pfd-chain	gpu_debug	gpu_ss11	COMPLETED	2026-09-27T00:21:28	2026-09-27T00:50:51	2026-09-27T01:19:08	0.4714	4.0	128.0	1.8856	0.0	m3246_g
58942196	pfd-chain	gpu_shared	shared_gpu_ss11	COMPLETED	2026-09-27T00:23:16	2026-09-27T02:21:42	2026-09-27T02:22:04	0.0061	1.0	32.0	0.0061	0.0	m3246_g
58942199	pfd-chain	gpu_shared	shared_gpu_ss11	COMPLETED	2026-09-27T00:23:16	2026-09-27T02:23:06	2026-09-27T02:23:27	0.0058	1.0	32.0	0.0058	0.0	m3246_g
58942200	pfd-chain	gpu_shared	shared_gpu_ss11	COMPLETED	2026-09-27T00:23:16	2026-09-27T02:31:12	2026-09-27T02:31:33	0.0058	1.0	32.0	0.0058	0.0	m3246_g
58942201	pfd-chain	gpu_shared	shared_gpu_ss11	COMPLETED	2026-09-27T00:23:16	2026-09-27T02:47:16	2026-09-27T02:47:35	0.0053	1.0	32.0	0.0053	0.0	m3246_g
58942227	pfd-sint1	gpu_shared_interactive	shared_urgent_gpu_ss11	COMPLETED	2026-09-27T00:24:39	2026-09-27T00:24:39	2026-09-27T03:59:53	3.5872	2.0	64.0	7.1744	0.0	m3246_g
58942263	pfd-chain	gpu_debug	gpu_ss11	COMPLETED	2026-09-27T00:25:45	2026-09-27T00:55:04	2026-09-27T01:23:04	0.4667	4.0	128.0	1.8667	0.0	m3246_g
58942875	pfd-chain	gpu_shared	shared_gpu_ss11	CANCELLED by 112498	2026-09-27T00:43:54	None	2026-09-27T02:03:53	0.0	0.0	0.0	0.0	0.0	m3246_g
58943043	pfd-chain	gpu_debug	gpu_ss11	COMPLETED	2026-09-27T00:51:01	2026-09-27T01:19:47	2026-09-27T01:47:57	0.4694	4.0	128.0	1.8778	0.0	m3246_g
58943160	pfd-chain	gpu_debug	gpu_ss11	COMPLETED	2026-09-27T00:55:16	2026-09-27T01:23:54	2026-09-27T01:52:32	0.4772	4.0	128.0	1.9089	0.0	m3246_g
58943710	pfd-inter1	gpu_interactive	urgent_gpu_ss11	COMPLETED	2026-09-27T01:13:01	2026-09-27T01:13:01	2026-09-27T04:57:40	3.7442	4.0	128.0	14.9767	0.0	m3246_g
58943905	pfd-chain	gpu_debug	gpu_ss11	COMPLETED	2026-09-27T01:19:58	2026-09-27T01:51:11	2026-09-27T02:07:39	0.2744	4.0	128.0	1.0978	0.0	m3246_g
58944017	pfd-chain	gpu_debug	gpu_ss11	COMPLETED	2026-09-27T01:24:07	2026-09-27T01:53:54	2026-09-27T02:22:11	0.4714	4.0	128.0	1.8856	0.0	m3246_g
58944353	pfd-chain	gpu_shared	shared_gpu_ss11	CANCELLED by 112498	2026-09-27T01:34:09	None	2026-09-27T02:03:51	0.0	0.0	0.0	0.0	0.0	m3246_g
58944749	pfd-score	debug	regular_milan_ss11	COMPLETED	2026-09-27T01:42:42	2026-09-27T01:42:48	2026-09-27T01:43:11	0.0064	0.0	256.0	0.0	0.0064	m3246
58944750	pfd-score	debug	regular_milan_ss11	COMPLETED	2026-09-27T01:42:43	2026-09-27T01:43:15	2026-09-27T01:43:31	0.0044	0.0	256.0	0.0	0.0044	m3246
58944751	pfd-score	debug	regular_milan_ss11	COMPLETED	2026-09-27T01:42:45	2026-09-27T01:43:58	2026-09-27T01:44:22	0.0067	0.0	256.0	0.0	0.0067	m3246
58944752	pfd-score	debug	regular_milan_ss11	COMPLETED	2026-09-27T01:42:47	2026-09-27T01:43:58	2026-09-27T01:44:22	0.0067	0.0	256.0	0.0	0.0067	m3246
58944755	pfd-score	debug	regular_milan_ss11	COMPLETED	2026-09-27T01:42:48	2026-09-27T01:44:47	2026-09-27T01:45:13	0.0072	0.0	256.0	0.0	0.0072	m3246
58945159	pfd-score	debug	regular_milan_ss11	COMPLETED	2026-09-27T01:57:12	2026-09-27T01:58:04	2026-09-27T01:58:26	0.0061	0.0	256.0	0.0	0.0061	m3246
58945160	pfd-score	debug	regular_milan_ss11	COMPLETED	2026-09-27T01:57:12	2026-09-27T01:58:04	2026-09-27T01:58:26	0.0061	0.0	256.0	0.0	0.0061	m3246
58945161	pfd-score	debug	regular_milan_ss11	COMPLETED	2026-09-27T01:57:12	2026-09-27T02:00:46	2026-09-27T02:01:11	0.0069	0.0	256.0	0.0	0.0069	m3246
58945162	pfd-score	debug	regular_milan_ss11	COMPLETED	2026-09-27T01:57:12	2026-09-27T02:02:10	2026-09-27T02:02:32	0.0061	0.0	256.0	0.0	0.0061	m3246
58945163	pfd-score	debug	regular_milan_ss11	COMPLETED	2026-09-27T01:57:13	2026-09-27T02:02:10	2026-09-27T02:02:32	0.0061	0.0	256.0	0.0	0.0061	m3246
58945489	pfd-chain	gpu_debug	gpu_ss11	COMPLETED	2026-09-27T02:07:07	2026-09-27T02:09:01	2026-09-27T02:37:41	0.4778	4.0	128.0	1.9111	0.0	m3246_g
58945541	pfd-chain	gpu_debug	gpu_ss11	COMPLETED	2026-09-27T02:09:09	2026-09-27T02:23:04	2026-09-27T02:51:35	0.4753	4.0	128.0	1.9011	0.0	m3246_g
58945544	pfd-chain	gpu_debug	gpu_ss11	COMPLETED	2026-09-27T02:09:17	2026-09-27T02:39:11	2026-09-27T03:07:11	0.4667	4.0	128.0	1.8667	0.0	m3246_g
58945651	pfd-inter2	gpu_interactive	urgent_gpu_ss11	COMPLETED	2026-09-27T02:13:13	2026-09-27T02:13:13	2026-09-27T05:27:12	3.2331	4.0	128.0	12.9322	0.0	m3246_g
58945899	pfd-chain	gpu_debug	gpu_ss11	COMPLETED	2026-09-27T02:23:15	2026-09-27T02:52:44	2026-09-27T03:21:12	0.4744	4.0	128.0	1.8978	0.0	m3246_g
58946379	pfd-chain	gpu_debug	gpu_ss11	COMPLETED	2026-09-27T02:39:26	2026-09-27T03:08:54	2026-09-27T03:37:21	0.4742	4.0	128.0	1.8967	0.0	m3246_g
58946745	pfd-chain	gpu_debug	gpu_ss11	COMPLETED	2026-09-27T02:52:55	2026-09-27T03:22:21	2026-09-27T03:50:16	0.4653	4.0	128.0	1.8611	0.0	m3246_g
58947142	pfd-chain	gpu_debug	gpu_ss11	COMPLETED	2026-09-27T03:09:06	2026-09-27T03:38:30	2026-09-27T03:55:47	0.2881	4.0	128.0	1.1522	0.0	m3246_g
58947497	pfd-chain	gpu_debug	gpu_ss11	COMPLETED	2026-09-27T03:22:35	2026-09-27T03:53:10	2026-09-27T04:21:00	0.4639	4.0	128.0	1.8556	0.0	m3246_g
58947975	pfd-chain	gpu_debug	gpu_ss11	COMPLETED	2026-09-27T03:38:43	2026-09-27T03:57:10	2026-09-27T04:25:37	0.4742	4.0	128.0	1.8967	0.0	m3246_g
58948316	pfd-sint2	gpu_shared_interactive	shared_urgent_gpu_ss11	COMPLETED	2026-09-27T03:51:44	2026-09-27T03:51:44	2026-09-27T07:04:25	3.2114	2.0	64.0	6.4228	0.0	m3246_g
58948347	pfd-chain	gpu_debug	gpu_ss11	COMPLETED	2026-09-27T03:53:19	2026-09-27T04:21:58	2026-09-27T04:38:09	0.2697	4.0	128.0	1.0789	0.0	m3246_g
58948456	pfd-chain	gpu_debug	gpu_ss11	COMPLETED	2026-09-27T03:57:22	2026-09-27T04:26:52	2026-09-27T04:54:41	0.4636	4.0	128.0	1.8544	0.0	m3246_g
58948556	pfd-sint1	gpu_shared_interactive	shared_urgent_gpu_ss11	COMPLETED	2026-09-27T04:01:46	2026-09-27T04:01:46	2026-09-27T07:14:19	3.2092	2.0	64.0	6.4183	0.0	m3246_g
58949108	pfd-chain	gpu_debug	gpu_ss11	COMPLETED	2026-09-27T04:22:11	2026-09-27T04:39:31	2026-09-27T05:07:15	0.4622	4.0	128.0	1.8489	0.0	m3246_g
58949227	pfd-chain	gpu_debug	gpu_ss11	COMPLETED	2026-09-27T04:27:03	2026-09-27T04:55:27	2026-09-27T05:23:14	0.4631	4.0	128.0	1.8522	0.0	m3246_g
58949570	pfd-chain	gpu_debug	gpu_ss11	COMPLETED	2026-09-27T04:39:43	2026-09-27T05:07:57	2026-09-27T05:36:46	0.4803	4.0	128.0	1.9211	0.0	m3246_g
58950011	pfd-chain	gpu_debug	gpu_ss11	COMPLETED	2026-09-27T04:55:38	2026-09-27T05:24:13	2026-09-27T05:52:05	0.4644	4.0	128.0	1.8578	0.0	m3246_g
58950065	pfd-inter1	gpu_interactive	urgent_gpu_ss11	COMPLETED	2026-09-27T04:58:02	2026-09-27T04:58:02	2026-09-27T08:44:49	3.7797	4.0	128.0	15.1189	0.0	m3246_g
58950300	pfd-chain	gpu_debug	gpu_ss11	COMPLETED	2026-09-27T05:08:08	2026-09-27T05:37:29	2026-09-27T06:05:53	0.4733	4.0	128.0	1.8933	0.0	m3246_g
58950727	pfd-chain	gpu_debug	gpu_ss11	COMPLETED	2026-09-27T05:24:26	2026-09-27T05:53:29	2026-09-27T06:09:41	0.27	4.0	128.0	1.08	0.0	m3246_g
58950840	pfd-inter2	gpu_interactive	urgent_gpu_ss11	COMPLETED	2026-09-27T05:28:08	2026-09-27T05:28:08	2026-09-27T09:02:10	3.5672	4.0	128.0	14.2689	0.0	m3246_g
58951085	pfd-chain	gpu_debug	gpu_ss11	COMPLETED	2026-09-27T05:37:40	2026-09-27T06:07:16	2026-09-27T06:34:58	0.4617	4.0	128.0	1.8467	0.0	m3246_g
58951462	pfd-chain	gpu_debug	gpu_ss11	COMPLETED	2026-09-27T05:53:40	2026-09-27T06:10:57	2026-09-27T06:39:06	0.4692	4.0	128.0	1.8767	0.0	m3246_g
58951811	pfd-chain	gpu_debug	gpu_ss11	COMPLETED	2026-09-27T06:07:28	2026-09-27T06:35:58	2026-09-27T07:03:45	0.4631	4.0	128.0	1.8522	0.0	m3246_g
58951910	pfd-chain	gpu_debug	gpu_ss11	COMPLETED	2026-09-27T06:11:08	2026-09-27T06:40:49	2026-09-27T07:09:02	0.4703	4.0	128.0	1.8811	0.0	m3246_g
58952536	pfd-chain	gpu_debug	gpu_ss11	COMPLETED	2026-09-27T06:36:07	2026-09-27T07:04:53	2026-09-27T07:33:29	0.4767	4.0	128.0	1.9067	0.0	m3246_g
58952722	pfd-chain	gpu_debug	gpu_ss11	COMPLETED	2026-09-27T06:41:01	2026-09-27T07:10:32	2026-09-27T07:26:41	0.2692	4.0	128.0	1.0767	0.0	m3246_g
58953334	pfd-sint2	gpu_shared_interactive	shared_urgent_gpu_ss11	COMPLETED	2026-09-27T07:04:33	2026-09-27T07:04:33	2026-09-27T10:39:23	3.5806	2.0	64.0	7.1611	0.0	m3246_g
58953343	pfd-chain	gpu_debug	gpu_ss11	COMPLETED	2026-09-27T07:05:01	2026-09-27T07:34:08	2026-09-27T08:02:34	0.4739	4.0	128.0	1.8956	0.0	m3246_g
58953491	pfd-chain	gpu_debug	gpu_ss11	COMPLETED	2026-09-27T07:10:43	2026-09-27T07:28:06	2026-09-27T07:56:56	0.4806	4.0	128.0	1.9222	0.0	m3246_g
58953510	pfd-score	debug	regular_milan_ss11	COMPLETED	2026-09-27T07:11:14	2026-09-27T07:11:26	2026-09-27T07:11:57	0.0086	0.0	256.0	0.0	0.0086	m3246
58953511	pfd-score	debug	regular_milan_ss11	COMPLETED	2026-09-27T07:11:14	2026-09-27T07:11:26	2026-09-27T07:11:46	0.0056	0.0	256.0	0.0	0.0056	m3246
58953647	pfd-sint1	gpu_shared_interactive	shared_urgent_gpu_ss11	COMPLETED	2026-09-27T07:15:49	2026-09-27T07:15:49	2026-09-27T10:51:40	3.5975	2.0	64.0	7.195	0.0	m3246_g
58953965	pfd-chain	gpu_debug	gpu_ss11	COMPLETED	2026-09-27T07:28:16	2026-09-27T07:57:50	2026-09-27T08:25:59	0.4692	4.0	128.0	1.8767	0.0	m3246_g
58954180	pfd-chain	gpu_debug	gpu_ss11	COMPLETED	2026-09-27T07:34:19	2026-09-27T08:03:55	2026-09-27T08:32:00	0.4681	4.0	128.0	1.8722	0.0	m3246_g
58954718	pfd-score	debug	regular_milan_ss11	COMPLETED	2026-09-27T07:53:55	2026-09-27T07:53:56	2026-09-27T07:54:13	0.0047	0.0	256.0	0.0	0.0047	m3246
58954824	pfd-chain	gpu_debug	gpu_ss11	COMPLETED	2026-09-27T07:58:04	2026-09-27T08:27:01	2026-09-27T08:54:45	0.4622	4.0	128.0	1.8489	0.0	m3246_g
58954871	pfd-chain	gpu_shared	shared_gpu_ss11	COMPLETED	2026-09-27T07:59:34	2026-09-27T08:14:50	2026-09-27T09:46:38	1.53	1.0	32.0	1.53	0.0	m3246_g
58954873	pfd-chain	gpu_shared	shared_gpu_ss11	COMPLETED	2026-09-27T07:59:35	2026-09-27T08:17:22	2026-09-27T09:48:46	1.5233	1.0	32.0	1.5233	0.0	m3246_g
58954874	pfd-chain	gpu_shared	shared_gpu_ss11	COMPLETED	2026-09-27T07:59:35	2026-09-27T08:20:54	2026-09-27T09:51:57	1.5175	1.0	32.0	1.5175	0.0	m3246_g
58954875	pfd-chain	gpu_shared	shared_gpu_ss11	COMPLETED	2026-09-27T07:59:35	2026-09-27T08:22:08	2026-09-27T09:53:19	1.5197	1.0	32.0	1.5197	0.0	m3246_g
58954876	pfd-chain	gpu_shared	shared_gpu_ss11	COMPLETED	2026-09-27T07:59:35	2026-09-27T08:28:11	2026-09-27T09:59:22	1.5197	1.0	32.0	1.5197	0.0	m3246_g
58954877	pfd-chain	gpu_shared	shared_gpu_ss11	COMPLETED	2026-09-27T07:59:35	2026-09-27T08:32:53	2026-09-27T10:04:13	1.5222	1.0	32.0	1.5222	0.0	m3246_g
58954878	pfd-chain	gpu_shared	shared_gpu_ss11	COMPLETED	2026-09-27T07:59:35	2026-09-27T08:48:25	2026-09-27T10:19:56	1.5253	1.0	32.0	1.5253	0.0	m3246_g
58954879	pfd-chain	gpu_shared	shared_gpu_ss11	COMPLETED	2026-09-27T07:59:35	2026-09-27T08:50:45	2026-09-27T10:21:29	1.5122	1.0	32.0	1.5122	0.0	m3246_g
58954881	pfd-chain	gpu_shared	shared_gpu_ss11	COMPLETED	2026-09-27T07:59:35	2026-09-27T09:19:56	2026-09-27T11:09:07	1.8197	1.0	32.0	1.8197	0.0	m3246_g
58954882	pfd-chain	gpu_shared	shared_gpu_ss11	COMPLETED	2026-09-27T07:59:35	2026-09-27T09:22:22	2026-09-27T10:53:37	1.5208	1.0	32.0	1.5208	0.0	m3246_g
58955015	pfd-chain	gpu_debug	gpu_ss11	COMPLETED	2026-09-27T08:04:10	2026-09-27T08:32:51	2026-09-27T09:01:04	0.4703	4.0	128.0	1.8811	0.0	m3246_g
58955832	pfd-chain	gpu_shared	shared_gpu_ss11	COMPLETED	2026-09-27T08:15:04	2026-09-27T09:59:04	2026-09-27T11:29:59	1.5153	1.0	32.0	1.5153	0.0	m3246_g
58955934	pfd-chain	gpu_shared	shared_gpu_ss11	COMPLETED	2026-09-27T08:17:35	2026-09-27T09:59:04	2026-09-27T11:29:51	1.5131	1.0	32.0	1.5131	0.0	m3246_g
58956045	pfd-chain	gpu_shared	shared_gpu_ss11	COMPLETED	2026-09-27T08:21:07	2026-09-27T10:15:21	2026-09-27T11:46:36	1.5208	1.0	32.0	1.5208	0.0	m3246_g
58956082	pfd-chain	gpu_shared	shared_gpu_ss11	COMPLETED	2026-09-27T08:22:24	2026-09-27T10:16:51	2026-09-27T11:47:43	1.5144	1.0	32.0	1.5144	0.0	m3246_g
58956210	pfd-chain	gpu_debug	gpu_ss11	COMPLETED	2026-09-27T08:27:08	2026-09-27T08:56:47	2026-09-27T09:24:44	0.4658	4.0	128.0	1.8633	0.0	m3246_g
58956244	pfd-chain	gpu_shared	shared_gpu_ss11	COMPLETED	2026-09-27T08:28:24	2026-09-27T10:27:56	2026-09-27T11:58:51	1.5153	1.0	32.0	1.5153	0.0	m3246_g
58956394	pfd-chain	gpu_debug	gpu_ss11	COMPLETED	2026-09-27T08:33:04	2026-09-27T09:01:40	2026-09-27T09:29:38	0.4661	4.0	128.0	1.8644	0.0	m3246_g
58956395	pfd-chain	gpu_shared	shared_gpu_ss11	COMPLETED	2026-09-27T08:33:07	2026-09-27T10:29:20	2026-09-27T12:00:15	1.5153	1.0	32.0	1.5153	0.0	m3246_g
58956794	pfd-inter1	gpu_interactive	urgent_gpu_ss11	COMPLETED	2026-09-27T08:45:33	2026-09-27T08:45:33	2026-09-27T12:30:35	3.7506	4.0	128.0	15.0022	0.0	m3246_g
58956941	pfd-chain	gpu_shared	shared_gpu_ss11	COMPLETED	2026-09-27T08:48:34	2026-09-27T10:42:09	2026-09-27T12:13:10	1.5169	1.0	32.0	1.5169	0.0	m3246_g
58957018	pfd-chain	gpu_shared	shared_gpu_ss11	COMPLETED	2026-09-27T08:50:53	2026-09-27T10:43:33	2026-09-27T12:15:07	1.5261	1.0	32.0	1.5261	0.0	m3246_g
58957219	pfd-chain	gpu_debug	gpu_ss11	COMPLETED	2026-09-27T08:57:02	2026-09-27T09:25:54	2026-09-27T09:54:02	0.4689	4.0	128.0	1.8756	0.0	m3246_g
58957367	pfd-chain	gpu_debug	gpu_ss11	COMPLETED	2026-09-27T09:01:52	2026-09-27T09:30:45	2026-09-27T09:45:51	0.2517	4.0	128.0	1.0067	0.0	m3246_g
58957415	pfd-inter2	gpu_interactive	urgent_gpu_ss11	COMPLETED	2026-09-27T09:03:37	2026-09-27T09:03:37	2026-09-27T12:44:41	3.6844	4.0	128.0	14.7378	0.0	m3246_g
58957912	pfd-chain	gpu_shared	shared_gpu_ss11	COMPLETED	2026-09-27T09:20:09	2026-09-27T11:25:17	2026-09-27T12:55:03	1.4961	1.0	32.0	1.4961	0.0	m3246_g
58958005	pfd-chain	gpu_shared	shared_gpu_ss11	COMPLETED	2026-09-27T09:22:39	2026-09-27T11:10:13	2026-09-27T12:41:18	1.5181	1.0	32.0	1.5181	0.0	m3246_g
58958295	pfd-chain	gpu_debug	gpu_ss11	COMPLETED	2026-09-27T09:30:56	2026-09-27T09:49:25	2026-09-27T09:49:59	0.0094	4.0	128.0	0.0378	0.0	m3246_g
58959183	pfd-chain	gpu_debug	gpu_ss11	COMPLETED	2026-09-27T09:51:52	2026-09-27T09:53:34	2026-09-27T10:21:48	0.4706	4.0	128.0	1.8822	0.0	m3246_g
58959252	pfd-chain	gpu_debug	gpu_ss11	COMPLETED	2026-09-27T09:53:44	2026-09-27T10:23:37	2026-09-27T10:51:56	0.4719	4.0	128.0	1.8878	0.0	m3246_g
58959321	pfd-chain	gpu_debug	gpu_ss11	COMPLETED	2026-09-27T09:55:55	2026-09-27T09:57:34	2026-09-27T10:25:50	0.4711	4.0	128.0	1.8844	0.0	m3246_g
58959375	pfd-chain	gpu_debug	gpu_ss11	COMPLETED	2026-09-27T09:57:45	2026-09-27T10:27:54	2026-09-27T10:56:02	0.4689	4.0	128.0	1.8756	0.0	m3246_g
58959444	pfd-chain	gpu_shared	shared_gpu_ss11	COMPLETED	2026-09-27T09:59:17	2026-09-27T11:49:42	2026-09-27T13:21:27	1.5292	1.0	32.0	1.5292	0.0	m3246_g
58959445	pfd-chain	gpu_shared	shared_gpu_ss11	COMPLETED	2026-09-27T09:59:17	2026-09-27T11:54:40	2026-09-27T13:25:39	1.5164	1.0	32.0	1.5164	0.0	m3246_g
58960434	pfd-chain	gpu_shared	shared_gpu_ss11	COMPLETED	2026-09-27T10:15:34	2026-09-27T12:10:31	2026-09-27T13:43:43	1.5533	1.0	32.0	1.5533	0.0	m3246_g
58960512	pfd-chain	gpu_shared	shared_gpu_ss11	COMPLETED	2026-09-27T10:17:03	2026-09-27T12:15:28	2026-09-27T13:45:07	1.4942	1.0	32.0	1.4942	0.0	m3246_g
58960806	pfd-chain	gpu_debug	gpu_ss11	COMPLETED	2026-09-27T10:23:47	2026-09-27T10:53:32	2026-09-27T11:21:49	0.4714	4.0	128.0	1.8856	0.0	m3246_g
58960985	pfd-chain	gpu_debug	gpu_ss11	COMPLETED	2026-09-27T10:28:04	2026-09-27T10:57:53	2026-09-27T11:26:39	0.4794	4.0	128.0	1.9178	0.0	m3246_g
58960987	pfd-chain	gpu_shared	shared_gpu_ss11	COMPLETED	2026-09-27T10:28:06	2026-09-27T12:51:32	2026-09-27T14:22:01	1.5081	1.0	32.0	1.5081	0.0	m3246_g
58961028	pfd-chain	gpu_shared	shared_gpu_ss11	COMPLETED	2026-09-27T10:29:32	2026-09-27T12:53:15	2026-09-27T14:24:53	1.5272	1.0	32.0	1.5272	0.0	m3246_g
58961431	pfd-sint2	gpu_shared_interactive	shared_urgent_gpu_ss11	COMPLETED	2026-09-27T10:40:10	2026-09-27T10:40:10	2026-09-27T14:14:25	3.5708	2.0	64.0	7.1417	0.0	m3246_g
58961490	pfd-chain	gpu_shared	shared_gpu_ss11	COMPLETED	2026-09-27T10:42:21	2026-09-27T13:16:50	2026-09-27T14:48:24	1.5261	1.0	32.0	1.5261	0.0	m3246_g
58961533	pfd-chain	gpu_shared	shared_gpu_ss11	COMPLETED	2026-09-27T10:43:50	2026-09-27T13:18:25	2026-09-27T14:49:57	1.5256	1.0	32.0	1.5256	0.0	m3246_g
58962237	pfd-sint1	gpu_shared_interactive	shared_urgent_gpu_ss11	COMPLETED	2026-09-27T10:52:18	2026-09-27T10:52:18	2026-09-27T14:25:47	3.5581	2.0	64.0	7.1161	0.0	m3246_g
58962311	pfd-chain	gpu_debug	gpu_ss11	COMPLETED	2026-09-27T10:53:43	2026-09-27T11:23:51	2026-09-27T11:39:54	0.2675	4.0	128.0	1.07	0.0	m3246_g
58962556	pfd-chain	gpu_debug	gpu_ss11	COMPLETED	2026-09-27T10:58:06	2026-09-27T11:28:12	2026-09-27T11:56:00	0.4633	4.0	128.0	1.8533	0.0	m3246_g
58963381	pfd-chain	gpu_shared	shared_gpu_ss11	COMPLETED	2026-09-27T11:10:26	2026-09-27T13:27:22	2026-09-27T14:58:18	1.5156	1.0	32.0	1.5156	0.0	m3246_g
58964139	pfd-chain	gpu_debug	gpu_ss11	COMPLETED	2026-09-27T11:24:03	2026-09-27T11:43:23	2026-09-27T12:11:53	0.475	4.0	128.0	1.9	0.0	m3246_g
58964196	pfd-chain	gpu_shared	shared_gpu_ss11	COMPLETED	2026-09-27T11:25:28	2026-09-27T13:43:11	2026-09-27T15:15:28	1.5381	1.0	32.0	1.5381	0.0	m3246_g
58964319	pfd-chain	gpu_debug	gpu_ss11	COMPLETED	2026-09-27T11:28:24	2026-09-27T11:57:46	2026-09-27T12:25:46	0.4667	4.0	128.0	1.8667	0.0	m3246_g
58965011	pfd-chain	gpu_debug	gpu_ss11	COMPLETED	2026-09-27T11:43:38	2026-09-27T12:13:49	2026-09-27T12:42:11	0.4728	4.0	128.0	1.8911	0.0	m3246_g
58965278	pfd-chain	gpu_shared	shared_gpu_ss11	COMPLETED	2026-09-27T11:49:54	2026-09-27T13:52:28	2026-09-27T15:23:23	1.5153	1.0	32.0	1.5153	0.0	m3246_g
58965492	pfd-chain	gpu_shared	shared_gpu_ss11	COMPLETED	2026-09-27T11:54:51	2026-09-27T14:04:47	2026-09-27T15:35:23	1.51	1.0	32.0	1.51	0.0	m3246_g
58965631	pfd-chain	gpu_debug	gpu_ss11	COMPLETED	2026-09-27T11:57:57	2026-09-27T12:27:07	2026-09-27T12:55:00	0.4647	4.0	128.0	1.8589	0.0	m3246_g
58966145	pfd-chain	gpu_shared	shared_gpu_ss11	COMPLETED	2026-09-27T12:10:43	2026-09-27T14:13:58	2026-09-27T15:44:37	1.5108	1.0	32.0	1.5108	0.0	m3246_g
58966290	pfd-chain	gpu_debug	gpu_ss11	COMPLETED	2026-09-27T12:14:02	2026-09-27T12:44:31	2026-09-27T13:12:52	0.4725	4.0	128.0	1.89	0.0	m3246_g
58966359	pfd-chain	gpu_shared	shared_gpu_ss11	COMPLETED	2026-09-27T12:15:39	2026-09-27T14:26:20	2026-09-27T15:57:09	1.5136	1.0	32.0	1.5136	0.0	m3246_g
58966896	pfd-chain	gpu_debug	gpu_ss11	COMPLETED	2026-09-27T12:27:19	2026-09-27T12:56:30	2026-09-27T13:24:39	0.4692	4.0	128.0	1.8767	0.0	m3246_g
58967151	pfd-inter1	gpu_interactive	urgent_gpu_ss11	COMPLETED	2026-09-27T12:32:52	2026-09-27T12:32:52	2026-09-27T16:07:14	3.5728	4.0	128.0	14.2911	0.0	m3246_g
58967682	pfd-chain	gpu_debug	gpu_ss11	COMPLETED	2026-09-27T12:44:41	2026-09-27T13:13:42	2026-09-27T13:29:46	0.2678	4.0	128.0	1.0711	0.0	m3246_g
58967781	pfd-inter2	gpu_interactive	urgent_gpu_ss11	COMPLETED	2026-09-27T12:46:58	2026-09-27T12:46:58	2026-09-27T16:29:00	3.7006	4.0	128.0	14.8022	0.0	m3246_g
58967993	pfd-chain	gpu_shared	shared_gpu_ss11	COMPLETED	2026-09-27T12:51:45	2026-09-27T14:38:41	2026-09-27T16:09:58	1.5214	1.0	32.0	1.5214	0.0	m3246_g
58968052	pfd-chain	gpu_shared	shared_gpu_ss11	COMPLETED	2026-09-27T12:53:25	2026-09-27T14:53:47	2026-09-27T16:25:47	1.5333	1.0	32.0	1.5333	0.0	m3246_g
58968178	pfd-chain	gpu_debug	gpu_ss11	COMPLETED	2026-09-27T12:56:40	2026-09-27T13:25:52	2026-09-27T13:53:57	0.4681	4.0	128.0	1.8722	0.0	m3246_g
58968958	pfd-chain	gpu_debug	gpu_ss11	COMPLETED	2026-09-27T13:13:54	2026-09-27T13:32:14	2026-09-27T14:00:31	0.4714	4.0	128.0	1.8856	0.0	m3246_g
58969083	pfd-chain	gpu_shared	shared_gpu_ss11	COMPLETED	2026-09-27T13:17:05	2026-09-27T15:05:40	2026-09-27T16:36:43	1.5175	1.0	32.0	1.5175	0.0	m3246_g
58969153	pfd-chain	gpu_shared	shared_gpu_ss11	COMPLETED	2026-09-27T13:18:41	2026-09-27T15:08:42	2026-09-27T16:39:34	1.5144	1.0	32.0	1.5144	0.0	m3246_g
58969421	pfd-chain	gpu_debug	gpu_ss11	COMPLETED	2026-09-27T13:26:08	2026-09-27T13:57:06	2026-09-27T14:25:02	0.4656	4.0	128.0	1.8622	0.0	m3246_g
58969503	pfd-chain	gpu_shared	shared_gpu_ss11	COMPLETED	2026-09-27T13:27:35	2026-09-27T15:27:43	2026-09-27T16:58:20	1.5103	1.0	32.0	1.5103	0.0	m3246_g
58969739	pfd-chain	gpu_debug	gpu_ss11	COMPLETED	2026-09-27T13:32:26	2026-09-27T14:03:16	2026-09-27T14:31:01	0.4625	4.0	128.0	1.85	0.0	m3246_g
58970195	pfd-chain	gpu_shared	shared_gpu_ss11	COMPLETED	2026-09-27T13:43:23	2026-09-27T15:50:33	2026-09-27T17:21:47	1.5206	1.0	32.0	1.5206	0.0	m3246_g
58970641	pfd-chain	gpu_shared	shared_gpu_ss11	COMPLETED	2026-09-27T13:52:42	2026-09-27T15:58:09	2026-09-27T17:27:57	1.4967	1.0	32.0	1.4967	0.0	m3246_g
58970793	pfd-chain	gpu_debug	gpu_ss11	COMPLETED	2026-09-27T13:57:15	2026-09-27T14:27:44	2026-09-27T14:55:56	0.47	4.0	128.0	1.88	0.0	m3246_g
58971120	pfd-chain	gpu_debug	gpu_ss11	COMPLETED	2026-09-27T14:03:25	2026-09-27T14:32:36	2026-09-27T15:00:57	0.4725	4.0	128.0	1.89	0.0	m3246_g
58971167	pfd-chain	gpu_shared	shared_gpu_ss11	COMPLETED	2026-09-27T14:04:58	2026-09-27T16:21:32	2026-09-27T17:55:15	1.5619	1.0	32.0	1.5619	0.0	m3246_g
58971542	pfd-chain	gpu_shared	shared_gpu_ss11	COMPLETED	2026-09-27T14:14:12	2026-09-27T16:41:58	2026-09-27T18:13:00	1.5172	1.0	32.0	1.5172	0.0	m3246_g
58971592	pfd-sint2	gpu_shared_interactive	shared_urgent_gpu_ss11	COMPLETED	2026-09-27T14:15:31	2026-09-27T14:15:31	2026-09-27T17:50:15	3.5789	2.0	64.0	7.1578	0.0	m3246_g
58972005	pfd-chain	gpu_shared	shared_gpu_ss11	COMPLETED	2026-09-27T14:26:29	2026-09-27T16:48:47	2026-09-27T18:20:15	1.5244	1.0	32.0	1.5244	0.0	m3246_g
58972041	pfd-sint1	gpu_shared_interactive	shared_urgent_gpu_ss11	COMPLETED	2026-09-27T14:27:36	2026-09-27T14:27:36	2026-09-27T18:06:28	3.6478	2.0	64.0	7.2956	0.0	m3246_g
58972050	pfd-chain	gpu_debug	gpu_ss11	COMPLETED	2026-09-27T14:27:58	2026-09-27T14:56:49	2026-09-27T15:24:37	0.4633	4.0	128.0	1.8533	0.0	m3246_g
58972246	pfd-chain	gpu_debug	gpu_ss11	COMPLETED	2026-09-27T14:32:45	2026-09-27T15:02:49	2026-09-27T15:30:50	0.4669	4.0	128.0	1.8678	0.0	m3246_g
58972524	pfd-chain	gpu_shared	shared_gpu_ss11	COMPLETED	2026-09-27T14:38:58	2026-09-27T17:15:23	2026-09-27T18:46:10	1.5131	1.0	32.0	1.5131	0.0	m3246_g
58973116	pfd-chain	gpu_shared	shared_gpu_ss11	COMPLETED	2026-09-27T14:53:59	2026-09-27T17:23:33	2026-09-27T18:54:31	1.5161	1.0	32.0	1.5161	0.0	m3246_g
58973229	pfd-chain	gpu_debug	gpu_ss11	COMPLETED	2026-09-27T14:57:00	2026-09-27T15:26:06	2026-09-27T15:54:40	0.4761	4.0	128.0	1.9044	0.0	m3246_g
58973494	pfd-chain	gpu_debug	gpu_ss11	COMPLETED	2026-09-27T15:03:00	2026-09-27T15:32:17	2026-09-27T16:00:20	0.4675	4.0	128.0	1.87	0.0	m3246_g
58973575	pfd-chain	gpu_shared	shared_gpu_ss11	COMPLETED	2026-09-27T15:05:56	2026-09-27T17:51:17	2026-09-27T19:21:48	1.5086	1.0	32.0	1.5086	0.0	m3246_g
58973681	pfd-chain	gpu_shared	shared_gpu_ss11	COMPLETED	2026-09-27T15:08:54	2026-09-27T17:52:50	2026-09-27T19:23:09	1.5053	1.0	32.0	1.5053	0.0	m3246_g
58974349	pfd-chain	gpu_debug	gpu_ss11	COMPLETED	2026-09-27T15:26:16	2026-09-27T15:56:29	2026-09-27T16:24:49	0.4722	4.0	128.0	1.8889	0.0	m3246_g
58974418	pfd-chain	gpu_shared	shared_gpu_ss11	COMPLETED	2026-09-27T15:27:55	2026-09-27T18:21:08	2026-09-27T19:51:22	1.5039	1.0	32.0	1.5039	0.0	m3246_g
58974584	pfd-chain	gpu_debug	gpu_ss11	COMPLETED	2026-09-27T15:32:30	2026-09-27T16:02:49	2026-09-27T16:19:10	0.2725	4.0	128.0	1.09	0.0	m3246_g
58975293	pfd-chain	gpu_shared	shared_gpu_ss11	COMPLETED	2026-09-27T15:50:50	2026-09-27T18:24:13	2026-09-27T19:55:26	1.5203	1.0	32.0	1.5203	0.0	m3246_g
58975479	pfd-chain	gpu_debug	gpu_ss11	COMPLETED	2026-09-27T15:56:42	2026-09-27T16:26:06	2026-09-27T16:54:08	0.4672	4.0	128.0	1.8689	0.0	m3246_g
58975542	pfd-chain	gpu_shared	shared_gpu_ss11	COMPLETED	2026-09-27T15:58:25	2026-09-27T18:53:38	2026-09-27T20:24:49	1.5197	1.0	32.0	1.5197	0.0	m3246_g
58975704	pfd-chain	gpu_debug	gpu_ss11	COMPLETED	2026-09-27T16:03:00	2026-09-27T16:26:06	2026-09-27T16:54:45	0.4775	4.0	128.0	1.91	0.0	m3246_g
58975899	pfd-inter1	gpu_interactive	urgent_gpu_ss11	COMPLETED	2026-09-27T16:08:05	2026-09-27T16:08:05	2026-09-27T19:52:30	3.7403	4.0	128.0	14.9611	0.0	m3246_g
58976322	pfd-chain	gpu_shared	shared_gpu_ss11	COMPLETED	2026-09-27T16:21:44	2026-09-27T18:53:38	2026-09-27T20:20:35	1.4492	1.0	32.0	1.4492	0.0	m3246_g
58976486	pfd-chain	gpu_debug	gpu_ss11	COMPLETED	2026-09-27T16:26:14	2026-09-27T17:08:52	2026-09-27T17:36:54	0.4672	4.0	128.0	1.8689	0.0	m3246_g
58976489	pfd-chain	gpu_debug	gpu_ss11	COMPLETED	2026-09-27T16:26:18	2026-09-27T16:57:00	2026-09-27T17:12:58	0.2661	4.0	128.0	1.0644	0.0	m3246_g
58976491	pfd-chain	gpu_debug	gpu_ss11	COMPLETED	2026-09-27T16:26:18	2026-09-27T17:13:49	2026-09-27T17:41:42	0.4647	4.0	128.0	1.8589	0.0	m3246_g
58976647	pfd-inter2	gpu_interactive	urgent_gpu_ss11	COMPLETED	2026-09-27T16:30:23	2026-09-27T16:30:23	2026-09-27T20:13:15	3.7144	4.0	128.0	14.8578	0.0	m3246_g
58977079	pfd-chain	gpu_shared	shared_gpu_ss11	COMPLETED	2026-09-27T16:42:07	2026-09-27T19:09:00	2026-09-27T20:45:53	1.6147	1.0	32.0	1.6147	0.0	m3246_g
58977341	pfd-chain	gpu_shared	shared_gpu_ss11	COMPLETED	2026-09-27T16:48:59	2026-09-27T19:09:00	2026-09-27T20:45:58	1.6161	1.0	32.0	1.6161	0.0	m3246_g
58977590	pfd-chain	gpu_debug	gpu_ss11	COMPLETED	2026-09-27T16:57:14	2026-09-27T17:38:19	2026-09-27T18:06:18	0.4664	4.0	128.0	1.8656	0.0	m3246_g
58978072	pfd-chain	gpu_debug	gpu_ss11	COMPLETED	2026-09-27T17:09:03	2026-09-27T17:44:39	2026-09-27T18:12:57	0.4717	4.0	128.0	1.8867	0.0	m3246_g
58978261	pfd-chain	gpu_debug	gpu_ss11	COMPLETED	2026-09-27T17:14:00	2026-09-27T18:07:07	2026-09-27T18:35:29	0.4728	4.0	128.0	1.8911	0.0	m3246_g
58978358	pfd-chain	gpu_shared	shared_gpu_ss11	COMPLETED	2026-09-27T17:15:32	2026-09-27T19:26:15	2026-09-27T20:58:17	1.5339	1.0	32.0	1.5339	0.0	m3246_g
58978791	pfd-chain	gpu_shared	shared_gpu_ss11	COMPLETED	2026-09-27T17:23:47	2026-09-27T19:29:21	2026-09-27T21:00:08	1.5131	1.0	32.0	1.5131	0.0	m3246_g
58979372	pfd-chain	gpu_debug	gpu_ss11	COMPLETED	2026-09-27T17:38:29	2026-09-27T18:17:58	2026-09-27T18:46:07	0.4692	4.0	128.0	1.8767	0.0	m3246_g
58979643	pfd-chain	gpu_debug	gpu_ss11	COMPLETED	2026-09-27T17:44:53	2026-09-27T18:36:11	2026-09-27T19:04:08	0.4658	4.0	128.0	1.8633	0.0	m3246_g
58979843	pfd-sint2	gpu_shared_interactive	shared_urgent_gpu_ss11	COMPLETED	2026-09-27T17:50:45	2026-09-27T17:50:45	2026-09-27T21:36:56	3.7697	2.0	64.0	7.5394	0.0	m3246_g
58979861	pfd-chain	gpu_shared	shared_gpu_ss11	COMPLETED	2026-09-27T17:51:27	2026-09-27T20:08:34	2026-09-27T21:38:52	1.505	1.0	32.0	1.505	0.0	m3246_g
58979928	pfd-chain	gpu_shared	shared_gpu_ss11	COMPLETED	2026-09-27T17:53:04	2026-09-27T20:12:36	2026-09-27T21:43:46	1.5194	1.0	32.0	1.5194	0.0	m3246_g
58980639	pfd-sint1	gpu_shared_interactive	shared_urgent_gpu_ss11	COMPLETED	2026-09-27T18:06:52	2026-09-27T18:06:52	2026-09-27T21:58:11	3.8553	2.0	64.0	7.7106	0.0	m3246_g
58980648	pfd-chain	gpu_debug	gpu_ss11	COMPLETED	2026-09-27T18:07:16	2026-09-27T18:46:26	2026-09-27T19:02:58	0.2756	4.0	128.0	1.1022	0.0	m3246_g
58981112	pfd-chain	gpu_debug	gpu_ss11	COMPLETED	2026-09-27T18:18:10	2026-09-27T19:04:25	2026-09-27T19:32:41	0.4711	4.0	128.0	1.8844	0.0	m3246_g
58981244	pfd-chain	gpu_shared	shared_gpu_ss11	COMPLETED	2026-09-27T18:21:19	2026-09-27T20:31:57	2026-09-27T22:02:48	1.5142	1.0	32.0	1.5142	0.0	m3246_g
58981405	pfd-chain	gpu_shared	shared_gpu_ss11	COMPLETED	2026-09-27T18:24:23	2026-09-27T20:36:00	2026-09-27T22:07:05	1.5181	1.0	32.0	1.5181	0.0	m3246_g
58982072	pfd-chain	gpu_debug	gpu_ss11	COMPLETED	2026-09-27T18:36:25	2026-09-27T19:34:02	2026-09-27T20:01:57	0.4653	4.0	128.0	1.8611	0.0	m3246_g
58982562	pfd-chain	gpu_debug	gpu_ss11	COMPLETED	2026-09-27T18:46:38	2026-09-27T19:12:04	2026-09-27T19:40:46	0.4783	4.0	128.0	1.9133	0.0	m3246_g
58982992	pfd-chain	gpu_shared	shared_gpu_ss11	COMPLETED	2026-09-27T18:53:47	2026-09-27T21:04:45	2026-09-27T22:35:32	1.5131	1.0	32.0	1.5131	0.0	m3246_g
58982995	pfd-chain	gpu_shared	shared_gpu_ss11	COMPLETED	2026-09-27T18:53:49	2026-09-27T21:04:45	2026-09-27T22:41:54	1.6192	1.0	32.0	1.6192	0.0	m3246_g
58983561	pfd-chain	gpu_debug	gpu_ss11	COMPLETED	2026-09-27T19:04:39	2026-09-27T20:45:30	2026-09-27T21:01:40	0.2694	4.0	128.0	1.0778	0.0	m3246_g
58983787	pfd-chain	gpu_shared	shared_gpu_ss11	COMPLETED	2026-09-27T19:09:10	2026-09-27T21:30:30	2026-09-27T23:25:47	1.9214	1.0	32.0	1.9214	0.0	m3246_g
58983789	pfd-chain	gpu_shared	shared_gpu_ss11	COMPLETED	2026-09-27T19:09:12	2026-09-27T21:30:30	2026-09-27T23:02:42	1.5367	1.0	32.0	1.5367	0.0	m3246_g
58983923	pfd-chain	gpu_debug	gpu_ss11	COMPLETED	2026-09-27T19:12:16	2026-09-27T20:49:02	2026-09-27T21:17:07	0.4681	4.0	128.0	1.8722	0.0	m3246_g
58984633	pfd-chain	gpu_shared	shared_gpu_ss11	COMPLETED	2026-09-27T19:26:23	2026-09-27T22:00:29	2026-09-27T22:00:53	0.0067	1.0	32.0	0.0067	0.0	m3246_g
58984774	pfd-chain	gpu_shared	shared_gpu_ss11	COMPLETED	2026-09-27T19:29:33	2026-09-27T22:02:25	2026-09-27T23:33:47	1.5228	1.0	32.0	1.5228	0.0	m3246_g
58985349	pfd-chain	gpu_debug	gpu_ss11	COMPLETED	2026-09-27T19:34:15	2026-09-27T21:32:21	2026-09-27T22:01:00	0.4775	4.0	128.0	1.91	0.0	m3246_g
58986218	pfd-inter1	gpu_interactive	urgent_gpu_ss11	COMPLETED	2026-09-27T19:53:17	2026-09-27T19:53:17	2026-09-27T23:29:59	3.6117	4.0	128.0	14.4467	0.0	m3246_g
58986991	pfd-chain	gpu_shared	shared_gpu_ss11	COMPLETED	2026-09-27T20:08:44	2026-09-27T22:33:41	2026-09-28T00:10:56	1.6208	1.0	32.0	1.6208	0.0	m3246_g
58987176	pfd-chain	gpu_shared	shared_gpu_ss11	COMPLETED	2026-09-27T20:12:47	2026-09-27T22:39:43	2026-09-28T00:12:50	1.5519	1.0	32.0	1.5519	0.0	m3246_g
58987313	pfd-inter2	gpu_interactive	urgent_gpu_ss11	COMPLETED	2026-09-27T20:15:28	2026-09-27T20:15:28	2026-09-27T23:50:14	3.5794	4.0	128.0	14.3178	0.0	m3246_g
58988197	pfd-chain	gpu_shared	shared_gpu_ss11	COMPLETED	2026-09-27T20:32:07	2026-09-27T22:50:18	2026-09-28T00:22:09	1.5308	1.0	32.0	1.5308	0.0	m3246_g
58988499	pfd-chain	gpu_shared	shared_gpu_ss11	COMPLETED	2026-09-27T20:36:11	2026-09-27T22:54:29	2026-09-28T00:25:52	1.5231	1.0	32.0	1.5231	0.0	m3246_g
58988961	pfd-chain	gpu_debug	gpu_ss11	COMPLETED	2026-09-27T20:45:40	2026-09-27T21:34:13	2026-09-27T21:50:56	0.2786	4.0	128.0	1.1144	0.0	m3246_g
58989139	pfd-chain	gpu_debug	gpu_ss11	COMPLETED	2026-09-27T20:49:15	2026-09-27T21:52:12	2026-09-27T22:20:10	0.4661	4.0	128.0	1.8644	0.0	m3246_g
58990091	pfd-chain	gpu_shared	shared_gpu_ss11	COMPLETED	2026-09-27T21:04:54	2026-09-27T23:06:41	2026-09-28T00:33:12	1.4419	1.0	32.0	1.4419	0.0	m3246_g
58990093	pfd-chain	gpu_shared	shared_gpu_ss11	COMPLETED	2026-09-27T21:04:59	2026-09-27T23:17:54	2026-09-28T00:36:18	1.3067	1.0	32.0	1.3067	0.0	m3246_g
58991849	pfd-chain	gpu_shared	shared_gpu_ss11	COMPLETED	2026-09-27T21:30:38	2026-09-27T23:44:36	2026-09-27T23:45:00	0.0067	1.0	32.0	0.0067	0.0	m3246_g
58991851	pfd-chain	gpu_shared	shared_gpu_ss11	COMPLETED	2026-09-27T21:30:38	2026-09-27T23:27:37	2026-09-28T00:58:56	1.5219	1.0	32.0	1.5219	0.0	m3246_g
58992029	pfd-chain	gpu_debug	gpu_ss11	COMPLETED	2026-09-27T21:32:37	2026-09-27T22:33:36	2026-09-27T23:01:33	0.4658	4.0	128.0	1.8633	0.0	m3246_g
58992151	pfd-chain	gpu_debug	gpu_ss11	COMPLETED	2026-09-27T21:34:26	2026-09-27T22:02:22	2026-09-27T22:30:40	0.4717	4.0	128.0	1.8867	0.0	m3246_g
58992378	pfd-sint2	gpu_shared_interactive	shared_urgent_gpu_ss11	COMPLETED	2026-09-27T21:37:58	2026-09-27T21:37:58	2026-09-28T01:01:41	3.3953	2.0	64.0	6.7906	0.0	m3246_g
58993238	pfd-chain	gpu_debug	gpu_ss11	COMPLETED	2026-09-27T21:52:21	2026-09-27T22:58:41	2026-09-27T23:27:14	0.4758	4.0	128.0	1.9033	0.0	m3246_g
58993659	pfd-sint1	gpu_shared_interactive	shared_urgent_gpu_ss11	COMPLETED	2026-09-27T22:00:11	2026-09-27T22:00:11	2026-09-28T01:32:30	3.5386	2.0	64.0	7.0772	0.0	m3246_g
58993796	pfd-chain	gpu_debug	gpu_ss11	COMPLETED	2026-09-27T22:02:37	2026-09-27T23:27:31	2026-09-27T23:55:41	0.4694	4.0	128.0	1.8778	0.0	m3246_g
58993798	pfd-chain	gpu_shared	shared_gpu_ss11	COMPLETED	2026-09-27T22:02:37	2026-09-27T23:50:15	2026-09-28T01:22:43	1.5411	1.0	32.0	1.5411	0.0	m3246_g
58995023	pfd-chain	gpu_debug	gpu_ss11	COMPLETED	2026-09-27T22:33:49	2026-09-27T23:27:34	2026-09-27T23:43:40	0.2683	4.0	128.0	1.0733	0.0	m3246_g
58995026	pfd-chain	gpu_shared	shared_gpu_ss11	COMPLETED	2026-09-27T22:33:57	2026-09-28T00:26:49	2026-09-28T02:00:28	1.5608	1.0	32.0	1.5608	0.0	m3246_g
58995245	pfd-chain	gpu_shared	shared_gpu_ss11	COMPLETED	2026-09-27T22:39:53	2026-09-28T00:26:49	2026-09-28T01:58:56	1.5353	1.0	32.0	1.5353	0.0	m3246_g
58995681	pfd-chain	gpu_shared	shared_gpu_ss11	COMPLETED	2026-09-27T22:50:31	2026-09-28T00:32:36	2026-09-28T02:05:14	1.5439	1.0	32.0	1.5439	0.0	m3246_g
58995831	pfd-chain	gpu_shared	shared_gpu_ss11	COMPLETED	2026-09-27T22:54:41	2026-09-28T00:32:36	2026-09-28T02:05:16	1.5444	1.0	32.0	1.5444	0.0	m3246_g
58996011	pfd-chain	gpu_debug	gpu_ss11	COMPLETED	2026-09-27T22:58:58	2026-09-27T23:44:34	2026-09-28T00:13:12	0.4772	4.0	128.0	1.9089	0.0	m3246_g
58996398	pfd-chain	gpu_shared	shared_gpu_ss11	COMPLETED	2026-09-27T23:06:53	2026-09-28T01:12:48	2026-09-28T02:48:27	1.5942	1.0	32.0	1.5942	0.0	m3246_g
58997204	pfd-chain	gpu_debug	gpu_ss11	COMPLETED	2026-09-27T23:27:45	2026-09-28T00:13:51	2026-09-28T00:34:26	0.3431	4.0	128.0	1.3722	0.0	m3246_g
58997206	pfd-chain	gpu_debug	gpu_ss11	COMPLETED	2026-09-27T23:27:48	2026-09-27T23:57:43	2026-09-28T00:26:38	0.4819	4.0	128.0	1.9278	0.0	m3246_g
58997208	pfd-chain	gpu_shared	shared_gpu_ss11	COMPLETED	2026-09-27T23:27:48	2026-09-28T01:45:01	2026-09-28T03:16:57	1.5322	1.0	32.0	1.5322	0.0	m3246_g
58997314	pfd-inter1	gpu_interactive	urgent_gpu_ss11	COMPLETED	2026-09-27T23:30:45	2026-09-27T23:30:45	2026-09-28T03:04:47	3.5672	4.0	128.0	14.2689	0.0	m3246_g
58997959	pfd-chain	gpu_debug	gpu_ss11	COMPLETED	2026-09-27T23:44:44	2026-09-28T00:26:47	2026-09-28T00:43:43	0.2822	4.0	128.0	1.1289	0.0	m3246_g
58998156	pfd-chain	gpu_shared	shared_gpu_ss11	COMPLETED	2026-09-27T23:50:28	2026-09-28T02:25:32	2026-09-28T03:57:14	1.5283	1.0	32.0	1.5283	0.0	m3246_g
58998181	pfd-inter2	gpu_interactive	urgent_gpu_ss11	COMPLETED	2026-09-27T23:50:54	2026-09-27T23:50:54	2026-09-28T03:25:35	3.5781	4.0	128.0	14.3122	0.0	m3246_g
58998389	pfd-chain	gpu_debug	gpu_ss11	COMPLETED	2026-09-27T23:57:54	2026-09-28T00:36:11	2026-09-28T00:53:33	0.2894	4.0	128.0	1.1578	0.0	m3246_g
58998914	pfd-chain	gpu_debug	gpu_ss11	COMPLETED	2026-09-28T00:14:11	2026-09-28T00:43:55	2026-09-28T01:00:56	0.2836	4.0	128.0	1.1344	0.0	m3246_g
58999375	pfd-chain	gpu_debug	gpu_ss11	COMPLETED	2026-09-28T00:27:02	2026-09-28T00:54:48	2026-09-28T01:11:46	0.2828	4.0	128.0	1.1311	0.0	m3246_g
58999376	pfd-chain	gpu_shared	shared_gpu_ss11	COMPLETED	2026-09-28T00:27:02	2026-09-28T02:47:29	2026-09-28T04:17:31	1.5006	1.0	32.0	1.5006	0.0	m3246_g
58999380	pfd-chain	gpu_shared	shared_gpu_ss11	COMPLETED	2026-09-28T00:27:05	2026-09-28T03:06:08	2026-09-28T04:36:16	1.5022	1.0	32.0	1.5022	0.0	m3246_g
58999605	pfd-chain	gpu_shared	shared_gpu_ss11	COMPLETED	2026-09-28T00:32:51	2026-09-28T03:41:56	2026-09-28T05:12:53	1.5158	1.0	32.0	1.5158	0.0	m3246_g
58999606	pfd-chain	gpu_shared	shared_gpu_ss11	COMPLETED	2026-09-28T00:32:54	2026-09-28T03:55:50	2026-09-28T05:26:37	1.5131	1.0	32.0	1.5131	0.0	m3246_g
58999722	pfd-chain	gpu_debug	gpu_ss11	COMPLETED	2026-09-28T00:36:29	2026-09-28T01:02:02	2026-09-28T01:30:31	0.4747	4.0	128.0	1.8989	0.0	m3246_g
58999983	pfd-chain	gpu_debug	gpu_ss11	COMPLETED	2026-09-28T00:44:10	2026-09-28T01:14:41	2026-09-28T01:42:45	0.4678	4.0	128.0	1.8711	0.0	m3246_g
59000438	pfd-chain	gpu_debug	gpu_ss11	COMPLETED	2026-09-28T00:55:02	2026-09-28T01:32:35	2026-09-28T02:00:43	0.4689	4.0	128.0	1.8756	0.0	m3246_g
59000876	pfd-chain	gpu_debug	gpu_ss11	COMPLETED	2026-09-28T01:02:16	2026-09-28T01:43:13	2026-09-28T02:11:30	0.4714	4.0	128.0	1.8856	0.0	m3246_g
59000913	pfd-sint2	gpu_shared_interactive	shared_urgent_gpu_ss11	COMPLETED	2026-09-28T01:03:19	2026-09-28T01:03:19	2026-09-28T04:47:22	3.7342	2.0	64.0	7.4683	0.0	m3246_g
59001258	pfd-chain	gpu_shared	shared_gpu_ss11	COMPLETED	2026-09-28T01:13:00	2026-09-28T04:23:55	2026-09-28T06:01:14	1.6219	1.0	32.0	1.6219	0.0	m3246_g
59001334	pfd-chain	gpu_debug	gpu_ss11	COMPLETED	2026-09-28T01:14:55	2026-09-28T02:00:57	2026-09-28T02:29:16	0.4719	4.0	128.0	1.8878	0.0	m3246_g
59001970	pfd-chain	gpu_debug	gpu_ss11	COMPLETED	2026-09-28T01:32:46	2026-09-28T02:13:06	2026-09-28T02:41:14	0.4689	4.0	128.0	1.8756	0.0	m3246_g
59001998	pfd-sint1	gpu_shared_interactive	shared_urgent_gpu_ss11	COMPLETED	2026-09-28T01:33:29	2026-09-28T01:33:29	2026-09-28T05:12:07	3.6439	2.0	64.0	7.2878	0.0	m3246_g
59002377	pfd-chain	gpu_debug	gpu_ss11	COMPLETED	2026-09-28T01:43:27	2026-09-28T02:30:58	2026-09-28T02:59:14	0.4711	4.0	128.0	1.8844	0.0	m3246_g
59002454	pfd-chain	gpu_shared	shared_gpu_ss11	COMPLETED	2026-09-28T01:45:15	2026-09-28T04:27:23	2026-09-28T05:59:15	1.5311	1.0	32.0	1.5311	0.0	m3246_g
59003074	pfd-chain	gpu_debug	gpu_ss11	COMPLETED	2026-09-28T02:01:09	2026-09-28T02:43:34	2026-09-28T03:11:23	0.4636	4.0	128.0	1.8544	0.0	m3246_g
59003549	pfd-chain	gpu_debug	gpu_ss11	COMPLETED	2026-09-28T02:13:20	2026-09-28T03:02:39	2026-09-28T03:31:05	0.4739	4.0	128.0	1.8956	0.0	m3246_g
59004044	pfd-chain	gpu_shared	shared_gpu_ss11	COMPLETED	2026-09-28T02:25:43	2026-09-28T04:52:43	2026-09-28T06:25:49	1.5517	1.0	32.0	1.5517	0.0	m3246_g
59004239	pfd-chain	gpu_debug	gpu_ss11	COMPLETED	2026-09-28T02:31:10	2026-09-28T03:16:23	2026-09-28T03:44:50	0.4742	4.0	128.0	1.8967	0.0	m3246_g
59004689	pfd-chain	gpu_debug	gpu_ss11	COMPLETED	2026-09-28T02:43:45	2026-09-28T03:32:17	2026-09-28T04:00:35	0.4717	4.0	128.0	1.8867	0.0	m3246_g
59004812	pfd-chain	gpu_shared	shared_gpu_ss11	COMPLETED	2026-09-28T02:47:40	2026-09-28T05:03:42	2026-09-28T06:35:15	1.5258	1.0	32.0	1.5258	0.0	m3246_g
59005416	pfd-chain	gpu_debug	gpu_ss11	COMPLETED	2026-09-28T03:02:50	2026-09-28T03:44:54	2026-09-28T04:12:41	0.4631	4.0	128.0	1.8522	0.0	m3246_g
59005555	pfd-inter1	gpu_interactive	urgent_gpu_ss11	COMPLETED	2026-09-28T03:06:02	2026-09-28T03:06:02	2026-09-28T06:48:06	3.7011	4.0	128.0	14.8044	0.0	m3246_g
59005565	pfd-chain	gpu_shared	shared_gpu_ss11	COMPLETED	2026-09-28T03:06:17	2026-09-28T05:08:04	2026-09-28T06:39:15	1.5197	1.0	32.0	1.5197	0.0	m3246_g
59006031	pfd-chain	gpu_debug	gpu_ss11	COMPLETED	2026-09-28T03:16:33	2026-09-28T04:02:08	2026-09-28T04:30:25	0.4714	4.0	128.0	1.8856	0.0	m3246_g
59006464	pfd-inter2	gpu_interactive	urgent_gpu_ss11	COMPLETED	2026-09-28T03:26:10	2026-09-28T03:26:10	2026-09-28T07:01:23	3.5869	4.0	128.0	14.3478	0.0	m3246_g
59006802	pfd-chain	gpu_debug	gpu_ss11	COMPLETED	2026-09-28T03:32:29	2026-09-28T04:15:20	2026-09-28T04:43:04	0.4622	4.0	128.0	1.8489	0.0	m3246_g
59007352	pfd-chain	gpu_shared	shared_gpu_ss11	COMPLETED	2026-09-28T03:42:09	2026-09-28T05:48:28	2026-09-28T07:15:31	1.4508	1.0	32.0	1.4508	0.0	m3246_g
59007496	pfd-chain	gpu_debug	gpu_ss11	COMPLETED	2026-09-28T03:45:10	2026-09-28T04:30:56	2026-09-28T04:58:57	0.4669	4.0	128.0	1.8678	0.0	m3246_g
59007873	pfd-chain	gpu_shared	shared_gpu_ss11	COMPLETED	2026-09-28T03:56:03	2026-09-28T05:52:13	2026-09-28T07:22:11	1.4994	1.0	32.0	1.4994	0.0	m3246_g
59008084	pfd-chain	gpu_debug	gpu_ss11	COMPLETED	2026-09-28T04:02:20	2026-09-28T04:50:41	2026-09-28T05:18:54	0.4703	4.0	128.0	1.8811	0.0	m3246_g
59008554	pfd-chain	gpu_debug	gpu_ss11	COMPLETED	2026-09-28T04:15:32	2026-09-28T04:59:58	2026-09-28T05:28:35	0.4769	4.0	128.0	1.9078	0.0	m3246_g
59008852	pfd-chain	gpu_shared	shared_gpu_ss11	COMPLETED	2026-09-28T04:24:08	2026-09-28T06:34:50	2026-09-28T08:05:55	1.5181	1.0	32.0	1.5181	0.0	m3246_g
59008951	pfd-chain	gpu_shared	shared_gpu_ss11	COMPLETED	2026-09-28T04:27:38	2026-09-28T06:30:51	2026-09-28T08:08:23	1.6256	1.0	32.0	1.6256	0.0	m3246_g
59009067	pfd-chain	gpu_debug	gpu_ss11	COMPLETED	2026-09-28T04:31:07	2026-09-28T05:25:33	2026-09-28T05:53:17	0.4622	4.0	128.0	1.8489	0.0	m3246_g
59009709	pfd-sint2	gpu_shared_interactive	shared_urgent_gpu_ss11	COMPLETED	2026-09-28T04:48:43	2026-09-28T04:48:43	2026-09-28T08:33:15	3.7422	2.0	64.0	7.4844	0.0	m3246_g
59009791	pfd-chain	gpu_debug	gpu_ss11	COMPLETED	2026-09-28T04:51:02	2026-09-28T05:30:41	2026-09-28T05:47:26	0.2792	4.0	128.0	1.1167	0.0	m3246_g
59009858	pfd-chain	gpu_shared	shared_gpu_ss11	COMPLETED	2026-09-28T04:52:56	2026-09-28T07:08:29	2026-09-28T08:39:59	1.525	1.0	32.0	1.525	0.0	m3246_g
59010107	pfd-chain	gpu_debug	gpu_ss11	COMPLETED	2026-09-28T05:00:10	2026-09-28T05:48:25	2026-09-28T05:49:07	0.0117	4.0	128.0	0.0467	0.0	m3246_g
59010245	pfd-chain	gpu_shared	shared_gpu_ss11	COMPLETED	2026-09-28T05:03:56	2026-09-28T07:12:19	2026-09-28T08:49:47	1.6244	1.0	32.0	1.6244	0.0	m3246_g
59010422	pfd-chain	gpu_shared	shared_gpu_ss11	COMPLETED	2026-09-28T05:08:16	2026-09-28T07:34:13	2026-09-28T09:05:51	1.5272	1.0	32.0	1.5272	0.0	m3246_g
59010603	pfd-sint1	gpu_shared_interactive	shared_urgent_gpu_ss11	COMPLETED	2026-09-28T05:12:53	2026-09-28T05:12:53	2026-09-28T09:00:28	3.7931	2.0	64.0	7.5861	0.0	m3246_g
59011450	pfd-chain	gpu_debug	gpu_ss11	COMPLETED	2026-09-28T05:30:53	2026-09-28T05:50:13	2026-09-28T05:50:52	0.0108	4.0	128.0	0.0433	0.0	m3246_g
59012381	pfd-chain	gpu_shared	shared_gpu_ss11	COMPLETED	2026-09-28T05:48:45	2026-09-28T07:39:52	2026-09-28T09:07:35	1.4619	1.0	32.0	1.4619	0.0	m3246_g
59012511	pfd-chain	gpu_shared	shared_gpu_ss11	COMPLETED	2026-09-28T05:52:26	2026-09-28T07:50:37	2026-09-28T09:21:55	1.5217	1.0	32.0	1.5217	0.0	m3246_g
59014066	pfd-chain	gpu_shared	shared_gpu_ss11	COMPLETED	2026-09-28T06:31:04	2026-09-28T08:29:10	2026-09-28T10:00:42	1.5256	1.0	32.0	1.5256	0.0	m3246_g
59014215	pfd-chain	gpu_shared	shared_gpu_ss11	COMPLETED	2026-09-28T06:34:59	2026-09-28T08:27:17	2026-09-28T09:58:36	1.5219	1.0	32.0	1.5219	0.0	m3246_g
59014907	pfd-inter1	gpu_interactive	urgent_gpu_ss11	TIMEOUT	2026-09-28T06:49:51	2026-09-28T06:49:51	2026-09-28T10:51:28	4.0269	4.0	128.0	16.1078	0.0	m3246_g
59015493	pfd-inter2	gpu_interactive	urgent_gpu_ss11	COMPLETED	2026-09-28T07:02:12	2026-09-28T07:02:13	2026-09-28T10:51:57	3.8289	4.0	128.0	15.3156	0.0	m3246_g
59015785	pfd-chain	gpu_shared	shared_gpu_ss11	COMPLETED	2026-09-28T07:08:43	2026-09-28T09:11:50	2026-09-28T10:51:20	1.6583	1.0	32.0	1.6583	0.0	m3246_g
59015990	pfd-chain	gpu_shared	shared_gpu_ss11	COMPLETED	2026-09-28T07:12:32	2026-09-28T09:24:51	2026-09-28T10:56:05	1.5206	1.0	32.0	1.5206	0.0	m3246_g
59017095	pfd-chain	gpu_shared	shared_gpu_ss11	COMPLETED	2026-09-28T07:34:25	2026-09-28T09:42:18	2026-09-28T11:13:25	1.5186	1.0	32.0	1.5186	0.0	m3246_g
59017522	pfd-chain	gpu_shared	shared_gpu_ss11	COMPLETED	2026-09-28T07:40:05	2026-09-28T09:51:22	2026-09-28T11:22:31	1.5192	1.0	32.0	1.5192	0.0	m3246_g
59018086	pfd-chain	gpu_shared	shared_gpu_ss11	COMPLETED	2026-09-28T07:50:49	2026-09-28T10:06:19	2026-09-28T11:37:28	1.5192	1.0	32.0	1.5192	0.0	m3246_g
59019631	pfd-chain	gpu_shared	shared_gpu_ss11	COMPLETED	2026-09-28T08:27:28	2026-09-28T10:14:59	2026-09-28T11:45:51	1.5144	1.0	32.0	1.5144	0.0	m3246_g
59019702	pfd-chain	gpu_shared	shared_gpu_ss11	COMPLETED	2026-09-28T08:29:23	2026-09-28T10:22:39	2026-09-28T11:53:43	1.5178	1.0	32.0	1.5178	0.0	m3246_g
59019890	pfd-sint2	gpu_shared_interactive	shared_urgent_gpu_ss11	COMPLETED	2026-09-28T08:33:28	2026-09-28T08:33:34	2026-09-28T12:07:24	3.5639	2.0	64.0	7.1278	0.0	m3246_g
59021171	pfd-sint1	gpu_shared_interactive	shared_urgent_gpu_ss11	COMPLETED	2026-09-28T09:01:52	2026-09-28T09:01:52	2026-09-28T12:41:36	3.6622	2.0	64.0	7.3244	0.0	m3246_g
59021697	pfd-chain	gpu_shared	shared_gpu_ss11	COMPLETED	2026-09-28T09:12:02	2026-09-28T10:55:54	2026-09-28T12:27:01	1.5186	1.0	32.0	1.5186	0.0	m3246_g
59022402	pfd-chain	gpu_shared	shared_gpu_ss11	COMPLETED	2026-09-28T09:25:03	2026-09-28T11:09:34	2026-09-28T12:40:26	1.5144	1.0	32.0	1.5144	0.0	m3246_g
59023476	pfd-chain	gpu_shared	shared_gpu_ss11	COMPLETED	2026-09-28T09:42:30	2026-09-28T11:48:58	2026-09-28T13:19:29	1.5086	1.0	32.0	1.5086	0.0	m3246_g
59024015	pfd-chain	gpu_shared	shared_gpu_ss11	COMPLETED	2026-09-28T09:51:33	2026-09-28T11:51:57	2026-09-28T13:23:06	1.5192	1.0	32.0	1.5192	0.0	m3246_g
59024765	pfd-chain	gpu_shared	shared_gpu_ss11	COMPLETED	2026-09-28T10:06:29	2026-09-28T12:15:57	2026-09-28T13:46:58	1.5169	1.0	32.0	1.5169	0.0	m3246_g
59025172	pfd-chain	gpu_shared	shared_gpu_ss11	COMPLETED	2026-09-28T10:15:08	2026-09-28T12:15:58	2026-09-28T13:56:04	1.6683	1.0	32.0	1.6683	0.0	m3246_g
59025772	pfd-chain	gpu_shared	shared_gpu_ss11	COMPLETED	2026-09-28T10:22:50	2026-09-28T12:25:28	2026-09-28T13:53:11	1.4619	1.0	32.0	1.4619	0.0	m3246_g
59026772	pfd-inter1	gpu_interactive	urgent_gpu_ss11	COMPLETED	2026-09-28T10:53:51	2026-09-28T10:53:51	2026-09-28T14:33:24	3.6592	4.0	128.0	14.6367	0.0	m3246_g
59026784	pfd-inter2	gpu_interactive	urgent_gpu_ss11	COMPLETED	2026-09-28T10:53:56	2026-09-28T10:53:56	2026-09-28T14:28:45	3.5803	4.0	128.0	14.3211	0.0	m3246_g
59026997	pfd-chain	gpu_shared	shared_gpu_ss11	COMPLETED	2026-09-28T10:56:05	2026-09-28T13:39:13	2026-09-28T15:10:33	1.5222	1.0	32.0	1.5222	0.0	m3246_g
59027959	pfd-chain	gpu_shared	shared_gpu_ss11	COMPLETED	2026-09-28T11:09:46	2026-09-28T13:47:57	2026-09-28T15:19:06	1.5192	1.0	32.0	1.5192	0.0	m3246_g
59030839	pfd-chain	gpu_shared	shared_gpu_ss11	COMPLETED	2026-09-28T11:49:13	2026-09-28T15:00:20	2026-09-28T16:31:31	1.5197	1.0	32.0	1.5197	0.0	m3246_g
59031074	pfd-chain	gpu_shared	shared_gpu_ss11	COMPLETED	2026-09-28T11:52:11	2026-09-28T15:03:18	2026-09-28T16:34:52	1.5261	1.0	32.0	1.5261	0.0	m3246_g
59032312	pfd-sint2	gpu_shared_interactive	shared_urgent_gpu_ss11	COMPLETED	2026-09-28T12:09:04	2026-09-28T12:09:04	2026-09-28T15:53:50	3.7461	2.0	64.0	7.4922	0.0	m3246_g
59032903	pfd-chain	gpu_shared	shared_gpu_ss11	COMPLETED	2026-09-28T12:16:13	2026-09-28T15:26:27	2026-09-28T16:57:40	1.5203	1.0	32.0	1.5203	0.0	m3246_g
59032904	pfd-chain	gpu_shared	shared_gpu_ss11	COMPLETED	2026-09-28T12:16:13	2026-09-28T15:29:36	2026-09-28T17:06:57	1.6225	1.0	32.0	1.6225	0.0	m3246_g
59033402	pfd-chain	gpu_shared	shared_gpu_ss11	COMPLETED	2026-09-28T12:25:43	2026-09-28T15:53:52	2026-09-28T17:25:29	1.5269	1.0	32.0	1.5269	0.0	m3246_g
59034295	pfd-sint1	gpu_shared_interactive	shared_urgent_gpu_ss11	COMPLETED	2026-09-28T12:43:34	2026-09-28T12:43:34	2026-09-28T16:33:58	3.84	2.0	64.0	7.68	0.0	m3246_g
59037556	pfd-chain	gpu_regular	gpu_ss11	COMPLETED	2026-09-28T13:34:22	2026-09-30T02:11:37	2026-09-30T02:11:49	0.0033	4.0	128.0	0.0133	0.0	m3246_g
59037557	pfd-chain	gpu_regular	gpu_ss11	COMPLETED	2026-09-28T13:34:22	2026-09-30T02:13:28	2026-09-30T08:07:31	5.9008	4.0	128.0	23.6033	0.0	m3246_g
59037558	pfd-chain	gpu_preempt	gpu_ss11	COMPLETED	2026-09-28T13:34:23	2026-09-30T02:13:28	2026-09-30T02:13:43	0.0042	4.0	128.0	0.0167	0.0	m3246_g
59037559	pfd-chain	gpu_preempt	gpu_ss11	PREEMPTED	2026-09-28T13:34:23	2026-09-30T02:29:45	2026-09-30T06:01:19	3.5261	4.0	128.0	14.1044	0.0	m3246_g
59037827	pfd-chain	gpu_shared	shared_gpu_ss11	COMPLETED	2026-09-28T13:39:23	2026-09-28T16:25:13	2026-09-28T17:52:13	1.45	1.0	32.0	1.45	0.0	m3246_g
59038257	pfd-chain	gpu_shared	shared_gpu_ss11	COMPLETED	2026-09-28T13:48:06	2026-09-28T16:49:52	2026-09-28T18:20:48	1.5156	1.0	32.0	1.5156	0.0	m3246_g
59042392	pfd-inter2	gpu_interactive	urgent_gpu_ss11	COMPLETED	2026-09-28T14:29:25	2026-09-28T14:29:25	2026-09-28T18:14:43	3.755	4.0	128.0	15.02	0.0	m3246_g
59042698	pfd-inter1	gpu_interactive	urgent_gpu_ss11	COMPLETED	2026-09-28T14:35:43	2026-09-28T14:35:43	2026-09-28T18:10:04	3.5725	4.0	128.0	14.29	0.0	m3246_g
59043783	pfd-chain	gpu_shared	shared_gpu_ss11	COMPLETED	2026-09-28T15:00:31	2026-09-28T16:56:21	2026-09-28T18:29:26	1.5514	1.0	32.0	1.5514	0.0	m3246_g
59044004	pfd-chain	gpu_shared	shared_gpu_ss11	COMPLETED	2026-09-28T15:03:32	2026-09-28T17:17:28	2026-09-28T18:49:37	1.5358	1.0	32.0	1.5358	0.0	m3246_g
59045318	pfd-chain	gpu_shared	shared_gpu_ss11	COMPLETED	2026-09-28T15:26:40	2026-09-28T17:19:05	2026-09-28T18:49:47	1.5117	1.0	32.0	1.5117	0.0	m3246_g
59045437	pfd-chain	gpu_shared	shared_gpu_ss11	COMPLETED	2026-09-28T15:29:48	2026-09-28T18:01:26	2026-09-28T19:32:29	1.5175	1.0	32.0	1.5175	0.0	m3246_g
59046502	pfd-chain	gpu_shared	shared_gpu_ss11	COMPLETED	2026-09-28T15:54:03	2026-09-28T18:10:52	2026-09-28T19:42:10	1.5217	1.0	32.0	1.5217	0.0	m3246_g
59046534	pfd-sint2	gpu_shared_interactive	shared_urgent_gpu_ss11	COMPLETED	2026-09-28T15:54:07	2026-09-28T15:54:07	2026-09-28T19:27:25	3.555	2.0	64.0	7.11	0.0	m3246_g
59048971	pfd-chain	gpu_shared	shared_gpu_ss11	COMPLETED	2026-09-28T16:25:26	2026-09-28T18:15:38	2026-09-28T19:53:00	1.6228	1.0	32.0	1.6228	0.0	m3246_g
59049643	pfd-sint1	gpu_shared_interactive	shared_urgent_gpu_ss11	COMPLETED	2026-09-28T16:34:47	2026-09-28T16:34:47	2026-09-28T20:20:01	3.7539	2.0	64.0	7.5078	0.0	m3246_g
59050520	pfd-chain	gpu_shared	shared_gpu_ss11	COMPLETED	2026-09-28T16:50:00	2026-09-28T20:01:23	2026-09-28T21:35:59	1.5767	1.0	32.0	1.5767	0.0	m3246_g
59050940	pfd-chain	gpu_shared	shared_gpu_ss11	COMPLETED	2026-09-28T16:56:35	2026-09-28T20:03:22	2026-09-28T21:33:10	1.4967	1.0	32.0	1.4967	0.0	m3246_g
59052334	pfd-chain	gpu_shared	shared_gpu_ss11	COMPLETED	2026-09-28T17:17:43	2026-09-28T20:49:00	2026-09-28T22:19:52	1.5144	1.0	32.0	1.5144	0.0	m3246_g
59052409	pfd-chain	gpu_shared	shared_gpu_ss11	COMPLETED	2026-09-28T17:19:13	2026-09-28T20:49:00	2026-09-28T22:20:07	1.5186	1.0	32.0	1.5186	0.0	m3246_g
59054927	pfd-chain	gpu_shared	shared_gpu_ss11	COMPLETED	2026-09-28T18:01:36	2026-09-28T21:32:30	2026-09-28T23:03:50	1.5222	1.0	32.0	1.5222	0.0	m3246_g
59055382	pfd-chain	gpu_shared	shared_gpu_ss11	COMPLETED	2026-09-28T18:11:07	2026-09-28T21:34:04	2026-09-28T23:05:06	1.5172	1.0	32.0	1.5172	0.0	m3246_g
59055407	pfd-inter1	gpu_interactive	urgent_gpu_ss11	COMPLETED	2026-09-28T18:11:54	2026-09-28T18:11:54	2026-09-28T21:52:57	3.6842	4.0	128.0	14.7367	0.0	m3246_g
59055454	pfd-chain	gpu_shared	shared_gpu_ss11	COMPLETED	2026-09-28T18:15:50	2026-09-29T00:04:53	2026-09-29T01:36:25	1.5256	1.0	32.0	1.5256	0.0	m3246_g
59055463	pfd-inter2	gpu_interactive	urgent_gpu_ss11	COMPLETED	2026-09-28T18:16:16	2026-09-28T18:16:16	2026-09-28T21:41:26	3.4194	4.0	128.0	13.6778	0.0	m3246_g
59057340	pfd-sint2	gpu_shared_interactive	shared_urgent_gpu_ss11	COMPLETED	2026-09-28T19:27:56	2026-09-28T19:28:15	2026-09-28T23:02:24	3.5692	2.0	64.0	7.1383	0.0	m3246_g
59058053	pfd-chain	gpu_shared	shared_gpu_ss11	COMPLETED	2026-09-28T20:01:40	2026-09-29T01:50:54	2026-09-29T03:21:45	1.5142	1.0	32.0	1.5142	0.0	m3246_g
59058077	pfd-chain	gpu_shared	shared_gpu_ss11	COMPLETED	2026-09-28T20:03:34	2026-09-29T00:23:17	2026-09-29T01:54:19	1.5172	1.0	32.0	1.5172	0.0	m3246_g
59058382	pfd-sint1	gpu_shared_interactive	shared_urgent_gpu_ss11	COMPLETED	2026-09-28T20:20:54	2026-09-28T20:20:54	2026-09-28T23:54:42	3.5633	2.0	64.0	7.1267	0.0	m3246_g
59058786	pfd-chain	gpu_shared	shared_gpu_ss11	COMPLETED	2026-09-28T20:49:10	2026-09-29T01:52:29	2026-09-29T03:23:51	1.5228	1.0	32.0	1.5228	0.0	m3246_g
59058787	pfd-chain	gpu_shared	shared_gpu_ss11	COMPLETED	2026-09-28T20:49:10	2026-09-29T02:26:28	2026-09-29T03:57:47	1.5219	1.0	32.0	1.5219	0.0	m3246_g
59060047	pfd-chain	gpu_shared	shared_gpu_ss11	COMPLETED	2026-09-28T21:32:37	2026-09-29T02:28:03	2026-09-29T03:59:37	1.5261	1.0	32.0	1.5261	0.0	m3246_g
59060112	pfd-chain	gpu_shared	shared_gpu_ss11	COMPLETED	2026-09-28T21:34:16	2026-09-29T02:47:07	2026-09-29T04:18:59	1.5311	1.0	32.0	1.5311	0.0	m3246_g
59060389	pfd-inter2	gpu_interactive	urgent_gpu_ss11	COMPLETED	2026-09-28T21:42:50	2026-09-28T21:42:50	2026-09-29T01:24:34	3.6956	4.0	128.0	14.7822	0.0	m3246_g
59060723	pfd-inter1	gpu_interactive	urgent_gpu_ss11	COMPLETED	2026-09-28T21:55:20	2026-09-28T21:55:20	2026-09-29T01:29:06	3.5628	4.0	128.0	14.2511	0.0	m3246_g
59063316	pfd-sint2	gpu_shared_interactive	shared_urgent_gpu_ss11	COMPLETED	2026-09-28T23:04:40	2026-09-28T23:04:40	2026-09-29T02:44:20	3.6611	2.0	64.0	7.3222	0.0	m3246_g
59065121	pfd-sint1	gpu_shared_interactive	shared_urgent_gpu_ss11	COMPLETED	2026-09-28T23:55:44	2026-09-28T23:55:44	2026-09-29T03:46:22	3.8439	2.0	64.0	7.6878	0.0	m3246_g
59065391	pfd-chain	gpu_shared	shared_gpu_ss11	COMPLETED	2026-09-29T00:05:04	2026-09-29T02:57:29	2026-09-29T04:28:53	1.5233	1.0	32.0	1.5233	0.0	m3246_g
59066016	pfd-chain	gpu_shared	shared_gpu_ss11	COMPLETED	2026-09-29T00:23:32	2026-09-29T03:33:10	2026-09-29T05:05:41	1.5419	1.0	32.0	1.5419	0.0	m3246_g
59068347	pfd-inter2	gpu_interactive	urgent_gpu_ss11	COMPLETED	2026-09-29T01:25:30	2026-09-29T01:25:30	2026-09-29T05:00:00	3.575	4.0	128.0	14.3	0.0	m3246_g
59068496	pfd-inter1	gpu_interactive	urgent_gpu_ss11	COMPLETED	2026-09-29T01:29:49	2026-09-29T01:29:49	2026-09-29T05:06:09	3.6056	4.0	128.0	14.4222	0.0	m3246_g
59069168	pfd-chain	gpu_shared	shared_gpu_ss11	COMPLETED	2026-09-29T01:51:07	2026-09-29T03:47:02	2026-09-29T05:25:08	1.635	1.0	32.0	1.635	0.0	m3246_g
59069222	pfd-chain	gpu_shared	shared_gpu_ss11	COMPLETED	2026-09-29T01:52:41	2026-09-29T05:07:26	2026-09-29T06:39:17	1.5308	1.0	32.0	1.5308	0.0	m3246_g
59070307	pfd-chain	gpu_shared	shared_gpu_ss11	COMPLETED	2026-09-29T02:26:40	2026-09-29T05:51:17	2026-09-29T07:21:54	1.5103	1.0	32.0	1.5103	0.0	m3246_g
59070340	pfd-chain	gpu_shared	shared_gpu_ss11	COMPLETED	2026-09-29T02:28:14	2026-09-29T05:54:22	2026-09-29T07:26:08	1.5294	1.0	32.0	1.5294	0.0	m3246_g
59070773	pfd-sint2	gpu_shared_interactive	shared_urgent_gpu_ss11	COMPLETED	2026-09-29T02:45:15	2026-09-29T02:45:15	2026-09-29T06:19:35	3.5722	2.0	64.0	7.1444	0.0	m3246_g
59070825	pfd-chain	gpu_shared	shared_gpu_ss11	COMPLETED	2026-09-29T02:47:17	2026-09-29T06:24:39	2026-09-29T07:55:54	1.5208	1.0	32.0	1.5208	0.0	m3246_g
59071058	pfd-chain	gpu_shared	shared_gpu_ss11	COMPLETED	2026-09-29T02:57:40	2026-09-29T06:26:16	2026-09-29T07:57:44	1.5244	1.0	32.0	1.5244	0.0	m3246_g
59071979	pfd-chain	gpu_shared	shared_gpu_ss11	COMPLETED	2026-09-29T03:33:21	2026-09-29T09:11:35	2026-09-29T10:45:05	1.5583	1.0	32.0	1.5583	0.0	m3246_g
59072315	pfd-chain	gpu_shared	shared_gpu_ss11	COMPLETED	2026-09-29T03:47:13	2026-09-29T09:11:35	2026-09-29T10:42:25	1.5139	1.0	32.0	1.5139	0.0	m3246_g
59072356	pfd-sint1	gpu_shared_interactive	shared_urgent_gpu_ss11	COMPLETED	2026-09-29T03:48:31	2026-09-29T03:48:31	2026-09-29T07:12:35	3.4011	2.0	64.0	6.8022	0.0	m3246_g
59074089	pfd-inter2	gpu_interactive	urgent_gpu_ss11	COMPLETED	2026-09-29T05:01:57	2026-09-29T05:01:57	2026-09-29T08:43:34	3.6936	4.0	128.0	14.7744	0.0	m3246_g
59074169	pfd-chain	gpu_shared	shared_gpu_ss11	COMPLETED	2026-09-29T05:07:37	2026-09-29T09:38:28	2026-09-29T11:10:14	1.5294	1.0	32.0	1.5294	0.0	m3246_g
59074187	pfd-inter1	gpu_interactive	urgent_gpu_ss11	COMPLETED	2026-09-29T05:08:16	2026-09-29T05:08:16	2026-09-29T08:33:10	3.415	4.0	128.0	13.66	0.0	m3246_g
59075052	pfd-chain	gpu_shared	shared_gpu_ss11	COMPLETED	2026-09-29T05:51:32	2026-09-29T09:38:28	2026-09-29T11:09:40	1.52	1.0	32.0	1.52	0.0	m3246_g
59075114	pfd-chain	gpu_shared	shared_gpu_ss11	COMPLETED	2026-09-29T05:54:34	2026-09-29T10:03:37	2026-09-29T11:35:33	1.5322	1.0	32.0	1.5322	0.0	m3246_g
59075687	pfd-sint2	gpu_shared_interactive	shared_urgent_gpu_ss11	COMPLETED	2026-09-29T06:21:46	2026-09-29T06:21:46	2026-09-29T09:51:51	3.5014	2.0	64.0	7.0028	0.0	m3246_g
59075785	pfd-chain	gpu_shared	shared_gpu_ss11	COMPLETED	2026-09-29T06:24:50	2026-09-29T10:07:17	2026-09-29T11:38:04	1.5131	1.0	32.0	1.5131	0.0	m3246_g
59075829	pfd-chain	gpu_shared	shared_gpu_ss11	COMPLETED	2026-09-29T06:26:30	2026-09-29T10:51:40	2026-09-29T10:52:11	0.0086	1.0	32.0	0.0086	0.0	m3246_g
59077630	pfd-sint1	gpu_shared_interactive	shared_urgent_gpu_ss11	COMPLETED	2026-09-29T07:14:48	2026-09-29T07:14:48	2026-09-29T10:48:08	3.5556	2.0	64.0	7.1111	0.0	m3246_g
59081465	pfd-inter1	gpu_interactive	urgent_gpu_ss11	COMPLETED	2026-09-29T08:34:46	2026-09-29T08:35:50	2026-09-29T12:17:37	3.6964	4.0	128.0	14.7856	0.0	m3246_g
59082502	pfd-inter2	gpu_interactive	urgent_gpu_ss11	COMPLETED	2026-09-29T08:45:25	2026-09-29T08:45:38	2026-09-29T12:20:33	3.5819	4.0	128.0	14.3278	0.0	m3246_g
59082956	pfd-chain	gpu_shared	shared_gpu_ss11	COMPLETED	2026-09-29T09:11:50	2026-09-29T10:59:34	2026-09-29T12:30:42	1.5189	1.0	32.0	1.5189	0.0	m3246_g
59082957	pfd-chain	gpu_shared	shared_gpu_ss11	COMPLETED	2026-09-29T09:11:50	2026-09-29T11:10:52	2026-09-29T12:41:48	1.5156	1.0	32.0	1.5156	0.0	m3246_g
59083362	pfd-chain	gpu_shared	shared_gpu_ss11	COMPLETED	2026-09-29T09:38:44	2026-09-29T13:16:36	2026-09-29T14:53:56	1.6222	1.0	32.0	1.6222	0.0	m3246_g
59083364	pfd-chain	gpu_shared	shared_gpu_ss11	COMPLETED	2026-09-29T09:38:44	2026-09-29T13:14:32	2026-09-29T14:46:14	1.5283	1.0	32.0	1.5283	0.0	m3246_g
59083579	pfd-sint2	gpu_shared_interactive	shared_urgent_gpu_ss11	COMPLETED	2026-09-29T09:53:18	2026-09-29T09:53:18	2026-09-29T13:16:43	3.3903	2.0	64.0	6.7806	0.0	m3246_g
59083850	pfd-chain	gpu_shared	shared_gpu_ss11	COMPLETED	2026-09-29T10:03:55	2026-09-29T14:14:53	2026-09-29T14:15:23	0.0083	1.0	32.0	0.0083	0.0	m3246_g
59083930	pfd-chain	gpu_shared	shared_gpu_ss11	COMPLETED	2026-09-29T10:07:31	2026-09-29T14:33:52	2026-09-29T14:34:07	0.0042	1.0	32.0	0.0042	0.0	m3246_g
59085465	pfd-sint1	gpu_shared_interactive	shared_urgent_gpu_ss11	COMPLETED	2026-09-29T10:48:39	2026-09-29T10:48:39	2026-09-29T14:20:40	3.5336	2.0	64.0	7.0672	0.0	m3246_g
59085904	pfd-chain	gpu_shared	shared_gpu_ss11	COMPLETED	2026-09-29T10:59:44	2026-09-29T15:38:07	2026-09-29T17:09:34	1.5242	1.0	32.0	1.5242	0.0	m3246_g
59086295	pfd-chain	gpu_shared	shared_gpu_ss11	COMPLETED	2026-09-29T11:11:03	2026-09-29T17:02:57	2026-09-29T18:34:18	1.5225	1.0	32.0	1.5225	0.0	m3246_g
59088044	pfd-inter1	gpu_interactive	urgent_gpu_ss11	COMPLETED	2026-09-29T12:18:36	2026-09-29T12:18:36	2026-09-29T15:54:07	3.5919	4.0	128.0	14.3678	0.0	m3246_g
59088163	pfd-inter2	gpu_interactive	urgent_gpu_ss11	COMPLETED	2026-09-29T12:22:59	2026-09-29T12:22:59	2026-09-29T16:09:56	3.7825	4.0	128.0	15.13	0.0	m3246_g
59089486	pfd-chain	gpu_shared	shared_gpu_ss11	COMPLETED	2026-09-29T13:14:44	2026-09-29T17:29:59	2026-09-29T19:01:04	1.5181	1.0	32.0	1.5181	0.0	m3246_g
59089523	pfd-chain	gpu_shared	shared_gpu_ss11	COMPLETED	2026-09-29T13:16:48	2026-09-29T20:06:42	2026-09-29T21:38:19	1.5269	1.0	32.0	1.5269	0.0	m3246_g
59089546	pfd-sint2	gpu_shared_interactive	shared_urgent_gpu_ss11	COMPLETED	2026-09-29T13:18:15	2026-09-29T13:18:15	2026-09-29T16:43:12	3.4158	2.0	64.0	6.8317	0.0	m3246_g
59090702	pfd-sint1	gpu_shared_interactive	shared_urgent_gpu_ss11	COMPLETED	2026-09-29T14:21:44	2026-09-29T14:21:44	2026-09-29T17:44:56	3.3867	2.0	64.0	6.7733	0.0	m3246_g
59092021	pfd-chain	gpu_shared	shared_gpu_ss11	COMPLETED	2026-09-29T15:38:18	2026-09-29T20:38:04	2026-09-29T22:10:09	1.5347	1.0	32.0	1.5347	0.0	m3246_g
59092672	pfd-inter1	gpu_interactive	urgent_gpu_ss11	COMPLETED	2026-09-29T15:55:57	2026-09-29T15:55:57	2026-09-29T19:35:47	3.6639	4.0	128.0	14.6556	0.0	m3246_g
59093120	pfd-inter2	gpu_interactive	urgent_gpu_ss11	COMPLETED	2026-09-29T16:12:31	2026-09-29T16:12:33	2026-09-29T19:59:59	3.7906	4.0	128.0	15.1622	0.0	m3246_g
59094290	pfd-sint2	gpu_shared_interactive	shared_urgent_gpu_ss11	COMPLETED	2026-09-29T16:45:15	2026-09-29T16:45:15	2026-09-29T20:18:37	3.5561	2.0	64.0	7.1122	0.0	m3246_g
59095056	pfd-chain	gpu_shared	shared_gpu_ss11	COMPLETED	2026-09-29T17:03:11	2026-09-29T22:41:44	2026-09-30T00:14:53	1.5525	1.0	32.0	1.5525	0.0	m3246_g
59096234	pfd-chain	gpu_shared	shared_gpu_ss11	COMPLETED	2026-09-29T17:30:15	2026-09-30T01:11:13	2026-09-30T02:42:46	1.5258	1.0	32.0	1.5258	0.0	m3246_g
59097040	pfd-sint1	gpu_shared_interactive	shared_urgent_gpu_ss11	COMPLETED	2026-09-29T17:46:37	2026-09-29T17:46:37	2026-09-29T21:10:16	3.3942	2.0	64.0	6.7883	0.0	m3246_g
59103399	pfd-inter1	gpu_interactive	urgent_gpu_ss11	COMPLETED	2026-09-29T19:36:58	2026-09-29T19:36:58	2026-09-29T23:22:28	3.7583	4.0	128.0	15.0333	0.0	m3246_g
59105186	pfd-inter2	gpu_interactive	urgent_gpu_ss11	COMPLETED	2026-09-29T20:01:41	2026-09-29T20:02:26	2026-09-29T23:47:45	3.7553	4.0	128.0	15.0211	0.0	m3246_g
59105522	pfd-chain	gpu_shared	shared_gpu_ss11	COMPLETED	2026-09-29T20:06:54	2026-09-30T04:33:23	2026-09-30T06:04:45	1.5228	1.0	32.0	1.5228	0.0	m3246_g
59106511	pfd-sint2	gpu_shared_interactive	shared_urgent_gpu_ss11	COMPLETED	2026-09-29T20:20:13	2026-09-29T20:20:13	2026-09-29T23:44:16	3.4008	2.0	64.0	6.8017	0.0	m3246_g
59107626	pfd-chain	gpu_shared	shared_gpu_ss11	COMPLETED	2026-09-29T20:38:14	2026-09-30T04:43:33	2026-09-30T06:15:20	1.5297	1.0	32.0	1.5297	0.0	m3246_g
59109852	pfd-sint1	gpu_shared_interactive	shared_urgent_gpu_ss11	COMPLETED	2026-09-29T21:11:15	2026-09-29T21:11:15	2026-09-30T00:35:34	3.4053	2.0	64.0	6.8106	0.0	m3246_g
59113519	pfd-chain	gpu_shared	shared_gpu_ss11	COMPLETED	2026-09-29T22:41:55	2026-09-30T08:59:54	2026-09-30T09:00:21	0.0075	1.0	32.0	0.0075	0.0	m3246_g
59114508	pfd-inter1	gpu_interactive	urgent_gpu_ss11	COMPLETED	2026-09-29T23:24:00	2026-09-29T23:24:00	2026-09-30T03:10:35	3.7764	4.0	128.0	15.1056	0.0	m3246_g
59114969	pfd-sint2	gpu_shared_interactive	shared_urgent_gpu_ss11	COMPLETED	2026-09-29T23:46:36	2026-09-29T23:46:36	2026-09-30T03:33:20	3.7789	2.0	64.0	7.5578	0.0	m3246_g
59115038	pfd-inter2	gpu_interactive	urgent_gpu_ss11	COMPLETED	2026-09-29T23:48:50	2026-09-29T23:48:50	2026-09-30T03:30:57	3.7019	4.0	128.0	14.8078	0.0	m3246_g
59115845	pfd-sint1	gpu_shared_interactive	shared_urgent_gpu_ss11	COMPLETED	2026-09-30T00:35:54	2026-09-30T00:35:54	2026-09-30T04:13:05	3.6197	2.0	64.0	7.2394	0.0	m3246_g
59116519	pfd-chain	gpu_shared	shared_gpu_ss11	COMPLETED	2026-09-30T01:11:25	2026-09-30T09:01:31	2026-09-30T09:01:55	0.0067	1.0	32.0	0.0067	0.0	m3246_g
59118385	pfd-chain	gpu_preempt	gpu_ss11	PENDING	2026-09-30T02:29:57	Unknown	Unknown	0.0	0.0	0.0	0.0	0.0	m3246_g
59118947	pfd-inter1	gpu_interactive	urgent_gpu_ss11	COMPLETED	2026-09-30T03:12:46	2026-09-30T03:13:34	2026-09-30T06:58:49	3.7542	4.0	128.0	15.0167	0.0	m3246_g
59119097	pfd-inter2	gpu_interactive	urgent_gpu_ss11	COMPLETED	2026-09-30T03:33:26	2026-09-30T03:33:26	2026-09-30T07:19:06	3.7611	4.0	128.0	15.0444	0.0	m3246_g
59119118	pfd-sint2	gpu_shared_interactive	shared_urgent_gpu_ss11	COMPLETED	2026-09-30T03:35:37	2026-09-30T03:35:37	2026-09-30T07:08:18	3.5447	2.0	64.0	7.0894	0.0	m3246_g
59119659	pfd-sint1	gpu_shared_interactive	shared_urgent_gpu_ss11	COMPLETED	2026-09-30T04:14:28	2026-09-30T04:14:28	2026-09-30T07:56:51	3.7064	2.0	64.0	7.4128	0.0	m3246_g
59119968	pfd-chain	gpu_shared	shared_gpu_ss11	PENDING	2026-09-30T04:33:36	Unknown	Unknown	0.0	0.0	0.0	0.0	0.0	m3246_g
59120155	pfd-chain	gpu_shared	shared_gpu_ss11	PENDING	2026-09-30T04:43:46	Unknown	Unknown	0.0	0.0	0.0	0.0	0.0	m3246_g
59123206	pfd-inter1	gpu_interactive	urgent_gpu_ss11	COMPLETED	2026-09-30T06:59:38	2026-09-30T07:00:28	2026-09-30T10:37:39	3.6197	4.0	128.0	14.4789	0.0	m3246_g
59123361	pfd-sint2	gpu_shared_interactive	shared_urgent_gpu_ss11	COMPLETED	2026-09-30T07:09:56	2026-09-30T07:10:36	2026-09-30T10:55:30	3.7483	2.0	64.0	7.4967	0.0	m3246_g
59123460	pfd-inter2	gpu_interactive	urgent_gpu_ss11	COMPLETED	2026-09-30T07:20:25	2026-09-30T07:20:42	2026-09-30T11:09:02	3.8056	4.0	128.0	15.2222	0.0	m3246_g
59124397	pfd-sint1	gpu_shared_interactive	shared_urgent_gpu_ss11	COMPLETED	2026-09-30T07:57:14	2026-09-30T07:57:14	2026-09-30T11:38:38	3.69	2.0	64.0	7.38	0.0	m3246_g
59129368	pfd-inter1	gpu_interactive	urgent_gpu_ss11	COMPLETED	2026-09-30T10:39:13	2026-09-30T10:39:13	2026-09-30T14:11:02	3.5303	4.0	128.0	14.1211	0.0	m3246_g
59129966	pfd-sint2	gpu_shared_interactive	shared_urgent_gpu_ss11	COMPLETED	2026-09-30T10:57:54	2026-09-30T10:57:54	2026-09-30T14:50:42	3.88	2.0	64.0	7.76	0.0	m3246_g
59130233	pfd-inter2	gpu_interactive	urgent_gpu_ss11	COMPLETED	2026-09-30T11:10:36	2026-09-30T11:12:01	2026-09-30T14:48:32	3.6086	4.0	128.0	14.4344	0.0	m3246_g
59131021	pfd-sint1	gpu_shared_interactive	shared_urgent_gpu_ss11	COMPLETED	2026-09-30T11:39:22	2026-09-30T11:39:22	2026-09-30T15:24:22	3.75	2.0	64.0	7.5	0.0	m3246_g
59134449	pfd-inter1	gpu_interactive	urgent_gpu_ss11	COMPLETED	2026-09-30T14:12:50	2026-09-30T14:12:53	2026-09-30T15:13:59	1.0183	4.0	128.0	4.0733	0.0	m3246_g
59135561	pfd-inter2	gpu_interactive	urgent_gpu_ss11	COMPLETED	2026-09-30T14:49:50	2026-09-30T14:49:50	2026-09-30T15:18:20	0.475	4.0	128.0	1.9	0.0	m3246_g
59135826	pfd-sint2	gpu_shared_interactive	shared_urgent_gpu_ss11	COMPLETED	2026-09-30T14:52:02	2026-09-30T14:52:02	2026-09-30T14:52:20	0.005	2.0	64.0	0.01	0.0	m3246_g
59135889	pfd-sint2	gpu_shared_interactive	shared_urgent_gpu_ss11	COMPLETED	2026-09-30T14:54:21	2026-09-30T14:54:21	2026-09-30T14:54:41	0.0056	2.0	64.0	0.0111	0.0	m3246_g
59135997	pfd-sint2	gpu_shared_interactive	shared_urgent_gpu_ss11	COMPLETED	2026-09-30T14:56:31	2026-09-30T14:56:31	2026-09-30T14:56:49	0.005	2.0	64.0	0.01	0.0	m3246_g
59136051	pfd-sint2	gpu_shared_interactive	shared_urgent_gpu_ss11	COMPLETED	2026-09-30T14:58:48	2026-09-30T14:58:48	2026-09-30T14:59:10	0.0061	2.0	64.0	0.0122	0.0	m3246_g
59136170	pfd-sint2	gpu_shared_interactive	shared_urgent_gpu_ss11	COMPLETED	2026-09-30T15:00:57	2026-09-30T15:01:15	2026-09-30T15:01:35	0.0056	2.0	64.0	0.0111	0.0	m3246_g
59136344	pfd-sint2	gpu_shared_interactive	shared_urgent_gpu_ss11	COMPLETED	2026-09-30T15:03:13	2026-09-30T15:04:15	2026-09-30T15:04:40	0.0069	2.0	64.0	0.0139	0.0	m3246_g
59136481	pfd-sint2	gpu_shared_interactive	shared_urgent_gpu_ss11	COMPLETED	2026-09-30T15:05:23	2026-09-30T15:05:23	2026-09-30T15:05:45	0.0061	2.0	64.0	0.0122	0.0	m3246_g
59136525	pfd-sint2	gpu_shared_interactive	shared_urgent_gpu_ss11	COMPLETED	2026-09-30T15:07:38	2026-09-30T15:07:38	2026-09-30T15:07:59	0.0058	2.0	64.0	0.0117	0.0	m3246_g
59136573	pfd-sint2	gpu_shared_interactive	shared_urgent_gpu_ss11	COMPLETED	2026-09-30T15:09:51	2026-09-30T15:09:51	2026-09-30T15:10:07	0.0044	2.0	64.0	0.0089	0.0	m3246_g
59136625	pfd-sint2	gpu_shared_interactive	shared_urgent_gpu_ss11	COMPLETED	2026-09-30T15:12:07	2026-09-30T15:12:07	2026-09-30T15:12:27	0.0056	2.0	64.0	0.0111	0.0	m3246_g
59136695	pfd-sint2	gpu_shared_interactive	shared_urgent_gpu_ss11	COMPLETED	2026-09-30T15:14:20	2026-09-30T15:14:20	2026-09-30T15:14:35	0.0042	2.0	64.0	0.0083	0.0	m3246_g
59136748	pfd-inter1	gpu_interactive	urgent_gpu_ss11	COMPLETED	2026-09-30T15:16:45	2026-09-30T15:16:45	2026-09-30T15:17:05	0.0056	4.0	128.0	0.0222	0.0	m3246_g
59136750	pfd-sint2	gpu_shared_interactive	shared_urgent_gpu_ss11	COMPLETED	2026-09-30T15:16:56	2026-09-30T15:16:56	2026-09-30T15:17:13	0.0047	2.0	64.0	0.0094	0.0	m3246_g
59136816	pfd-inter1	gpu_interactive	urgent_gpu_ss11	COMPLETED	2026-09-30T15:19:21	2026-09-30T15:19:21	2026-09-30T15:19:42	0.0058	4.0	128.0	0.0233	0.0	m3246_g
59136821	pfd-inter2	gpu_interactive	urgent_gpu_ss11	COMPLETED	2026-09-30T15:19:44	2026-09-30T15:19:44	2026-09-30T15:20:01	0.0047	4.0	128.0	0.0189	0.0	m3246_g
59136831	pfd-sint2	gpu_shared_interactive	shared_urgent_gpu_ss11	COMPLETED	2026-09-30T15:19:54	2026-09-30T15:19:54	2026-09-30T15:20:09	0.0042	2.0	64.0	0.0083	0.0	m3246_g
59136858	pfd-inter1	gpu_interactive	urgent_gpu_ss11	COMPLETED	2026-09-30T15:22:19	2026-09-30T15:22:20	2026-09-30T15:22:45	0.0069	4.0	128.0	0.0278	0.0	m3246_g
59136874	pfd-inter2	gpu_interactive	urgent_gpu_ss11	COMPLETED	2026-09-30T15:22:40	2026-09-30T15:22:40	2026-09-30T15:22:56	0.0044	4.0	128.0	0.0178	0.0	m3246_g
59136879	pfd-sint2	gpu_shared_interactive	shared_urgent_gpu_ss11	COMPLETED	2026-09-30T15:22:51	2026-09-30T15:22:51	2026-09-30T15:23:07	0.0044	2.0	64.0	0.0089	0.0	m3246_g
59137928	pfd-score	debug	regular_milan_ss11	COMPLETED	2026-09-30T16:03:15	2026-09-30T16:05:41	2026-09-30T16:10:52	0.0864	0.0	256.0	0.0	0.0864	m3246
59137931	pfd-score	debug	regular_milan_ss11	COMPLETED	2026-09-30T16:03:17	2026-09-30T16:05:41	2026-09-30T16:09:33	0.0644	0.0	256.0	0.0	0.0644	m3246
59137933	pfd-score	debug	regular_milan_ss11	COMPLETED	2026-09-30T16:03:20	2026-09-30T16:09:38	2026-09-30T16:13:30	0.0644	0.0	256.0	0.0	0.0644	m3246
59137934	pfd-score	debug	regular_milan_ss11	COMPLETED	2026-09-30T16:03:22	2026-09-30T16:11:17	2026-09-30T16:15:07	0.0639	0.0	256.0	0.0	0.0639	m3246
59137935	pfd-score	debug	regular_milan_ss11	COMPLETED	2026-09-30T16:03:22	2026-09-30T16:13:46	2026-09-30T16:17:37	0.0642	0.0	256.0	0.0	0.0642	m3246
