{
  "endpoints": {
    "BeamAngleX_0": {
      "exists": true,
      "sha256": "f7a1efe5059fff96ad1fe43fb974954c8d4269aa0b2043c228488deaa98fb1b8",
      "zombie": false,
      "recovered": false,
      "nbins": 65856,
      "finite": true,
      "sum": 7.803830681010665e-36,
      "mask_matches_central": true
    },
    "BeamAngleX_1": {
      "exists": true,
      "sha256": "ebb1c94fa080e77ef47708d1e8de7250c2c0121320e368c33b904da0472c2533",
      "zombie": false,
      "recovered": false,
      "nbins": 65856,
      "finite": true,
      "sum": 7.818599914343706e-36,
      "mask_matches_central": true
    },
    "BeamAngleY_0": {
      "exists": true,
      "sha256": "546c8836f51e11b720dc26719a5cd8b1c3d2ea38485a51aee6a1eb3faf286895",
      "zombie": false,
      "recovered": false,
      "nbins": 65856,
      "finite": true,
      "sum": 7.802977262269522e-36,
      "mask_matches_central": true
    },
    "BeamAngleY_1": {
      "exists": true,
      "sha256": "eb1db91db7f6654e99d2811c552fd8188a8f3c26a7c67087b1b3c7ac3fc3636b",
      "zombie": false,
      "recovered": false,
      "nbins": 65856,
      "finite": true,
      "sum": 7.823362497777556e-36,
      "mask_matches_central": true
    },
    "MuonResolution_0": {
      "exists": true,
      "sha256": "c5bdaa6e01be6bc51ce06787e1e7951f2e4e7de5e3923e22b6a0b094faac0873",
      "zombie": false,
      "recovered": false,
      "nbins": 65856,
      "finite": true,
      "sum": 7.804874231472407e-36,
      "mask_matches_central": true
    },
    "MuonResolution_1": {
      "exists": true,
      "sha256": "8722bdfe53e84a179671a17e9b0a46951305b03fb65109deecb65a269021efad",
      "zombie": false,
      "recovered": false,
      "nbins": 65856,
      "finite": true,
      "sum": 7.818714217043214e-36,
      "mask_matches_central": true
    },
    "Muon_Energy_MINERvA_0": {
      "exists": true,
      "sha256": "114b331cca789c1608bfaedef023e202563397965e4b3c83970ea2ea29fead9b",
      "zombie": false,
      "recovered": false,
      "nbins": 65856,
      "finite": true,
      "sum": 7.667905362339527e-36,
      "mask_matches_central": true
    },
    "Muon_Energy_MINERvA_1": {
      "exists": true,
      "sha256": "01257d2aa82d6057d80fd15263079561b8e890612c64c7aedf4d3a20cc20b7ff",
      "zombie": false,
      "recovered": false,
      "nbins": 65856,
      "finite": true,
      "sum": 7.949983283611487e-36,
      "mask_matches_central": true
    },
    "Muon_Energy_MINOS_0": {
      "exists": true,
      "sha256": "b8aa9ce5b3840c0192af852f46b1d2d8dc02a5c84d561a07d8190d4317820c43",
      "zombie": false,
      "recovered": false,
      "nbins": 65856,
      "finite": true,
      "sum": 7.639436340510476e-36,
      "mask_matches_central": true
    },
    "Muon_Energy_MINOS_1": {
      "exists": true,
      "sha256": "a51b767aad57f0c8935c24bf1f0fef2cbdede07e59850e6cb2fd687ae7d11e1b",
      "zombie": false,
      "recovered": false,
      "nbins": 65856,
      "finite": true,
      "sum": 7.973822806897408e-36,
      "mask_matches_central": true
    }
  }
}