path_under_/pscratch/sd/j/josephrb/minerva/minerva_large_files	bytes	mtime_utc
Data/Playlist1A/MasterAnaDev_data_AnaTuple_run00006038_Playlist.root	436527195	2025-12-18T19:36:54Z
Data/Playlist1A/MasterAnaDev_data_AnaTuple_run00006039_Playlist.root	541869525	2025-12-18T19:36:57Z
Data/Playlist1A/MasterAnaDev_data_AnaTuple_run00006040_Playlist.root	25235195	2025-12-18T19:36:58Z
Data/Playlist1A/MasterAnaDev_data_AnaTuple_run00006041_Playlist.root	4967994	2025-12-18T19:36:59Z
Data/Playlist1A/MasterAnaDev_data_AnaTuple_run00006042_Playlist.root	643845221	2025-12-18T19:37:03Z
Data/Playlist1A/MasterAnaDev_data_AnaTuple_run00006043_Playlist.root	604849004	2025-12-18T19:37:06Z
Data/Playlist1A/MasterAnaDev_data_AnaTuple_run00006044_Playlist.root	538954963	2025-12-18T19:37:09Z
Data/Playlist1A/MasterAnaDev_data_AnaTuple_run00006045_Playlist.root	528274956	2025-12-18T19:37:13Z
Data/Playlist1A/MasterAnaDev_data_AnaTuple_run00006046_Playlist.root	501263603	2025-12-18T19:37:16Z
Data/Playlist1A/MasterAnaDev_data_AnaTuple_run00006047_Playlist.root	164452	2025-12-18T19:37:17Z
Data/Playlist1A/MasterAnaDev_data_AnaTuple_run00006048_Playlist.root	594230421	2025-12-18T19:37:19Z
Data/Playlist1A/MasterAnaDev_data_AnaTuple_run00006051_Playlist.root	122245758	2025-12-18T19:37:21Z
Data/Playlist1A/MasterAnaDev_data_AnaTuple_run00006052_Playlist.root	88448106	2025-12-18T19:37:22Z
Data/Playlist1A/MasterAnaDev_data_AnaTuple_run00006057_Playlist.root	399365578	2025-12-18T19:37:25Z
Data/Playlist1A/MasterAnaDev_data_AnaTuple_run00006058_Playlist.root	317398034	2025-12-18T19:37:28Z
Data/Playlist1A/MasterAnaDev_data_AnaTuple_run00006059_Playlist.root	415487730	2025-12-18T19:37:30Z
Data/Playlist1A/MasterAnaDev_data_AnaTuple_run00006060_Playlist.root	324108490	2025-12-18T19:37:33Z
Data/Playlist1A/MasterAnaDev_data_AnaTuple_run00006061_Playlist.root	164452	2025-12-18T19:37:34Z
Data/Playlist1A/MasterAnaDev_data_AnaTuple_run00006062_Playlist.root	322750860	2025-12-18T19:37:36Z
Data/Playlist1A/MasterAnaDev_data_AnaTuple_run00006063_Playlist.root	331145101	2025-12-18T19:37:38Z
Data/Playlist1A/MasterAnaDev_data_AnaTuple_run00006064_Playlist.root	56168187	2025-12-18T19:37:39Z
Data/Playlist1A/MasterAnaDev_data_AnaTuple_run00006065_Playlist.root	427241218	2025-12-18T19:37:41Z
Data/Playlist1A/MasterAnaDev_data_AnaTuple_run00006066_Playlist.root	382209629	2025-12-18T19:37:44Z
Data/Playlist1A/MasterAnaDev_data_AnaTuple_run00006067_Playlist.root	450992008	2025-12-18T19:37:48Z
Data/Playlist1A/MasterAnaDev_data_AnaTuple_run00006068_Playlist.root	365973176	2025-12-18T19:37:52Z
Data/Playlist1A/MasterAnaDev_data_AnaTuple_run00006069_Playlist.root	377270149	2025-12-18T19:37:54Z
Data/Playlist1A/MasterAnaDev_data_AnaTuple_run00006070_Playlist.root	319417837	2025-12-18T19:38:06Z
Data/Playlist1A/MasterAnaDev_data_AnaTuple_run00006071_Playlist.root	384540164	2025-12-18T19:38:09Z
Data/Playlist1A/MasterAnaDev_data_AnaTuple_run00006072_Playlist.root	368407422	2025-12-18T19:38:11Z
Data/Playlist1A/MasterAnaDev_data_AnaTuple_run00006073_Playlist.root	190921524	2025-12-18T19:38:13Z
Data/Playlist1A/MasterAnaDev_data_AnaTuple_run00006074_Playlist.root	480107365	2025-12-18T19:38:22Z
Data/Playlist1A/MasterAnaDev_data_AnaTuple_run00006075_Playlist.root	460029527	2025-12-18T19:38:25Z
Data/Playlist1A/MasterAnaDev_data_AnaTuple_run00006076_Playlist.root	474424559	2025-12-18T19:38:28Z
Data/Playlist1A/MasterAnaDev_data_AnaTuple_run00006077_Playlist.root	470050464	2025-12-18T19:38:30Z
Data/Playlist1A/MasterAnaDev_data_AnaTuple_run00006078_Playlist.root	375718462	2025-12-18T19:38:32Z
Data/Playlist1A/MasterAnaDev_data_AnaTuple_run00006079_Playlist.root	483333144	2025-12-18T19:38:35Z
Data/Playlist1A/MasterAnaDev_data_AnaTuple_run00006080_Playlist.root	455597743	2025-12-18T19:38:37Z
Data/Playlist1A/MasterAnaDev_data_AnaTuple_run00006081_Playlist.root	448658189	2025-12-18T19:38:39Z
Data/Playlist1A/MasterAnaDev_data_AnaTuple_run00006082_Playlist.root	481938258	2025-12-18T19:38:42Z
Data/Playlist1A/MasterAnaDev_data_AnaTuple_run00006083_Playlist.root	497545072	2025-12-18T19:38:45Z
Data/Playlist1A/MasterAnaDev_data_AnaTuple_run00006084_Playlist.root	454459910	2025-12-18T19:38:47Z
Data/Playlist1A/MasterAnaDev_data_AnaTuple_run00006085_Playlist.root	387373410	2025-12-18T19:38:49Z
Data/Playlist1A/MasterAnaDev_data_AnaTuple_run00006086_Playlist.root	430797914	2025-12-18T19:38:52Z
Data/Playlist1A/MasterAnaDev_data_AnaTuple_run00006087_Playlist.root	433989891	2025-12-18T19:38:54Z
Data/Playlist1A/MasterAnaDev_data_AnaTuple_run00006088_Playlist.root	452582964	2025-12-18T19:38:57Z
Data/Playlist1A/MasterAnaDev_data_AnaTuple_run00006089_Playlist.root	446794093	2025-12-18T19:38:59Z
Data/Playlist1A/MasterAnaDev_data_AnaTuple_run00006090_Playlist.root	464257828	2025-12-18T19:39:01Z
Data/Playlist1A/MasterAnaDev_data_AnaTuple_run00006091_Playlist.root	3862865	2025-12-18T19:39:02Z
Data/Playlist1A/MasterAnaDev_data_AnaTuple_run00006092_Playlist.root	388819019	2025-12-18T19:39:05Z
Data/Playlist1A/MasterAnaDev_data_AnaTuple_run00006093_Playlist.root	18793919	2025-12-18T19:39:06Z
Data/Playlist1A/MasterAnaDev_data_AnaTuple_run00006094_Playlist.root	4955634	2025-12-18T19:39:07Z
Data/Playlist1A/MasterAnaDev_data_AnaTuple_run00006095_Playlist.root	149811881	2025-12-18T19:39:09Z
Data/Playlist1A/MasterAnaDev_data_AnaTuple_run00006112_Playlist.root	164452	2025-12-18T19:39:09Z
Data/Playlist1A/MasterAnaDev_data_AnaTuple_run00006113_Playlist.root	41866348	2025-12-18T19:39:11Z
Data/Playlist1A/MasterAnaDev_data_AnaTuple_run00006114_Playlist.root	477393314	2025-12-18T19:39:15Z
Data/Playlist1A/MasterAnaDev_data_AnaTuple_run00006115_Playlist.root	300741609	2025-12-18T19:39:17Z
Data/Playlist1A/MasterAnaDev_data_AnaTuple_run00006116_Playlist.root	473833374	2025-12-18T19:39:20Z
Data/Playlist1A/MasterAnaDev_data_AnaTuple_run00006117_Playlist.root	458066662	2025-12-18T19:39:22Z
Data/Playlist1A/MasterAnaDev_data_AnaTuple_run00006118_Playlist.root	483748013	2025-12-18T19:39:24Z
Data/Playlist1A/MasterAnaDev_data_AnaTuple_run00006119_Playlist.root	37549149	2025-12-18T19:39:27Z
Data/Playlist1A/MasterAnaDev_data_AnaTuple_run00006120_Playlist.root	470729538	2025-12-18T19:39:29Z
Data/Playlist1A/MasterAnaDev_data_AnaTuple_run00006121_Playlist.root	190553136	2025-12-18T19:39:30Z
Data/Playlist1A/MasterAnaDev_data_AnaTuple_run00006128_Playlist.root	244889452	2025-12-18T19:39:32Z
Data/Playlist1A/MasterAnaDev_data_AnaTuple_run00006129_Playlist.root	209333805	2025-12-18T19:39:34Z
Data/Playlist1A/MasterAnaDev_data_AnaTuple_run00006130_Playlist.root	37199142	2025-12-18T19:39:35Z
Data/Playlist1A/MasterAnaDev_data_AnaTuple_run00006131_Playlist.root	66395858	2025-12-18T19:39:36Z
Data/Playlist1A/MasterAnaDev_data_AnaTuple_run00006132_Playlist.root	2360780	2025-12-18T19:39:37Z
Data/Playlist1A/MasterAnaDev_data_AnaTuple_run00006133_Playlist.root	162566927	2025-12-18T19:39:39Z
Data/Playlist1A/MasterAnaDev_data_AnaTuple_run00006134_Playlist.root	494528835	2025-12-18T19:39:42Z
Data/Playlist1A/MasterAnaDev_data_AnaTuple_run00006135_Playlist.root	292787495	2025-12-18T19:39:48Z
Data/Playlist1A/MasterAnaDev_data_AnaTuple_run00006136_Playlist.root	463073148	2025-12-18T19:39:53Z
Data/Playlist1A/MasterAnaDev_data_AnaTuple_run00006137_Playlist.root	225708032	2025-12-18T19:39:54Z
Data/Playlist1A/MasterAnaDev_data_AnaTuple_run00006138_Playlist.root	18080689	2025-12-18T19:39:55Z
Data/Playlist1A/MasterAnaDev_data_AnaTuple_run00006139_Playlist.root	164452	2025-12-18T19:39:56Z
Data/Playlist1A/MasterAnaDev_data_AnaTuple_run00006140_Playlist.root	164480	2025-12-18T19:39:57Z
Data/Playlist1A/MasterAnaDev_data_AnaTuple_run00006141_Playlist.root	164480	2025-12-18T19:39:58Z
Data/Playlist1A/MasterAnaDev_data_AnaTuple_run00006142_Playlist.root	164452	2025-12-18T19:39:59Z
Data/Playlist1A/MasterAnaDev_data_AnaTuple_run00006143_Playlist.root	164452	2025-12-18T19:39:59Z
Data/Playlist1A/MasterAnaDev_data_AnaTuple_run00006144_Playlist.root	477283758	2025-12-18T19:40:02Z
Data/Playlist1A/MasterAnaDev_data_AnaTuple_run00006145_Playlist.root	251291104	2025-12-18T19:40:04Z
Data/Playlist1A/MasterAnaDev_data_AnaTuple_run00006151_Playlist.root	400062134	2025-12-18T19:40:06Z
Data/Playlist1A/MasterAnaDev_data_AnaTuple_run00006152_Playlist.root	464122323	2025-12-18T19:40:08Z
Data/Playlist1A/MasterAnaDev_data_AnaTuple_run00006153_Playlist.root	317752298	2025-12-18T19:40:10Z
Data/Playlist1A/MasterAnaDev_data_AnaTuple_run00006154_Playlist.root	502408366	2025-12-18T19:40:12Z
Data/Playlist1A/MasterAnaDev_data_AnaTuple_run00006155_Playlist.root	498487051	2025-12-18T19:40:15Z
Data/Playlist1A/MasterAnaDev_data_AnaTuple_run00006156_Playlist.root	509215676	2025-12-18T19:40:22Z
Data/Playlist1A/MasterAnaDev_data_AnaTuple_run00006157_Playlist.root	400321843	2025-12-18T19:40:25Z
Data/Playlist1A/MasterAnaDev_data_AnaTuple_run00006158_Playlist.root	515397761	2025-12-18T19:40:28Z
Data/Playlist1A/MasterAnaDev_data_AnaTuple_run00006159_Playlist.root	518340164	2025-12-18T19:40:30Z
Data/Playlist1A/MasterAnaDev_data_AnaTuple_run00006160_Playlist.root	173001208	2025-12-18T19:40:32Z
Data/Playlist1A/MasterAnaDev_data_AnaTuple_run00006166_Playlist.root	379187406	2025-12-18T19:40:35Z
Data/Playlist1A/MasterAnaDev_data_AnaTuple_run00006167_Playlist.root	388510636	2025-12-18T19:40:37Z
Data/Playlist1A/MasterAnaDev_data_AnaTuple_run00006168_Playlist.root	456052634	2025-12-18T19:40:41Z
Data/Playlist1A/MasterAnaDev_data_AnaTuple_run00006169_Playlist.root	308829890	2025-12-18T19:40:43Z
Data/Playlist1A/MasterAnaDev_data_AnaTuple_run00006170_Playlist.root	471854253	2025-12-18T19:40:47Z
Data/Playlist1A/MasterAnaDev_data_AnaTuple_run00006171_Playlist.root	491567544	2025-12-18T19:40:50Z
Data/Playlist1A/MasterAnaDev_data_AnaTuple_run00006172_Playlist.root	426990723	2025-12-18T19:40:52Z
Data/Playlist1A/MasterAnaDev_data_AnaTuple_run00006173_Playlist.root	490392019	2025-12-18T19:40:57Z
Data/Playlist1A/MasterAnaDev_data_AnaTuple_run00006174_Playlist.root	485368607	2025-12-18T19:41:00Z
Data/Playlist1A/MasterAnaDev_data_AnaTuple_run00006175_Playlist.root	113917017	2025-12-18T19:41:01Z
Data/Playlist1A/MasterAnaDev_data_AnaTuple_run00006176_Playlist.root	16102820	2025-12-18T19:41:02Z
Data/Playlist1A/MasterAnaDev_data_AnaTuple_run00006177_Playlist.root	459370428	2025-12-18T19:41:06Z
Data/Playlist1A/MasterAnaDev_data_AnaTuple_run00006178_Playlist.root	93829291	2025-12-18T19:41:07Z
Data/Playlist1A/MasterAnaDev_data_AnaTuple_run00006182_Playlist.root	422347465	2025-12-18T19:41:09Z
Data/Playlist1A/MasterAnaDev_data_AnaTuple_run00006183_Playlist.root	439090456	2025-12-18T19:41:12Z
Data/Playlist1A/MasterAnaDev_data_AnaTuple_run00006184_Playlist.root	477199486	2025-12-18T19:41:17Z
Data/Playlist1A/MasterAnaDev_data_AnaTuple_run00006185_Playlist.root	177176139	2025-12-18T19:41:18Z
Data/Playlist1A/MasterAnaDev_data_AnaTuple_run00006186_Playlist.root	437600114	2025-12-18T19:41:21Z
Data/Playlist1A/MasterAnaDev_data_AnaTuple_run00006187_Playlist.root	444638184	2025-12-18T19:41:23Z
Data/Playlist1A/MasterAnaDev_data_AnaTuple_run00006188_Playlist.root	189715148	2025-12-18T19:41:24Z
Data/Playlist1A/MasterAnaDev_data_AnaTuple_run00006189_Playlist.root	13271762	2025-12-18T19:41:26Z
Data/Playlist1A/MasterAnaDev_data_AnaTuple_run00006190_Playlist.root	479023281	2025-12-18T19:41:29Z
Data/Playlist1A/MasterAnaDev_data_AnaTuple_run00006191_Playlist.root	403974538	2025-12-18T19:41:34Z
Data/Playlist1A/MasterAnaDev_data_AnaTuple_run00006192_Playlist.root	517338606	2025-12-18T19:41:37Z
Data/Playlist1A/MasterAnaDev_data_AnaTuple_run00006193_Playlist.root	194026487	2025-12-18T19:41:39Z
Data/Playlist1A/MasterAnaDev_data_AnaTuple_run00006194_Playlist.root	164452	2025-12-18T19:41:40Z
Data/Playlist1A/MasterAnaDev_data_AnaTuple_run00006195_Playlist.root	2315121	2025-12-18T19:41:41Z
Data/Playlist1A/MasterAnaDev_data_AnaTuple_run00006196_Playlist.root	376754554	2025-12-18T19:41:43Z
Data/Playlist1A/MasterAnaDev_data_AnaTuple_run00006197_Playlist.root	353151114	2025-12-18T19:41:45Z
Data/Playlist1A/MasterAnaDev_data_AnaTuple_run00006198_Playlist.root	43082320	2025-12-18T19:41:46Z
Data/Playlist1A/MasterAnaDev_data_AnaTuple_run00006199_Playlist.root	471780231	2025-12-18T19:41:48Z
Data/Playlist1A/MasterAnaDev_data_AnaTuple_run00006200_Playlist.root	271458493	2025-12-18T19:41:51Z
Data/Playlist1A/MasterAnaDev_data_AnaTuple_run00006201_Playlist.root	5830499	2025-12-18T19:41:52Z
Data/Playlist1A/MasterAnaDev_data_AnaTuple_run00006202_Playlist.root	194764253	2025-12-18T19:41:54Z
Data/Playlist1A/MasterAnaDev_data_AnaTuple_run00006203_Playlist.root	6114388	2025-12-18T19:41:55Z
Data/Playlist1A/MasterAnaDev_data_AnaTuple_run00006204_Playlist.root	20054792	2025-12-18T19:41:56Z
Data/Playlist1A/MasterAnaDev_data_AnaTuple_run00006205_Playlist.root	163821987	2025-12-18T19:41:58Z
Data/Playlist1A/MasterAnaDev_data_AnaTuple_run00006206_Playlist.root	41440213	2025-12-18T19:41:59Z
Data/Playlist1A/MasterAnaDev_data_AnaTuple_run00006207_Playlist.root	465469562	2025-12-18T19:42:02Z
Data/Playlist1A/MasterAnaDev_data_AnaTuple_run00006208_Playlist.root	164480	2025-12-18T19:42:02Z
Data/Playlist1A/MasterAnaDev_data_AnaTuple_run00006209_Playlist.root	17010342	2025-12-18T19:42:04Z
Data/Playlist1A/MasterAnaDev_data_AnaTuple_run00006210_Playlist.root	2863926	2025-12-18T19:42:04Z
Data/Playlist1A/MasterAnaDev_data_AnaTuple_run00006211_Playlist.root	50626490	2025-12-18T19:42:06Z
Data/Playlist1A/MasterAnaDev_data_AnaTuple_run00006212_Playlist.root	164480	2025-12-18T19:42:07Z
Data/Playlist1A/MasterAnaDev_data_AnaTuple_run00006213_Playlist.root	116612265	2025-12-18T19:42:12Z
Data/Playlist1A/MasterAnaDev_data_AnaTuple_run00006218_Playlist.root	48106389	2025-12-18T19:42:13Z
Data/Playlist1A/MasterAnaDev_data_AnaTuple_run00006220_Playlist.root	448399147	2025-12-18T19:42:15Z
Data/Playlist1A/MasterAnaDev_data_AnaTuple_run00006221_Playlist.root	471806779	2025-12-18T19:42:17Z
Data/Playlist1A/MasterAnaDev_data_AnaTuple_run00006222_Playlist.root	457032575	2025-12-18T19:42:19Z
Data/Playlist1A/MasterAnaDev_data_AnaTuple_run00006223_Playlist.root	758813	2025-12-18T19:42:20Z
Data/Playlist1A/MasterAnaDev_data_AnaTuple_run00006224_Playlist.root	164452	2025-12-18T19:42:21Z
Data/Playlist1A/MasterAnaDev_data_AnaTuple_run00006225_Playlist.root	458874810	2025-12-18T19:42:23Z
Data/Playlist1A/MasterAnaDev_data_AnaTuple_run00006226_Playlist.root	213693430	2025-12-18T19:42:25Z
Data/Playlist1A/MasterAnaDev_data_AnaTuple_run00006227_Playlist.root	297760682	2025-12-18T19:42:29Z
Data/Playlist1A/MasterAnaDev_data_AnaTuple_run00006228_Playlist.root	17582607	2025-12-18T19:42:30Z
Data/Playlist1A/MasterAnaDev_data_AnaTuple_run00006229_Playlist.root	164452	2025-12-18T19:42:30Z
Data/Playlist1A/MasterAnaDev_data_AnaTuple_run00006230_Playlist.root	164452	2025-12-18T19:42:31Z
Data/Playlist1A/MasterAnaDev_data_AnaTuple_run00006231_Playlist.root	164452	2025-12-18T19:42:32Z
Data/Playlist1A/MasterAnaDev_data_AnaTuple_run00006232_Playlist.root	16984386	2025-12-18T19:42:33Z
Data/Playlist1A/MasterAnaDev_data_AnaTuple_run00006233_Playlist.root	21325917	2025-12-18T19:42:34Z
Data/Playlist1A/MasterAnaDev_data_AnaTuple_run00006234_Playlist.root	20348876	2025-12-18T19:42:35Z
Data/Playlist1A/MasterAnaDev_data_AnaTuple_run00006235_Playlist.root	461194124	2025-12-18T19:42:38Z
Data/Playlist1A/MasterAnaDev_data_AnaTuple_run00006236_Playlist.root	468821422	2025-12-18T19:42:40Z
Data/Playlist1A/MasterAnaDev_data_AnaTuple_run00006237_Playlist.root	440140033	2025-12-18T19:42:42Z
Data/Playlist1A/MasterAnaDev_data_AnaTuple_run00006238_Playlist.root	101780027	2025-12-18T19:42:44Z
Data/Playlist1A/MasterAnaDev_data_AnaTuple_run00006239_Playlist.root	2059033	2025-12-18T19:42:45Z
Data/Playlist1A/MasterAnaDev_data_AnaTuple_run00006240_Playlist.root	442083315	2025-12-18T19:42:51Z
Data/Playlist1A/MasterAnaDev_data_AnaTuple_run00006241_Playlist.root	196658742	2025-12-18T19:42:52Z
Data/Playlist1A/MasterAnaDev_data_AnaTuple_run00006243_Playlist.root	71144365	2025-12-18T19:42:54Z
Data/Playlist1A/MasterAnaDev_data_AnaTuple_run00006244_Playlist.root	1577173	2025-12-18T19:42:55Z
Data/Playlist1A/MasterAnaDev_data_AnaTuple_run00006245_Playlist.root	5534546	2025-12-18T19:42:56Z
Data/Playlist1A/MasterAnaDev_data_AnaTuple_run00006246_Playlist.root	5997488	2025-12-18T19:42:58Z
Data/Playlist1A/MasterAnaDev_data_AnaTuple_run00006247_Playlist.root	15246559	2025-12-18T19:42:59Z
Data/Playlist1A/MasterAnaDev_data_AnaTuple_run00006248_Playlist.root	409780092	2025-12-18T19:43:02Z
Data/Playlist1A/MasterAnaDev_data_AnaTuple_run00006249_Playlist.root	437551507	2025-12-18T19:43:08Z
Data/Playlist1A/MasterAnaDev_data_AnaTuple_run00006250_Playlist.root	1341313	2025-12-18T19:43:09Z
Data/Playlist1A/MasterAnaDev_data_AnaTuple_run00006251_Playlist.root	460282494	2025-12-18T19:43:12Z
Data/Playlist1A/MasterAnaDev_data_AnaTuple_run00006252_Playlist.root	413575820	2025-12-18T19:43:16Z
Data/Playlist1A/MasterAnaDev_data_AnaTuple_run00006253_Playlist.root	159186523	2025-12-18T19:43:17Z
Data/Playlist1A/MasterAnaDev_data_AnaTuple_run00006254_Playlist.root	444729977	2025-12-18T19:43:20Z
Data/Playlist1A/MasterAnaDev_data_AnaTuple_run00006255_Playlist.root	400810312	2025-12-18T19:43:22Z
Data/Playlist1A/MasterAnaDev_data_AnaTuple_run00006256_Playlist.root	342808785	2025-12-18T19:43:24Z
Data/Playlist1A/MasterAnaDev_data_AnaTuple_run00008000_Playlist.root	420146362	2025-12-18T19:43:27Z
Data/Playlist1A/MasterAnaDev_data_AnaTuple_run00008001_Playlist.root	452434967	2025-12-18T19:43:29Z
Data/Playlist1A/MasterAnaDev_data_AnaTuple_run00008002_Playlist.root	429637615	2025-12-18T19:43:31Z
Data/Playlist1A/MasterAnaDev_data_AnaTuple_run00008003_Playlist.root	431628639	2025-12-18T19:43:33Z
Data/Playlist1A/MasterAnaDev_data_AnaTuple_run00008004_Playlist.root	424239258	2025-12-18T19:43:36Z
Data/Playlist1A/MasterAnaDev_data_AnaTuple_run00008005_Playlist.root	420812057	2025-12-18T19:43:38Z
Data/Playlist1A/MasterAnaDev_data_AnaTuple_run00008006_Playlist.root	401600359	2025-12-18T19:43:40Z
Data/Playlist1A/MasterAnaDev_data_AnaTuple_run00008007_Playlist.root	384460182	2025-12-18T19:43:42Z
Data/Playlist1A/MasterAnaDev_data_AnaTuple_run00008011_Playlist.root	703140721	2025-12-18T19:43:45Z
Data/Playlist1A/MasterAnaDev_data_AnaTuple_run00008012_Playlist.root	113227163	2025-12-18T19:43:47Z
Data/Playlist1A/MasterAnaDev_data_AnaTuple_run00008013_Playlist.root	480815922	2025-12-18T19:43:50Z
Data/Playlist1A/MasterAnaDev_data_AnaTuple_run00008014_Playlist.root	665024630	2025-12-18T19:43:52Z
Data/Playlist1A/MasterAnaDev_data_AnaTuple_run00008015_Playlist.root	355560860	2025-12-18T19:43:54Z
Data/Playlist1A/MasterAnaDev_data_AnaTuple_run00008029_Playlist.root	248883776	2025-12-18T19:43:56Z
Data/Playlist1A/MasterAnaDev_data_AnaTuple_run00008030_Playlist.root	111185436	2025-12-18T19:43:57Z
Data/Playlist1A/MasterAnaDev_data_AnaTuple_run00008031_Playlist.root	479877912	2025-12-18T19:44:00Z
Data/Playlist1A/MasterAnaDev_data_AnaTuple_run00008032_Playlist.root	312941782	2025-12-18T19:44:02Z
Data/Playlist1A/MasterAnaDev_data_AnaTuple_run00008033_Playlist.root	360434383	2025-12-18T19:44:05Z
Data/Playlist1A/MasterAnaDev_data_AnaTuple_run00008034_Playlist.root	89133341	2025-12-18T19:44:07Z
Data/Playlist1A/MasterAnaDev_data_AnaTuple_run00010000_Playlist.root	550319520	2025-12-18T19:44:10Z
Data/Playlist1A/MasterAnaDev_data_AnaTuple_run00010001_Playlist.root	541354043	2025-12-18T19:44:12Z
Data/Playlist1A/MasterAnaDev_data_AnaTuple_run00010002_Playlist.root	478490860	2025-12-18T19:44:18Z
Data/Playlist1A/MasterAnaDev_data_AnaTuple_run00010003_Playlist.root	321162888	2025-12-18T19:44:21Z
Data/Playlist1A/MasterAnaDev_data_AnaTuple_run00010004_Playlist.root	523596839	2025-12-18T19:44:24Z
Data/Playlist1A/MasterAnaDev_data_AnaTuple_run00010005_Playlist.root	529775352	2025-12-18T19:44:29Z
Data/Playlist1A/MasterAnaDev_data_AnaTuple_run00010006_Playlist.root	498406012	2025-12-18T19:44:31Z
Data/Playlist1A/MasterAnaDev_data_AnaTuple_run00010007_Playlist.root	516306509	2025-12-18T19:44:33Z
Data/Playlist1A/MasterAnaDev_data_AnaTuple_run00010008_Playlist.root	414416748	2025-12-18T19:44:36Z
Data/Playlist1A/MasterAnaDev_data_AnaTuple_run00010010_Playlist.root	500932426	2025-12-18T19:44:39Z
Data/Playlist1A/MasterAnaDev_data_AnaTuple_run00010011_Playlist.root	544097882	2025-12-18T19:44:41Z
Data/Playlist1A/MasterAnaDev_data_AnaTuple_run00010012_Playlist.root	529555194	2025-12-18T19:44:43Z
Data/Playlist1A/MasterAnaDev_data_AnaTuple_run00010013_Playlist.root	522868368	2025-12-18T19:44:46Z
Data/Playlist1A/MasterAnaDev_data_AnaTuple_run00010014_Playlist.root	525373217	2025-12-18T19:44:49Z
Data/Playlist1A/MasterAnaDev_data_AnaTuple_run00010015_Playlist.root	535585951	2025-12-18T19:44:52Z
Data/Playlist1A/MasterAnaDev_data_AnaTuple_run00010016_Playlist.root	555234279	2025-12-18T19:44:56Z
Data/Playlist1A/MasterAnaDev_data_AnaTuple_run00010017_Playlist.root	558811061	2025-12-18T19:44:59Z
Data/Playlist1A/MasterAnaDev_data_AnaTuple_run00010018_Playlist.root	555677992	2025-12-18T19:45:04Z
Data/Playlist1A/MasterAnaDev_data_AnaTuple_run00010019_Playlist.root	474960780	2025-12-18T19:45:07Z
Data/Playlist1A/MasterAnaDev_data_AnaTuple_run00010020_Playlist.root	544728947	2025-12-18T19:45:09Z
Data/Playlist1A/MasterAnaDev_data_AnaTuple_run00010021_Playlist.root	562703255	2025-12-18T19:45:15Z
Data/Playlist1A/MasterAnaDev_data_AnaTuple_run00010022_Playlist.root	516807636	2025-12-18T19:45:17Z
Data/Playlist1A/MasterAnaDev_data_AnaTuple_run00010023_Playlist.root	545245464	2025-12-18T19:45:22Z
Data/Playlist1A/MasterAnaDev_data_AnaTuple_run00010024_Playlist.root	545959931	2025-12-18T19:45:26Z
Data/Playlist1A/MasterAnaDev_data_AnaTuple_run00010025_Playlist.root	546691884	2025-12-18T19:45:29Z
Data/Playlist1A/MasterAnaDev_data_AnaTuple_run00010026_Playlist.root	549938229	2025-12-18T19:45:31Z
Data/Playlist1A/MasterAnaDev_data_AnaTuple_run00010027_Playlist.root	547468296	2025-12-18T19:45:35Z
Data/Playlist1A/MasterAnaDev_data_AnaTuple_run00010028_Playlist.root	367414234	2025-12-18T19:45:37Z
Data/Playlist1A/MasterAnaDev_data_AnaTuple_run00010031_Playlist.root	13145260	2025-12-18T19:45:38Z
Data/Playlist1A/MasterAnaDev_data_AnaTuple_run00010032_Playlist.root	7471825	2025-12-18T19:45:39Z
Data/Playlist1A/MasterAnaDev_data_AnaTuple_run00010034_Playlist.root	27011310	2025-12-18T19:45:40Z
Data/Playlist1A/MasterAnaDev_data_AnaTuple_run00010035_Playlist.root	10953264	2025-12-18T19:45:41Z
Data/Playlist1A/MasterAnaDev_data_AnaTuple_run00010036_Playlist.root	313511429	2025-12-18T19:45:43Z
Data/Playlist1A/MasterAnaDev_data_AnaTuple_run00010037_Playlist.root	450671943	2025-12-18T19:45:48Z
Data/Playlist1A/MasterAnaDev_data_AnaTuple_run00010038_Playlist.root	574453883	2025-12-18T19:45:53Z
Data/Playlist1A/MasterAnaDev_data_AnaTuple_run00010039_Playlist.root	507146793	2025-12-18T19:45:57Z
Data/Playlist1A/MasterAnaDev_data_AnaTuple_run00010040_Playlist.root	536979584	2025-12-18T19:46:01Z
Data/Playlist1A/MasterAnaDev_data_AnaTuple_run00010041_Playlist.root	534342762	2025-12-18T19:46:04Z
Data/Playlist1A/MasterAnaDev_data_AnaTuple_run00010042_Playlist.root	551690461	2025-12-18T19:46:07Z
Data/Playlist1A/MasterAnaDev_data_AnaTuple_run00010043_Playlist.root	513283530	2025-12-18T19:46:10Z
Data/Playlist1A/MasterAnaDev_data_AnaTuple_run00010044_Playlist.root	275461211	2025-12-18T19:46:14Z
Data/Playlist1A/MasterAnaDev_data_AnaTuple_run00010045_Playlist.root	24002280	2025-12-18T19:46:15Z
Data/Playlist1A/MasterAnaDev_data_AnaTuple_run00010046_Playlist.root	511971853	2025-12-18T19:46:18Z
Data/Playlist1A/MasterAnaDev_data_AnaTuple_run00010047_Playlist.root	18126786	2025-12-18T19:46:20Z
Data/Playlist1A/MasterAnaDev_data_AnaTuple_run00010048_Playlist.root	428800958	2025-12-18T19:46:22Z
Data/Playlist1A/MasterAnaDev_data_AnaTuple_run00010049_Playlist.root	525967849	2025-12-18T19:46:24Z
Data/Playlist1A/MasterAnaDev_data_AnaTuple_run00010050_Playlist.root	534599779	2025-12-18T19:46:27Z
Data/Playlist1A/MasterAnaDev_data_AnaTuple_run00010051_Playlist.root	523164156	2025-12-18T19:46:29Z
Data/Playlist1A/MasterAnaDev_data_AnaTuple_run00010052_Playlist.root	97879460	2025-12-18T19:46:31Z
Data/Playlist1A/MasterAnaDev_data_AnaTuple_run00010053_Playlist.root	5824016	2025-12-18T19:46:32Z
Data/Playlist1A/MasterAnaDev_data_AnaTuple_run00010054_Playlist.root	38958612	2025-12-18T19:46:33Z
Data/Playlist1A/MasterAnaDev_data_AnaTuple_run00010056_Playlist.root	538549742	2025-12-18T19:46:36Z
Data/Playlist1A/MasterAnaDev_data_AnaTuple_run00010057_Playlist.root	197906874	2025-12-18T19:46:38Z
Data/Playlist1A/MasterAnaDev_data_AnaTuple_run00010058_Playlist.root	17387158	2025-12-18T19:46:39Z
Data/Playlist1A/MasterAnaDev_data_AnaTuple_run00010059_Playlist.root	14645343	2025-12-18T19:46:40Z
Data/Playlist1A/MasterAnaDev_data_AnaTuple_run00010060_Playlist.root	437917683	2025-12-18T19:46:44Z
Data/Playlist1A/MasterAnaDev_data_AnaTuple_run00010061_Playlist.root	822561868	2025-12-18T19:46:53Z
Data/Playlist1A/MasterAnaDev_data_AnaTuple_run00010062_Playlist.root	540168531	2025-12-18T19:46:55Z
Data/Playlist1A/MasterAnaDev_data_AnaTuple_run00010063_Playlist.root	490460585	2025-12-18T19:46:58Z
Data/Playlist1A/MasterAnaDev_data_AnaTuple_run00010064_Playlist.root	469368139	2025-12-18T19:47:00Z
Data/Playlist1A/MasterAnaDev_data_AnaTuple_run00010065_Playlist.root	535598269	2025-12-18T19:47:05Z
Data/Playlist1A/MasterAnaDev_data_AnaTuple_run00010066_Playlist.root	186069819	2025-12-18T19:47:07Z
Data/Playlist1B/MasterAnaDev_data_AnaTuple_run00010068_Playlist.root	557773879	2026-04-19T02:32:22Z
Data/Playlist1B/MasterAnaDev_data_AnaTuple_run00010069_Playlist.root	526859958	2026-04-19T02:32:25Z
Data/Playlist1B/MasterAnaDev_data_AnaTuple_run00010070_Playlist.root	2012203	2026-04-19T02:32:26Z
Data/Playlist1B/MasterAnaDev_data_AnaTuple_run00010071_Playlist.root	550011871	2026-04-19T02:32:31Z
Data/Playlist1B/MasterAnaDev_data_AnaTuple_run00010072_Playlist.root	531036017	2026-04-19T02:32:42Z
Data/Playlist1B/MasterAnaDev_data_AnaTuple_run00010073_Playlist.root	540477724	2026-04-19T02:32:45Z
Data/Playlist1B/MasterAnaDev_data_AnaTuple_run00010074_Playlist.root	128237951	2026-04-19T02:32:49Z
Data/Playlist1B/MasterAnaDev_data_AnaTuple_run00010075_Playlist.root	165197248	2026-04-19T02:32:51Z
Data/Playlist1B/MasterAnaDev_data_AnaTuple_run00010076_Playlist.root	231454767	2026-04-19T02:32:54Z
Data/Playlist1B/MasterAnaDev_data_AnaTuple_run00010077_Playlist.root	109349495	2026-04-19T02:32:56Z
Data/Playlist1B/MasterAnaDev_data_AnaTuple_run00010079_Playlist.root	198772386	2026-04-19T02:32:58Z
Data/Playlist1B/MasterAnaDev_data_AnaTuple_run00010080_Playlist.root	507649002	2026-04-19T02:33:01Z
Data/Playlist1B/MasterAnaDev_data_AnaTuple_run00010081_Playlist.root	537338414	2026-04-19T02:33:05Z
Data/Playlist1B/MasterAnaDev_data_AnaTuple_run00010082_Playlist.root	346307578	2026-04-19T02:33:08Z
Data/Playlist1B/MasterAnaDev_data_AnaTuple_run00010083_Playlist.root	540755992	2026-04-19T02:33:14Z
Data/Playlist1B/MasterAnaDev_data_AnaTuple_run00010084_Playlist.root	151906911	2026-04-19T02:33:16Z
Data/Playlist1B/MasterAnaDev_data_AnaTuple_run00010085_Playlist.root	516613683	2026-04-19T02:33:24Z
Data/Playlist1B/MasterAnaDev_data_AnaTuple_run00010086_Playlist.root	115844358	2026-04-19T02:33:26Z
Data/Playlist1B/MasterAnaDev_data_AnaTuple_run00010088_Playlist.root	20689839	2026-04-19T02:33:27Z
Data/Playlist1B/MasterAnaDev_data_AnaTuple_run00010089_Playlist.root	45696191	2026-04-19T02:33:28Z
Data/Playlist1B/MasterAnaDev_data_AnaTuple_run00010091_Playlist.root	553892245	2026-04-19T02:33:31Z
Data/Playlist1B/MasterAnaDev_data_AnaTuple_run00010095_Playlist.root	549524374	2026-04-19T02:33:34Z
Data/Playlist1B/MasterAnaDev_data_AnaTuple_run00010096_Playlist.root	559702581	2026-04-19T02:33:40Z
Data/Playlist1B/MasterAnaDev_data_AnaTuple_run00010097_Playlist.root	451714340	2026-04-19T02:33:43Z
Data/Playlist1B/MasterAnaDev_data_AnaTuple_run00010098_Playlist.root	516039765	2026-04-19T02:33:46Z
Data/Playlist1B/MasterAnaDev_data_AnaTuple_run00010099_Playlist.root	480186259	2026-04-19T02:33:50Z
Data/Playlist1B/MasterAnaDev_data_AnaTuple_run00010100_Playlist.root	492672724	2026-04-19T02:33:53Z
Data/Playlist1B/MasterAnaDev_data_AnaTuple_run00010101_Playlist.root	166293	2026-04-19T02:33:54Z
Data/Playlist1B/MasterAnaDev_data_AnaTuple_run00010106_Playlist.root	166293	2026-04-19T02:33:55Z
Data/Playlist1B/MasterAnaDev_data_AnaTuple_run00010109_Playlist.root	491031619	2026-04-19T02:33:58Z
Data/Playlist1B/MasterAnaDev_data_AnaTuple_run00010110_Playlist.root	351676432	2026-04-19T02:34:00Z
Data/Playlist1B/MasterAnaDev_data_AnaTuple_run00010111_Playlist.root	29001567	2026-04-19T02:34:02Z
Data/Playlist1B/MasterAnaDev_data_AnaTuple_run00010112_Playlist.root	556985534	2026-04-19T02:34:05Z
Data/Playlist1B/MasterAnaDev_data_AnaTuple_run00010113_Playlist.root	544906832	2026-04-19T02:34:09Z
Data/Playlist1B/MasterAnaDev_data_AnaTuple_run00010114_Playlist.root	553538985	2026-04-19T02:34:21Z
Data/Playlist1B/MasterAnaDev_data_AnaTuple_run00010115_Playlist.root	524876503	2026-04-19T02:34:24Z
Data/Playlist1B/MasterAnaDev_data_AnaTuple_run00010116_Playlist.root	542791225	2026-04-19T02:34:28Z
Data/Playlist1B/MasterAnaDev_data_AnaTuple_run00010117_Playlist.root	533732557	2026-04-19T02:34:31Z
Data/Playlist1B/MasterAnaDev_data_AnaTuple_run00010118_Playlist.root	489927538	2026-04-19T02:34:33Z
Data/Playlist1B/MasterAnaDev_data_AnaTuple_run00010119_Playlist.root	476110781	2026-04-19T02:34:38Z
Data/Playlist1B/MasterAnaDev_data_AnaTuple_run00010120_Playlist.root	551277983	2026-04-19T02:34:42Z
Data/Playlist1B/MasterAnaDev_data_AnaTuple_run00010121_Playlist.root	513498144	2026-04-19T02:34:48Z
Data/Playlist1B/MasterAnaDev_data_AnaTuple_run00010122_Playlist.root	432716690	2026-04-19T02:34:52Z
Data/Playlist1B/MasterAnaDev_data_AnaTuple_run00010123_Playlist.root	530465603	2026-04-19T02:34:56Z
Data/Playlist1B/MasterAnaDev_data_AnaTuple_run00010124_Playlist.root	299404623	2026-04-19T02:35:01Z
Data/Playlist1B/MasterAnaDev_data_AnaTuple_run00010125_Playlist.root	231211169	2026-04-19T02:35:03Z
Data/Playlist1B/MasterAnaDev_data_AnaTuple_run00010128_Playlist.root	296484720	2026-04-19T02:35:05Z
Data/Playlist1C/MasterAnaDev_data_AnaTuple_run00010129_Playlist.root	36996458	2026-04-19T19:16:56Z
Data/Playlist1C/MasterAnaDev_data_AnaTuple_run00010130_Playlist.root	511631385	2026-04-19T19:17:01Z
Data/Playlist1C/MasterAnaDev_data_AnaTuple_run00010131_Playlist.root	523316859	2026-04-19T19:17:03Z
Data/Playlist1C/MasterAnaDev_data_AnaTuple_run00010132_Playlist.root	535042339	2026-04-19T19:17:06Z
Data/Playlist1C/MasterAnaDev_data_AnaTuple_run00010133_Playlist.root	482661012	2026-04-19T19:17:09Z
Data/Playlist1C/MasterAnaDev_data_AnaTuple_run00010134_Playlist.root	269981589	2026-04-19T19:17:12Z
Data/Playlist1C/MasterAnaDev_data_AnaTuple_run00010135_Playlist.root	330684601	2026-04-19T19:17:14Z
Data/Playlist1C/MasterAnaDev_data_AnaTuple_run00010136_Playlist.root	401708215	2026-04-19T19:17:17Z
Data/Playlist1C/MasterAnaDev_data_AnaTuple_run00010137_Playlist.root	391167654	2026-04-19T19:17:19Z
Data/Playlist1C/MasterAnaDev_data_AnaTuple_run00010138_Playlist.root	341080866	2026-04-19T19:17:21Z
Data/Playlist1C/MasterAnaDev_data_AnaTuple_run00010139_Playlist.root	342222255	2026-04-19T19:17:23Z
Data/Playlist1C/MasterAnaDev_data_AnaTuple_run00010140_Playlist.root	455241384	2026-04-19T19:17:26Z
Data/Playlist1C/MasterAnaDev_data_AnaTuple_run00010141_Playlist.root	422354981	2026-04-19T19:17:30Z
Data/Playlist1C/MasterAnaDev_data_AnaTuple_run00010144_Playlist.root	411565008	2026-04-19T19:17:33Z
Data/Playlist1C/MasterAnaDev_data_AnaTuple_run00010145_Playlist.root	295786019	2026-04-19T19:17:35Z
Data/Playlist1C/MasterAnaDev_data_AnaTuple_run00010146_Playlist.root	224360874	2026-04-19T19:17:37Z
Data/Playlist1C/MasterAnaDev_data_AnaTuple_run00010147_Playlist.root	208479163	2026-04-19T19:17:39Z
Data/Playlist1C/MasterAnaDev_data_AnaTuple_run00010148_Playlist.root	210260785	2026-04-19T19:17:41Z
Data/Playlist1C/MasterAnaDev_data_AnaTuple_run00010149_Playlist.root	215507178	2026-04-19T19:17:44Z
Data/Playlist1C/MasterAnaDev_data_AnaTuple_run00010150_Playlist.root	279120481	2026-04-19T19:17:46Z
Data/Playlist1C/MasterAnaDev_data_AnaTuple_run00010151_Playlist.root	228264156	2026-04-19T19:17:48Z
Data/Playlist1C/MasterAnaDev_data_AnaTuple_run00010159_Playlist.root	128766155	2026-04-19T19:17:49Z
Data/Playlist1C/MasterAnaDev_data_AnaTuple_run00010161_Playlist.root	370511615	2026-04-19T19:17:52Z
Data/Playlist1C/MasterAnaDev_data_AnaTuple_run00010162_Playlist.root	502977512	2026-04-19T19:17:55Z
Data/Playlist1C/MasterAnaDev_data_AnaTuple_run00010163_Playlist.root	503943547	2026-04-19T19:17:59Z
Data/Playlist1C/MasterAnaDev_data_AnaTuple_run00010164_Playlist.root	454278075	2026-04-19T19:18:03Z
Data/Playlist1C/MasterAnaDev_data_AnaTuple_run00010165_Playlist.root	401950975	2026-04-19T19:18:06Z
Data/Playlist1C/MasterAnaDev_data_AnaTuple_run00010166_Playlist.root	508449264	2026-04-19T19:18:08Z
Data/Playlist1C/MasterAnaDev_data_AnaTuple_run00010167_Playlist.root	514368349	2026-04-19T19:18:13Z
Data/Playlist1C/MasterAnaDev_data_AnaTuple_run00010168_Playlist.root	532096325	2026-04-19T19:18:16Z
Data/Playlist1C/MasterAnaDev_data_AnaTuple_run00010169_Playlist.root	521640015	2026-04-19T19:18:20Z
Data/Playlist1C/MasterAnaDev_data_AnaTuple_run00010170_Playlist.root	571970704	2026-04-19T19:18:25Z
Data/Playlist1C/MasterAnaDev_data_AnaTuple_run00010171_Playlist.root	558029948	2026-04-19T19:18:28Z
Data/Playlist1C/MasterAnaDev_data_AnaTuple_run00010172_Playlist.root	581312712	2026-04-19T19:18:31Z
Data/Playlist1C/MasterAnaDev_data_AnaTuple_run00010173_Playlist.root	546947592	2026-04-19T19:18:34Z
Data/Playlist1C/MasterAnaDev_data_AnaTuple_run00010174_Playlist.root	546684907	2026-04-19T19:18:37Z
Data/Playlist1C/MasterAnaDev_data_AnaTuple_run00010175_Playlist.root	324984498	2026-04-19T19:18:40Z
Data/Playlist1C/MasterAnaDev_data_AnaTuple_run00010176_Playlist.root	428843226	2026-04-19T19:18:44Z
Data/Playlist1C/MasterAnaDev_data_AnaTuple_run00010177_Playlist.root	583419635	2026-04-19T19:18:48Z
Data/Playlist1C/MasterAnaDev_data_AnaTuple_run00010178_Playlist.root	504057577	2026-04-19T19:18:51Z
Data/Playlist1C/MasterAnaDev_data_AnaTuple_run00010179_Playlist.root	607215430	2026-04-19T19:18:56Z
Data/Playlist1C/MasterAnaDev_data_AnaTuple_run00010180_Playlist.root	613880325	2026-04-19T19:19:00Z
Data/Playlist1C/MasterAnaDev_data_AnaTuple_run00010181_Playlist.root	542365484	2026-04-19T19:19:03Z
Data/Playlist1C/MasterAnaDev_data_AnaTuple_run00010182_Playlist.root	496992900	2026-04-19T19:19:06Z
Data/Playlist1C/MasterAnaDev_data_AnaTuple_run00010183_Playlist.root	530660272	2026-04-19T19:19:09Z
Data/Playlist1C/MasterAnaDev_data_AnaTuple_run00010184_Playlist.root	535785063	2026-04-19T19:19:12Z
Data/Playlist1C/MasterAnaDev_data_AnaTuple_run00010185_Playlist.root	363327756	2026-04-19T19:19:19Z
Data/Playlist1C/MasterAnaDev_data_AnaTuple_run00010186_Playlist.root	502261193	2026-04-19T19:19:21Z
Data/Playlist1C/MasterAnaDev_data_AnaTuple_run00010187_Playlist.root	572580080	2026-04-19T19:19:25Z
Data/Playlist1C/MasterAnaDev_data_AnaTuple_run00010188_Playlist.root	262448615	2026-04-19T19:19:27Z
Data/Playlist1C/MasterAnaDev_data_AnaTuple_run00010189_Playlist.root	9300731	2026-04-19T19:19:28Z
Data/Playlist1C/MasterAnaDev_data_AnaTuple_run00010190_Playlist.root	48404738	2026-04-19T19:19:29Z
Data/Playlist1C/MasterAnaDev_data_AnaTuple_run00010191_Playlist.root	11688096	2026-04-19T19:19:31Z
Data/Playlist1C/MasterAnaDev_data_AnaTuple_run00010192_Playlist.root	25199197	2026-04-19T19:19:32Z
Data/Playlist1C/MasterAnaDev_data_AnaTuple_run00010193_Playlist.root	56320873	2026-04-19T19:19:33Z
Data/Playlist1C/MasterAnaDev_data_AnaTuple_run00010194_Playlist.root	71751829	2026-04-19T19:19:35Z
Data/Playlist1C/MasterAnaDev_data_AnaTuple_run00010195_Playlist.root	571821757	2026-04-19T19:19:39Z
Data/Playlist1C/MasterAnaDev_data_AnaTuple_run00010196_Playlist.root	545981887	2026-04-19T19:19:42Z
Data/Playlist1C/MasterAnaDev_data_AnaTuple_run00010197_Playlist.root	574383440	2026-04-19T19:19:47Z
Data/Playlist1C/MasterAnaDev_data_AnaTuple_run00010198_Playlist.root	131299077	2026-04-19T19:19:50Z
Data/Playlist1C/MasterAnaDev_data_AnaTuple_run00010199_Playlist.root	166333	2026-04-19T19:19:51Z
Data/Playlist1C/MasterAnaDev_data_AnaTuple_run00010200_Playlist.root	166333	2026-04-19T19:19:52Z
Data/Playlist1C/MasterAnaDev_data_AnaTuple_run00010201_Playlist.root	166333	2026-04-19T19:19:52Z
Data/Playlist1C/MasterAnaDev_data_AnaTuple_run00010202_Playlist.root	166345	2026-04-19T19:19:53Z
Data/Playlist1C/MasterAnaDev_data_AnaTuple_run00010203_Playlist.root	166345	2026-04-19T19:19:54Z
Data/Playlist1C/MasterAnaDev_data_AnaTuple_run00010205_Playlist.root	806775138	2026-04-19T19:20:00Z
Data/Playlist1C/MasterAnaDev_data_AnaTuple_run00010206_Playlist.root	583100044	2026-04-19T19:20:03Z
Data/Playlist1C/MasterAnaDev_data_AnaTuple_run00010207_Playlist.root	599471998	2026-04-19T19:20:07Z
Data/Playlist1C/MasterAnaDev_data_AnaTuple_run00010208_Playlist.root	603510855	2026-04-19T19:20:17Z
Data/Playlist1C/MasterAnaDev_data_AnaTuple_run00010209_Playlist.root	587668466	2026-04-19T19:20:20Z
Data/Playlist1C/MasterAnaDev_data_AnaTuple_run00010210_Playlist.root	609159307	2026-04-19T19:20:25Z
Data/Playlist1C/MasterAnaDev_data_AnaTuple_run00010211_Playlist.root	561982442	2026-04-19T19:20:28Z
Data/Playlist1C/MasterAnaDev_data_AnaTuple_run00010212_Playlist.root	600533884	2026-04-19T19:20:33Z
Data/Playlist1C/MasterAnaDev_data_AnaTuple_run00010213_Playlist.root	558933025	2026-04-19T19:20:36Z
Data/Playlist1C/MasterAnaDev_data_AnaTuple_run00010214_Playlist.root	587821957	2026-04-19T19:20:40Z
Data/Playlist1C/MasterAnaDev_data_AnaTuple_run00010215_Playlist.root	605240906	2026-04-19T19:20:45Z
Data/Playlist1C/MasterAnaDev_data_AnaTuple_run00010216_Playlist.root	629935600	2026-04-19T19:20:50Z
Data/Playlist1C/MasterAnaDev_data_AnaTuple_run00010217_Playlist.root	614222435	2026-04-19T19:20:53Z
Data/Playlist1C/MasterAnaDev_data_AnaTuple_run00010218_Playlist.root	484878637	2026-04-19T19:20:56Z
Data/Playlist1C/MasterAnaDev_data_AnaTuple_run00010219_Playlist.root	166345	2026-04-19T19:20:57Z
Data/Playlist1C/MasterAnaDev_data_AnaTuple_run00010229_Playlist.root	207027630	2026-04-19T19:21:00Z
Data/Playlist1C/MasterAnaDev_data_AnaTuple_run00010230_Playlist.root	13147210	2026-04-19T19:21:01Z
Data/Playlist1C/MasterAnaDev_data_AnaTuple_run00010231_Playlist.root	531710184	2026-04-19T19:21:05Z
Data/Playlist1C/MasterAnaDev_data_AnaTuple_run00010232_Playlist.root	512594098	2026-04-19T19:21:08Z
Data/Playlist1C/MasterAnaDev_data_AnaTuple_run00010233_Playlist.root	496966736	2026-04-19T19:21:11Z
Data/Playlist1C/MasterAnaDev_data_AnaTuple_run00010234_Playlist.root	463358808	2026-04-19T19:21:15Z
Data/Playlist1C/MasterAnaDev_data_AnaTuple_run00010235_Playlist.root	359779108	2026-04-19T19:21:18Z
Data/Playlist1C/MasterAnaDev_data_AnaTuple_run00010236_Playlist.root	571298923	2026-04-19T19:21:21Z
Data/Playlist1C/MasterAnaDev_data_AnaTuple_run00010237_Playlist.root	560823422	2026-04-19T19:21:26Z
Data/Playlist1C/MasterAnaDev_data_AnaTuple_run00010238_Playlist.root	584189470	2026-04-19T19:21:29Z
Data/Playlist1C/MasterAnaDev_data_AnaTuple_run00010239_Playlist.root	530532690	2026-04-19T19:21:32Z
Data/Playlist1C/MasterAnaDev_data_AnaTuple_run00010240_Playlist.root	386082913	2026-04-19T19:21:37Z
Data/Playlist1C/MasterAnaDev_data_AnaTuple_run00010241_Playlist.root	272683071	2026-04-19T19:21:39Z
Data/Playlist1C/MasterAnaDev_data_AnaTuple_run00010246_Playlist.root	506755679	2026-04-19T19:21:42Z
Data/Playlist1C/MasterAnaDev_data_AnaTuple_run00010247_Playlist.root	531134275	2026-04-19T19:21:45Z
Data/Playlist1C/MasterAnaDev_data_AnaTuple_run00010248_Playlist.root	565408450	2026-04-19T19:21:49Z
Data/Playlist1C/MasterAnaDev_data_AnaTuple_run00010249_Playlist.root	521024334	2026-04-19T19:21:52Z
Data/Playlist1C/MasterAnaDev_data_AnaTuple_run00010250_Playlist.root	557292849	2026-04-19T19:21:56Z
Data/Playlist1C/MasterAnaDev_data_AnaTuple_run00010251_Playlist.root	547417417	2026-04-19T19:21:59Z
Data/Playlist1C/MasterAnaDev_data_AnaTuple_run00010252_Playlist.root	557159842	2026-04-19T19:22:04Z
Data/Playlist1C/MasterAnaDev_data_AnaTuple_run00010253_Playlist.root	166345	2026-04-19T19:22:05Z
Data/Playlist1C/MasterAnaDev_data_AnaTuple_run00010254_Playlist.root	8959854	2026-04-19T19:22:06Z
Data/Playlist1D/MasterAnaDev_data_AnaTuple_run00010255_Playlist.root	409994621	2026-04-19T22:13:30Z
Data/Playlist1D/MasterAnaDev_data_AnaTuple_run00010256_Playlist.root	492455428	2026-04-19T22:13:33Z
Data/Playlist1D/MasterAnaDev_data_AnaTuple_run00010257_Playlist.root	373856583	2026-04-19T22:13:35Z
Data/Playlist1D/MasterAnaDev_data_AnaTuple_run00010259_Playlist.root	554155300	2026-04-19T22:13:38Z
Data/Playlist1D/MasterAnaDev_data_AnaTuple_run00010260_Playlist.root	567617178	2026-04-19T22:13:41Z
Data/Playlist1D/MasterAnaDev_data_AnaTuple_run00010261_Playlist.root	570845754	2026-04-19T22:13:46Z
Data/Playlist1D/MasterAnaDev_data_AnaTuple_run00010262_Playlist.root	568043270	2026-04-19T22:13:53Z
Data/Playlist1D/MasterAnaDev_data_AnaTuple_run00010263_Playlist.root	506658792	2026-04-19T22:13:56Z
Data/Playlist1D/MasterAnaDev_data_AnaTuple_run00010264_Playlist.root	544710978	2026-04-19T22:14:00Z
Data/Playlist1D/MasterAnaDev_data_AnaTuple_run00010265_Playlist.root	545791407	2026-04-19T22:14:04Z
Data/Playlist1D/MasterAnaDev_data_AnaTuple_run00010266_Playlist.root	543882846	2026-04-19T22:14:09Z
Data/Playlist1D/MasterAnaDev_data_AnaTuple_run00010267_Playlist.root	548507481	2026-04-19T22:14:12Z
Data/Playlist1D/MasterAnaDev_data_AnaTuple_run00010268_Playlist.root	567012688	2026-04-19T22:14:16Z
Data/Playlist1D/MasterAnaDev_data_AnaTuple_run00010269_Playlist.root	565714692	2026-04-19T22:14:19Z
Data/Playlist1D/MasterAnaDev_data_AnaTuple_run00010270_Playlist.root	584620042	2026-04-19T22:14:26Z
Data/Playlist1D/MasterAnaDev_data_AnaTuple_run00010271_Playlist.root	562407971	2026-04-19T22:14:29Z
Data/Playlist1D/MasterAnaDev_data_AnaTuple_run00010272_Playlist.root	542752500	2026-04-19T22:14:32Z
Data/Playlist1D/MasterAnaDev_data_AnaTuple_run00010273_Playlist.root	566219675	2026-04-19T22:14:35Z
Data/Playlist1D/MasterAnaDev_data_AnaTuple_run00010274_Playlist.root	526925982	2026-04-19T22:14:38Z
Data/Playlist1D/MasterAnaDev_data_AnaTuple_run00010275_Playlist.root	568641775	2026-04-19T22:14:41Z
Data/Playlist1D/MasterAnaDev_data_AnaTuple_run00010276_Playlist.root	554716363	2026-04-19T22:14:44Z
Data/Playlist1D/MasterAnaDev_data_AnaTuple_run00010277_Playlist.root	545080435	2026-04-19T22:14:48Z
Data/Playlist1D/MasterAnaDev_data_AnaTuple_run00010278_Playlist.root	516179510	2026-04-19T22:14:50Z
Data/Playlist1D/MasterAnaDev_data_AnaTuple_run00010279_Playlist.root	554709535	2026-04-19T22:15:02Z
Data/Playlist1D/MasterAnaDev_data_AnaTuple_run00010280_Playlist.root	569153728	2026-04-19T22:15:07Z
Data/Playlist1D/MasterAnaDev_data_AnaTuple_run00010281_Playlist.root	437537057	2026-04-19T22:15:12Z
Data/Playlist1D/MasterAnaDev_data_AnaTuple_run00010282_Playlist.root	336234187	2026-04-19T22:15:15Z
Data/Playlist1D/MasterAnaDev_data_AnaTuple_run00010283_Playlist.root	521144647	2026-04-19T22:15:21Z
Data/Playlist1D/MasterAnaDev_data_AnaTuple_run00010284_Playlist.root	562185044	2026-04-19T22:15:27Z
Data/Playlist1D/MasterAnaDev_data_AnaTuple_run00010285_Playlist.root	552645251	2026-04-19T22:15:30Z
Data/Playlist1D/MasterAnaDev_data_AnaTuple_run00010286_Playlist.root	535144991	2026-04-19T22:15:33Z
Data/Playlist1D/MasterAnaDev_data_AnaTuple_run00010287_Playlist.root	549775475	2026-04-19T22:15:36Z
Data/Playlist1D/MasterAnaDev_data_AnaTuple_run00010288_Playlist.root	568807804	2026-04-19T22:15:39Z
Data/Playlist1D/MasterAnaDev_data_AnaTuple_run00010289_Playlist.root	477964401	2026-04-19T22:15:44Z
Data/Playlist1D/MasterAnaDev_data_AnaTuple_run00010290_Playlist.root	510430902	2026-04-19T22:15:46Z
Data/Playlist1D/MasterAnaDev_data_AnaTuple_run00010291_Playlist.root	567789746	2026-04-19T22:15:50Z
Data/Playlist1D/MasterAnaDev_data_AnaTuple_run00010292_Playlist.root	507193693	2026-04-19T22:15:54Z
Data/Playlist1D/MasterAnaDev_data_AnaTuple_run00010293_Playlist.root	558736485	2026-04-19T22:29:51Z
Data/Playlist1D/MasterAnaDev_data_AnaTuple_run00010294_Playlist.root	572756751	2026-04-19T22:30:01Z
Data/Playlist1D/MasterAnaDev_data_AnaTuple_run00010295_Playlist.root	526006649	2026-04-19T22:30:03Z
Data/Playlist1D/MasterAnaDev_data_AnaTuple_run00010296_Playlist.root	546421478	2026-04-19T22:30:06Z
Data/Playlist1D/MasterAnaDev_data_AnaTuple_run00010297_Playlist.root	212327649	2026-04-19T22:30:08Z
Data/Playlist1D/MasterAnaDev_data_AnaTuple_run00010298_Playlist.root	482707782	2026-04-19T22:30:11Z
Data/Playlist1D/MasterAnaDev_data_AnaTuple_run00010299_Playlist.root	569399123	2026-04-19T22:30:13Z
Data/Playlist1D/MasterAnaDev_data_AnaTuple_run00010300_Playlist.root	530556044	2026-04-19T22:30:16Z
Data/Playlist1D/MasterAnaDev_data_AnaTuple_run00010301_Playlist.root	566641065	2026-04-19T22:30:19Z
Data/Playlist1D/MasterAnaDev_data_AnaTuple_run00010302_Playlist.root	589970547	2026-04-19T22:30:22Z
Data/Playlist1D/MasterAnaDev_data_AnaTuple_run00010303_Playlist.root	557405503	2026-04-19T22:30:26Z
Data/Playlist1D/MasterAnaDev_data_AnaTuple_run00010304_Playlist.root	373271561	2026-04-19T22:30:28Z
Data/Playlist1D/MasterAnaDev_data_AnaTuple_run00010305_Playlist.root	547240191	2026-04-19T22:30:32Z
Data/Playlist1D/MasterAnaDev_data_AnaTuple_run00010306_Playlist.root	531850401	2026-04-19T22:30:35Z
Data/Playlist1D/MasterAnaDev_data_AnaTuple_run00010307_Playlist.root	463827322	2026-04-19T22:30:37Z
Data/Playlist1D/MasterAnaDev_data_AnaTuple_run00010308_Playlist.root	525142648	2026-04-19T22:30:41Z
Data/Playlist1D/MasterAnaDev_data_AnaTuple_run00010309_Playlist.root	517461165	2026-04-19T22:30:46Z
Data/Playlist1D/MasterAnaDev_data_AnaTuple_run00010310_Playlist.root	538839163	2026-04-19T22:30:52Z
Data/Playlist1D/MasterAnaDev_data_AnaTuple_run00010311_Playlist.root	509410761	2026-04-19T22:30:55Z
Data/Playlist1D/MasterAnaDev_data_AnaTuple_run00010312_Playlist.root	521492256	2026-04-19T22:30:58Z
Data/Playlist1D/MasterAnaDev_data_AnaTuple_run00010313_Playlist.root	472144630	2026-04-19T22:31:01Z
Data/Playlist1D/MasterAnaDev_data_AnaTuple_run00010314_Playlist.root	514239729	2026-04-19T22:31:05Z
Data/Playlist1D/MasterAnaDev_data_AnaTuple_run00010315_Playlist.root	522967759	2026-04-19T22:31:10Z
Data/Playlist1D/MasterAnaDev_data_AnaTuple_run00010316_Playlist.root	539025802	2026-04-19T22:31:14Z
Data/Playlist1D/MasterAnaDev_data_AnaTuple_run00010317_Playlist.root	483837751	2026-04-19T22:31:18Z
Data/Playlist1D/MasterAnaDev_data_AnaTuple_run00010318_Playlist.root	334422144	2026-04-19T22:31:20Z
Data/Playlist1D/MasterAnaDev_data_AnaTuple_run00010319_Playlist.root	141053285	2026-04-19T22:31:23Z
Data/Playlist1D/MasterAnaDev_data_AnaTuple_run00010332_Playlist.root	291482223	2026-04-19T22:31:26Z
Data/Playlist1D/MasterAnaDev_data_AnaTuple_run00010333_Playlist.root	492817281	2026-04-19T22:31:30Z
Data/Playlist1D/MasterAnaDev_data_AnaTuple_run00010334_Playlist.root	456564200	2026-04-19T22:31:32Z
Data/Playlist1D/MasterAnaDev_data_AnaTuple_run00010335_Playlist.root	500777812	2026-04-19T22:31:35Z
Data/Playlist1D/MasterAnaDev_data_AnaTuple_run00010336_Playlist.root	558209343	2026-04-19T22:31:38Z
Data/Playlist1D/MasterAnaDev_data_AnaTuple_run00010337_Playlist.root	538934663	2026-04-19T22:31:42Z
Data/Playlist1D/MasterAnaDev_data_AnaTuple_run00010338_Playlist.root	511290304	2026-04-19T22:31:45Z
Data/Playlist1D/MasterAnaDev_data_AnaTuple_run00010339_Playlist.root	518577619	2026-04-19T22:31:47Z
Data/Playlist1D/MasterAnaDev_data_AnaTuple_run00010340_Playlist.root	868682460	2026-04-19T22:31:52Z
Data/Playlist1D/MasterAnaDev_data_AnaTuple_run00010341_Playlist.root	556620388	2026-04-19T22:31:56Z
Data/Playlist1D/MasterAnaDev_data_AnaTuple_run00010342_Playlist.root	515344220	2026-04-19T22:32:00Z
Data/Playlist1D/MasterAnaDev_data_AnaTuple_run00010343_Playlist.root	515852266	2026-04-19T22:32:05Z
Data/Playlist1D/MasterAnaDev_data_AnaTuple_run00010344_Playlist.root	664778730	2026-04-19T22:32:08Z
Data/Playlist1D/MasterAnaDev_data_AnaTuple_run00010345_Playlist.root	554671801	2026-04-19T22:32:12Z
Data/Playlist1D/MasterAnaDev_data_AnaTuple_run00010346_Playlist.root	547623141	2026-04-19T22:32:16Z
Data/Playlist1D/MasterAnaDev_data_AnaTuple_run00010347_Playlist.root	572669307	2026-04-19T22:32:18Z
Data/Playlist1D/MasterAnaDev_data_AnaTuple_run00010348_Playlist.root	413941664	2026-04-19T22:32:22Z
Data/Playlist1D/MasterAnaDev_data_AnaTuple_run00010349_Playlist.root	574763641	2026-04-19T22:32:26Z
Data/Playlist1D/MasterAnaDev_data_AnaTuple_run00010350_Playlist.root	684038341	2026-04-19T22:32:31Z
Data/Playlist1D/MasterAnaDev_data_AnaTuple_run00010351_Playlist.root	207948117	2026-04-19T22:32:33Z
Data/Playlist1D/MasterAnaDev_data_AnaTuple_run00010353_Playlist.root	507561249	2026-04-19T22:32:38Z
Data/Playlist1D/MasterAnaDev_data_AnaTuple_run00010354_Playlist.root	534675470	2026-04-19T22:32:42Z
Data/Playlist1D/MasterAnaDev_data_AnaTuple_run00010355_Playlist.root	565123058	2026-04-19T22:32:45Z
Data/Playlist1D/MasterAnaDev_data_AnaTuple_run00010356_Playlist.root	428276783	2026-04-19T22:32:49Z
Data/Playlist1D/MasterAnaDev_data_AnaTuple_run00010357_Playlist.root	1644490	2026-04-19T22:32:50Z
Data/Playlist1D/MasterAnaDev_data_AnaTuple_run00010358_Playlist.root	539539547	2026-04-19T22:32:54Z
Data/Playlist1D/MasterAnaDev_data_AnaTuple_run00010359_Playlist.root	532652139	2026-04-19T22:32:57Z
Data/Playlist1D/MasterAnaDev_data_AnaTuple_run00010360_Playlist.root	563098245	2026-04-19T22:33:00Z
Data/Playlist1D/MasterAnaDev_data_AnaTuple_run00010361_Playlist.root	531500457	2026-04-19T22:33:03Z
Data/Playlist1D/MasterAnaDev_data_AnaTuple_run00010362_Playlist.root	529391006	2026-04-19T22:33:06Z
Data/Playlist1D/MasterAnaDev_data_AnaTuple_run00010363_Playlist.root	527981444	2026-04-19T22:33:10Z
Data/Playlist1D/MasterAnaDev_data_AnaTuple_run00010364_Playlist.root	539193961	2026-04-19T22:47:00Z
Data/Playlist1D/MasterAnaDev_data_AnaTuple_run00010365_Playlist.root	498722191	2026-04-19T22:47:09Z
Data/Playlist1D/MasterAnaDev_data_AnaTuple_run00010366_Playlist.root	544896658	2026-04-19T22:47:14Z
Data/Playlist1D/MasterAnaDev_data_AnaTuple_run00010367_Playlist.root	57255010	2026-04-19T22:47:16Z
Data/Playlist1D/MasterAnaDev_data_AnaTuple_run00010368_Playlist.root	1573062	2026-04-19T22:47:17Z
Data/Playlist1D/MasterAnaDev_data_AnaTuple_run00010369_Playlist.root	555362061	2026-04-19T22:47:20Z
Data/Playlist1D/MasterAnaDev_data_AnaTuple_run00010370_Playlist.root	524363831	2026-04-19T22:47:22Z
Data/Playlist1D/MasterAnaDev_data_AnaTuple_run00010371_Playlist.root	17446339	2026-04-19T22:47:23Z
Data/Playlist1D/MasterAnaDev_data_AnaTuple_run00010372_Playlist.root	376149808	2026-04-19T22:47:25Z
Data/Playlist1D/MasterAnaDev_data_AnaTuple_run00010373_Playlist.root	307749956	2026-04-19T22:47:27Z
Data/Playlist1D/MasterAnaDev_data_AnaTuple_run00010374_Playlist.root	1400238	2026-04-19T22:47:28Z
Data/Playlist1D/MasterAnaDev_data_AnaTuple_run00010375_Playlist.root	511533110	2026-04-19T22:47:30Z
Data/Playlist1D/MasterAnaDev_data_AnaTuple_run00010376_Playlist.root	529611303	2026-04-19T22:47:34Z
Data/Playlist1D/MasterAnaDev_data_AnaTuple_run00010377_Playlist.root	574911423	2026-04-19T22:47:38Z
Data/Playlist1D/MasterAnaDev_data_AnaTuple_run00010378_Playlist.root	557423195	2026-04-19T22:47:43Z
Data/Playlist1D/MasterAnaDev_data_AnaTuple_run00010379_Playlist.root	546522228	2026-04-19T22:47:46Z
Data/Playlist1D/MasterAnaDev_data_AnaTuple_run00010380_Playlist.root	510481338	2026-04-19T22:47:51Z
Data/Playlist1D/MasterAnaDev_data_AnaTuple_run00010381_Playlist.root	559166673	2026-04-19T22:48:00Z
Data/Playlist1D/MasterAnaDev_data_AnaTuple_run00010382_Playlist.root	517336845	2026-04-19T22:48:02Z
Data/Playlist1D/MasterAnaDev_data_AnaTuple_run00010383_Playlist.root	303766312	2026-04-19T22:48:05Z
Data/Playlist1D/MasterAnaDev_data_AnaTuple_run00010385_Playlist.root	166293	2026-04-19T22:48:05Z
Data/Playlist1D/MasterAnaDev_data_AnaTuple_run00010386_Playlist.root	350921146	2026-04-19T22:48:07Z
Data/Playlist1D/MasterAnaDev_data_AnaTuple_run00010387_Playlist.root	469019527	2026-04-19T22:48:11Z
Data/Playlist1D/MasterAnaDev_data_AnaTuple_run00010388_Playlist.root	553731711	2026-04-19T22:48:15Z
Data/Playlist1D/MasterAnaDev_data_AnaTuple_run00010389_Playlist.root	205440838	2026-04-19T22:48:16Z
Data/Playlist1D/MasterAnaDev_data_AnaTuple_run00010390_Playlist.root	553590067	2026-04-19T22:48:20Z
Data/Playlist1D/MasterAnaDev_data_AnaTuple_run00010391_Playlist.root	534668340	2026-04-19T22:48:23Z
Data/Playlist1D/MasterAnaDev_data_AnaTuple_run00010392_Playlist.root	576815527	2026-04-19T22:48:26Z
Data/Playlist1D/MasterAnaDev_data_AnaTuple_run00010393_Playlist.root	580564255	2026-04-19T22:48:32Z
Data/Playlist1D/MasterAnaDev_data_AnaTuple_run00010394_Playlist.root	564873936	2026-04-19T22:48:37Z
Data/Playlist1D/MasterAnaDev_data_AnaTuple_run00010395_Playlist.root	523982543	2026-04-19T22:48:41Z
Data/Playlist1D/MasterAnaDev_data_AnaTuple_run00010396_Playlist.root	544878464	2026-04-19T22:48:46Z
Data/Playlist1D/MasterAnaDev_data_AnaTuple_run00010397_Playlist.root	558834609	2026-04-19T22:48:50Z
Data/Playlist1D/MasterAnaDev_data_AnaTuple_run00010398_Playlist.root	549520373	2026-04-19T22:48:53Z
Data/Playlist1D/MasterAnaDev_data_AnaTuple_run00010399_Playlist.root	388507101	2026-04-19T22:48:56Z
Data/Playlist1D/MasterAnaDev_data_AnaTuple_run00010400_Playlist.root	530744489	2026-04-19T22:48:59Z
Data/Playlist1D/MasterAnaDev_data_AnaTuple_run00010401_Playlist.root	57186362	2026-04-19T22:49:00Z
Data/Playlist1D/MasterAnaDev_data_AnaTuple_run00010402_Playlist.root	512877344	2026-04-19T22:49:04Z
Data/Playlist1D/MasterAnaDev_data_AnaTuple_run00010403_Playlist.root	549116288	2026-04-19T22:49:09Z
Data/Playlist1D/MasterAnaDev_data_AnaTuple_run00010404_Playlist.root	569477760	2026-04-19T22:49:12Z
Data/Playlist1D/MasterAnaDev_data_AnaTuple_run00010405_Playlist.root	561305206	2026-04-19T22:49:16Z
Data/Playlist1D/MasterAnaDev_data_AnaTuple_run00010406_Playlist.root	561394166	2026-04-19T22:49:19Z
Data/Playlist1D/MasterAnaDev_data_AnaTuple_run00010407_Playlist.root	545011375	2026-04-19T22:49:22Z
Data/Playlist1D/MasterAnaDev_data_AnaTuple_run00010408_Playlist.root	575558086	2026-04-19T22:49:25Z
Data/Playlist1D/MasterAnaDev_data_AnaTuple_run00010409_Playlist.root	560043551	2026-04-19T22:49:29Z
Data/Playlist1D/MasterAnaDev_data_AnaTuple_run00010410_Playlist.root	559068602	2026-04-19T22:49:33Z
Data/Playlist1D/MasterAnaDev_data_AnaTuple_run00010411_Playlist.root	501515230	2026-04-19T22:49:36Z
Data/Playlist1D/MasterAnaDev_data_AnaTuple_run00010412_Playlist.root	537663944	2026-04-19T22:49:39Z
Data/Playlist1D/MasterAnaDev_data_AnaTuple_run00010413_Playlist.root	545807999	2026-04-19T22:49:43Z
Data/Playlist1D/MasterAnaDev_data_AnaTuple_run00010414_Playlist.root	430582219	2026-04-19T22:49:46Z
Data/Playlist1D/MasterAnaDev_data_AnaTuple_run00010415_Playlist.root	544698888	2026-04-19T22:49:49Z
Data/Playlist1D/MasterAnaDev_data_AnaTuple_run00010416_Playlist.root	590228013	2026-04-19T22:49:52Z
Data/Playlist1D/MasterAnaDev_data_AnaTuple_run00010417_Playlist.root	602936731	2026-04-19T22:49:55Z
Data/Playlist1D/MasterAnaDev_data_AnaTuple_run00010418_Playlist.root	530960231	2026-04-19T22:49:58Z
Data/Playlist1D/MasterAnaDev_data_AnaTuple_run00010419_Playlist.root	556774467	2026-04-19T22:50:03Z
Data/Playlist1D/MasterAnaDev_data_AnaTuple_run00010420_Playlist.root	570527936	2026-04-19T22:50:09Z
Data/Playlist1D/MasterAnaDev_data_AnaTuple_run00010421_Playlist.root	58053769	2026-04-19T22:50:11Z
Data/Playlist1D/MasterAnaDev_data_AnaTuple_run00010422_Playlist.root	61113677	2026-04-19T22:50:13Z
Data/Playlist1D/MasterAnaDev_data_AnaTuple_run00010423_Playlist.root	542282384	2026-04-19T22:50:17Z
Data/Playlist1D/MasterAnaDev_data_AnaTuple_run00010424_Playlist.root	518582485	2026-04-19T22:50:20Z
Data/Playlist1D/MasterAnaDev_data_AnaTuple_run00010425_Playlist.root	523184904	2026-04-19T22:50:23Z
Data/Playlist1D/MasterAnaDev_data_AnaTuple_run00010426_Playlist.root	515072684	2026-04-19T22:50:26Z
Data/Playlist1D/MasterAnaDev_data_AnaTuple_run00010427_Playlist.root	522632558	2026-04-19T22:50:29Z
Data/Playlist1D/MasterAnaDev_data_AnaTuple_run00010428_Playlist.root	288577687	2026-04-19T22:50:34Z
Data/Playlist1D/MasterAnaDev_data_AnaTuple_run00010429_Playlist.root	18796501	2026-04-19T22:50:36Z
Data/Playlist1D/MasterAnaDev_data_AnaTuple_run00010430_Playlist.root	4530963	2026-04-19T22:50:37Z
Data/Playlist1D/MasterAnaDev_data_AnaTuple_run00010431_Playlist.root	36956232	2026-04-19T22:50:38Z
Data/Playlist1D/MasterAnaDev_data_AnaTuple_run00010433_Playlist.root	558570438	2026-04-19T22:50:43Z
Data/Playlist1D/MasterAnaDev_data_AnaTuple_run00010434_Playlist.root	526313699	2026-04-19T22:50:46Z
Data/Playlist1D/MasterAnaDev_data_AnaTuple_run00010435_Playlist.root	515413710	2026-04-19T22:50:50Z
Data/Playlist1D/MasterAnaDev_data_AnaTuple_run00010436_Playlist.root	118213773	2026-04-19T22:50:52Z
Data/Playlist1D/MasterAnaDev_data_AnaTuple_run00010437_Playlist.root	28287148	2026-04-19T22:50:53Z
Data/Playlist1D/MasterAnaDev_data_AnaTuple_run00010500_Playlist.root	551650360	2026-04-19T22:50:56Z
Data/Playlist1D/MasterAnaDev_data_AnaTuple_run00010501_Playlist.root	566332525	2026-04-19T22:51:01Z
Data/Playlist1D/MasterAnaDev_data_AnaTuple_run00010502_Playlist.root	534837379	2026-04-19T22:51:05Z
Data/Playlist1D/MasterAnaDev_data_AnaTuple_run00010503_Playlist.root	175740675	2026-04-19T22:51:06Z
Data/Playlist1D/MasterAnaDev_data_AnaTuple_run00010504_Playlist.root	299051782	2026-04-19T22:51:09Z
Data/Playlist1D/MasterAnaDev_data_AnaTuple_run00010505_Playlist.root	463253443	2026-04-19T22:51:12Z
Data/Playlist1D/MasterAnaDev_data_AnaTuple_run00010506_Playlist.root	60816013	2026-04-19T22:51:14Z
Data/Playlist1D/MasterAnaDev_data_AnaTuple_run00010508_Playlist.root	409545375	2026-04-19T22:51:16Z
Data/Playlist1D/MasterAnaDev_data_AnaTuple_run00010509_Playlist.root	197129608	2026-04-19T22:51:18Z
Data/Playlist1D/MasterAnaDev_data_AnaTuple_run00010511_Playlist.root	367171702	2026-04-19T22:51:23Z
Data/Playlist1D/MasterAnaDev_data_AnaTuple_run00010512_Playlist.root	386684369	2026-04-19T22:51:25Z
Data/Playlist1D/MasterAnaDev_data_AnaTuple_run00010513_Playlist.root	396610604	2026-04-19T22:51:29Z
Data/Playlist1D/MasterAnaDev_data_AnaTuple_run00010514_Playlist.root	445654535	2026-04-19T22:51:33Z
Data/Playlist1D/MasterAnaDev_data_AnaTuple_run00010515_Playlist.root	445210263	2026-04-19T22:51:35Z
Data/Playlist1D/MasterAnaDev_data_AnaTuple_run00010516_Playlist.root	453774192	2026-04-19T22:51:38Z
Data/Playlist1D/MasterAnaDev_data_AnaTuple_run00010517_Playlist.root	433591278	2026-04-19T22:51:41Z
Data/Playlist1D/MasterAnaDev_data_AnaTuple_run00010518_Playlist.root	448933942	2026-04-19T22:51:44Z
Data/Playlist1D/MasterAnaDev_data_AnaTuple_run00010519_Playlist.root	450081979	2026-04-19T22:51:46Z
Data/Playlist1D/MasterAnaDev_data_AnaTuple_run00010520_Playlist.root	432960197	2026-04-19T22:51:50Z
Data/Playlist1D/MasterAnaDev_data_AnaTuple_run00010521_Playlist.root	437072240	2026-04-19T22:51:53Z
Data/Playlist1D/MasterAnaDev_data_AnaTuple_run00010522_Playlist.root	421397506	2026-04-19T22:51:57Z
Data/Playlist1D/MasterAnaDev_data_AnaTuple_run00010523_Playlist.root	506070122	2026-04-19T22:52:00Z
Data/Playlist1D/MasterAnaDev_data_AnaTuple_run00010524_Playlist.root	318484223	2026-04-19T22:52:02Z
Data/Playlist1D/MasterAnaDev_data_AnaTuple_run00010525_Playlist.root	489832013	2026-04-19T22:52:05Z
Data/Playlist1D/MasterAnaDev_data_AnaTuple_run00010526_Playlist.root	499896276	2026-04-19T22:52:08Z
Data/Playlist1D/MasterAnaDev_data_AnaTuple_run00010527_Playlist.root	224801186	2026-04-19T22:52:11Z
Data/Playlist1D/MasterAnaDev_data_AnaTuple_run00010529_Playlist.root	514575643	2026-04-19T22:52:14Z
Data/Playlist1D/MasterAnaDev_data_AnaTuple_run00010530_Playlist.root	443807018	2026-04-19T22:52:17Z
Data/Playlist1D/MasterAnaDev_data_AnaTuple_run00010531_Playlist.root	512077458	2026-04-19T22:52:19Z
Data/Playlist1D/MasterAnaDev_data_AnaTuple_run00010532_Playlist.root	508459538	2026-04-19T22:52:22Z
Data/Playlist1D/MasterAnaDev_data_AnaTuple_run00010533_Playlist.root	496943378	2026-04-19T22:52:24Z
Data/Playlist1D/MasterAnaDev_data_AnaTuple_run00010534_Playlist.root	478813863	2026-04-19T22:52:27Z
Data/Playlist1D/MasterAnaDev_data_AnaTuple_run00010535_Playlist.root	504207797	2026-04-19T22:52:30Z
Data/Playlist1D/MasterAnaDev_data_AnaTuple_run00010536_Playlist.root	521962550	2026-04-19T22:52:33Z
Data/Playlist1D/MasterAnaDev_data_AnaTuple_run00010537_Playlist.root	528498741	2026-04-19T22:52:37Z
Data/Playlist1D/MasterAnaDev_data_AnaTuple_run00010538_Playlist.root	466149281	2026-04-19T22:52:40Z
Data/Playlist1D/MasterAnaDev_data_AnaTuple_run00010556_Playlist.root	211771108	2026-04-19T22:52:42Z
Data/Playlist1D/MasterAnaDev_data_AnaTuple_run00010557_Playlist.root	509670579	2026-04-19T22:52:45Z
Data/Playlist1D/MasterAnaDev_data_AnaTuple_run00010558_Playlist.root	585202214	2026-04-19T22:52:49Z
Data/Playlist1D/MasterAnaDev_data_AnaTuple_run00010559_Playlist.root	605043219	2026-04-19T22:52:52Z
Data/Playlist1D/MasterAnaDev_data_AnaTuple_run00010560_Playlist.root	523272191	2026-04-19T22:52:56Z
Data/Playlist1D/MasterAnaDev_data_AnaTuple_run00010561_Playlist.root	425330021	2026-04-19T22:52:58Z
Data/Playlist1D/MasterAnaDev_data_AnaTuple_run00010562_Playlist.root	534084708	2026-04-19T22:53:02Z
Data/Playlist1D/MasterAnaDev_data_AnaTuple_run00010563_Playlist.root	323719791	2026-04-19T22:53:03Z
Data/Playlist1D/MasterAnaDev_data_AnaTuple_run00010586_Playlist.root	518656899	2026-04-19T22:53:06Z
Data/Playlist1D/MasterAnaDev_data_AnaTuple_run00010587_Playlist.root	509181409	2026-04-19T22:53:08Z
Data/Playlist1D/MasterAnaDev_data_AnaTuple_run00010588_Playlist.root	507492841	2026-04-19T22:53:12Z
Data/Playlist1D/MasterAnaDev_data_AnaTuple_run00010589_Playlist.root	510831326	2026-04-19T22:53:16Z
Data/Playlist1D/MasterAnaDev_data_AnaTuple_run00010590_Playlist.root	521456401	2026-04-19T22:53:22Z
Data/Playlist1D/MasterAnaDev_data_AnaTuple_run00010591_Playlist.root	508628906	2026-04-19T22:53:24Z
Data/Playlist1D/MasterAnaDev_data_AnaTuple_run00010592_Playlist.root	416623674	2026-04-19T22:53:27Z
Data/Playlist1D/MasterAnaDev_data_AnaTuple_run00010593_Playlist.root	519671469	2026-04-19T22:53:30Z
Data/Playlist1D/MasterAnaDev_data_AnaTuple_run00010594_Playlist.root	557365927	2026-04-19T22:53:34Z
Data/Playlist1D/MasterAnaDev_data_AnaTuple_run00010595_Playlist.root	551197801	2026-04-19T22:53:41Z
Data/Playlist1D/MasterAnaDev_data_AnaTuple_run00010596_Playlist.root	552007737	2026-04-19T22:53:45Z
Data/Playlist1D/MasterAnaDev_data_AnaTuple_run00010597_Playlist.root	596529401	2026-04-19T22:53:49Z
Data/Playlist1D/MasterAnaDev_data_AnaTuple_run00010598_Playlist.root	522861157	2026-04-19T22:53:53Z
Data/Playlist1D/MasterAnaDev_data_AnaTuple_run00010599_Playlist.root	564484777	2026-04-19T22:53:56Z
Data/Playlist1D/MasterAnaDev_data_AnaTuple_run00010600_Playlist.root	545036224	2026-04-19T22:53:59Z
Data/Playlist1D/MasterAnaDev_data_AnaTuple_run00010601_Playlist.root	582242507	2026-04-19T22:54:02Z
Data/Playlist1D/MasterAnaDev_data_AnaTuple_run00010602_Playlist.root	568136879	2026-04-19T22:54:06Z
Data/Playlist1D/MasterAnaDev_data_AnaTuple_run00010603_Playlist.root	551355262	2026-04-19T22:54:09Z
Data/Playlist1D/MasterAnaDev_data_AnaTuple_run00010604_Playlist.root	551851074	2026-04-19T22:54:12Z
Data/Playlist1D/MasterAnaDev_data_AnaTuple_run00010605_Playlist.root	575448288	2026-04-19T22:54:16Z
Data/Playlist1D/MasterAnaDev_data_AnaTuple_run00010606_Playlist.root	540037929	2026-04-19T22:54:20Z
Data/Playlist1D/MasterAnaDev_data_AnaTuple_run00010607_Playlist.root	540838921	2026-04-19T22:54:24Z
Data/Playlist1D/MasterAnaDev_data_AnaTuple_run00010608_Playlist.root	568417962	2026-04-19T22:54:27Z
Data/Playlist1D/MasterAnaDev_data_AnaTuple_run00010609_Playlist.root	556446918	2026-04-19T22:54:30Z
Data/Playlist1D/MasterAnaDev_data_AnaTuple_run00010610_Playlist.root	370717381	2026-04-19T22:54:37Z
Data/Playlist1D/MasterAnaDev_data_AnaTuple_run00010611_Playlist.root	576227622	2026-04-19T22:54:40Z
Data/Playlist1D/MasterAnaDev_data_AnaTuple_run00010612_Playlist.root	610429911	2026-04-19T22:54:43Z
Data/Playlist1D/MasterAnaDev_data_AnaTuple_run00010613_Playlist.root	561374453	2026-04-19T22:54:48Z
Data/Playlist1D/MasterAnaDev_data_AnaTuple_run00010614_Playlist.root	563846659	2026-04-19T22:54:50Z
Data/Playlist1D/MasterAnaDev_data_AnaTuple_run00010615_Playlist.root	372869143	2026-04-19T22:54:54Z
Data/Playlist1D/MasterAnaDev_data_AnaTuple_run00010617_Playlist.root	469664267	2026-04-19T22:54:57Z
Data/Playlist1D/MasterAnaDev_data_AnaTuple_run00010618_Playlist.root	572785273	2026-04-19T22:55:01Z
Data/Playlist1D/MasterAnaDev_data_AnaTuple_run00010619_Playlist.root	546642095	2026-04-19T22:55:04Z
Data/Playlist1D/MasterAnaDev_data_AnaTuple_run00010620_Playlist.root	619362768	2026-04-19T22:55:07Z
Data/Playlist1D/MasterAnaDev_data_AnaTuple_run00010621_Playlist.root	439248879	2026-04-19T22:55:10Z
Data/Playlist1D/MasterAnaDev_data_AnaTuple_run00010622_Playlist.root	484844088	2026-04-19T22:55:13Z
Data/Playlist1D/MasterAnaDev_data_AnaTuple_run00010623_Playlist.root	597803090	2026-04-19T22:55:16Z
Data/Playlist1D/MasterAnaDev_data_AnaTuple_run00010624_Playlist.root	591698037	2026-04-19T22:55:19Z
Data/Playlist1D/MasterAnaDev_data_AnaTuple_run00010625_Playlist.root	537576764	2026-04-19T22:55:22Z
Data/Playlist1D/MasterAnaDev_data_AnaTuple_run00010626_Playlist.root	578033418	2026-04-19T22:55:25Z
Data/Playlist1D/MasterAnaDev_data_AnaTuple_run00010627_Playlist.root	502570511	2026-04-19T22:55:29Z
Data/Playlist1D/MasterAnaDev_data_AnaTuple_run00010628_Playlist.root	575392190	2026-04-19T22:55:34Z
Data/Playlist1D/MasterAnaDev_data_AnaTuple_run00010629_Playlist.root	592288309	2026-04-19T22:55:42Z
Data/Playlist1D/MasterAnaDev_data_AnaTuple_run00010630_Playlist.root	534003561	2026-04-19T22:55:44Z
Data/Playlist1D/MasterAnaDev_data_AnaTuple_run00010631_Playlist.root	252861197	2026-04-19T22:55:47Z
Data/Playlist1D/MasterAnaDev_data_AnaTuple_run00010636_Playlist.root	360854475	2026-04-19T22:55:59Z
Data/Playlist1D/MasterAnaDev_data_AnaTuple_run00010637_Playlist.root	523395135	2026-04-19T22:56:03Z
Data/Playlist1D/MasterAnaDev_data_AnaTuple_run00010638_Playlist.root	542664058	2026-04-19T22:56:07Z
Data/Playlist1D/MasterAnaDev_data_AnaTuple_run00010639_Playlist.root	544037592	2026-04-19T22:56:14Z
Data/Playlist1D/MasterAnaDev_data_AnaTuple_run00010640_Playlist.root	586488844	2026-04-19T22:56:19Z
Data/Playlist1D/MasterAnaDev_data_AnaTuple_run00010641_Playlist.root	601396501	2026-04-19T22:56:21Z
Data/Playlist1D/MasterAnaDev_data_AnaTuple_run00010642_Playlist.root	476261035	2026-04-19T22:56:25Z
Data/Playlist1D/MasterAnaDev_data_AnaTuple_run00010643_Playlist.root	606266011	2026-04-19T22:56:28Z
Data/Playlist1D/MasterAnaDev_data_AnaTuple_run00010644_Playlist.root	563605299	2026-04-19T22:56:31Z
Data/Playlist1D/MasterAnaDev_data_AnaTuple_run00010645_Playlist.root	586943882	2026-04-19T22:56:35Z
Data/Playlist1D/MasterAnaDev_data_AnaTuple_run00010646_Playlist.root	547111495	2026-04-19T22:56:37Z
Data/Playlist1D/MasterAnaDev_data_AnaTuple_run00010647_Playlist.root	582521951	2026-04-19T22:56:41Z
Data/Playlist1D/MasterAnaDev_data_AnaTuple_run00010648_Playlist.root	577640369	2026-04-19T22:56:44Z
Data/Playlist1D/MasterAnaDev_data_AnaTuple_run00010649_Playlist.root	542687462	2026-04-19T22:56:46Z
Data/Playlist1D/MasterAnaDev_data_AnaTuple_run00010650_Playlist.root	532748585	2026-04-19T22:56:49Z
Data/Playlist1D/MasterAnaDev_data_AnaTuple_run00010651_Playlist.root	587246313	2026-04-19T22:56:52Z
Data/Playlist1D/MasterAnaDev_data_AnaTuple_run00010652_Playlist.root	496164247	2026-04-19T22:56:56Z
Data/Playlist1D/MasterAnaDev_data_AnaTuple_run00010653_Playlist.root	559557303	2026-04-19T22:56:59Z
Data/Playlist1D/MasterAnaDev_data_AnaTuple_run00010654_Playlist.root	557515330	2026-04-19T22:57:02Z
Data/Playlist1D/MasterAnaDev_data_AnaTuple_run00010655_Playlist.root	576989577	2026-04-19T22:57:06Z
Data/Playlist1D/MasterAnaDev_data_AnaTuple_run00010656_Playlist.root	517999269	2026-04-19T22:57:12Z
Data/Playlist1D/MasterAnaDev_data_AnaTuple_run00010657_Playlist.root	562848697	2026-04-19T22:57:17Z
Data/Playlist1D/MasterAnaDev_data_AnaTuple_run00010658_Playlist.root	523934725	2026-04-19T22:57:20Z
Data/Playlist1D/MasterAnaDev_data_AnaTuple_run00010659_Playlist.root	515778197	2026-04-19T22:57:26Z
Data/Playlist1D/MasterAnaDev_data_AnaTuple_run00010660_Playlist.root	569369928	2026-04-19T22:57:31Z
Data/Playlist1D/MasterAnaDev_data_AnaTuple_run00010661_Playlist.root	121733220	2026-04-19T22:57:32Z
Data/Playlist1D/MasterAnaDev_data_AnaTuple_run00010662_Playlist.root	561080261	2026-04-19T22:57:36Z
Data/Playlist1E/MasterAnaDev_data_AnaTuple_run00016003_Playlist.root	200714062	2026-04-19T21:41:24Z
Data/Playlist1E/MasterAnaDev_data_AnaTuple_run00016004_Playlist.root	72782582	2026-04-19T21:41:26Z
Data/Playlist1E/MasterAnaDev_data_AnaTuple_run00016005_Playlist.root	20297185	2026-04-19T21:41:27Z
Data/Playlist1E/MasterAnaDev_data_AnaTuple_run00016006_Playlist.root	54486619	2026-04-19T21:41:28Z
Data/Playlist1E/MasterAnaDev_data_AnaTuple_run00016007_Playlist.root	2212652	2026-04-19T21:41:29Z
Data/Playlist1E/MasterAnaDev_data_AnaTuple_run00016008_Playlist.root	427362241	2026-04-19T21:41:32Z
Data/Playlist1E/MasterAnaDev_data_AnaTuple_run00016009_Playlist.root	439341598	2026-04-19T21:41:35Z
Data/Playlist1E/MasterAnaDev_data_AnaTuple_run00016010_Playlist.root	442124560	2026-04-19T21:41:38Z
Data/Playlist1E/MasterAnaDev_data_AnaTuple_run00016011_Playlist.root	154675835	2026-04-19T21:41:40Z
Data/Playlist1E/MasterAnaDev_data_AnaTuple_run00016012_Playlist.root	357151896	2026-04-19T21:41:42Z
Data/Playlist1E/MasterAnaDev_data_AnaTuple_run00016013_Playlist.root	415827287	2026-04-19T21:41:44Z
Data/Playlist1E/MasterAnaDev_data_AnaTuple_run00016015_Playlist.root	157383677	2026-04-19T21:41:46Z
Data/Playlist1E/MasterAnaDev_data_AnaTuple_run00016016_Playlist.root	510881399	2026-04-19T21:41:50Z
Data/Playlist1E/MasterAnaDev_data_AnaTuple_run00016017_Playlist.root	487819982	2026-04-19T21:41:54Z
Data/Playlist1E/MasterAnaDev_data_AnaTuple_run00016018_Playlist.root	108373328	2026-04-19T21:41:56Z
Data/Playlist1E/MasterAnaDev_data_AnaTuple_run00016019_Playlist.root	432007159	2026-04-19T21:41:58Z
Data/Playlist1E/MasterAnaDev_data_AnaTuple_run00016020_Playlist.root	433509614	2026-04-19T21:42:04Z
Data/Playlist1E/MasterAnaDev_data_AnaTuple_run00016021_Playlist.root	259339525	2026-04-19T21:42:06Z
Data/Playlist1E/MasterAnaDev_data_AnaTuple_run00016022_Playlist.root	234287683	2026-04-19T21:42:08Z
Data/Playlist1E/MasterAnaDev_data_AnaTuple_run00016023_Playlist.root	231625104	2026-04-19T21:42:12Z
Data/Playlist1E/MasterAnaDev_data_AnaTuple_run00016024_Playlist.root	193497362	2026-04-19T21:42:14Z
Data/Playlist1E/MasterAnaDev_data_AnaTuple_run00016025_Playlist.root	238688006	2026-04-19T21:42:17Z
Data/Playlist1E/MasterAnaDev_data_AnaTuple_run00016026_Playlist.root	162864406	2026-04-19T21:42:20Z
Data/Playlist1E/MasterAnaDev_data_AnaTuple_run00016027_Playlist.root	182429559	2026-04-19T21:42:22Z
Data/Playlist1E/MasterAnaDev_data_AnaTuple_run00016028_Playlist.root	234338434	2026-04-19T21:42:24Z
Data/Playlist1E/MasterAnaDev_data_AnaTuple_run00016029_Playlist.root	205856575	2026-04-19T21:42:26Z
Data/Playlist1E/MasterAnaDev_data_AnaTuple_run00016030_Playlist.root	280783655	2026-04-19T21:42:29Z
Data/Playlist1E/MasterAnaDev_data_AnaTuple_run00016031_Playlist.root	467865166	2026-04-19T21:42:32Z
Data/Playlist1E/MasterAnaDev_data_AnaTuple_run00016032_Playlist.root	213793475	2026-04-19T21:42:36Z
Data/Playlist1E/MasterAnaDev_data_AnaTuple_run00016036_Playlist.root	166321	2026-04-19T21:42:36Z
Data/Playlist1E/MasterAnaDev_data_AnaTuple_run00016040_Playlist.root	59078355	2026-04-19T21:42:38Z
Data/Playlist1E/MasterAnaDev_data_AnaTuple_run00016041_Playlist.root	177735631	2026-04-19T21:42:40Z
Data/Playlist1E/MasterAnaDev_data_AnaTuple_run00016042_Playlist.root	212735471	2026-04-19T21:42:42Z
Data/Playlist1E/MasterAnaDev_data_AnaTuple_run00016043_Playlist.root	544289028	2026-04-19T21:42:45Z
Data/Playlist1E/MasterAnaDev_data_AnaTuple_run00016044_Playlist.root	304106852	2026-04-19T21:42:47Z
Data/Playlist1E/MasterAnaDev_data_AnaTuple_run00016045_Playlist.root	372974036	2026-04-19T21:42:49Z
Data/Playlist1E/MasterAnaDev_data_AnaTuple_run00016046_Playlist.root	471456376	2026-04-19T21:42:52Z
Data/Playlist1E/MasterAnaDev_data_AnaTuple_run00016047_Playlist.root	445985488	2026-04-19T21:42:55Z
Data/Playlist1E/MasterAnaDev_data_AnaTuple_run00016048_Playlist.root	436016288	2026-04-19T21:42:58Z
Data/Playlist1E/MasterAnaDev_data_AnaTuple_run00016049_Playlist.root	499574114	2026-04-19T21:43:10Z
Data/Playlist1E/MasterAnaDev_data_AnaTuple_run00016050_Playlist.root	497719974	2026-04-19T21:43:13Z
Data/Playlist1E/MasterAnaDev_data_AnaTuple_run00016051_Playlist.root	471690283	2026-04-19T21:43:17Z
Data/Playlist1E/MasterAnaDev_data_AnaTuple_run00016052_Playlist.root	397689470	2026-04-19T21:43:20Z
Data/Playlist1E/MasterAnaDev_data_AnaTuple_run00016053_Playlist.root	431941651	2026-04-19T21:43:23Z
Data/Playlist1E/MasterAnaDev_data_AnaTuple_run00016054_Playlist.root	277021894	2026-04-19T21:43:26Z
Data/Playlist1E/MasterAnaDev_data_AnaTuple_run00016055_Playlist.root	433811422	2026-04-19T21:43:28Z
Data/Playlist1E/MasterAnaDev_data_AnaTuple_run00016056_Playlist.root	355795187	2026-04-19T21:43:30Z
Data/Playlist1E/MasterAnaDev_data_AnaTuple_run00016057_Playlist.root	400704455	2026-04-19T21:43:33Z
Data/Playlist1E/MasterAnaDev_data_AnaTuple_run00016058_Playlist.root	421051170	2026-04-19T21:43:37Z
Data/Playlist1E/MasterAnaDev_data_AnaTuple_run00016059_Playlist.root	455525200	2026-04-19T21:43:39Z
Data/Playlist1E/MasterAnaDev_data_AnaTuple_run00016060_Playlist.root	461680952	2026-04-19T21:43:43Z
Data/Playlist1E/MasterAnaDev_data_AnaTuple_run00016061_Playlist.root	471736450	2026-04-19T21:43:45Z
Data/Playlist1E/MasterAnaDev_data_AnaTuple_run00016062_Playlist.root	437528694	2026-04-19T21:43:49Z
Data/Playlist1E/MasterAnaDev_data_AnaTuple_run00016063_Playlist.root	414386677	2026-04-19T21:43:51Z
Data/Playlist1E/MasterAnaDev_data_AnaTuple_run00016064_Playlist.root	508348825	2026-04-19T21:43:54Z
Data/Playlist1E/MasterAnaDev_data_AnaTuple_run00016065_Playlist.root	296669515	2026-04-19T21:43:57Z
Data/Playlist1E/MasterAnaDev_data_AnaTuple_run00016070_Playlist.root	210287100	2026-04-19T21:43:58Z
Data/Playlist1E/MasterAnaDev_data_AnaTuple_run00016071_Playlist.root	373940155	2026-04-19T21:44:02Z
Data/Playlist1E/MasterAnaDev_data_AnaTuple_run00016072_Playlist.root	385363744	2026-04-19T21:44:06Z
Data/Playlist1E/MasterAnaDev_data_AnaTuple_run00016073_Playlist.root	450288422	2026-04-19T21:44:08Z
Data/Playlist1E/MasterAnaDev_data_AnaTuple_run00016074_Playlist.root	428349733	2026-04-19T21:44:13Z
Data/Playlist1E/MasterAnaDev_data_AnaTuple_run00016075_Playlist.root	410530642	2026-04-19T21:44:17Z
Data/Playlist1E/MasterAnaDev_data_AnaTuple_run00016076_Playlist.root	401789072	2026-04-19T21:44:19Z
Data/Playlist1E/MasterAnaDev_data_AnaTuple_run00016077_Playlist.root	524651464	2026-04-19T21:44:22Z
Data/Playlist1E/MasterAnaDev_data_AnaTuple_run00016078_Playlist.root	423378830	2026-04-19T21:44:25Z
Data/Playlist1E/MasterAnaDev_data_AnaTuple_run00016079_Playlist.root	442440080	2026-04-19T21:44:28Z
Data/Playlist1E/MasterAnaDev_data_AnaTuple_run00016080_Playlist.root	263089007	2026-04-19T21:44:30Z
Data/Playlist1E/MasterAnaDev_data_AnaTuple_run00016081_Playlist.root	527772772	2026-04-19T21:44:33Z
Data/Playlist1E/MasterAnaDev_data_AnaTuple_run00016082_Playlist.root	529842081	2026-04-19T21:44:37Z
Data/Playlist1E/MasterAnaDev_data_AnaTuple_run00016083_Playlist.root	528282462	2026-04-19T21:44:40Z
Data/Playlist1E/MasterAnaDev_data_AnaTuple_run00016084_Playlist.root	499446859	2026-04-19T21:44:42Z
Data/Playlist1E/MasterAnaDev_data_AnaTuple_run00016085_Playlist.root	525654895	2026-04-19T21:44:46Z
Data/Playlist1E/MasterAnaDev_data_AnaTuple_run00016086_Playlist.root	504714559	2026-04-19T21:44:50Z
Data/Playlist1E/MasterAnaDev_data_AnaTuple_run00016087_Playlist.root	437460740	2026-04-19T21:44:54Z
Data/Playlist1E/MasterAnaDev_data_AnaTuple_run00016088_Playlist.root	419645566	2026-04-19T21:44:59Z
Data/Playlist1E/MasterAnaDev_data_AnaTuple_run00016089_Playlist.root	414228376	2026-04-19T21:45:02Z
Data/Playlist1E/MasterAnaDev_data_AnaTuple_run00016090_Playlist.root	481852013	2026-04-19T21:45:06Z
Data/Playlist1E/MasterAnaDev_data_AnaTuple_run00016091_Playlist.root	85160537	2026-04-19T21:45:07Z
Data/Playlist1E/MasterAnaDev_data_AnaTuple_run00016092_Playlist.root	502683989	2026-04-19T21:45:13Z
Data/Playlist1E/MasterAnaDev_data_AnaTuple_run00016093_Playlist.root	498173705	2026-04-19T21:45:16Z
Data/Playlist1E/MasterAnaDev_data_AnaTuple_run00016094_Playlist.root	508457244	2026-04-19T21:45:24Z
Data/Playlist1E/MasterAnaDev_data_AnaTuple_run00016095_Playlist.root	479745818	2026-04-19T21:45:26Z
Data/Playlist1E/MasterAnaDev_data_AnaTuple_run00016096_Playlist.root	502307759	2026-04-19T21:45:30Z
Data/Playlist1E/MasterAnaDev_data_AnaTuple_run00016097_Playlist.root	276788606	2026-04-19T21:45:33Z
Data/Playlist1E/MasterAnaDev_data_AnaTuple_run00016098_Playlist.root	856468443	2026-04-19T21:45:39Z
Data/Playlist1E/MasterAnaDev_data_AnaTuple_run00016099_Playlist.root	50865806	2026-04-19T21:45:40Z
Data/Playlist1E/MasterAnaDev_data_AnaTuple_run00016100_Playlist.root	9664227	2026-04-19T21:45:41Z
Data/Playlist1E/MasterAnaDev_data_AnaTuple_run00016101_Playlist.root	420398681	2026-04-19T21:45:44Z
Data/Playlist1E/MasterAnaDev_data_AnaTuple_run00016102_Playlist.root	370172485	2026-04-19T21:45:47Z
Data/Playlist1E/MasterAnaDev_data_AnaTuple_run00016103_Playlist.root	148513898	2026-04-19T21:45:49Z
Data/Playlist1E/MasterAnaDev_data_AnaTuple_run00016104_Playlist.root	234622545	2026-04-19T21:45:50Z
Data/Playlist1E/MasterAnaDev_data_AnaTuple_run00016105_Playlist.root	236597161	2026-04-19T21:45:52Z
Data/Playlist1E/MasterAnaDev_data_AnaTuple_run00016106_Playlist.root	321600312	2026-04-19T21:45:56Z
Data/Playlist1E/MasterAnaDev_data_AnaTuple_run00016107_Playlist.root	256648251	2026-04-19T21:45:58Z
Data/Playlist1E/MasterAnaDev_data_AnaTuple_run00016108_Playlist.root	247205128	2026-04-19T21:46:00Z
Data/Playlist1E/MasterAnaDev_data_AnaTuple_run00016109_Playlist.root	4282142	2026-04-19T21:46:01Z
Data/Playlist1E/MasterAnaDev_data_AnaTuple_run00016118_Playlist.root	379447201	2026-04-19T21:46:03Z
Data/Playlist1E/MasterAnaDev_data_AnaTuple_run00016119_Playlist.root	552270309	2026-04-19T21:46:06Z
Data/Playlist1E/MasterAnaDev_data_AnaTuple_run00016120_Playlist.root	550971028	2026-04-19T21:46:10Z
Data/Playlist1E/MasterAnaDev_data_AnaTuple_run00016121_Playlist.root	582906278	2026-04-19T21:46:13Z
Data/Playlist1E/MasterAnaDev_data_AnaTuple_run00016122_Playlist.root	588826499	2026-04-19T21:46:16Z
Data/Playlist1E/MasterAnaDev_data_AnaTuple_run00016123_Playlist.root	548139056	2026-04-19T21:46:19Z
Data/Playlist1E/MasterAnaDev_data_AnaTuple_run00016124_Playlist.root	572070786	2026-04-19T21:46:23Z
Data/Playlist1E/MasterAnaDev_data_AnaTuple_run00016125_Playlist.root	569051572	2026-04-19T21:46:27Z
Data/Playlist1E/MasterAnaDev_data_AnaTuple_run00016126_Playlist.root	574908986	2026-04-19T21:46:31Z
Data/Playlist1E/MasterAnaDev_data_AnaTuple_run00016127_Playlist.root	583115281	2026-04-19T21:46:36Z
Data/Playlist1E/MasterAnaDev_data_AnaTuple_run00016128_Playlist.root	531757922	2026-04-19T21:46:39Z
Data/Playlist1E/MasterAnaDev_data_AnaTuple_run00016129_Playlist.root	264613761	2026-04-19T21:46:41Z
Data/Playlist1E/MasterAnaDev_data_AnaTuple_run00016131_Playlist.root	458486279	2026-04-19T21:46:44Z
Data/Playlist1E/MasterAnaDev_data_AnaTuple_run00016132_Playlist.root	538834809	2026-04-19T21:46:46Z
Data/Playlist1E/MasterAnaDev_data_AnaTuple_run00016133_Playlist.root	579030371	2026-04-19T21:46:49Z
Data/Playlist1E/MasterAnaDev_data_AnaTuple_run00016134_Playlist.root	566653831	2026-04-19T21:46:53Z
Data/Playlist1E/MasterAnaDev_data_AnaTuple_run00016135_Playlist.root	581820663	2026-04-19T21:46:57Z
Data/Playlist1E/MasterAnaDev_data_AnaTuple_run00016136_Playlist.root	536689339	2026-04-19T21:47:00Z
Data/Playlist1E/MasterAnaDev_data_AnaTuple_run00016137_Playlist.root	535371078	2026-04-19T21:47:03Z
Data/Playlist1E/MasterAnaDev_data_AnaTuple_run00016138_Playlist.root	579244515	2026-04-19T21:47:06Z
Data/Playlist1E/MasterAnaDev_data_AnaTuple_run00016139_Playlist.root	546290360	2026-04-19T21:47:09Z
Data/Playlist1E/MasterAnaDev_data_AnaTuple_run00016140_Playlist.root	374633636	2026-04-19T21:47:12Z
Data/Playlist1E/MasterAnaDev_data_AnaTuple_run00016141_Playlist.root	523967322	2026-04-19T21:47:15Z
Data/Playlist1E/MasterAnaDev_data_AnaTuple_run00016142_Playlist.root	562858967	2026-04-19T21:47:19Z
Data/Playlist1E/MasterAnaDev_data_AnaTuple_run00016143_Playlist.root	570226896	2026-04-19T21:47:21Z
Data/Playlist1E/MasterAnaDev_data_AnaTuple_run00016144_Playlist.root	527558062	2026-04-19T21:47:26Z
Data/Playlist1E/MasterAnaDev_data_AnaTuple_run00016145_Playlist.root	556566114	2026-04-19T21:47:29Z
Data/Playlist1E/MasterAnaDev_data_AnaTuple_run00016146_Playlist.root	577716913	2026-04-19T21:47:31Z
Data/Playlist1E/MasterAnaDev_data_AnaTuple_run00016147_Playlist.root	587001607	2026-04-19T21:47:34Z
Data/Playlist1E/MasterAnaDev_data_AnaTuple_run00016148_Playlist.root	611887090	2026-04-19T21:47:38Z
Data/Playlist1E/MasterAnaDev_data_AnaTuple_run00016149_Playlist.root	565871035	2026-04-19T21:47:42Z
Data/Playlist1E/MasterAnaDev_data_AnaTuple_run00016150_Playlist.root	253216348	2026-04-19T21:47:46Z
Data/Playlist1E/MasterAnaDev_data_AnaTuple_run00016151_Playlist.root	90068294	2026-04-19T21:47:47Z
Data/Playlist1E/MasterAnaDev_data_AnaTuple_run00016152_Playlist.root	45711981	2026-04-19T21:47:49Z
Data/Playlist1E/MasterAnaDev_data_AnaTuple_run00016153_Playlist.root	532660316	2026-04-19T21:47:52Z
Data/Playlist1E/MasterAnaDev_data_AnaTuple_run00016154_Playlist.root	172715420	2026-04-19T21:47:55Z
Data/Playlist1E/MasterAnaDev_data_AnaTuple_run00016155_Playlist.root	569356209	2026-04-19T21:47:57Z
Data/Playlist1E/MasterAnaDev_data_AnaTuple_run00016156_Playlist.root	578698963	2026-04-19T21:48:00Z
Data/Playlist1E/MasterAnaDev_data_AnaTuple_run00016157_Playlist.root	554207897	2026-04-19T21:48:04Z
Data/Playlist1E/MasterAnaDev_data_AnaTuple_run00016158_Playlist.root	583308382	2026-04-19T21:48:07Z
Data/Playlist1E/MasterAnaDev_data_AnaTuple_run00016159_Playlist.root	551449442	2026-04-19T21:48:10Z
Data/Playlist1E/MasterAnaDev_data_AnaTuple_run00016160_Playlist.root	584852131	2026-04-19T21:48:18Z
Data/Playlist1E/MasterAnaDev_data_AnaTuple_run00016161_Playlist.root	573342120	2026-04-19T21:48:21Z
Data/Playlist1E/MasterAnaDev_data_AnaTuple_run00016162_Playlist.root	528900191	2026-04-19T21:48:24Z
Data/Playlist1E/MasterAnaDev_data_AnaTuple_run00016163_Playlist.root	545193475	2026-04-19T21:48:27Z
Data/Playlist1E/MasterAnaDev_data_AnaTuple_run00016164_Playlist.root	538806687	2026-04-19T21:48:30Z
Data/Playlist1E/MasterAnaDev_data_AnaTuple_run00016165_Playlist.root	562832066	2026-04-19T21:48:33Z
Data/Playlist1E/MasterAnaDev_data_AnaTuple_run00016166_Playlist.root	580497925	2026-04-19T21:48:36Z
Data/Playlist1E/MasterAnaDev_data_AnaTuple_run00016167_Playlist.root	605456589	2026-04-19T21:48:41Z
Data/Playlist1E/MasterAnaDev_data_AnaTuple_run00016168_Playlist.root	571034712	2026-04-19T21:48:45Z
Data/Playlist1E/MasterAnaDev_data_AnaTuple_run00016169_Playlist.root	609126912	2026-04-19T21:48:50Z
Data/Playlist1E/MasterAnaDev_data_AnaTuple_run00016170_Playlist.root	580296708	2026-04-19T21:48:59Z
Data/Playlist1E/MasterAnaDev_data_AnaTuple_run00016171_Playlist.root	562435924	2026-04-19T21:49:03Z
Data/Playlist1E/MasterAnaDev_data_AnaTuple_run00016172_Playlist.root	541469794	2026-04-19T21:49:07Z
Data/Playlist1E/MasterAnaDev_data_AnaTuple_run00016173_Playlist.root	499704709	2026-04-19T21:49:14Z
Data/Playlist1E/MasterAnaDev_data_AnaTuple_run00016174_Playlist.root	535196684	2026-04-19T21:49:17Z
Data/Playlist1E/MasterAnaDev_data_AnaTuple_run00016175_Playlist.root	77463546	2026-04-19T21:49:18Z
Data/Playlist1E/MasterAnaDev_data_AnaTuple_run00016176_Playlist.root	524141480	2026-04-19T21:49:21Z
Data/Playlist1E/MasterAnaDev_data_AnaTuple_run00016177_Playlist.root	577083255	2026-04-19T21:49:25Z
Data/Playlist1E/MasterAnaDev_data_AnaTuple_run00016178_Playlist.root	540676406	2026-04-19T21:49:29Z
Data/Playlist1E/MasterAnaDev_data_AnaTuple_run00016179_Playlist.root	555288461	2026-04-19T21:49:33Z
Data/Playlist1E/MasterAnaDev_data_AnaTuple_run00016180_Playlist.root	535994798	2026-04-19T21:49:40Z
Data/Playlist1E/MasterAnaDev_data_AnaTuple_run00016181_Playlist.root	501008246	2026-04-19T21:49:43Z
Data/Playlist1E/MasterAnaDev_data_AnaTuple_run00016182_Playlist.root	514316882	2026-04-19T21:49:49Z
Data/Playlist1E/MasterAnaDev_data_AnaTuple_run00016183_Playlist.root	551276887	2026-04-19T21:49:53Z
Data/Playlist1E/MasterAnaDev_data_AnaTuple_run00016184_Playlist.root	552002159	2026-04-19T21:49:56Z
Data/Playlist1E/MasterAnaDev_data_AnaTuple_run00016185_Playlist.root	272550852	2026-04-19T21:49:58Z
Data/Playlist1E/MasterAnaDev_data_AnaTuple_run00016186_Playlist.root	608568774	2026-04-19T21:50:02Z
Data/Playlist1E/MasterAnaDev_data_AnaTuple_run00016187_Playlist.root	559416208	2026-04-19T21:50:05Z
Data/Playlist1E/MasterAnaDev_data_AnaTuple_run00016188_Playlist.root	494909634	2026-04-19T21:50:08Z
Data/Playlist1E/MasterAnaDev_data_AnaTuple_run00016189_Playlist.root	527488290	2026-04-19T21:50:11Z
Data/Playlist1E/MasterAnaDev_data_AnaTuple_run00016190_Playlist.root	577740261	2026-04-19T21:50:14Z
Data/Playlist1E/MasterAnaDev_data_AnaTuple_run00016191_Playlist.root	588172717	2026-04-19T21:50:19Z
Data/Playlist1E/MasterAnaDev_data_AnaTuple_run00016192_Playlist.root	583048787	2026-04-19T21:50:23Z
Data/Playlist1E/MasterAnaDev_data_AnaTuple_run00016193_Playlist.root	572861168	2026-04-19T21:50:27Z
Data/Playlist1E/MasterAnaDev_data_AnaTuple_run00016194_Playlist.root	556451207	2026-04-19T21:50:31Z
Data/Playlist1E/MasterAnaDev_data_AnaTuple_run00016195_Playlist.root	558616505	2026-04-19T21:50:33Z
Data/Playlist1E/MasterAnaDev_data_AnaTuple_run00016196_Playlist.root	535833399	2026-04-19T21:50:36Z
Data/Playlist1E/MasterAnaDev_data_AnaTuple_run00016197_Playlist.root	507783134	2026-04-19T21:50:39Z
Data/Playlist1E/MasterAnaDev_data_AnaTuple_run00016198_Playlist.root	585761678	2026-04-19T21:50:42Z
Data/Playlist1E/MasterAnaDev_data_AnaTuple_run00016199_Playlist.root	302761941	2026-04-19T21:50:46Z
Data/Playlist1E/MasterAnaDev_data_AnaTuple_run00016200_Playlist.root	536342000	2026-04-19T21:50:49Z
Data/Playlist1E/MasterAnaDev_data_AnaTuple_run00016201_Playlist.root	598309492	2026-04-19T21:50:53Z
Data/Playlist1E/MasterAnaDev_data_AnaTuple_run00016202_Playlist.root	580927592	2026-04-19T21:50:57Z
Data/Playlist1E/MasterAnaDev_data_AnaTuple_run00016203_Playlist.root	590115435	2026-04-19T21:51:01Z
Data/Playlist1E/MasterAnaDev_data_AnaTuple_run00016204_Playlist.root	574786362	2026-04-19T21:51:04Z
Data/Playlist1E/MasterAnaDev_data_AnaTuple_run00016205_Playlist.root	570032843	2026-04-19T21:51:07Z
Data/Playlist1E/MasterAnaDev_data_AnaTuple_run00016206_Playlist.root	525411458	2026-04-19T21:51:10Z
Data/Playlist1E/MasterAnaDev_data_AnaTuple_run00016207_Playlist.root	555378935	2026-04-19T21:51:16Z
Data/Playlist1E/MasterAnaDev_data_AnaTuple_run00016208_Playlist.root	565872686	2026-04-19T21:51:20Z
Data/Playlist1E/MasterAnaDev_data_AnaTuple_run00016209_Playlist.root	551905304	2026-04-19T21:51:23Z
Data/Playlist1E/MasterAnaDev_data_AnaTuple_run00016210_Playlist.root	521513967	2026-04-19T21:51:26Z
Data/Playlist1E/MasterAnaDev_data_AnaTuple_run00016211_Playlist.root	547932048	2026-04-19T21:51:30Z
Data/Playlist1E/MasterAnaDev_data_AnaTuple_run00016212_Playlist.root	581835638	2026-04-19T21:51:33Z
Data/Playlist1E/MasterAnaDev_data_AnaTuple_run00016213_Playlist.root	549340930	2026-04-19T21:51:36Z
Data/Playlist1E/MasterAnaDev_data_AnaTuple_run00016214_Playlist.root	305162278	2026-04-19T21:51:38Z
Data/Playlist1E/MasterAnaDev_data_AnaTuple_run00016402_Playlist.root	166293	2026-04-19T21:51:39Z
Data/Playlist1E/MasterAnaDev_data_AnaTuple_run00016403_Playlist.root	666208711	2026-04-19T21:51:48Z
Data/Playlist1E/MasterAnaDev_data_AnaTuple_run00016404_Playlist.root	557988932	2026-04-19T21:51:51Z
Data/Playlist1E/MasterAnaDev_data_AnaTuple_run00016405_Playlist.root	554025240	2026-04-19T21:51:56Z
Data/Playlist1E/MasterAnaDev_data_AnaTuple_run00016406_Playlist.root	589939355	2026-04-19T21:51:59Z
Data/Playlist1E/MasterAnaDev_data_AnaTuple_run00016407_Playlist.root	366980730	2026-04-19T21:52:02Z
Data/Playlist1E/MasterAnaDev_data_AnaTuple_run00016500_Playlist.root	549539076	2026-04-19T21:52:05Z
Data/Playlist1E/MasterAnaDev_data_AnaTuple_run00016501_Playlist.root	565778615	2026-04-19T21:52:08Z
Data/Playlist1E/MasterAnaDev_data_AnaTuple_run00016502_Playlist.root	234617647	2026-04-19T21:52:10Z
Data/Playlist1E/MasterAnaDev_data_AnaTuple_run00016503_Playlist.root	177521745	2026-04-19T21:52:11Z
Data/Playlist1E/MasterAnaDev_data_AnaTuple_run00016505_Playlist.root	602497207	2026-04-19T21:52:14Z
Data/Playlist1E/MasterAnaDev_data_AnaTuple_run00016506_Playlist.root	602152944	2026-04-19T21:52:17Z
Data/Playlist1E/MasterAnaDev_data_AnaTuple_run00016507_Playlist.root	614127666	2026-04-19T21:52:20Z
Data/Playlist1E/MasterAnaDev_data_AnaTuple_run00016508_Playlist.root	525893528	2026-04-19T21:52:23Z
Data/Playlist1E/MasterAnaDev_data_AnaTuple_run00016510_Playlist.root	622298793	2026-04-19T21:52:26Z
Data/Playlist1E/MasterAnaDev_data_AnaTuple_run00016511_Playlist.root	603287754	2026-04-19T21:52:30Z
Data/Playlist1E/MasterAnaDev_data_AnaTuple_run00016512_Playlist.root	582433655	2026-04-19T21:52:35Z
Data/Playlist1E/MasterAnaDev_data_AnaTuple_run00016513_Playlist.root	472004101	2026-04-19T21:52:37Z
Data/Playlist1E/MasterAnaDev_data_AnaTuple_run00016514_Playlist.root	563210035	2026-04-19T21:52:40Z
Data/Playlist1E/MasterAnaDev_data_AnaTuple_run00016515_Playlist.root	595787558	2026-04-19T21:52:44Z
Data/Playlist1E/MasterAnaDev_data_AnaTuple_run00016516_Playlist.root	566889498	2026-04-19T21:52:47Z
Data/Playlist1E/MasterAnaDev_data_AnaTuple_run00016517_Playlist.root	613717008	2026-04-19T21:52:49Z
Data/Playlist1E/MasterAnaDev_data_AnaTuple_run00016518_Playlist.root	523524767	2026-04-19T21:52:52Z
Data/Playlist1E/MasterAnaDev_data_AnaTuple_run00016519_Playlist.root	334820736	2026-04-19T21:52:54Z
Data/Playlist1E/MasterAnaDev_data_AnaTuple_run00016520_Playlist.root	482514020	2026-04-19T21:52:57Z
Data/Playlist1E/MasterAnaDev_data_AnaTuple_run00016521_Playlist.root	317204548	2026-04-19T21:52:59Z
Data/Playlist1E/MasterAnaDev_data_AnaTuple_run00016522_Playlist.root	611687963	2026-04-19T21:53:02Z
Data/Playlist1F/MasterAnaDev_data_AnaTuple_run00016523_Playlist.root	357508601	2026-04-20T00:55:20Z
Data/Playlist1F/MasterAnaDev_data_AnaTuple_run00016525_Playlist.root	422886996	2026-04-20T00:55:23Z
Data/Playlist1F/MasterAnaDev_data_AnaTuple_run00016526_Playlist.root	428502535	2026-04-20T00:55:29Z
Data/Playlist1F/MasterAnaDev_data_AnaTuple_run00016528_Playlist.root	549902273	2026-04-20T00:55:32Z
Data/Playlist1F/MasterAnaDev_data_AnaTuple_run00016529_Playlist.root	580474030	2026-04-20T00:55:37Z
Data/Playlist1F/MasterAnaDev_data_AnaTuple_run00016530_Playlist.root	571256927	2026-04-20T00:55:40Z
Data/Playlist1F/MasterAnaDev_data_AnaTuple_run00016531_Playlist.root	540047199	2026-04-20T00:55:43Z
Data/Playlist1F/MasterAnaDev_data_AnaTuple_run00016532_Playlist.root	494395537	2026-04-20T00:55:47Z
Data/Playlist1F/MasterAnaDev_data_AnaTuple_run00016533_Playlist.root	349530427	2026-04-20T00:55:51Z
Data/Playlist1F/MasterAnaDev_data_AnaTuple_run00016534_Playlist.root	582515591	2026-04-20T00:55:54Z
Data/Playlist1F/MasterAnaDev_data_AnaTuple_run00016535_Playlist.root	620668825	2026-04-20T00:55:58Z
Data/Playlist1F/MasterAnaDev_data_AnaTuple_run00016536_Playlist.root	585221587	2026-04-20T00:56:01Z
Data/Playlist1F/MasterAnaDev_data_AnaTuple_run00016537_Playlist.root	560252289	2026-04-20T00:56:10Z
Data/Playlist1F/MasterAnaDev_data_AnaTuple_run00016538_Playlist.root	517301499	2026-04-20T00:56:13Z
Data/Playlist1F/MasterAnaDev_data_AnaTuple_run00016539_Playlist.root	547050040	2026-04-20T00:56:17Z
Data/Playlist1F/MasterAnaDev_data_AnaTuple_run00016540_Playlist.root	481001927	2026-04-20T00:56:20Z
Data/Playlist1F/MasterAnaDev_data_AnaTuple_run00016541_Playlist.root	561065501	2026-04-20T00:56:23Z
Data/Playlist1F/MasterAnaDev_data_AnaTuple_run00016542_Playlist.root	519942123	2026-04-20T00:56:26Z
Data/Playlist1F/MasterAnaDev_data_AnaTuple_run00016543_Playlist.root	484637899	2026-04-20T00:56:31Z
Data/Playlist1F/MasterAnaDev_data_AnaTuple_run00016544_Playlist.root	574371468	2026-04-20T00:56:34Z
Data/Playlist1F/MasterAnaDev_data_AnaTuple_run00016545_Playlist.root	451541108	2026-04-20T00:56:36Z
Data/Playlist1F/MasterAnaDev_data_AnaTuple_run00016546_Playlist.root	612876041	2026-04-20T00:56:42Z
Data/Playlist1F/MasterAnaDev_data_AnaTuple_run00016547_Playlist.root	114174236	2026-04-20T00:56:45Z
Data/Playlist1F/MasterAnaDev_data_AnaTuple_run00016553_Playlist.root	355179113	2026-04-20T00:56:49Z
Data/Playlist1F/MasterAnaDev_data_AnaTuple_run00016554_Playlist.root	548573844	2026-04-20T00:56:57Z
Data/Playlist1F/MasterAnaDev_data_AnaTuple_run00016555_Playlist.root	562016428	2026-04-20T00:57:03Z
Data/Playlist1F/MasterAnaDev_data_AnaTuple_run00016556_Playlist.root	554566097	2026-04-20T00:57:06Z
Data/Playlist1F/MasterAnaDev_data_AnaTuple_run00016557_Playlist.root	639951019	2026-04-20T00:57:09Z
Data/Playlist1F/MasterAnaDev_data_AnaTuple_run00016558_Playlist.root	588531415	2026-04-20T00:57:13Z
Data/Playlist1F/MasterAnaDev_data_AnaTuple_run00016559_Playlist.root	555523863	2026-04-20T00:57:17Z
Data/Playlist1F/MasterAnaDev_data_AnaTuple_run00016560_Playlist.root	578471730	2026-04-20T00:57:20Z
Data/Playlist1F/MasterAnaDev_data_AnaTuple_run00016561_Playlist.root	562078682	2026-04-20T00:57:23Z
Data/Playlist1F/MasterAnaDev_data_AnaTuple_run00016562_Playlist.root	513822714	2026-04-20T00:57:27Z
Data/Playlist1F/MasterAnaDev_data_AnaTuple_run00016563_Playlist.root	606056129	2026-04-20T00:57:31Z
Data/Playlist1F/MasterAnaDev_data_AnaTuple_run00016564_Playlist.root	604196784	2026-04-20T00:57:35Z
Data/Playlist1F/MasterAnaDev_data_AnaTuple_run00016565_Playlist.root	549812829	2026-04-20T00:57:40Z
Data/Playlist1F/MasterAnaDev_data_AnaTuple_run00016566_Playlist.root	325150782	2026-04-20T00:57:42Z
Data/Playlist1F/MasterAnaDev_data_AnaTuple_run00016567_Playlist.root	573469334	2026-04-20T00:57:46Z
Data/Playlist1F/MasterAnaDev_data_AnaTuple_run00016568_Playlist.root	636305869	2026-04-20T00:57:49Z
Data/Playlist1F/MasterAnaDev_data_AnaTuple_run00016569_Playlist.root	630964429	2026-04-20T00:57:52Z
Data/Playlist1F/MasterAnaDev_data_AnaTuple_run00016570_Playlist.root	535799337	2026-04-20T00:57:55Z
Data/Playlist1F/MasterAnaDev_data_AnaTuple_run00016571_Playlist.root	566283989	2026-04-20T00:57:58Z
Data/Playlist1F/MasterAnaDev_data_AnaTuple_run00016572_Playlist.root	640216401	2026-04-20T00:58:02Z
Data/Playlist1F/MasterAnaDev_data_AnaTuple_run00016573_Playlist.root	586138766	2026-04-20T00:58:06Z
Data/Playlist1F/MasterAnaDev_data_AnaTuple_run00016574_Playlist.root	626520786	2026-04-20T00:58:10Z
Data/Playlist1F/MasterAnaDev_data_AnaTuple_run00016575_Playlist.root	571743261	2026-04-20T00:58:12Z
Data/Playlist1F/MasterAnaDev_data_AnaTuple_run00016576_Playlist.root	937549343	2026-04-20T00:58:17Z
Data/Playlist1F/MasterAnaDev_data_AnaTuple_run00016577_Playlist.root	631356685	2026-04-20T00:58:22Z
Data/Playlist1F/MasterAnaDev_data_AnaTuple_run00016578_Playlist.root	30309078	2026-04-20T00:58:23Z
Data/Playlist1F/MasterAnaDev_data_AnaTuple_run00016581_Playlist.root	93079274	2026-04-20T00:58:24Z
Data/Playlist1F/MasterAnaDev_data_AnaTuple_run00016582_Playlist.root	535092077	2026-04-20T00:58:29Z
Data/Playlist1F/MasterAnaDev_data_AnaTuple_run00016583_Playlist.root	597968301	2026-04-20T00:58:34Z
Data/Playlist1F/MasterAnaDev_data_AnaTuple_run00016584_Playlist.root	636170757	2026-04-20T00:58:38Z
Data/Playlist1F/MasterAnaDev_data_AnaTuple_run00016585_Playlist.root	669000043	2026-04-20T00:58:44Z
Data/Playlist1F/MasterAnaDev_data_AnaTuple_run00016586_Playlist.root	561095709	2026-04-20T00:58:47Z
Data/Playlist1F/MasterAnaDev_data_AnaTuple_run00016587_Playlist.root	708277253	2026-04-20T00:58:51Z
Data/Playlist1F/MasterAnaDev_data_AnaTuple_run00016588_Playlist.root	537535407	2026-04-20T00:58:54Z
Data/Playlist1F/MasterAnaDev_data_AnaTuple_run00016589_Playlist.root	345013310	2026-04-20T00:58:56Z
Data/Playlist1F/MasterAnaDev_data_AnaTuple_run00016590_Playlist.root	1155690699	2026-04-20T00:59:02Z
Data/Playlist1F/MasterAnaDev_data_AnaTuple_run00016591_Playlist.root	644858399	2026-04-20T00:59:06Z
Data/Playlist1F/MasterAnaDev_data_AnaTuple_run00016592_Playlist.root	629041392	2026-04-20T00:59:10Z
Data/Playlist1F/MasterAnaDev_data_AnaTuple_run00016593_Playlist.root	528322487	2026-04-20T00:59:13Z
Data/Playlist1F/MasterAnaDev_data_AnaTuple_run00016594_Playlist.root	317517488	2026-04-20T00:59:15Z
Data/Playlist1F/MasterAnaDev_data_AnaTuple_run00016597_Playlist.root	664275956	2026-04-20T00:59:20Z
Data/Playlist1F/MasterAnaDev_data_AnaTuple_run00016598_Playlist.root	882059199	2026-04-20T00:59:24Z
Data/Playlist1F/MasterAnaDev_data_AnaTuple_run00016599_Playlist.root	639079447	2026-04-20T00:59:27Z
Data/Playlist1F/MasterAnaDev_data_AnaTuple_run00016600_Playlist.root	1058958817	2026-04-20T00:59:44Z
Data/Playlist1F/MasterAnaDev_data_AnaTuple_run00016601_Playlist.root	254318855	2026-04-20T00:59:46Z
Data/Playlist1F/MasterAnaDev_data_AnaTuple_run00016602_Playlist.root	62794498	2026-04-20T00:59:48Z
Data/Playlist1F/MasterAnaDev_data_AnaTuple_run00016603_Playlist.root	53638163	2026-04-20T00:59:49Z
Data/Playlist1F/MasterAnaDev_data_AnaTuple_run00016604_Playlist.root	40971252	2026-04-20T00:59:50Z
Data/Playlist1F/MasterAnaDev_data_AnaTuple_run00016605_Playlist.root	625811458	2026-04-20T00:59:54Z
Data/Playlist1F/MasterAnaDev_data_AnaTuple_run00016606_Playlist.root	307872751	2026-04-20T00:59:56Z
Data/Playlist1F/MasterAnaDev_data_AnaTuple_run00016607_Playlist.root	744290708	2026-04-20T01:00:00Z
Data/Playlist1F/MasterAnaDev_data_AnaTuple_run00016608_Playlist.root	745742976	2026-04-20T01:00:04Z
Data/Playlist1F/MasterAnaDev_data_AnaTuple_run00016609_Playlist.root	731138231	2026-04-20T01:00:08Z
Data/Playlist1F/MasterAnaDev_data_AnaTuple_run00016610_Playlist.root	1173179505	2026-04-20T01:00:14Z
Data/Playlist1F/MasterAnaDev_data_AnaTuple_run00016611_Playlist.root	648525946	2026-04-20T01:00:19Z
Data/Playlist1F/MasterAnaDev_data_AnaTuple_run00016612_Playlist.root	694891109	2026-04-20T01:00:26Z
Data/Playlist1F/MasterAnaDev_data_AnaTuple_run00016613_Playlist.root	703612282	2026-04-20T01:00:31Z
Data/Playlist1F/MasterAnaDev_data_AnaTuple_run00016614_Playlist.root	319524632	2026-04-20T01:00:34Z
Data/Playlist1F/MasterAnaDev_data_AnaTuple_run00016619_Playlist.root	266673880	2026-04-20T01:00:36Z
Data/Playlist1F/MasterAnaDev_data_AnaTuple_run00016623_Playlist.root	397846126	2026-04-20T01:00:39Z
Data/Playlist1F/MasterAnaDev_data_AnaTuple_run00016624_Playlist.root	448861314	2026-04-20T01:00:42Z
Data/Playlist1F/MasterAnaDev_data_AnaTuple_run00016625_Playlist.root	584424918	2026-04-20T01:00:45Z
Data/Playlist1F/MasterAnaDev_data_AnaTuple_run00016626_Playlist.root	693153485	2026-04-20T01:00:56Z
Data/Playlist1F/MasterAnaDev_data_AnaTuple_run00016627_Playlist.root	676486808	2026-04-20T01:01:00Z
Data/Playlist1F/MasterAnaDev_data_AnaTuple_run00016628_Playlist.root	608700154	2026-04-20T01:01:03Z
Data/Playlist1F/MasterAnaDev_data_AnaTuple_run00016629_Playlist.root	676282609	2026-04-20T01:01:07Z
Data/Playlist1F/MasterAnaDev_data_AnaTuple_run00016630_Playlist.root	697410899	2026-04-20T01:01:12Z
Data/Playlist1F/MasterAnaDev_data_AnaTuple_run00016631_Playlist.root	1073932588	2026-04-20T01:01:16Z
Data/Playlist1F/MasterAnaDev_data_AnaTuple_run00016632_Playlist.root	631673692	2026-04-20T01:01:20Z
Data/Playlist1F/MasterAnaDev_data_AnaTuple_run00016633_Playlist.root	704484302	2026-04-20T01:01:24Z
Data/Playlist1F/MasterAnaDev_data_AnaTuple_run00016634_Playlist.root	682792917	2026-04-20T01:01:27Z
Data/Playlist1F/MasterAnaDev_data_AnaTuple_run00016635_Playlist.root	754206287	2026-04-20T01:01:35Z
Data/Playlist1F/MasterAnaDev_data_AnaTuple_run00016636_Playlist.root	721356041	2026-04-20T01:01:38Z
Data/Playlist1F/MasterAnaDev_data_AnaTuple_run00016637_Playlist.root	708956477	2026-04-20T01:01:45Z
Data/Playlist1F/MasterAnaDev_data_AnaTuple_run00016638_Playlist.root	808912229	2026-04-20T01:01:53Z
Data/Playlist1F/MasterAnaDev_data_AnaTuple_run00016639_Playlist.root	714287279	2026-04-20T01:01:57Z
Data/Playlist1F/MasterAnaDev_data_AnaTuple_run00016640_Playlist.root	774255972	2026-04-20T01:02:02Z
Data/Playlist1F/MasterAnaDev_data_AnaTuple_run00016641_Playlist.root	764419352	2026-04-20T01:02:07Z
Data/Playlist1F/MasterAnaDev_data_AnaTuple_run00016642_Playlist.root	669874262	2026-04-20T01:02:12Z
Data/Playlist1F/MasterAnaDev_data_AnaTuple_run00016643_Playlist.root	152084540	2026-04-20T01:02:14Z
Data/Playlist1F/MasterAnaDev_data_AnaTuple_run00016644_Playlist.root	750625284	2026-04-20T01:02:18Z
Data/Playlist1F/MasterAnaDev_data_AnaTuple_run00016645_Playlist.root	371333182	2026-04-20T01:02:20Z
Data/Playlist1F/MasterAnaDev_data_AnaTuple_run00016649_Playlist.root	393335442	2026-04-20T01:02:23Z
Data/Playlist1F/MasterAnaDev_data_AnaTuple_run00016650_Playlist.root	698809842	2026-04-20T01:02:27Z
Data/Playlist1F/MasterAnaDev_data_AnaTuple_run00016651_Playlist.root	647745086	2026-04-20T01:02:31Z
Data/Playlist1F/MasterAnaDev_data_AnaTuple_run00016652_Playlist.root	581035155	2026-04-20T01:02:34Z
Data/Playlist1F/MasterAnaDev_data_AnaTuple_run00016653_Playlist.root	756903159	2026-04-20T01:02:38Z
Data/Playlist1F/MasterAnaDev_data_AnaTuple_run00016654_Playlist.root	762810618	2026-04-20T01:02:45Z
Data/Playlist1F/MasterAnaDev_data_AnaTuple_run00016655_Playlist.root	702548965	2026-04-20T01:02:49Z
Data/Playlist1F/MasterAnaDev_data_AnaTuple_run00016656_Playlist.root	747261180	2026-04-20T01:02:52Z
Data/Playlist1F/MasterAnaDev_data_AnaTuple_run00016657_Playlist.root	773185621	2026-04-20T01:02:58Z
Data/Playlist1F/MasterAnaDev_data_AnaTuple_run00016658_Playlist.root	691445141	2026-04-20T01:03:01Z
Data/Playlist1F/MasterAnaDev_data_AnaTuple_run00016659_Playlist.root	710964919	2026-04-20T01:03:05Z
Data/Playlist1F/MasterAnaDev_data_AnaTuple_run00016660_Playlist.root	796450925	2026-04-20T01:03:08Z
Data/Playlist1F/MasterAnaDev_data_AnaTuple_run00016661_Playlist.root	747380279	2026-04-20T01:03:12Z
Data/Playlist1F/MasterAnaDev_data_AnaTuple_run00016662_Playlist.root	792403953	2026-04-20T01:03:16Z
Data/Playlist1F/MasterAnaDev_data_AnaTuple_run00016663_Playlist.root	776594129	2026-04-20T01:03:20Z
Data/Playlist1F/MasterAnaDev_data_AnaTuple_run00016664_Playlist.root	690399782	2026-04-20T01:03:25Z
Data/Playlist1F/MasterAnaDev_data_AnaTuple_run00016665_Playlist.root	735127303	2026-04-20T01:03:30Z
Data/Playlist1F/MasterAnaDev_data_AnaTuple_run00016666_Playlist.root	508319221	2026-04-20T01:03:33Z
Data/Playlist1F/MasterAnaDev_data_AnaTuple_run00016668_Playlist.root	744956153	2026-04-20T01:03:40Z
Data/Playlist1F/MasterAnaDev_data_AnaTuple_run00016669_Playlist.root	627212233	2026-04-20T01:03:43Z
Data/Playlist1F/MasterAnaDev_data_AnaTuple_run00016670_Playlist.root	1936642	2026-04-20T01:03:44Z
Data/Playlist1F/MasterAnaDev_data_AnaTuple_run00016671_Playlist.root	720345829	2026-04-20T01:03:50Z
Data/Playlist1F/MasterAnaDev_data_AnaTuple_run00016672_Playlist.root	627843806	2026-04-20T01:03:57Z
Data/Playlist1F/MasterAnaDev_data_AnaTuple_run00016675_Playlist.root	772573789	2026-04-20T01:04:05Z
Data/Playlist1F/MasterAnaDev_data_AnaTuple_run00016676_Playlist.root	818895199	2026-04-20T01:04:09Z
Data/Playlist1F/MasterAnaDev_data_AnaTuple_run00016677_Playlist.root	1309844	2026-04-20T01:04:10Z
Data/Playlist1F/MasterAnaDev_data_AnaTuple_run00016681_Playlist.root	785806115	2026-04-20T01:04:23Z
Data/Playlist1F/MasterAnaDev_data_AnaTuple_run00016682_Playlist.root	229529563	2026-04-20T01:04:25Z
Data/Playlist1F/MasterAnaDev_data_AnaTuple_run00016683_Playlist.root	166333	2026-04-20T01:04:26Z
Data/Playlist1F/MasterAnaDev_data_AnaTuple_run00016684_Playlist.root	30729727	2026-04-20T01:04:27Z
Data/Playlist1F/MasterAnaDev_data_AnaTuple_run00016685_Playlist.root	750533731	2026-04-20T01:04:32Z
Data/Playlist1F/MasterAnaDev_data_AnaTuple_run00016686_Playlist.root	516174405	2026-04-20T01:04:40Z
Data/Playlist1F/MasterAnaDev_data_AnaTuple_run00016687_Playlist.root	177239755	2026-04-20T01:04:42Z
Data/Playlist1F/MasterAnaDev_data_AnaTuple_run00016688_Playlist.root	791758620	2026-04-20T01:04:46Z
Data/Playlist1F/MasterAnaDev_data_AnaTuple_run00016689_Playlist.root	835288411	2026-04-20T01:04:49Z
Data/Playlist1F/MasterAnaDev_data_AnaTuple_run00016690_Playlist.root	750086268	2026-04-20T01:04:54Z
Data/Playlist1F/MasterAnaDev_data_AnaTuple_run00016691_Playlist.root	765555865	2026-04-20T01:05:01Z
Data/Playlist1F/MasterAnaDev_data_AnaTuple_run00016692_Playlist.root	760144535	2026-04-20T01:05:05Z
Data/Playlist1F/MasterAnaDev_data_AnaTuple_run00016693_Playlist.root	766734006	2026-04-20T01:05:14Z
Data/Playlist1F/MasterAnaDev_data_AnaTuple_run00016694_Playlist.root	727126293	2026-04-20T01:05:19Z
Data/Playlist1F/MasterAnaDev_data_AnaTuple_run00016695_Playlist.root	784220215	2026-04-20T01:05:23Z
Data/Playlist1F/MasterAnaDev_data_AnaTuple_run00016696_Playlist.root	753022027	2026-04-20T01:05:34Z
Data/Playlist1F/MasterAnaDev_data_AnaTuple_run00016697_Playlist.root	768029600	2026-04-20T01:05:38Z
Data/Playlist1F/MasterAnaDev_data_AnaTuple_run00016698_Playlist.root	798123518	2026-04-20T01:05:42Z
Data/Playlist1F/MasterAnaDev_data_AnaTuple_run00016699_Playlist.root	800186170	2026-04-20T01:05:50Z
Data/Playlist1F/MasterAnaDev_data_AnaTuple_run00016700_Playlist.root	769847866	2026-04-20T01:05:54Z
Data/Playlist1F/MasterAnaDev_data_AnaTuple_run00016701_Playlist.root	855846626	2026-04-20T01:06:03Z
Data/Playlist1F/MasterAnaDev_data_AnaTuple_run00016702_Playlist.root	67496470	2026-04-20T01:06:04Z
Data/Playlist1F/MasterAnaDev_data_AnaTuple_run00016706_Playlist.root	2013352	2026-04-20T01:06:05Z
Data/Playlist1F/MasterAnaDev_data_AnaTuple_run00016707_Playlist.root	300414041	2026-04-20T01:06:08Z
Data/Playlist1F/MasterAnaDev_data_AnaTuple_run00016708_Playlist.root	727484953	2026-04-20T01:06:14Z
Data/Playlist1F/MasterAnaDev_data_AnaTuple_run00016709_Playlist.root	559078267	2026-04-20T01:06:17Z
Data/Playlist1F/MasterAnaDev_data_AnaTuple_run00016710_Playlist.root	212499682	2026-04-20T01:06:20Z
Data/Playlist1F/MasterAnaDev_data_AnaTuple_run00016711_Playlist.root	241060074	2026-04-20T01:06:22Z
Data/Playlist1F/MasterAnaDev_data_AnaTuple_run00016712_Playlist.root	143219322	2026-04-20T01:06:23Z
Data/Playlist1F/MasterAnaDev_data_AnaTuple_run00016713_Playlist.root	220649945	2026-04-20T01:06:25Z
Data/Playlist1F/MasterAnaDev_data_AnaTuple_run00016715_Playlist.root	130965184	2026-04-20T01:06:27Z
Data/Playlist1F/MasterAnaDev_data_AnaTuple_run00016716_Playlist.root	47209807	2026-04-20T01:06:28Z
Data/Playlist1F/MasterAnaDev_data_AnaTuple_run00016717_Playlist.root	217645045	2026-04-20T01:06:30Z
Data/Playlist1F/MasterAnaDev_data_AnaTuple_run00016718_Playlist.root	199318719	2026-04-20T01:06:32Z
Data/Playlist1F/MasterAnaDev_data_AnaTuple_run00016719_Playlist.root	764676837	2026-04-20T01:06:36Z
Data/Playlist1F/MasterAnaDev_data_AnaTuple_run00016720_Playlist.root	267646127	2026-04-20T01:06:38Z
Data/Playlist1F/MasterAnaDev_data_AnaTuple_run00016721_Playlist.root	221893882	2026-04-20T01:06:40Z
Data/Playlist1F/MasterAnaDev_data_AnaTuple_run00016722_Playlist.root	183093686	2026-04-20T01:06:42Z
Data/Playlist1F/MasterAnaDev_data_AnaTuple_run00016723_Playlist.root	74111942	2026-04-20T01:06:43Z
Data/Playlist1F/MasterAnaDev_data_AnaTuple_run00016724_Playlist.root	100932860	2026-04-20T01:06:45Z
Data/Playlist1F/MasterAnaDev_data_AnaTuple_run00016725_Playlist.root	273640022	2026-04-20T01:06:47Z
Data/Playlist1F/MasterAnaDev_data_AnaTuple_run00016726_Playlist.root	291434022	2026-04-20T01:06:50Z
Data/Playlist1F/MasterAnaDev_data_AnaTuple_run00016727_Playlist.root	160596844	2026-04-20T01:06:52Z
Data/Playlist1F/MasterAnaDev_data_AnaTuple_run00016728_Playlist.root	1195962416	2026-04-20T01:06:59Z
Data/Playlist1F/MasterAnaDev_data_AnaTuple_run00016729_Playlist.root	764971010	2026-04-20T01:07:03Z
Data/Playlist1F/MasterAnaDev_data_AnaTuple_run00016730_Playlist.root	670783655	2026-04-20T01:07:09Z
Data/Playlist1F/MasterAnaDev_data_AnaTuple_run00016731_Playlist.root	829103278	2026-04-20T01:07:17Z
Data/Playlist1F/MasterAnaDev_data_AnaTuple_run00016732_Playlist.root	100505092	2026-04-20T01:07:18Z
Data/Playlist1F/MasterAnaDev_data_AnaTuple_run00016736_Playlist.root	491556259	2026-04-20T01:07:21Z
Data/Playlist1F/MasterAnaDev_data_AnaTuple_run00016737_Playlist.root	791058105	2026-04-20T01:07:25Z
Data/Playlist1F/MasterAnaDev_data_AnaTuple_run00016738_Playlist.root	821085713	2026-04-20T01:07:29Z
Data/Playlist1F/MasterAnaDev_data_AnaTuple_run00016739_Playlist.root	807063133	2026-04-20T01:07:36Z
Data/Playlist1F/MasterAnaDev_data_AnaTuple_run00016740_Playlist.root	781868451	2026-04-20T01:07:41Z
Data/Playlist1F/MasterAnaDev_data_AnaTuple_run00016741_Playlist.root	528049008	2026-04-20T01:07:45Z
Data/Playlist1F/MasterAnaDev_data_AnaTuple_run00016742_Playlist.root	825682683	2026-04-20T01:07:57Z
Data/Playlist1F/MasterAnaDev_data_AnaTuple_run00016743_Playlist.root	791345014	2026-04-20T01:08:05Z
Data/Playlist1F/MasterAnaDev_data_AnaTuple_run00016744_Playlist.root	700316397	2026-04-20T01:08:11Z
Data/Playlist1F/MasterAnaDev_data_AnaTuple_run00016745_Playlist.root	810790807	2026-04-20T01:08:15Z
Data/Playlist1F/MasterAnaDev_data_AnaTuple_run00016746_Playlist.root	572287362	2026-04-20T01:08:18Z
Data/Playlist1F/MasterAnaDev_data_AnaTuple_run00016747_Playlist.root	785124515	2026-04-20T01:08:23Z
Data/Playlist1F/MasterAnaDev_data_AnaTuple_run00016748_Playlist.root	808783873	2026-04-20T01:08:27Z
Data/Playlist1F/MasterAnaDev_data_AnaTuple_run00016749_Playlist.root	786547200	2026-04-20T01:08:31Z
Data/Playlist1F/MasterAnaDev_data_AnaTuple_run00016750_Playlist.root	792660067	2026-04-20T01:08:36Z
Data/Playlist1F/MasterAnaDev_data_AnaTuple_run00016751_Playlist.root	777104360	2026-04-20T01:08:39Z
Data/Playlist1F/MasterAnaDev_data_AnaTuple_run00016752_Playlist.root	804051833	2026-04-20T01:08:44Z
Data/Playlist1F/MasterAnaDev_data_AnaTuple_run00016753_Playlist.root	537395399	2026-04-20T01:08:48Z
Data/Playlist1F/MasterAnaDev_data_AnaTuple_run00016754_Playlist.root	365399704	2026-04-20T01:08:50Z
Data/Playlist1F/MasterAnaDev_data_AnaTuple_run00016755_Playlist.root	812189465	2026-04-20T01:08:55Z
Data/Playlist1F/MasterAnaDev_data_AnaTuple_run00016756_Playlist.root	812244234	2026-04-20T01:08:59Z
Data/Playlist1F/MasterAnaDev_data_AnaTuple_run00016757_Playlist.root	774271142	2026-04-20T01:09:02Z
Data/Playlist1F/MasterAnaDev_data_AnaTuple_run00016758_Playlist.root	806358789	2026-04-20T01:09:08Z
Data/Playlist1F/MasterAnaDev_data_AnaTuple_run00016759_Playlist.root	753374240	2026-04-20T01:09:12Z
Data/Playlist1F/MasterAnaDev_data_AnaTuple_run00016760_Playlist.root	681349000	2026-04-20T01:09:15Z
Data/Playlist1F/MasterAnaDev_data_AnaTuple_run00016761_Playlist.root	224009238	2026-04-20T01:09:17Z
Data/Playlist1F/MasterAnaDev_data_AnaTuple_run00016781_Playlist.root	36992958	2026-04-20T01:09:18Z
Data/Playlist1F/MasterAnaDev_data_AnaTuple_run00016782_Playlist.root	717925730	2026-04-20T01:09:23Z
Data/Playlist1F/MasterAnaDev_data_AnaTuple_run00016783_Playlist.root	699917967	2026-04-20T01:09:27Z
Data/Playlist1F/MasterAnaDev_data_AnaTuple_run00016784_Playlist.root	782626039	2026-04-20T01:09:32Z
Data/Playlist1F/MasterAnaDev_data_AnaTuple_run00016785_Playlist.root	785817350	2026-04-20T01:09:40Z
Data/Playlist1F/MasterAnaDev_data_AnaTuple_run00016786_Playlist.root	777904569	2026-04-20T01:09:44Z
Data/Playlist1F/MasterAnaDev_data_AnaTuple_run00016787_Playlist.root	768672558	2026-04-20T01:09:50Z
Data/Playlist1F/MasterAnaDev_data_AnaTuple_run00016788_Playlist.root	1399323619	2026-04-20T01:09:57Z
Data/Playlist1F/MasterAnaDev_data_AnaTuple_run00016789_Playlist.root	767756747	2026-04-20T01:10:01Z
Data/Playlist1F/MasterAnaDev_data_AnaTuple_run00016790_Playlist.root	750199712	2026-04-20T01:10:04Z
Data/Playlist1F/MasterAnaDev_data_AnaTuple_run00016791_Playlist.root	840830020	2026-04-20T01:10:09Z
Data/Playlist1F/MasterAnaDev_data_AnaTuple_run00016792_Playlist.root	406358316	2026-04-20T01:10:13Z
Data/Playlist1F/MasterAnaDev_data_AnaTuple_run00016793_Playlist.root	902925	2026-04-20T01:10:14Z
Data/Playlist1F/MasterAnaDev_data_AnaTuple_run00016794_Playlist.root	811500447	2026-04-20T01:10:18Z
Data/Playlist1F/MasterAnaDev_data_AnaTuple_run00016795_Playlist.root	628412782	2026-04-20T01:10:22Z
Data/Playlist1F/MasterAnaDev_data_AnaTuple_run00016796_Playlist.root	866691382	2026-04-20T01:10:26Z
Data/Playlist1F/MasterAnaDev_data_AnaTuple_run00016797_Playlist.root	784123068	2026-04-20T01:10:30Z
Data/Playlist1F/MasterAnaDev_data_AnaTuple_run00016798_Playlist.root	794349605	2026-04-20T01:10:34Z
Data/Playlist1F/MasterAnaDev_data_AnaTuple_run00016799_Playlist.root	690711641	2026-04-20T01:10:40Z
Data/Playlist1F/MasterAnaDev_data_AnaTuple_run00016800_Playlist.root	817645543	2026-04-20T01:10:44Z
Data/Playlist1F/MasterAnaDev_data_AnaTuple_run00016801_Playlist.root	767636566	2026-04-20T01:10:48Z
Data/Playlist1F/MasterAnaDev_data_AnaTuple_run00016802_Playlist.root	167300225	2026-04-20T01:10:50Z
Data/Playlist1F/MasterAnaDev_data_AnaTuple_run00016803_Playlist.root	166333	2026-04-20T01:10:51Z
Data/Playlist1F/MasterAnaDev_data_AnaTuple_run00016805_Playlist.root	753968736	2026-04-20T01:10:55Z
Data/Playlist1F/MasterAnaDev_data_AnaTuple_run00016806_Playlist.root	662304777	2026-04-20T01:11:00Z
Data/Playlist1F/MasterAnaDev_data_AnaTuple_run00016807_Playlist.root	793345713	2026-04-20T01:11:04Z
Data/Playlist1F/MasterAnaDev_data_AnaTuple_run00016808_Playlist.root	801689804	2026-04-20T01:11:08Z
Data/Playlist1F/MasterAnaDev_data_AnaTuple_run00016809_Playlist.root	798601641	2026-04-20T01:11:21Z
Data/Playlist1F/MasterAnaDev_data_AnaTuple_run00016811_Playlist.root	228766513	2026-04-20T01:11:23Z
Data/Playlist1F/MasterAnaDev_data_AnaTuple_run00016816_Playlist.root	700720425	2026-04-20T01:11:27Z
Data/Playlist1F/MasterAnaDev_data_AnaTuple_run00016817_Playlist.root	685962294	2026-04-20T01:11:31Z
Data/Playlist1F/MasterAnaDev_data_AnaTuple_run00016818_Playlist.root	779318190	2026-04-20T01:11:36Z
Data/Playlist1F/MasterAnaDev_data_AnaTuple_run00016819_Playlist.root	740020099	2026-04-20T01:11:40Z
Data/Playlist1F/MasterAnaDev_data_AnaTuple_run00016820_Playlist.root	807104484	2026-04-20T01:11:45Z
Data/Playlist1F/MasterAnaDev_data_AnaTuple_run00016821_Playlist.root	766151424	2026-04-20T01:11:50Z
Data/Playlist1F/MasterAnaDev_data_AnaTuple_run00016822_Playlist.root	791003409	2026-04-20T01:11:54Z
Data/Playlist1F/MasterAnaDev_data_AnaTuple_run00016823_Playlist.root	705926178	2026-04-20T01:11:57Z
Data/Playlist1F/MasterAnaDev_data_AnaTuple_run00016824_Playlist.root	789209538	2026-04-20T01:12:03Z
Data/Playlist1F/MasterAnaDev_data_AnaTuple_run00016825_Playlist.root	711202006	2026-04-20T01:12:07Z
Data/Playlist1F/MasterAnaDev_data_AnaTuple_run00016826_Playlist.root	760740928	2026-04-20T01:12:11Z
Data/Playlist1F/MasterAnaDev_data_AnaTuple_run00016827_Playlist.root	771386713	2026-04-20T01:12:17Z
Data/Playlist1F/MasterAnaDev_data_AnaTuple_run00016828_Playlist.root	867845561	2026-04-20T01:12:21Z
Data/Playlist1F/MasterAnaDev_data_AnaTuple_run00016829_Playlist.root	807123896	2026-04-20T01:12:25Z
Data/Playlist1F/MasterAnaDev_data_AnaTuple_run00016830_Playlist.root	818005405	2026-04-20T01:12:29Z
Data/Playlist1F/MasterAnaDev_data_AnaTuple_run00016831_Playlist.root	674573236	2026-04-20T01:12:34Z
Data/Playlist1F/MasterAnaDev_data_AnaTuple_run00016832_Playlist.root	784300725	2026-04-20T01:12:38Z
Data/Playlist1F/MasterAnaDev_data_AnaTuple_run00016833_Playlist.root	782048891	2026-04-20T01:12:42Z
Data/Playlist1F/MasterAnaDev_data_AnaTuple_run00016834_Playlist.root	774356777	2026-04-20T01:12:48Z
Data/Playlist1F/MasterAnaDev_data_AnaTuple_run00016835_Playlist.root	785300762	2026-04-20T01:12:51Z
Data/Playlist1F/MasterAnaDev_data_AnaTuple_run00016836_Playlist.root	605925781	2026-04-20T01:12:54Z
Data/Playlist1F/MasterAnaDev_data_AnaTuple_run00016837_Playlist.root	138771430	2026-04-20T01:12:56Z
Data/Playlist1F/MasterAnaDev_data_AnaTuple_run00016839_Playlist.root	670215943	2026-04-20T01:13:00Z
Data/Playlist1F/MasterAnaDev_data_AnaTuple_run00016840_Playlist.root	380149905	2026-04-20T01:13:03Z
Data/Playlist1F/MasterAnaDev_data_AnaTuple_run00016841_Playlist.root	23134029	2026-04-20T01:13:04Z
Data/Playlist1F/MasterAnaDev_data_AnaTuple_run00016843_Playlist.root	575978536	2026-04-20T01:13:13Z
Data/Playlist1G/MasterAnaDev_data_AnaTuple_run00018668_Playlist.root	473483501	2026-04-20T00:21:21Z
Data/Playlist1G/MasterAnaDev_data_AnaTuple_run00018669_Playlist.root	524006958	2026-04-20T00:21:23Z
Data/Playlist1G/MasterAnaDev_data_AnaTuple_run00018670_Playlist.root	180678803	2026-04-20T00:21:25Z
Data/Playlist1G/MasterAnaDev_data_AnaTuple_run00018671_Playlist.root	397943459	2026-04-20T00:21:28Z
Data/Playlist1G/MasterAnaDev_data_AnaTuple_run00018672_Playlist.root	459949154	2026-04-20T00:21:31Z
Data/Playlist1G/MasterAnaDev_data_AnaTuple_run00018673_Playlist.root	518998727	2026-04-20T00:21:35Z
Data/Playlist1G/MasterAnaDev_data_AnaTuple_run00018674_Playlist.root	282911500	2026-04-20T00:21:37Z
Data/Playlist1G/MasterAnaDev_data_AnaTuple_run00018676_Playlist.root	462913412	2026-04-20T00:21:43Z
Data/Playlist1G/MasterAnaDev_data_AnaTuple_run00018677_Playlist.root	202168306	2026-04-20T00:21:45Z
Data/Playlist1G/MasterAnaDev_data_AnaTuple_run00018679_Playlist.root	378371551	2026-04-20T00:21:51Z
Data/Playlist1G/MasterAnaDev_data_AnaTuple_run00018680_Playlist.root	206053196	2026-04-20T00:21:53Z
Data/Playlist1G/MasterAnaDev_data_AnaTuple_run00018691_Playlist.root	410998612	2026-04-20T00:23:35Z
Data/Playlist1G/MasterAnaDev_data_AnaTuple_run00018692_Playlist.root	522873857	2026-04-20T00:23:38Z
Data/Playlist1G/MasterAnaDev_data_AnaTuple_run00018693_Playlist.root	593752257	2026-04-20T00:23:41Z
Data/Playlist1G/MasterAnaDev_data_AnaTuple_run00018694_Playlist.root	572601233	2026-04-20T00:23:48Z
Data/Playlist1G/MasterAnaDev_data_AnaTuple_run00018695_Playlist.root	204584135	2026-04-20T00:23:51Z
Data/Playlist1G/MasterAnaDev_data_AnaTuple_run00018696_Playlist.root	589307486	2026-04-20T00:23:54Z
Data/Playlist1G/MasterAnaDev_data_AnaTuple_run00018697_Playlist.root	542432083	2026-04-20T00:23:58Z
Data/Playlist1G/MasterAnaDev_data_AnaTuple_run00018698_Playlist.root	440239566	2026-04-20T00:24:02Z
Data/Playlist1G/MasterAnaDev_data_AnaTuple_run00018699_Playlist.root	510760335	2026-04-20T00:24:05Z
Data/Playlist1G/MasterAnaDev_data_AnaTuple_run00018700_Playlist.root	532238147	2026-04-20T00:24:08Z
Data/Playlist1G/MasterAnaDev_data_AnaTuple_run00018701_Playlist.root	577757686	2026-04-20T00:24:12Z
Data/Playlist1G/MasterAnaDev_data_AnaTuple_run00018702_Playlist.root	546049975	2026-04-20T00:24:15Z
Data/Playlist1G/MasterAnaDev_data_AnaTuple_run00018703_Playlist.root	572169104	2026-04-20T00:24:19Z
Data/Playlist1G/MasterAnaDev_data_AnaTuple_run00018704_Playlist.root	474071436	2026-04-20T00:24:22Z
Data/Playlist1G/MasterAnaDev_data_AnaTuple_run00018705_Playlist.root	410923087	2026-04-20T00:24:25Z
Data/Playlist1G/MasterAnaDev_data_AnaTuple_run00018706_Playlist.root	592980708	2026-04-20T00:24:29Z
Data/Playlist1G/MasterAnaDev_data_AnaTuple_run00018707_Playlist.root	120080146	2026-04-20T00:24:31Z
Data/Playlist1G/MasterAnaDev_data_AnaTuple_run00018715_Playlist.root	380874371	2026-04-20T00:24:34Z
Data/Playlist1G/MasterAnaDev_data_AnaTuple_run00018716_Playlist.root	472851869	2026-04-20T00:24:41Z
Data/Playlist1G/MasterAnaDev_data_AnaTuple_run00018717_Playlist.root	44368950	2026-04-20T00:24:42Z
Data/Playlist1G/MasterAnaDev_data_AnaTuple_run00018720_Playlist.root	474453796	2026-04-20T00:24:45Z
Data/Playlist1G/MasterAnaDev_data_AnaTuple_run00018721_Playlist.root	570977981	2026-04-20T00:24:48Z
Data/Playlist1G/MasterAnaDev_data_AnaTuple_run00018722_Playlist.root	592876541	2026-04-20T00:24:51Z
Data/Playlist1G/MasterAnaDev_data_AnaTuple_run00018723_Playlist.root	584890301	2026-04-20T00:24:54Z
Data/Playlist1G/MasterAnaDev_data_AnaTuple_run00018724_Playlist.root	548988322	2026-04-20T00:24:57Z
Data/Playlist1G/MasterAnaDev_data_AnaTuple_run00018725_Playlist.root	480204480	2026-04-20T00:25:02Z
Data/Playlist1G/MasterAnaDev_data_AnaTuple_run00018726_Playlist.root	260171782	2026-04-20T00:25:05Z
Data/Playlist1G/MasterAnaDev_data_AnaTuple_run00018727_Playlist.root	247523420	2026-04-20T00:25:07Z
Data/Playlist1G/MasterAnaDev_data_AnaTuple_run00018728_Playlist.root	192479607	2026-04-20T00:25:09Z
Data/Playlist1G/MasterAnaDev_data_AnaTuple_run00018730_Playlist.root	549236656	2026-04-20T00:25:14Z
Data/Playlist1G/MasterAnaDev_data_AnaTuple_run00018731_Playlist.root	601611751	2026-04-20T00:25:18Z
Data/Playlist1G/MasterAnaDev_data_AnaTuple_run00018732_Playlist.root	222835958	2026-04-20T00:25:20Z
Data/Playlist1G/MasterAnaDev_data_AnaTuple_run00018800_Playlist.root	608980083	2026-04-20T00:25:24Z
Data/Playlist1G/MasterAnaDev_data_AnaTuple_run00018801_Playlist.root	605017951	2026-04-20T00:25:27Z
Data/Playlist1G/MasterAnaDev_data_AnaTuple_run00018802_Playlist.root	587857557	2026-04-20T00:25:32Z
Data/Playlist1G/MasterAnaDev_data_AnaTuple_run00018803_Playlist.root	606734777	2026-04-20T00:25:36Z
Data/Playlist1G/MasterAnaDev_data_AnaTuple_run00018804_Playlist.root	542393708	2026-04-20T00:25:40Z
Data/Playlist1G/MasterAnaDev_data_AnaTuple_run00018805_Playlist.root	555077894	2026-04-20T00:25:43Z
Data/Playlist1G/MasterAnaDev_data_AnaTuple_run00018806_Playlist.root	559205943	2026-04-20T00:25:46Z
Data/Playlist1G/MasterAnaDev_data_AnaTuple_run00018807_Playlist.root	366354156	2026-04-20T00:25:48Z
Data/Playlist1G/MasterAnaDev_data_AnaTuple_run00018808_Playlist.root	541509825	2026-04-20T00:25:53Z
Data/Playlist1G/MasterAnaDev_data_AnaTuple_run00018809_Playlist.root	550425148	2026-04-20T00:25:57Z
Data/Playlist1G/MasterAnaDev_data_AnaTuple_run00018810_Playlist.root	617174014	2026-04-20T00:26:00Z
Data/Playlist1G/MasterAnaDev_data_AnaTuple_run00018811_Playlist.root	605298743	2026-04-20T00:26:04Z
Data/Playlist1G/MasterAnaDev_data_AnaTuple_run00018812_Playlist.root	571291848	2026-04-20T00:26:07Z
Data/Playlist1G/MasterAnaDev_data_AnaTuple_run00018813_Playlist.root	621319563	2026-04-20T00:26:12Z
Data/Playlist1G/MasterAnaDev_data_AnaTuple_run00018814_Playlist.root	615203375	2026-04-20T00:26:14Z
Data/Playlist1G/MasterAnaDev_data_AnaTuple_run00018815_Playlist.root	591606063	2026-04-20T00:26:19Z
Data/Playlist1G/MasterAnaDev_data_AnaTuple_run00018816_Playlist.root	614425389	2026-04-20T00:26:22Z
Data/Playlist1G/MasterAnaDev_data_AnaTuple_run00018817_Playlist.root	618199580	2026-04-20T00:26:25Z
Data/Playlist1G/MasterAnaDev_data_AnaTuple_run00018818_Playlist.root	626714627	2026-04-20T00:26:30Z
Data/Playlist1G/MasterAnaDev_data_AnaTuple_run00018819_Playlist.root	627724568	2026-04-20T00:26:34Z
Data/Playlist1G/MasterAnaDev_data_AnaTuple_run00018820_Playlist.root	627024930	2026-04-20T00:26:37Z
Data/Playlist1G/MasterAnaDev_data_AnaTuple_run00018821_Playlist.root	95513756	2026-04-20T00:26:38Z
Data/Playlist1G/MasterAnaDev_data_AnaTuple_run00018822_Playlist.root	622582080	2026-04-20T00:26:42Z
Data/Playlist1G/MasterAnaDev_data_AnaTuple_run00018823_Playlist.root	854615491	2026-04-20T00:26:50Z
Data/Playlist1G/MasterAnaDev_data_AnaTuple_run00018824_Playlist.root	611198027	2026-04-20T00:26:53Z
Data/Playlist1G/MasterAnaDev_data_AnaTuple_run00018825_Playlist.root	599704322	2026-04-20T00:26:56Z
Data/Playlist1G/MasterAnaDev_data_AnaTuple_run00018826_Playlist.root	110509517	2026-04-20T00:26:57Z
Data/Playlist1G/MasterAnaDev_data_AnaTuple_run00018827_Playlist.root	274367668	2026-04-20T00:27:00Z
Data/Playlist1G/MasterAnaDev_data_AnaTuple_run00018828_Playlist.root	630173344	2026-04-20T00:27:04Z
Data/Playlist1G/MasterAnaDev_data_AnaTuple_run00018829_Playlist.root	634125929	2026-04-20T00:27:08Z
Data/Playlist1G/MasterAnaDev_data_AnaTuple_run00018830_Playlist.root	641369829	2026-04-20T00:27:11Z
Data/Playlist1G/MasterAnaDev_data_AnaTuple_run00018831_Playlist.root	575385549	2026-04-20T00:27:24Z
Data/Playlist1G/MasterAnaDev_data_AnaTuple_run00018832_Playlist.root	615607403	2026-04-20T00:27:27Z
Data/Playlist1G/MasterAnaDev_data_AnaTuple_run00018833_Playlist.root	633502653	2026-04-20T00:27:32Z
Data/Playlist1G/MasterAnaDev_data_AnaTuple_run00018834_Playlist.root	616741107	2026-04-20T00:27:36Z
Data/Playlist1G/MasterAnaDev_data_AnaTuple_run00018835_Playlist.root	628354910	2026-04-20T00:27:39Z
Data/Playlist1G/MasterAnaDev_data_AnaTuple_run00018836_Playlist.root	620965354	2026-04-20T00:27:42Z
Data/Playlist1G/MasterAnaDev_data_AnaTuple_run00018837_Playlist.root	630489299	2026-04-20T00:27:46Z
Data/Playlist1G/MasterAnaDev_data_AnaTuple_run00018838_Playlist.root	585618401	2026-04-20T00:27:49Z
Data/Playlist1G/MasterAnaDev_data_AnaTuple_run00018839_Playlist.root	477303562	2026-04-20T00:27:51Z
Data/Playlist1G/MasterAnaDev_data_AnaTuple_run00018844_Playlist.root	555634207	2026-04-20T00:27:54Z
Data/Playlist1G/MasterAnaDev_data_AnaTuple_run00018845_Playlist.root	399188995	2026-04-20T00:28:03Z
Data/Playlist1G/MasterAnaDev_data_AnaTuple_run00018846_Playlist.root	603423969	2026-04-20T00:28:06Z
Data/Playlist1G/MasterAnaDev_data_AnaTuple_run00018847_Playlist.root	550424952	2026-04-20T00:28:09Z
Data/Playlist1G/MasterAnaDev_data_AnaTuple_run00018848_Playlist.root	629139227	2026-04-20T00:28:12Z
Data/Playlist1G/MasterAnaDev_data_AnaTuple_run00018849_Playlist.root	614601224	2026-04-20T00:28:16Z
Data/Playlist1G/MasterAnaDev_data_AnaTuple_run00018850_Playlist.root	590697586	2026-04-20T00:28:21Z
Data/Playlist1G/MasterAnaDev_data_AnaTuple_run00018851_Playlist.root	599475610	2026-04-20T00:28:31Z
Data/Playlist1G/MasterAnaDev_data_AnaTuple_run00018852_Playlist.root	552002964	2026-04-20T00:28:36Z
Data/Playlist1G/MasterAnaDev_data_AnaTuple_run00018853_Playlist.root	561109858	2026-04-20T00:28:39Z
Data/Playlist1G/MasterAnaDev_data_AnaTuple_run00018854_Playlist.root	637316430	2026-04-20T00:28:42Z
Data/Playlist1G/MasterAnaDev_data_AnaTuple_run00018855_Playlist.root	621330720	2026-04-20T00:28:45Z
Data/Playlist1G/MasterAnaDev_data_AnaTuple_run00018856_Playlist.root	644586532	2026-04-20T00:28:49Z
Data/Playlist1G/MasterAnaDev_data_AnaTuple_run00018857_Playlist.root	629017980	2026-04-20T00:28:54Z
Data/Playlist1G/MasterAnaDev_data_AnaTuple_run00018858_Playlist.root	607827404	2026-04-20T00:28:57Z
Data/Playlist1G/MasterAnaDev_data_AnaTuple_run00018859_Playlist.root	601657563	2026-04-20T00:29:00Z
Data/Playlist1G/MasterAnaDev_data_AnaTuple_run00018860_Playlist.root	622483266	2026-04-20T00:29:05Z
Data/Playlist1G/MasterAnaDev_data_AnaTuple_run00018861_Playlist.root	631292015	2026-04-20T00:29:08Z
Data/Playlist1G/MasterAnaDev_data_AnaTuple_run00018862_Playlist.root	582304892	2026-04-20T00:29:12Z
Data/Playlist1G/MasterAnaDev_data_AnaTuple_run00018863_Playlist.root	625706312	2026-04-20T00:29:15Z
Data/Playlist1G/MasterAnaDev_data_AnaTuple_run00018864_Playlist.root	630633643	2026-04-20T00:29:19Z
Data/Playlist1G/MasterAnaDev_data_AnaTuple_run00018865_Playlist.root	636955395	2026-04-20T00:29:22Z
Data/Playlist1G/MasterAnaDev_data_AnaTuple_run00018866_Playlist.root	640648966	2026-04-20T00:29:25Z
Data/Playlist1G/MasterAnaDev_data_AnaTuple_run00018867_Playlist.root	599760793	2026-04-20T00:29:28Z
Data/Playlist1G/MasterAnaDev_data_AnaTuple_run00018868_Playlist.root	637186303	2026-04-20T00:29:31Z
Data/Playlist1G/MasterAnaDev_data_AnaTuple_run00018869_Playlist.root	284703635	2026-04-20T00:29:34Z
Data/Playlist1G/MasterAnaDev_data_AnaTuple_run00018871_Playlist.root	639554315	2026-04-20T00:29:37Z
Data/Playlist1G/MasterAnaDev_data_AnaTuple_run00018872_Playlist.root	626623048	2026-04-20T00:29:40Z
Data/Playlist1G/MasterAnaDev_data_AnaTuple_run00018873_Playlist.root	688226326	2026-04-20T00:29:43Z
Data/Playlist1G/MasterAnaDev_data_AnaTuple_run00018874_Playlist.root	668240278	2026-04-20T00:29:47Z
Data/Playlist1G/MasterAnaDev_data_AnaTuple_run00018875_Playlist.root	525439436	2026-04-20T00:29:50Z
Data/Playlist1G/MasterAnaDev_data_AnaTuple_run00018876_Playlist.root	622620247	2026-04-20T00:29:53Z
Data/Playlist1G/MasterAnaDev_data_AnaTuple_run00018877_Playlist.root	676412185	2026-04-20T00:29:58Z
Data/Playlist1G/MasterAnaDev_data_AnaTuple_run00018878_Playlist.root	660197638	2026-04-20T00:30:01Z
Data/Playlist1G/MasterAnaDev_data_AnaTuple_run00018879_Playlist.root	687976952	2026-04-20T00:30:04Z
Data/Playlist1G/MasterAnaDev_data_AnaTuple_run00018880_Playlist.root	700780593	2026-04-20T00:30:08Z
Data/Playlist1G/MasterAnaDev_data_AnaTuple_run00018881_Playlist.root	413507509	2026-04-20T00:30:11Z
Data/Playlist1G/MasterAnaDev_data_AnaTuple_run00018882_Playlist.root	676317124	2026-04-20T00:30:14Z
Data/Playlist1G/MasterAnaDev_data_AnaTuple_run00018883_Playlist.root	312658058	2026-04-20T00:30:18Z
Data/Playlist1G/MasterAnaDev_data_AnaTuple_run00018884_Playlist.root	633841529	2026-04-20T00:30:21Z
Data/Playlist1G/MasterAnaDev_data_AnaTuple_run00018885_Playlist.root	612832512	2026-04-20T00:30:24Z
Data/Playlist1G/MasterAnaDev_data_AnaTuple_run00018886_Playlist.root	689498366	2026-04-20T00:30:29Z
Data/Playlist1G/MasterAnaDev_data_AnaTuple_run00018887_Playlist.root	95253506	2026-04-20T00:30:30Z
Data/Playlist1G/MasterAnaDev_data_AnaTuple_run00018888_Playlist.root	166345	2026-04-20T00:30:31Z
Data/Playlist1G/MasterAnaDev_data_AnaTuple_run00018889_Playlist.root	3753640	2026-04-20T00:30:32Z
Data/Playlist1G/MasterAnaDev_data_AnaTuple_run00018890_Playlist.root	692049074	2026-04-20T00:30:35Z
Data/Playlist1G/MasterAnaDev_data_AnaTuple_run00018891_Playlist.root	692269220	2026-04-20T00:30:40Z
Data/Playlist1G/MasterAnaDev_data_AnaTuple_run00018892_Playlist.root	652064719	2026-04-20T00:30:43Z
Data/Playlist1G/MasterAnaDev_data_AnaTuple_run00018893_Playlist.root	661667497	2026-04-20T00:30:49Z
Data/Playlist1G/MasterAnaDev_data_AnaTuple_run00018894_Playlist.root	638918936	2026-04-20T00:30:54Z
Data/Playlist1G/MasterAnaDev_data_AnaTuple_run00018895_Playlist.root	579150456	2026-04-20T00:30:57Z
Data/Playlist1G/MasterAnaDev_data_AnaTuple_run00018896_Playlist.root	615987795	2026-04-20T00:31:01Z
Data/Playlist1G/MasterAnaDev_data_AnaTuple_run00018897_Playlist.root	674597965	2026-04-20T00:31:07Z
Data/Playlist1G/MasterAnaDev_data_AnaTuple_run00018898_Playlist.root	445645979	2026-04-20T00:31:10Z
Data/Playlist1G/MasterAnaDev_data_AnaTuple_run00018899_Playlist.root	687577858	2026-04-20T00:31:24Z
Data/Playlist1G/MasterAnaDev_data_AnaTuple_run00018900_Playlist.root	662018254	2026-04-20T00:31:30Z
Data/Playlist1G/MasterAnaDev_data_AnaTuple_run00018901_Playlist.root	705878221	2026-04-20T00:31:37Z
Data/Playlist1G/MasterAnaDev_data_AnaTuple_run00018902_Playlist.root	640247759	2026-04-20T00:31:40Z
Data/Playlist1G/MasterAnaDev_data_AnaTuple_run00018903_Playlist.root	691347720	2026-04-20T00:31:44Z
Data/Playlist1G/MasterAnaDev_data_AnaTuple_run00018904_Playlist.root	669164215	2026-04-20T00:31:49Z
Data/Playlist1G/MasterAnaDev_data_AnaTuple_run00018905_Playlist.root	689063601	2026-04-20T00:31:53Z
Data/Playlist1G/MasterAnaDev_data_AnaTuple_run00018906_Playlist.root	602253184	2026-04-20T00:31:58Z
Data/Playlist1G/MasterAnaDev_data_AnaTuple_run00018907_Playlist.root	602356101	2026-04-20T00:32:01Z
Data/Playlist1G/MasterAnaDev_data_AnaTuple_run00018908_Playlist.root	667718400	2026-04-20T00:32:07Z
Data/Playlist1G/MasterAnaDev_data_AnaTuple_run00018909_Playlist.root	671197282	2026-04-20T00:32:10Z
Data/Playlist1G/MasterAnaDev_data_AnaTuple_run00018910_Playlist.root	659743031	2026-04-20T00:32:14Z
Data/Playlist1G/MasterAnaDev_data_AnaTuple_run00018911_Playlist.root	642048029	2026-04-20T00:32:21Z
Data/Playlist1G/MasterAnaDev_data_AnaTuple_run00018912_Playlist.root	300817949	2026-04-20T00:32:24Z
Data/Playlist1G/MasterAnaDev_data_AnaTuple_run00018913_Playlist.root	588786255	2026-04-20T00:32:29Z
Data/Playlist1G/MasterAnaDev_data_AnaTuple_run00018914_Playlist.root	617116282	2026-04-20T00:32:33Z
Data/Playlist1G/MasterAnaDev_data_AnaTuple_run00018915_Playlist.root	653440255	2026-04-20T00:32:38Z
Data/Playlist1G/MasterAnaDev_data_AnaTuple_run00018916_Playlist.root	456716285	2026-04-20T00:32:41Z
Data/Playlist1G/MasterAnaDev_data_AnaTuple_run00019061_Playlist.root	362738074	2026-04-20T00:32:44Z
Data/Playlist1G/MasterAnaDev_data_AnaTuple_run00019062_Playlist.root	732466099	2026-04-20T00:32:47Z
Data/Playlist1G/MasterAnaDev_data_AnaTuple_run00019063_Playlist.root	789677115	2026-04-20T00:32:51Z
Data/Playlist1G/MasterAnaDev_data_AnaTuple_run00019064_Playlist.root	1107442520	2026-04-20T00:32:55Z
Data/Playlist1G/MasterAnaDev_data_AnaTuple_run00019065_Playlist.root	928024369	2026-04-20T00:33:03Z
Data/Playlist1G/MasterAnaDev_data_AnaTuple_run00019066_Playlist.root	698117201	2026-04-20T00:33:08Z
Data/Playlist1G/MasterAnaDev_data_AnaTuple_run00019067_Playlist.root	821253893	2026-04-20T00:33:14Z
Data/Playlist1G/MasterAnaDev_data_AnaTuple_run00019068_Playlist.root	767093911	2026-04-20T00:33:19Z
Data/Playlist1G/MasterAnaDev_data_AnaTuple_run00019069_Playlist.root	11586357	2026-04-20T00:33:20Z
Data/Playlist1G/MasterAnaDev_data_AnaTuple_run00019070_Playlist.root	44472459	2026-04-20T00:33:21Z
Data/Playlist1G/MasterAnaDev_data_AnaTuple_run00019072_Playlist.root	775200077	2026-04-20T00:33:25Z
Data/Playlist1G/MasterAnaDev_data_AnaTuple_run00019073_Playlist.root	1018615118	2026-04-20T00:33:29Z
Data/Playlist1G/MasterAnaDev_data_AnaTuple_run00019074_Playlist.root	28893426	2026-04-20T00:33:31Z
Data/Playlist1G/MasterAnaDev_data_AnaTuple_run00019075_Playlist.root	771824124	2026-04-20T00:33:35Z
Data/Playlist1G/MasterAnaDev_data_AnaTuple_run00019076_Playlist.root	410890508	2026-04-20T00:33:38Z
Data/Playlist1G/MasterAnaDev_data_AnaTuple_run00019079_Playlist.root	453179065	2026-04-20T00:33:40Z
Data/Playlist1G/MasterAnaDev_data_AnaTuple_run00019080_Playlist.root	653709155	2026-04-20T00:33:43Z
Data/Playlist1G/MasterAnaDev_data_AnaTuple_run00019081_Playlist.root	166345	2026-04-20T00:33:44Z
Data/Playlist1G/MasterAnaDev_data_AnaTuple_run00019082_Playlist.root	641668810	2026-04-20T00:33:47Z
Data/Playlist1G/MasterAnaDev_data_AnaTuple_run00019083_Playlist.root	65828705	2026-04-20T00:33:49Z
Data/Playlist1G/MasterAnaDev_data_AnaTuple_run00019084_Playlist.root	435844582	2026-04-20T00:33:52Z
Data/Playlist1G/MasterAnaDev_data_AnaTuple_run00019085_Playlist.root	801348648	2026-04-20T00:33:56Z
Data/Playlist1G/MasterAnaDev_data_AnaTuple_run00019086_Playlist.root	1112944934	2026-04-20T00:34:00Z
Data/Playlist1G/MasterAnaDev_data_AnaTuple_run00019087_Playlist.root	105550992	2026-04-20T00:34:02Z
Data/Playlist1G/MasterAnaDev_data_AnaTuple_run00019089_Playlist.root	648571452	2026-04-20T00:34:11Z
Data/Playlist1G/MasterAnaDev_data_AnaTuple_run00019090_Playlist.root	512325228	2026-04-20T00:34:15Z
Data/Playlist1G/MasterAnaDev_data_AnaTuple_run00019091_Playlist.root	1865165	2026-04-20T00:34:16Z
Data/Playlist1G/MasterAnaDev_data_AnaTuple_run00019092_Playlist.root	30467958	2026-04-20T00:34:18Z
Data/Playlist1G/MasterAnaDev_data_AnaTuple_run00019094_Playlist.root	717047423	2026-04-20T00:34:23Z
Data/Playlist1G/MasterAnaDev_data_AnaTuple_run00019095_Playlist.root	783971410	2026-04-20T00:34:27Z
Data/Playlist1G/MasterAnaDev_data_AnaTuple_run00019096_Playlist.root	157911790	2026-04-20T00:34:29Z
Data/Playlist1G/MasterAnaDev_data_AnaTuple_run00019097_Playlist.root	304330521	2026-04-20T00:34:31Z
Data/Playlist1G/MasterAnaDev_data_AnaTuple_run00019098_Playlist.root	166155855	2026-04-20T00:34:33Z
Data/Playlist1G/MasterAnaDev_data_AnaTuple_run00019099_Playlist.root	794333684	2026-04-20T00:34:37Z
Data/Playlist1G/MasterAnaDev_data_AnaTuple_run00019100_Playlist.root	224240586	2026-04-20T00:34:39Z
Data/Playlist1G/MasterAnaDev_data_AnaTuple_run00019101_Playlist.root	844880377	2026-04-20T00:34:42Z
Data/Playlist1G/MasterAnaDev_data_AnaTuple_run00019102_Playlist.root	46175537	2026-04-20T00:34:44Z
Data/Playlist1G/MasterAnaDev_data_AnaTuple_run00019103_Playlist.root	811103054	2026-04-20T00:34:48Z
Data/Playlist1G/MasterAnaDev_data_AnaTuple_run00019104_Playlist.root	429397064	2026-04-20T00:34:51Z
Data/Playlist1G/MasterAnaDev_data_AnaTuple_run00019119_Playlist.root	110798906	2026-04-20T00:34:52Z
Data/Playlist1G/MasterAnaDev_data_AnaTuple_run00019120_Playlist.root	40914128	2026-04-20T00:34:56Z
Data/Playlist1G/MasterAnaDev_data_AnaTuple_run00019121_Playlist.root	366255505	2026-04-20T00:34:59Z
Data/Playlist1G/MasterAnaDev_data_AnaTuple_run00019123_Playlist.root	841409819	2026-04-20T00:35:06Z
Data/Playlist1G/MasterAnaDev_data_AnaTuple_run00019124_Playlist.root	459442108	2026-04-20T00:35:10Z
Data/Playlist1G/MasterAnaDev_data_AnaTuple_run00019125_Playlist.root	6959467	2026-04-20T00:35:11Z
Data/Playlist1G/MasterAnaDev_data_AnaTuple_run00019128_Playlist.root	907133434	2026-04-20T00:35:15Z
Data/Playlist1G/MasterAnaDev_data_AnaTuple_run00019129_Playlist.root	901130113	2026-04-20T00:35:19Z
Data/Playlist1G/MasterAnaDev_data_AnaTuple_run00019130_Playlist.root	935083943	2026-04-20T00:35:25Z
Data/Playlist1G/MasterAnaDev_data_AnaTuple_run00019131_Playlist.root	273413384	2026-04-20T00:35:28Z
Data/Playlist1G/MasterAnaDev_data_AnaTuple_run00019132_Playlist.root	885285086	2026-04-20T00:35:32Z
Data/Playlist1G/MasterAnaDev_data_AnaTuple_run00019133_Playlist.root	935302703	2026-04-20T00:35:39Z
Data/Playlist1G/MasterAnaDev_data_AnaTuple_run00019134_Playlist.root	898687941	2026-04-20T00:35:43Z
Data/Playlist1G/MasterAnaDev_data_AnaTuple_run00019135_Playlist.root	914443224	2026-04-20T00:35:52Z
Data/Playlist1G/MasterAnaDev_data_AnaTuple_run00019136_Playlist.root	944111976	2026-04-20T00:35:56Z
Data/Playlist1G/MasterAnaDev_data_AnaTuple_run00019137_Playlist.root	965581167	2026-04-20T00:36:09Z
Data/Playlist1G/MasterAnaDev_data_AnaTuple_run00019138_Playlist.root	809136556	2026-04-20T00:36:17Z
Data/Playlist1G/MasterAnaDev_data_AnaTuple_run00019140_Playlist.root	1313405509	2026-04-20T00:36:22Z
Data/Playlist1G/MasterAnaDev_data_AnaTuple_run00019141_Playlist.root	221386609	2026-04-20T00:36:24Z
Data/Playlist1G/MasterAnaDev_data_AnaTuple_run00019142_Playlist.root	910763780	2026-04-20T00:36:30Z
Data/Playlist1G/MasterAnaDev_data_AnaTuple_run00019143_Playlist.root	775777431	2026-04-20T00:36:33Z
Data/Playlist1G/MasterAnaDev_data_AnaTuple_run00019144_Playlist.root	967226625	2026-04-20T00:36:37Z
Data/Playlist1G/MasterAnaDev_data_AnaTuple_run00019145_Playlist.root	991680420	2026-04-20T00:36:42Z
Data/Playlist1G/MasterAnaDev_data_AnaTuple_run00019146_Playlist.root	698595352	2026-04-20T00:36:46Z
Data/Playlist1G/MasterAnaDev_data_AnaTuple_run00019147_Playlist.root	166345	2026-04-20T00:36:47Z
Data/Playlist1G/MasterAnaDev_data_AnaTuple_run00019148_Playlist.root	166345	2026-04-20T00:36:48Z
Data/Playlist1G/MasterAnaDev_data_AnaTuple_run00019149_Playlist.root	883783639	2026-04-20T00:36:53Z
Data/Playlist1G/MasterAnaDev_data_AnaTuple_run00019153_Playlist.root	106091589	2026-04-20T00:36:55Z
Data/Playlist1G/MasterAnaDev_data_AnaTuple_run00019154_Playlist.root	166345	2026-04-20T00:36:56Z
Data/Playlist1G/MasterAnaDev_data_AnaTuple_run00019155_Playlist.root	8011204	2026-04-20T00:36:57Z
Data/Playlist1G/MasterAnaDev_data_AnaTuple_run00019156_Playlist.root	874382736	2026-04-20T00:37:01Z
Data/Playlist1G/MasterAnaDev_data_AnaTuple_run00019157_Playlist.root	1185417783	2026-04-20T00:37:07Z
Data/Playlist1G/MasterAnaDev_data_AnaTuple_run00019158_Playlist.root	281673869	2026-04-20T00:37:09Z
Data/Playlist1G/MasterAnaDev_data_AnaTuple_run00019162_Playlist.root	950752906	2026-04-20T00:37:13Z
Data/Playlist1G/MasterAnaDev_data_AnaTuple_run00019163_Playlist.root	966632716	2026-04-20T00:37:19Z
Data/Playlist1G/MasterAnaDev_data_AnaTuple_run00019164_Playlist.root	1009830415	2026-04-20T00:37:26Z
Data/Playlist1G/MasterAnaDev_data_AnaTuple_run00019165_Playlist.root	982999977	2026-04-20T00:37:30Z
Data/Playlist1G/MasterAnaDev_data_AnaTuple_run00019166_Playlist.root	1002961333	2026-04-20T00:37:36Z
Data/Playlist1G/MasterAnaDev_data_AnaTuple_run00019167_Playlist.root	361650936	2026-04-20T00:37:38Z
Data/Playlist1L/MasterAnaDev_data_AnaTuple_run00019168_Playlist.root	771359258	2026-04-19T01:06:16Z
Data/Playlist1L/MasterAnaDev_data_AnaTuple_run00019169_Playlist.root	166293	2026-04-19T01:06:17Z
Data/Playlist1L/MasterAnaDev_data_AnaTuple_run00019172_Playlist.root	809257261	2026-04-19T01:06:21Z
Data/Playlist1L/MasterAnaDev_data_AnaTuple_run00019173_Playlist.root	895580803	2026-04-19T01:06:39Z
Data/Playlist1L/MasterAnaDev_data_AnaTuple_run00019174_Playlist.root	951915095	2026-04-19T01:06:45Z
Data/Playlist1L/MasterAnaDev_data_AnaTuple_run00019175_Playlist.root	965997048	2026-04-19T01:06:51Z
Data/Playlist1L/MasterAnaDev_data_AnaTuple_run00019176_Playlist.root	739452400	2026-04-19T01:06:59Z
Data/Playlist1L/MasterAnaDev_data_AnaTuple_run00019177_Playlist.root	780366314	2026-04-19T01:07:04Z
Data/Playlist1L/MasterAnaDev_data_AnaTuple_run00019178_Playlist.root	941522413	2026-04-19T01:07:07Z
Data/Playlist1L/MasterAnaDev_data_AnaTuple_run00019179_Playlist.root	1002132371	2026-04-19T01:07:11Z
Data/Playlist1L/MasterAnaDev_data_AnaTuple_run00019180_Playlist.root	967245221	2026-04-19T01:07:17Z
Data/Playlist1L/MasterAnaDev_data_AnaTuple_run00019181_Playlist.root	989709252	2026-04-19T01:07:21Z
Data/Playlist1L/MasterAnaDev_data_AnaTuple_run00019182_Playlist.root	936607879	2026-04-19T01:07:27Z
Data/Playlist1L/MasterAnaDev_data_AnaTuple_run00019183_Playlist.root	925882699	2026-04-19T01:07:30Z
Data/Playlist1L/MasterAnaDev_data_AnaTuple_run00019184_Playlist.root	757917453	2026-04-19T01:07:43Z
Data/Playlist1M/MasterAnaDev_data_AnaTuple_run00019186_Playlist.root	133272504	2026-04-20T01:28:49Z
Data/Playlist1M/MasterAnaDev_data_AnaTuple_run00019187_Playlist.root	731294232	2026-04-20T01:28:52Z
Data/Playlist1M/MasterAnaDev_data_AnaTuple_run00019188_Playlist.root	589751160	2026-04-20T01:28:55Z
Data/Playlist1M/MasterAnaDev_data_AnaTuple_run00019189_Playlist.root	740529781	2026-04-20T01:28:59Z
Data/Playlist1M/MasterAnaDev_data_AnaTuple_run00019190_Playlist.root	386623094	2026-04-20T01:29:01Z
Data/Playlist1M/MasterAnaDev_data_AnaTuple_run00019191_Playlist.root	537098336	2026-04-20T01:29:04Z
Data/Playlist1M/MasterAnaDev_data_AnaTuple_run00019192_Playlist.root	621614565	2026-04-20T01:29:18Z
Data/Playlist1M/MasterAnaDev_data_AnaTuple_run00019193_Playlist.root	1040162042	2026-04-20T01:29:23Z
Data/Playlist1M/MasterAnaDev_data_AnaTuple_run00019194_Playlist.root	1029875394	2026-04-20T01:29:30Z
Data/Playlist1M/MasterAnaDev_data_AnaTuple_run00019208_Playlist.root	166345	2026-04-20T01:29:31Z
Data/Playlist1M/MasterAnaDev_data_AnaTuple_run00019209_Playlist.root	166345	2026-04-20T01:29:32Z
Data/Playlist1M/MasterAnaDev_data_AnaTuple_run00019210_Playlist.root	166345	2026-04-20T01:29:32Z
Data/Playlist1M/MasterAnaDev_data_AnaTuple_run00019211_Playlist.root	670811392	2026-04-20T01:29:36Z
Data/Playlist1M/MasterAnaDev_data_AnaTuple_run00019212_Playlist.root	22952267	2026-04-20T01:29:38Z
Data/Playlist1M/MasterAnaDev_data_AnaTuple_run00019213_Playlist.root	166345	2026-04-20T01:29:39Z
Data/Playlist1M/MasterAnaDev_data_AnaTuple_run00019214_Playlist.root	890946287	2026-04-20T01:29:43Z
Data/Playlist1M/MasterAnaDev_data_AnaTuple_run00019215_Playlist.root	561298681	2026-04-20T01:29:45Z
Data/Playlist1M/MasterAnaDev_data_AnaTuple_run00019216_Playlist.root	379305617	2026-04-20T01:29:48Z
Data/Playlist1M/MasterAnaDev_data_AnaTuple_run00019217_Playlist.root	1033843103	2026-04-20T01:29:56Z
Data/Playlist1M/MasterAnaDev_data_AnaTuple_run00019218_Playlist.root	976999252	2026-04-20T01:30:02Z
Data/Playlist1M/MasterAnaDev_data_AnaTuple_run00019219_Playlist.root	979252199	2026-04-20T01:30:08Z
Data/Playlist1M/MasterAnaDev_data_AnaTuple_run00019220_Playlist.root	762091964	2026-04-20T01:30:11Z
Data/Playlist1M/MasterAnaDev_data_AnaTuple_run00019221_Playlist.root	260581383	2026-04-20T01:30:14Z
Data/Playlist1M/MasterAnaDev_data_AnaTuple_run00019223_Playlist.root	634872462	2026-04-20T01:30:20Z
Data/Playlist1M/MasterAnaDev_data_AnaTuple_run00019224_Playlist.root	978466673	2026-04-20T01:30:25Z
Data/Playlist1M/MasterAnaDev_data_AnaTuple_run00019225_Playlist.root	1043263632	2026-04-20T01:30:30Z
Data/Playlist1M/MasterAnaDev_data_AnaTuple_run00019226_Playlist.root	1040435453	2026-04-20T01:30:34Z
Data/Playlist1M/MasterAnaDev_data_AnaTuple_run00019227_Playlist.root	1062648903	2026-04-20T01:30:40Z
Data/Playlist1M/MasterAnaDev_data_AnaTuple_run00019228_Playlist.root	1015382495	2026-04-20T01:30:44Z
Data/Playlist1M/MasterAnaDev_data_AnaTuple_run00019229_Playlist.root	1026840599	2026-04-20T01:30:57Z
Data/Playlist1M/MasterAnaDev_data_AnaTuple_run00019230_Playlist.root	774637450	2026-04-20T01:31:00Z
Data/Playlist1M/MasterAnaDev_data_AnaTuple_run00019231_Playlist.root	2045534	2026-04-20T01:31:01Z
Data/Playlist1M/MasterAnaDev_data_AnaTuple_run00019233_Playlist.root	980444523	2026-04-20T01:31:06Z
Data/Playlist1M/MasterAnaDev_data_AnaTuple_run00019234_Playlist.root	1044765168	2026-04-20T01:31:11Z
Data/Playlist1M/MasterAnaDev_data_AnaTuple_run00019235_Playlist.root	989003176	2026-04-20T01:31:16Z
Data/Playlist1M/MasterAnaDev_data_AnaTuple_run00019236_Playlist.root	958796056	2026-04-20T01:31:22Z
Data/Playlist1M/MasterAnaDev_data_AnaTuple_run00019237_Playlist.root	788306149	2026-04-20T01:31:26Z
Data/Playlist1M/MasterAnaDev_data_AnaTuple_run00019242_Playlist.root	166345	2026-04-20T01:31:27Z
Data/Playlist1M/MasterAnaDev_data_AnaTuple_run00019243_Playlist.root	899348113	2026-04-20T01:31:31Z
Data/Playlist1M/MasterAnaDev_data_AnaTuple_run00019244_Playlist.root	96341014	2026-04-20T01:31:33Z
Data/Playlist1M/MasterAnaDev_data_AnaTuple_run00019245_Playlist.root	1033231212	2026-04-20T01:31:37Z
Data/Playlist1M/MasterAnaDev_data_AnaTuple_run00019246_Playlist.root	1025516964	2026-04-20T01:31:42Z
Data/Playlist1M/MasterAnaDev_data_AnaTuple_run00019247_Playlist.root	1049070340	2026-04-20T01:31:52Z
Data/Playlist1M/MasterAnaDev_data_AnaTuple_run00019248_Playlist.root	1033964217	2026-04-20T01:32:00Z
Data/Playlist1M/MasterAnaDev_data_AnaTuple_run00019249_Playlist.root	1056755331	2026-04-20T01:32:05Z
Data/Playlist1M/MasterAnaDev_data_AnaTuple_run00019250_Playlist.root	955646156	2026-04-20T01:32:11Z
Data/Playlist1M/MasterAnaDev_data_AnaTuple_run00019251_Playlist.root	100254011	2026-04-20T01:32:13Z
Data/Playlist1M/MasterAnaDev_data_AnaTuple_run00019252_Playlist.root	336915429	2026-04-20T01:32:15Z
Data/Playlist1M/MasterAnaDev_data_AnaTuple_run00019253_Playlist.root	5145722	2026-04-20T01:32:16Z
Data/Playlist1M/MasterAnaDev_data_AnaTuple_run00019254_Playlist.root	572076639	2026-04-20T01:32:20Z
Data/Playlist1M/MasterAnaDev_data_AnaTuple_run00019256_Playlist.root	90527032	2026-04-20T01:32:21Z
Data/Playlist1M/MasterAnaDev_data_AnaTuple_run00019257_Playlist.root	918758260	2026-04-20T01:32:30Z
Data/Playlist1M/MasterAnaDev_data_AnaTuple_run00019258_Playlist.root	987838577	2026-04-20T01:32:34Z
Data/Playlist1M/MasterAnaDev_data_AnaTuple_run00019259_Playlist.root	1019560288	2026-04-20T01:32:39Z
Data/Playlist1M/MasterAnaDev_data_AnaTuple_run00019260_Playlist.root	649599544	2026-04-20T01:32:44Z
Data/Playlist1M/MasterAnaDev_data_AnaTuple_run00019261_Playlist.root	39453629	2026-04-20T01:32:45Z
Data/Playlist1M/MasterAnaDev_data_AnaTuple_run00019263_Playlist.root	95345989	2026-04-20T01:32:46Z
Data/Playlist1M/MasterAnaDev_data_AnaTuple_run00019264_Playlist.root	70642145	2026-04-20T01:32:48Z
Data/Playlist1M/MasterAnaDev_data_AnaTuple_run00019265_Playlist.root	166333	2026-04-20T01:32:49Z
Data/Playlist1M/MasterAnaDev_data_AnaTuple_run00019266_Playlist.root	13161586	2026-04-20T01:32:50Z
Data/Playlist1M/MasterAnaDev_data_AnaTuple_run00019268_Playlist.root	824571445	2026-04-20T01:32:54Z
Data/Playlist1M/MasterAnaDev_data_AnaTuple_run00019269_Playlist.root	408677045	2026-04-20T01:32:56Z
Data/Playlist1M/MasterAnaDev_data_AnaTuple_run00019270_Playlist.root	29914112	2026-04-20T01:32:58Z
Data/Playlist1M/MasterAnaDev_data_AnaTuple_run00019271_Playlist.root	106808506	2026-04-20T01:33:00Z
Data/Playlist1M/MasterAnaDev_data_AnaTuple_run00019272_Playlist.root	9467895	2026-04-20T01:33:01Z
Data/Playlist1M/MasterAnaDev_data_AnaTuple_run00019273_Playlist.root	3639556	2026-04-20T01:33:02Z
Data/Playlist1M/MasterAnaDev_data_AnaTuple_run00019274_Playlist.root	4569685	2026-04-20T01:33:03Z
Data/Playlist1M/MasterAnaDev_data_AnaTuple_run00019275_Playlist.root	120994350	2026-04-20T01:33:05Z
Data/Playlist1M/MasterAnaDev_data_AnaTuple_run00019282_Playlist.root	44613045	2026-04-20T01:33:07Z
Data/Playlist1M/MasterAnaDev_data_AnaTuple_run00019283_Playlist.root	93793033	2026-04-20T01:33:11Z
Data/Playlist1M/MasterAnaDev_data_AnaTuple_run00019284_Playlist.root	714646245	2026-04-20T01:33:14Z
Data/Playlist1M/MasterAnaDev_data_AnaTuple_run00019285_Playlist.root	1030595014	2026-04-20T01:33:19Z
Data/Playlist1M/MasterAnaDev_data_AnaTuple_run00019286_Playlist.root	1638847259	2026-04-20T01:33:25Z
Data/Playlist1M/MasterAnaDev_data_AnaTuple_run00019287_Playlist.root	1046874518	2026-04-20T01:33:34Z
Data/Playlist1M/MasterAnaDev_data_AnaTuple_run00019288_Playlist.root	1037156242	2026-04-20T01:33:38Z
Data/Playlist1M/MasterAnaDev_data_AnaTuple_run00019289_Playlist.root	12222286	2026-04-20T01:33:41Z
Data/Playlist1M/MasterAnaDev_data_AnaTuple_run00019294_Playlist.root	11413379	2026-04-20T01:33:42Z
Data/Playlist1M/MasterAnaDev_data_AnaTuple_run00019295_Playlist.root	187600405	2026-04-20T01:33:44Z
Data/Playlist1M/MasterAnaDev_data_AnaTuple_run00019297_Playlist.root	275000769	2026-04-20T01:33:46Z
Data/Playlist1M/MasterAnaDev_data_AnaTuple_run00019298_Playlist.root	166345	2026-04-20T01:33:47Z
Data/Playlist1M/MasterAnaDev_data_AnaTuple_run00019299_Playlist.root	1003578978	2026-04-20T01:33:51Z
Data/Playlist1M/MasterAnaDev_data_AnaTuple_run00019300_Playlist.root	1009623155	2026-04-20T01:33:57Z
Data/Playlist1M/MasterAnaDev_data_AnaTuple_run00019301_Playlist.root	964961143	2026-04-20T01:34:04Z
Data/Playlist1M/MasterAnaDev_data_AnaTuple_run00019302_Playlist.root	71186277	2026-04-20T01:34:06Z
Data/Playlist1M/MasterAnaDev_data_AnaTuple_run00019306_Playlist.root	801796612	2026-04-20T01:34:13Z
Data/Playlist1M/MasterAnaDev_data_AnaTuple_run00019307_Playlist.root	983401918	2026-04-20T01:34:20Z
Data/Playlist1M/MasterAnaDev_data_AnaTuple_run00019308_Playlist.root	1032047940	2026-04-20T01:34:25Z
Data/Playlist1M/MasterAnaDev_data_AnaTuple_run00019309_Playlist.root	966953721	2026-04-20T01:34:31Z
Data/Playlist1M/MasterAnaDev_data_AnaTuple_run00019310_Playlist.root	987839977	2026-04-20T01:34:35Z
Data/Playlist1M/MasterAnaDev_data_AnaTuple_run00019311_Playlist.root	1002915413	2026-04-20T01:34:42Z
Data/Playlist1M/MasterAnaDev_data_AnaTuple_run00019312_Playlist.root	1038333071	2026-04-20T01:34:47Z
Data/Playlist1M/MasterAnaDev_data_AnaTuple_run00019313_Playlist.root	1043230380	2026-04-20T01:34:52Z
Data/Playlist1M/MasterAnaDev_data_AnaTuple_run00019314_Playlist.root	1015929296	2026-04-20T01:34:58Z
Data/Playlist1M/MasterAnaDev_data_AnaTuple_run00019315_Playlist.root	984565935	2026-04-20T01:35:03Z
Data/Playlist1M/MasterAnaDev_data_AnaTuple_run00019316_Playlist.root	1041586566	2026-04-20T01:35:07Z
Data/Playlist1M/MasterAnaDev_data_AnaTuple_run00019317_Playlist.root	5772757	2026-04-20T01:35:09Z
Data/Playlist1M/MasterAnaDev_data_AnaTuple_run00019318_Playlist.root	1026610086	2026-04-20T01:35:13Z
Data/Playlist1M/MasterAnaDev_data_AnaTuple_run00019319_Playlist.root	884516107	2026-04-20T01:35:22Z
Data/Playlist1M/MasterAnaDev_data_AnaTuple_run00019322_Playlist.root	43933777	2026-04-20T01:35:23Z
Data/Playlist1M/MasterAnaDev_data_AnaTuple_run00019323_Playlist.root	9094106	2026-04-20T01:35:25Z
Data/Playlist1M/MasterAnaDev_data_AnaTuple_run00019325_Playlist.root	970804847	2026-04-20T01:35:29Z
Data/Playlist1M/MasterAnaDev_data_AnaTuple_run00019326_Playlist.root	908466962	2026-04-20T01:35:35Z
Data/Playlist1M/MasterAnaDev_data_AnaTuple_run00019327_Playlist.root	985682378	2026-04-20T01:35:39Z
Data/Playlist1M/MasterAnaDev_data_AnaTuple_run00019328_Playlist.root	984603733	2026-04-20T01:35:50Z
Data/Playlist1M/MasterAnaDev_data_AnaTuple_run00019329_Playlist.root	997064404	2026-04-20T01:35:55Z
Data/Playlist1M/MasterAnaDev_data_AnaTuple_run00019330_Playlist.root	992919211	2026-04-20T01:36:00Z
Data/Playlist1M/MasterAnaDev_data_AnaTuple_run00019331_Playlist.root	692648546	2026-04-20T01:36:04Z
Data/Playlist1M/MasterAnaDev_data_AnaTuple_run00019332_Playlist.root	420061360	2026-04-20T01:36:07Z
Data/Playlist1M/MasterAnaDev_data_AnaTuple_run00019333_Playlist.root	166333	2026-04-20T01:36:07Z
Data/Playlist1M/MasterAnaDev_data_AnaTuple_run00019334_Playlist.root	166333	2026-04-20T01:36:08Z
Data/Playlist1M/MasterAnaDev_data_AnaTuple_run00019335_Playlist.root	166333	2026-04-20T01:36:09Z
Data/Playlist1M/MasterAnaDev_data_AnaTuple_run00019336_Playlist.root	166333	2026-04-20T01:36:10Z
Data/Playlist1M/MasterAnaDev_data_AnaTuple_run00019337_Playlist.root	166333	2026-04-20T01:36:11Z
Data/Playlist1M/MasterAnaDev_data_AnaTuple_run00019338_Playlist.root	548461430	2026-04-20T01:36:15Z
Data/Playlist1M/MasterAnaDev_data_AnaTuple_run00019339_Playlist.root	1024402019	2026-04-20T01:36:19Z
Data/Playlist1M/MasterAnaDev_data_AnaTuple_run00019340_Playlist.root	1034099234	2026-04-20T01:36:24Z
Data/Playlist1M/MasterAnaDev_data_AnaTuple_run00019341_Playlist.root	1010041099	2026-04-20T01:36:29Z
Data/Playlist1M/MasterAnaDev_data_AnaTuple_run00019342_Playlist.root	986124621	2026-04-20T01:36:34Z
Data/Playlist1M/MasterAnaDev_data_AnaTuple_run00019343_Playlist.root	904557283	2026-04-20T01:59:05Z
Data/Playlist1M/MasterAnaDev_data_AnaTuple_run00019344_Playlist.root	948663229	2026-04-20T01:59:08Z
Data/Playlist1M/MasterAnaDev_data_AnaTuple_run00019345_Playlist.root	907962027	2026-04-20T01:59:11Z
Data/Playlist1M/MasterAnaDev_data_AnaTuple_run00019346_Playlist.root	1028980367	2026-04-20T01:59:20Z
Data/Playlist1M/MasterAnaDev_data_AnaTuple_run00019347_Playlist.root	1048566846	2026-04-20T01:59:24Z
Data/Playlist1M/MasterAnaDev_data_AnaTuple_run00019348_Playlist.root	1027019275	2026-04-20T01:59:30Z
Data/Playlist1M/MasterAnaDev_data_AnaTuple_run00019349_Playlist.root	880518397	2026-04-20T01:59:33Z
Data/Playlist1M/MasterAnaDev_data_AnaTuple_run00019350_Playlist.root	1041387366	2026-04-20T01:59:39Z
Data/Playlist1M/MasterAnaDev_data_AnaTuple_run00019351_Playlist.root	1002945591	2026-04-20T01:59:43Z
Data/Playlist1M/MasterAnaDev_data_AnaTuple_run00019352_Playlist.root	995764688	2026-04-20T01:59:47Z
Data/Playlist1M/MasterAnaDev_data_AnaTuple_run00019353_Playlist.root	1023655514	2026-04-20T01:59:52Z
Data/Playlist1M/MasterAnaDev_data_AnaTuple_run00019354_Playlist.root	992146339	2026-04-20T01:59:58Z
Data/Playlist1M/MasterAnaDev_data_AnaTuple_run00019355_Playlist.root	865666129	2026-04-20T02:00:03Z
Data/Playlist1M/MasterAnaDev_data_AnaTuple_run00019356_Playlist.root	984043870	2026-04-20T02:00:11Z
Data/Playlist1M/MasterAnaDev_data_AnaTuple_run00019357_Playlist.root	968388387	2026-04-20T02:00:17Z
Data/Playlist1M/MasterAnaDev_data_AnaTuple_run00019358_Playlist.root	505814137	2026-04-20T02:00:20Z
Data/Playlist1M/MasterAnaDev_data_AnaTuple_run00019359_Playlist.root	666980901	2026-04-20T02:00:23Z
Data/Playlist1M/MasterAnaDev_data_AnaTuple_run00019360_Playlist.root	680184563	2026-04-20T02:00:28Z
Data/Playlist1M/MasterAnaDev_data_AnaTuple_run00019361_Playlist.root	697819982	2026-04-20T02:00:35Z
Data/Playlist1M/MasterAnaDev_data_AnaTuple_run00019362_Playlist.root	728219825	2026-04-20T02:00:40Z
Data/Playlist1M/MasterAnaDev_data_AnaTuple_run00019363_Playlist.root	754508961	2026-04-20T02:19:39Z
Data/Playlist1M/MasterAnaDev_data_AnaTuple_run00019364_Playlist.root	774703479	2026-04-20T02:19:42Z
Data/Playlist1M/MasterAnaDev_data_AnaTuple_run00019365_Playlist.root	768579212	2026-04-20T02:19:46Z
Data/Playlist1M/MasterAnaDev_data_AnaTuple_run00019366_Playlist.root	762781925	2026-04-20T02:19:49Z
Data/Playlist1M/MasterAnaDev_data_AnaTuple_run00019367_Playlist.root	753971758	2026-04-20T02:38:49Z
Data/Playlist1M/MasterAnaDev_data_AnaTuple_run00019368_Playlist.root	781971216	2026-04-20T02:38:52Z
Data/Playlist1M/MasterAnaDev_data_AnaTuple_run00019369_Playlist.root	768419723	2026-04-20T02:38:55Z
Data/Playlist1M/MasterAnaDev_data_AnaTuple_run00019370_Playlist.root	771387760	2026-04-20T02:38:58Z
Data/Playlist1M/MasterAnaDev_data_AnaTuple_run00019371_Playlist.root	769466379	2026-04-20T02:39:03Z
Data/Playlist1M/MasterAnaDev_data_AnaTuple_run00019372_Playlist.root	745211738	2026-04-20T02:39:10Z
Data/Playlist1M/MasterAnaDev_data_AnaTuple_run00019373_Playlist.root	791850871	2026-04-20T02:39:14Z
Data/Playlist1M/MasterAnaDev_data_AnaTuple_run00019374_Playlist.root	775296148	2026-04-20T02:39:19Z
Data/Playlist1M/MasterAnaDev_data_AnaTuple_run00019375_Playlist.root	794095363	2026-04-20T02:39:23Z
Data/Playlist1M/MasterAnaDev_data_AnaTuple_run00019376_Playlist.root	625494848	2026-04-20T02:39:34Z
Data/Playlist1M/MasterAnaDev_data_AnaTuple_run00019377_Playlist.root	241697391	2026-04-20T02:39:36Z
Data/Playlist1M/MasterAnaDev_data_AnaTuple_run00019378_Playlist.root	785902711	2026-04-20T02:39:40Z
Data/Playlist1M/MasterAnaDev_data_AnaTuple_run00019379_Playlist.root	761874675	2026-04-20T02:39:45Z
Data/Playlist1M/MasterAnaDev_data_AnaTuple_run00019380_Playlist.root	714269348	2026-04-20T02:39:48Z
Data/Playlist1M/MasterAnaDev_data_AnaTuple_run00019381_Playlist.root	692576950	2026-04-20T02:39:59Z
Data/Playlist1M/MasterAnaDev_data_AnaTuple_run00019382_Playlist.root	763358888	2026-04-20T02:40:03Z
Data/Playlist1M/MasterAnaDev_data_AnaTuple_run00019440_Playlist.root	1019604561	2026-04-20T02:40:08Z
Data/Playlist1M/MasterAnaDev_data_AnaTuple_run00019441_Playlist.root	1045055719	2026-04-20T02:40:23Z
Data/Playlist1M/MasterAnaDev_data_AnaTuple_run00019442_Playlist.root	1084298478	2026-04-20T02:40:29Z
Data/Playlist1M/MasterAnaDev_data_AnaTuple_run00019443_Playlist.root	1006707168	2026-04-20T02:40:34Z
Data/Playlist1M/MasterAnaDev_data_AnaTuple_run00019444_Playlist.root	1060405129	2026-04-20T02:40:39Z
Data/Playlist1M/MasterAnaDev_data_AnaTuple_run00019445_Playlist.root	1003093798	2026-04-20T02:40:48Z
Data/Playlist1M/MasterAnaDev_data_AnaTuple_run00019446_Playlist.root	1036268697	2026-04-20T02:40:54Z
Data/Playlist1M/MasterAnaDev_data_AnaTuple_run00019447_Playlist.root	979977456	2026-04-20T02:41:00Z
Data/Playlist1M/MasterAnaDev_data_AnaTuple_run00019448_Playlist.root	1004035228	2026-04-20T02:41:05Z
Data/Playlist1M/MasterAnaDev_data_AnaTuple_run00019449_Playlist.root	1048300478	2026-04-20T02:41:11Z
Data/Playlist1M/MasterAnaDev_data_AnaTuple_run00019450_Playlist.root	994136006	2026-04-20T02:41:17Z
Data/Playlist1M/MasterAnaDev_data_AnaTuple_run00019451_Playlist.root	1028044675	2026-04-20T02:41:22Z
Data/Playlist1M/MasterAnaDev_data_AnaTuple_run00019452_Playlist.root	994927978	2026-04-20T02:41:29Z
Data/Playlist1M/MasterAnaDev_data_AnaTuple_run00019453_Playlist.root	1013805306	2026-04-20T02:41:34Z
Data/Playlist1M/MasterAnaDev_data_AnaTuple_run00019454_Playlist.root	899871046	2026-04-20T02:41:43Z
Data/Playlist1M/MasterAnaDev_data_AnaTuple_run00019455_Playlist.root	880886676	2026-04-20T02:41:47Z
Data/Playlist1M/MasterAnaDev_data_AnaTuple_run00019456_Playlist.root	897563877	2026-04-20T02:41:51Z
Data/Playlist1M/MasterAnaDev_data_AnaTuple_run00019457_Playlist.root	1056966128	2026-04-20T02:41:56Z
Data/Playlist1M/MasterAnaDev_data_AnaTuple_run00019458_Playlist.root	1072310539	2026-04-20T02:46:57Z
Data/Playlist1M/MasterAnaDev_data_AnaTuple_run00019459_Playlist.root	1014326882	2026-04-20T02:51:40Z
Data/Playlist1M/MasterAnaDev_data_AnaTuple_run00019460_Playlist.root	1083456419	2026-04-20T03:18:59Z
Data/Playlist1M/MasterAnaDev_data_AnaTuple_run00019461_Playlist.root	1078303020	2026-04-20T03:19:08Z
Data/Playlist1M/MasterAnaDev_data_AnaTuple_run00019462_Playlist.root	1022288182	2026-04-20T03:19:16Z
Data/Playlist1M/MasterAnaDev_data_AnaTuple_run00019463_Playlist.root	969195711	2026-04-20T03:19:20Z
Data/Playlist1M/MasterAnaDev_data_AnaTuple_run00019464_Playlist.root	1069654125	2026-04-20T03:19:25Z
Data/Playlist1M/MasterAnaDev_data_AnaTuple_run00019465_Playlist.root	878850751	2026-04-20T03:19:29Z
Data/Playlist1M/MasterAnaDev_data_AnaTuple_run00019466_Playlist.root	1057060101	2026-04-20T03:19:34Z
Data/Playlist1M/MasterAnaDev_data_AnaTuple_run00019467_Playlist.root	1061586997	2026-04-20T03:19:39Z
Data/Playlist1M/MasterAnaDev_data_AnaTuple_run00019468_Playlist.root	1054057960	2026-04-20T03:19:46Z
Data/Playlist1M/MasterAnaDev_data_AnaTuple_run00019469_Playlist.root	537424550	2026-04-20T03:19:49Z
Data/Playlist1M/MasterAnaDev_data_AnaTuple_run00019470_Playlist.root	1039519381	2026-04-20T03:19:56Z
Data/Playlist1M/MasterAnaDev_data_AnaTuple_run00019471_Playlist.root	1068156686	2026-04-20T03:20:03Z
Data/Playlist1M/MasterAnaDev_data_AnaTuple_run00019472_Playlist.root	1116542646	2026-04-20T03:20:08Z
Data/Playlist1M/MasterAnaDev_data_AnaTuple_run00019473_Playlist.root	1061394578	2026-04-20T03:20:13Z
Data/Playlist1M/MasterAnaDev_data_AnaTuple_run00019474_Playlist.root	982093987	2026-04-20T03:20:17Z
Data/Playlist1M/MasterAnaDev_data_AnaTuple_run00019475_Playlist.root	1073870472	2026-04-20T03:20:22Z
Data/Playlist1M/MasterAnaDev_data_AnaTuple_run00019476_Playlist.root	978612574	2026-04-20T03:20:27Z
Data/Playlist1M/MasterAnaDev_data_AnaTuple_run00019477_Playlist.root	984189449	2026-04-20T03:20:34Z
Data/Playlist1M/MasterAnaDev_data_AnaTuple_run00019478_Playlist.root	1048664461	2026-04-20T03:20:38Z
Data/Playlist1M/MasterAnaDev_data_AnaTuple_run00019479_Playlist.root	939102877	2026-04-20T03:20:44Z
Data/Playlist1M/MasterAnaDev_data_AnaTuple_run00019480_Playlist.root	1041383322	2026-04-20T03:20:48Z
Data/Playlist1M/MasterAnaDev_data_AnaTuple_run00019481_Playlist.root	824809974	2026-04-20T03:20:53Z
Data/Playlist1M/MasterAnaDev_data_AnaTuple_run00019482_Playlist.root	281577550	2026-04-20T03:28:11Z
Data/Playlist1M/MasterAnaDev_data_AnaTuple_run00019483_Playlist.root	318153695	2026-04-20T03:28:13Z
Data/Playlist1N/MasterAnaDev_data_AnaTuple_run00020328_Playlist.root	691476856	2026-04-19T20:11:06Z
Data/Playlist1N/MasterAnaDev_data_AnaTuple_run00020329_Playlist.root	228133459	2026-04-19T20:11:08Z
Data/Playlist1N/MasterAnaDev_data_AnaTuple_run00020330_Playlist.root	13859801	2026-04-19T20:11:09Z
Data/Playlist1N/MasterAnaDev_data_AnaTuple_run00020331_Playlist.root	10068391	2026-04-19T20:11:10Z
Data/Playlist1N/MasterAnaDev_data_AnaTuple_run00020332_Playlist.root	2414679	2026-04-19T20:11:11Z
Data/Playlist1N/MasterAnaDev_data_AnaTuple_run00020334_Playlist.root	741486209	2026-04-19T20:11:17Z
Data/Playlist1N/MasterAnaDev_data_AnaTuple_run00020335_Playlist.root	97759750	2026-04-19T20:11:18Z
Data/Playlist1N/MasterAnaDev_data_AnaTuple_run00020350_Playlist.root	7800541	2026-04-19T20:11:19Z
Data/Playlist1N/MasterAnaDev_data_AnaTuple_run00020351_Playlist.root	655534816	2026-04-19T20:11:22Z
Data/Playlist1N/MasterAnaDev_data_AnaTuple_run00020352_Playlist.root	597182883	2026-04-19T20:11:25Z
Data/Playlist1N/MasterAnaDev_data_AnaTuple_run00020353_Playlist.root	767312996	2026-04-19T20:11:28Z
Data/Playlist1N/MasterAnaDev_data_AnaTuple_run00020354_Playlist.root	572300498	2026-04-19T20:11:33Z
Data/Playlist1N/MasterAnaDev_data_AnaTuple_run00020364_Playlist.root	80899331	2026-04-19T20:11:34Z
Data/Playlist1N/MasterAnaDev_data_AnaTuple_run00020365_Playlist.root	740204697	2026-04-19T20:11:39Z
Data/Playlist1N/MasterAnaDev_data_AnaTuple_run00020366_Playlist.root	731863399	2026-04-19T20:11:43Z
Data/Playlist1N/MasterAnaDev_data_AnaTuple_run00020367_Playlist.root	759589781	2026-04-19T20:11:47Z
Data/Playlist1N/MasterAnaDev_data_AnaTuple_run00020368_Playlist.root	210654703	2026-04-19T20:11:49Z
Data/Playlist1N/MasterAnaDev_data_AnaTuple_run00020370_Playlist.root	512167050	2026-04-19T20:11:53Z
Data/Playlist1N/MasterAnaDev_data_AnaTuple_run00020371_Playlist.root	440600835	2026-04-19T20:11:56Z
Data/Playlist1N/MasterAnaDev_data_AnaTuple_run00020381_Playlist.root	548555385	2026-04-19T20:12:03Z
Data/Playlist1N/MasterAnaDev_data_AnaTuple_run00020382_Playlist.root	647688472	2026-04-19T20:12:13Z
Data/Playlist1N/MasterAnaDev_data_AnaTuple_run00020383_Playlist.root	693592523	2026-04-19T20:12:17Z
Data/Playlist1N/MasterAnaDev_data_AnaTuple_run00020384_Playlist.root	711255984	2026-04-19T20:12:22Z
Data/Playlist1N/MasterAnaDev_data_AnaTuple_run00020385_Playlist.root	686145039	2026-04-19T20:12:25Z
Data/Playlist1N/MasterAnaDev_data_AnaTuple_run00020386_Playlist.root	668715451	2026-04-19T20:12:30Z
Data/Playlist1N/MasterAnaDev_data_AnaTuple_run00020387_Playlist.root	660414117	2026-04-19T20:12:34Z
Data/Playlist1N/MasterAnaDev_data_AnaTuple_run00020388_Playlist.root	673415535	2026-04-19T20:12:37Z
Data/Playlist1N/MasterAnaDev_data_AnaTuple_run00020389_Playlist.root	661060182	2026-04-19T20:12:41Z
Data/Playlist1N/MasterAnaDev_data_AnaTuple_run00020390_Playlist.root	729150789	2026-04-19T20:12:44Z
Data/Playlist1N/MasterAnaDev_data_AnaTuple_run00020391_Playlist.root	719627593	2026-04-19T20:12:47Z
Data/Playlist1N/MasterAnaDev_data_AnaTuple_run00020392_Playlist.root	726865268	2026-04-19T20:12:54Z
Data/Playlist1N/MasterAnaDev_data_AnaTuple_run00020393_Playlist.root	694173582	2026-04-19T20:15:54Z
Data/Playlist1N/MasterAnaDev_data_AnaTuple_run00020394_Playlist.root	718622392	2026-04-19T20:15:57Z
Data/Playlist1N/MasterAnaDev_data_AnaTuple_run00020395_Playlist.root	716051884	2026-04-19T20:16:00Z
Data/Playlist1N/MasterAnaDev_data_AnaTuple_run00020396_Playlist.root	732767678	2026-04-19T20:16:08Z
Data/Playlist1N/MasterAnaDev_data_AnaTuple_run00020397_Playlist.root	686466858	2026-04-19T20:16:13Z
Data/Playlist1N/MasterAnaDev_data_AnaTuple_run00020398_Playlist.root	719050192	2026-04-19T20:16:16Z
Data/Playlist1N/MasterAnaDev_data_AnaTuple_run00020399_Playlist.root	734184397	2026-04-19T20:16:20Z
Data/Playlist1N/MasterAnaDev_data_AnaTuple_run00020400_Playlist.root	689454654	2026-04-19T20:16:24Z
Data/Playlist1N/MasterAnaDev_data_AnaTuple_run00020401_Playlist.root	117511115	2026-04-19T20:16:27Z
Data/Playlist1N/MasterAnaDev_data_AnaTuple_run00020404_Playlist.root	515418466	2026-04-19T20:16:29Z
Data/Playlist1N/MasterAnaDev_data_AnaTuple_run00020405_Playlist.root	668071683	2026-04-19T20:16:33Z
Data/Playlist1N/MasterAnaDev_data_AnaTuple_run00020407_Playlist.root	781560367	2026-04-19T20:16:37Z
Data/Playlist1N/MasterAnaDev_data_AnaTuple_run00020408_Playlist.root	795475779	2026-04-19T20:16:41Z
Data/Playlist1N/MasterAnaDev_data_AnaTuple_run00020409_Playlist.root	145560860	2026-04-19T20:16:42Z
Data/Playlist1N/MasterAnaDev_data_AnaTuple_run00020410_Playlist.root	166321	2026-04-19T20:16:43Z
Data/Playlist1N/MasterAnaDev_data_AnaTuple_run00020411_Playlist.root	166321	2026-04-19T20:16:44Z
Data/Playlist1N/MasterAnaDev_data_AnaTuple_run00020412_Playlist.root	166321	2026-04-19T20:16:45Z
Data/Playlist1N/MasterAnaDev_data_AnaTuple_run00020413_Playlist.root	717517685	2026-04-19T20:16:48Z
Data/Playlist1N/MasterAnaDev_data_AnaTuple_run00020414_Playlist.root	284765501	2026-04-19T20:16:50Z
Data/Playlist1N/MasterAnaDev_data_AnaTuple_run00020441_Playlist.root	198767997	2026-04-19T20:16:52Z
Data/Playlist1N/MasterAnaDev_data_AnaTuple_run00020442_Playlist.root	765502162	2026-04-19T20:16:56Z
Data/Playlist1N/MasterAnaDev_data_AnaTuple_run00020443_Playlist.root	561178772	2026-04-19T20:17:00Z
Data/Playlist1N/MasterAnaDev_data_AnaTuple_run00020444_Playlist.root	729505348	2026-04-19T20:17:05Z
Data/Playlist1N/MasterAnaDev_data_AnaTuple_run00020445_Playlist.root	715278261	2026-04-19T20:17:08Z
Data/Playlist1N/MasterAnaDev_data_AnaTuple_run00020446_Playlist.root	711119136	2026-04-19T20:17:13Z
Data/Playlist1N/MasterAnaDev_data_AnaTuple_run00020447_Playlist.root	734513473	2026-04-19T20:17:17Z
Data/Playlist1N/MasterAnaDev_data_AnaTuple_run00020448_Playlist.root	703225434	2026-04-19T20:17:21Z
Data/Playlist1N/MasterAnaDev_data_AnaTuple_run00020449_Playlist.root	800682926	2026-04-19T20:17:25Z
Data/Playlist1N/MasterAnaDev_data_AnaTuple_run00020450_Playlist.root	731092258	2026-04-19T20:17:28Z
Data/Playlist1N/MasterAnaDev_data_AnaTuple_run00020451_Playlist.root	786519844	2026-04-19T20:17:32Z
Data/Playlist1N/MasterAnaDev_data_AnaTuple_run00020452_Playlist.root	766453936	2026-04-19T20:17:38Z
Data/Playlist1N/MasterAnaDev_data_AnaTuple_run00020453_Playlist.root	769316817	2026-04-19T20:17:41Z
Data/Playlist1N/MasterAnaDev_data_AnaTuple_run00020454_Playlist.root	842360262	2026-04-19T20:17:47Z
Data/Playlist1N/MasterAnaDev_data_AnaTuple_run00020455_Playlist.root	664524167	2026-04-19T20:17:51Z
Data/Playlist1N/MasterAnaDev_data_AnaTuple_run00020457_Playlist.root	150909383	2026-04-19T20:17:53Z
Data/Playlist1N/MasterAnaDev_data_AnaTuple_run00020458_Playlist.root	30780409	2026-04-19T20:17:54Z
Data/Playlist1N/MasterAnaDev_data_AnaTuple_run00020459_Playlist.root	858046412	2026-04-19T20:17:58Z
Data/Playlist1N/MasterAnaDev_data_AnaTuple_run00020460_Playlist.root	873063032	2026-04-19T20:18:05Z
Data/Playlist1N/MasterAnaDev_data_AnaTuple_run00020461_Playlist.root	814508350	2026-04-19T20:18:09Z
Data/Playlist1N/MasterAnaDev_data_AnaTuple_run00020462_Playlist.root	872576136	2026-04-19T20:18:12Z
Data/Playlist1N/MasterAnaDev_data_AnaTuple_run00020463_Playlist.root	563166504	2026-04-19T20:18:20Z
Data/Playlist1N/MasterAnaDev_data_AnaTuple_run00020464_Playlist.root	922890645	2026-04-19T20:18:25Z
Data/Playlist1N/MasterAnaDev_data_AnaTuple_run00020465_Playlist.root	951433259	2026-04-19T20:18:31Z
Data/Playlist1N/MasterAnaDev_data_AnaTuple_run00020466_Playlist.root	911060042	2026-04-19T20:18:41Z
Data/Playlist1N/MasterAnaDev_data_AnaTuple_run00020467_Playlist.root	866089884	2026-04-19T20:18:53Z
Data/Playlist1N/MasterAnaDev_data_AnaTuple_run00020468_Playlist.root	313137883	2026-04-19T20:18:56Z
Data/Playlist1N/MasterAnaDev_data_AnaTuple_run00020469_Playlist.root	1027519224	2026-04-19T20:19:00Z
Data/Playlist1N/MasterAnaDev_data_AnaTuple_run00020470_Playlist.root	931155010	2026-04-19T20:19:03Z
Data/Playlist1N/MasterAnaDev_data_AnaTuple_run00020471_Playlist.root	950472231	2026-04-19T20:19:08Z
Data/Playlist1N/MasterAnaDev_data_AnaTuple_run00020472_Playlist.root	1018523514	2026-04-19T20:19:23Z
Data/Playlist1N/MasterAnaDev_data_AnaTuple_run00020473_Playlist.root	826136279	2026-04-19T20:19:29Z
Data/Playlist1N/MasterAnaDev_data_AnaTuple_run00020474_Playlist.root	966685463	2026-04-19T20:19:33Z
Data/Playlist1N/MasterAnaDev_data_AnaTuple_run00020475_Playlist.root	985050190	2026-04-19T20:19:39Z
Data/Playlist1N/MasterAnaDev_data_AnaTuple_run00020476_Playlist.root	990030759	2026-04-19T20:19:44Z
Data/Playlist1N/MasterAnaDev_data_AnaTuple_run00020477_Playlist.root	965715647	2026-04-19T20:19:51Z
Data/Playlist1N/MasterAnaDev_data_AnaTuple_run00020478_Playlist.root	853048067	2026-04-19T20:19:57Z
Data/Playlist1N/MasterAnaDev_data_AnaTuple_run00020479_Playlist.root	869709168	2026-04-19T20:20:13Z
Data/Playlist1N/MasterAnaDev_data_AnaTuple_run00020480_Playlist.root	886108145	2026-04-19T20:20:17Z
Data/Playlist1N/MasterAnaDev_data_AnaTuple_run00020481_Playlist.root	29564530	2026-04-19T20:20:18Z
Data/Playlist1N/MasterAnaDev_data_AnaTuple_run00020482_Playlist.root	879764190	2026-04-19T20:20:25Z
Data/Playlist1N/MasterAnaDev_data_AnaTuple_run00020483_Playlist.root	854618331	2026-04-19T20:20:29Z
Data/Playlist1N/MasterAnaDev_data_AnaTuple_run00020484_Playlist.root	642941253	2026-04-19T20:20:35Z
Data/Playlist1N/MasterAnaDev_data_AnaTuple_run00020485_Playlist.root	927535330	2026-04-19T20:20:40Z
Data/Playlist1N/MasterAnaDev_data_AnaTuple_run00020486_Playlist.root	1010369961	2026-04-19T20:20:46Z
Data/Playlist1N/MasterAnaDev_data_AnaTuple_run00020487_Playlist.root	824031919	2026-04-19T20:20:51Z
Data/Playlist1N/MasterAnaDev_data_AnaTuple_run00020488_Playlist.root	1050509097	2026-04-19T20:20:57Z
Data/Playlist1N/MasterAnaDev_data_AnaTuple_run00020489_Playlist.root	999201694	2026-04-19T20:21:01Z
Data/Playlist1N/MasterAnaDev_data_AnaTuple_run00020490_Playlist.root	1059542683	2026-04-19T20:21:08Z
Data/Playlist1N/MasterAnaDev_data_AnaTuple_run00020491_Playlist.root	970748386	2026-04-19T20:21:13Z
Data/Playlist1N/MasterAnaDev_data_AnaTuple_run00020492_Playlist.root	1080041334	2026-04-19T20:21:19Z
Data/Playlist1N/MasterAnaDev_data_AnaTuple_run00020493_Playlist.root	1002098183	2026-04-19T20:21:23Z
Data/Playlist1N/MasterAnaDev_data_AnaTuple_run00020494_Playlist.root	163331220	2026-04-19T20:21:25Z
Data/Playlist1N/MasterAnaDev_data_AnaTuple_run00020495_Playlist.root	511440070	2026-04-19T20:21:28Z
Data/Playlist1N/MasterAnaDev_data_AnaTuple_run00020496_Playlist.root	1096573224	2026-04-19T20:21:34Z
Data/Playlist1N/MasterAnaDev_data_AnaTuple_run00020497_Playlist.root	1053703916	2026-04-19T20:21:39Z
Data/Playlist1N/MasterAnaDev_data_AnaTuple_run00020498_Playlist.root	1130493151	2026-04-19T20:21:46Z
Data/Playlist1N/MasterAnaDev_data_AnaTuple_run00020499_Playlist.root	1083091482	2026-04-19T20:21:54Z
Data/Playlist1N/MasterAnaDev_data_AnaTuple_run00020500_Playlist.root	1037414311	2026-04-19T20:21:59Z
Data/Playlist1N/MasterAnaDev_data_AnaTuple_run00020501_Playlist.root	1008844269	2026-04-19T20:22:06Z
Data/Playlist1N/MasterAnaDev_data_AnaTuple_run00020502_Playlist.root	1100536387	2026-04-19T20:22:11Z
Data/Playlist1N/MasterAnaDev_data_AnaTuple_run00020503_Playlist.root	1122921108	2026-04-19T20:22:16Z
Data/Playlist1N/MasterAnaDev_data_AnaTuple_run00020504_Playlist.root	1093793598	2026-04-19T20:22:20Z
Data/Playlist1N/MasterAnaDev_data_AnaTuple_run00020505_Playlist.root	1106129835	2026-04-19T20:22:26Z
Data/Playlist1N/MasterAnaDev_data_AnaTuple_run00020506_Playlist.root	1104202351	2026-04-19T20:22:32Z
Data/Playlist1N/MasterAnaDev_data_AnaTuple_run00020507_Playlist.root	1026683409	2026-04-19T20:22:36Z
Data/Playlist1N/MasterAnaDev_data_AnaTuple_run00020508_Playlist.root	886341025	2026-04-19T20:22:42Z
Data/Playlist1N/MasterAnaDev_data_AnaTuple_run00020509_Playlist.root	1150866524	2026-04-19T20:22:49Z
Data/Playlist1N/MasterAnaDev_data_AnaTuple_run00020510_Playlist.root	1195456843	2026-04-19T20:22:54Z
Data/Playlist1N/MasterAnaDev_data_AnaTuple_run00020511_Playlist.root	1160884378	2026-04-19T20:23:01Z
Data/Playlist1N/MasterAnaDev_data_AnaTuple_run00020512_Playlist.root	921005983	2026-04-19T20:23:06Z
Data/Playlist1N/MasterAnaDev_data_AnaTuple_run00020513_Playlist.root	594730355	2026-04-19T20:23:08Z
Data/Playlist1N/MasterAnaDev_data_AnaTuple_run00020514_Playlist.root	600878943	2026-04-19T20:23:13Z
Data/Playlist1N/MasterAnaDev_data_AnaTuple_run00020602_Playlist.root	733401569	2026-04-19T20:23:16Z
Data/Playlist1N/MasterAnaDev_data_AnaTuple_run00020603_Playlist.root	954296186	2026-04-19T20:23:20Z
Data/Playlist1N/MasterAnaDev_data_AnaTuple_run00020604_Playlist.root	993101929	2026-04-19T20:23:25Z
Data/Playlist1N/MasterAnaDev_data_AnaTuple_run00020605_Playlist.root	1161315815	2026-04-19T20:23:32Z
Data/Playlist1N/MasterAnaDev_data_AnaTuple_run00020606_Playlist.root	1191008145	2026-04-19T20:23:37Z
Data/Playlist1N/MasterAnaDev_data_AnaTuple_run00020607_Playlist.root	1160609220	2026-04-19T20:23:41Z
Data/Playlist1N/MasterAnaDev_data_AnaTuple_run00020608_Playlist.root	1207172090	2026-04-19T20:23:49Z
Data/Playlist1N/MasterAnaDev_data_AnaTuple_run00020609_Playlist.root	975588809	2026-04-19T20:23:52Z
Data/Playlist1N/MasterAnaDev_data_AnaTuple_run00020610_Playlist.root	1101166688	2026-04-19T20:23:58Z
Data/Playlist1N/MasterAnaDev_data_AnaTuple_run00020611_Playlist.root	1099179664	2026-04-19T20:24:04Z
Data/Playlist1N/MasterAnaDev_data_AnaTuple_run00020612_Playlist.root	1146480136	2026-04-19T20:24:09Z
Data/Playlist1N/MasterAnaDev_data_AnaTuple_run00020613_Playlist.root	516247799	2026-04-19T20:24:12Z
Data/Playlist1N/MasterAnaDev_data_AnaTuple_run00020616_Playlist.root	890348169	2026-04-19T20:24:19Z
Data/Playlist1N/MasterAnaDev_data_AnaTuple_run00020617_Playlist.root	1076942487	2026-04-19T20:24:24Z
Data/Playlist1N/MasterAnaDev_data_AnaTuple_run00020618_Playlist.root	1029647913	2026-04-19T20:24:33Z
Data/Playlist1O/MasterAnaDev_data_AnaTuple_run00020619_Playlist.root	681902864	2026-04-19T02:38:42Z
Data/Playlist1O/MasterAnaDev_data_AnaTuple_run00020620_Playlist.root	1059555876	2026-04-19T02:38:47Z
Data/Playlist1O/MasterAnaDev_data_AnaTuple_run00020621_Playlist.root	1034817538	2026-04-19T02:38:52Z
Data/Playlist1O/MasterAnaDev_data_AnaTuple_run00020622_Playlist.root	1109566096	2026-04-19T02:38:57Z
Data/Playlist1O/MasterAnaDev_data_AnaTuple_run00020623_Playlist.root	1109745243	2026-04-19T02:39:02Z
Data/Playlist1O/MasterAnaDev_data_AnaTuple_run00020624_Playlist.root	1087083302	2026-04-19T02:39:07Z
Data/Playlist1O/MasterAnaDev_data_AnaTuple_run00020625_Playlist.root	1040401348	2026-04-19T02:39:17Z
Data/Playlist1O/MasterAnaDev_data_AnaTuple_run00020626_Playlist.root	1202927542	2026-04-19T02:39:22Z
Data/Playlist1O/MasterAnaDev_data_AnaTuple_run00020627_Playlist.root	1144763299	2026-04-19T02:39:28Z
Data/Playlist1O/MasterAnaDev_data_AnaTuple_run00020628_Playlist.root	1293161567	2026-04-19T02:39:35Z
Data/Playlist1O/MasterAnaDev_data_AnaTuple_run00020629_Playlist.root	617934353	2026-04-19T02:39:41Z
Data/Playlist1O/MasterAnaDev_data_AnaTuple_run00020630_Playlist.root	1276253813	2026-04-19T02:39:46Z
Data/Playlist1O/MasterAnaDev_data_AnaTuple_run00020631_Playlist.root	1281696528	2026-04-19T02:39:52Z
Data/Playlist1O/MasterAnaDev_data_AnaTuple_run00020632_Playlist.root	1212451710	2026-04-19T02:39:59Z
Data/Playlist1O/MasterAnaDev_data_AnaTuple_run00020633_Playlist.root	1166164654	2026-04-19T02:40:05Z
Data/Playlist1O/MasterAnaDev_data_AnaTuple_run00020634_Playlist.root	89394544	2026-04-19T02:40:07Z
Data/Playlist1O/MasterAnaDev_data_AnaTuple_run00020644_Playlist.root	1212575156	2026-04-19T02:40:12Z
Data/Playlist1O/MasterAnaDev_data_AnaTuple_run00020645_Playlist.root	1264974486	2026-04-19T02:40:18Z
Data/Playlist1O/MasterAnaDev_data_AnaTuple_run00020646_Playlist.root	1296161804	2026-04-19T02:40:26Z
Data/Playlist1O/MasterAnaDev_data_AnaTuple_run00020647_Playlist.root	1252424361	2026-04-19T02:40:30Z
Data/Playlist1O/MasterAnaDev_data_AnaTuple_run00020648_Playlist.root	1199715711	2026-04-19T02:40:35Z
Data/Playlist1O/MasterAnaDev_data_AnaTuple_run00020649_Playlist.root	1198871069	2026-04-19T02:40:45Z
Data/Playlist1O/MasterAnaDev_data_AnaTuple_run00020650_Playlist.root	1287219438	2026-04-19T02:40:50Z
Data/Playlist1O/MasterAnaDev_data_AnaTuple_run00020651_Playlist.root	1091662362	2026-04-19T02:40:58Z
Data/Playlist1O/MasterAnaDev_data_AnaTuple_run00020652_Playlist.root	1252535907	2026-04-19T02:41:05Z
Data/Playlist1O/MasterAnaDev_data_AnaTuple_run00020653_Playlist.root	511557112	2026-04-19T02:41:08Z
Data/Playlist1P/MasterAnaDev_data_AnaTuple_run00020800_Playlist.root	854067348	2026-04-19T02:50:29Z
Data/Playlist1P/MasterAnaDev_data_AnaTuple_run00020801_Playlist.root	1150419794	2026-04-19T02:50:34Z
Data/Playlist1P/MasterAnaDev_data_AnaTuple_run00020802_Playlist.root	1204711708	2026-04-19T02:50:40Z
Data/Playlist1P/MasterAnaDev_data_AnaTuple_run00020803_Playlist.root	1987081808	2026-04-19T02:50:53Z
Data/Playlist1P/MasterAnaDev_data_AnaTuple_run00020804_Playlist.root	1166382653	2026-04-19T02:50:59Z
Data/Playlist1P/MasterAnaDev_data_AnaTuple_run00020805_Playlist.root	1209477051	2026-04-19T02:51:04Z
Data/Playlist1P/MasterAnaDev_data_AnaTuple_run00020806_Playlist.root	1146395688	2026-04-19T02:51:11Z
Data/Playlist1P/MasterAnaDev_data_AnaTuple_run00020807_Playlist.root	1248075533	2026-04-19T02:51:17Z
Data/Playlist1P/MasterAnaDev_data_AnaTuple_run00020808_Playlist.root	1243139270	2026-04-19T02:51:22Z
Data/Playlist1P/MasterAnaDev_data_AnaTuple_run00020809_Playlist.root	1238194953	2026-04-19T02:51:29Z
Data/Playlist1P/MasterAnaDev_data_AnaTuple_run00020810_Playlist.root	1219915607	2026-04-19T02:51:35Z
Data/Playlist1P/MasterAnaDev_data_AnaTuple_run00020811_Playlist.root	1144403079	2026-04-19T02:51:42Z
Data/Playlist1P/MasterAnaDev_data_AnaTuple_run00020812_Playlist.root	993348107	2026-04-19T02:51:48Z
Data/Playlist1P/MasterAnaDev_data_AnaTuple_run00020813_Playlist.root	1160727556	2026-04-19T02:51:53Z
Data/Playlist1P/MasterAnaDev_data_AnaTuple_run00020814_Playlist.root	1070718047	2026-04-19T02:51:58Z
Data/Playlist1P/MasterAnaDev_data_AnaTuple_run00020815_Playlist.root	1238946882	2026-04-19T02:52:03Z
Data/Playlist1P/MasterAnaDev_data_AnaTuple_run00020816_Playlist.root	1232878790	2026-04-19T02:52:08Z
Data/Playlist1P/MasterAnaDev_data_AnaTuple_run00020817_Playlist.root	8940257	2026-04-19T02:52:09Z
Data/Playlist1P/MasterAnaDev_data_AnaTuple_run00020818_Playlist.root	21688305	2026-04-19T02:52:11Z
Data/Playlist1P/MasterAnaDev_data_AnaTuple_run00020819_Playlist.root	1268439422	2026-04-19T02:52:22Z
Data/Playlist1P/MasterAnaDev_data_AnaTuple_run00020820_Playlist.root	588027970	2026-04-19T02:52:25Z
Data/Playlist1P/MasterAnaDev_data_AnaTuple_run00020821_Playlist.root	1230122137	2026-04-19T02:52:31Z
Data/Playlist1P/MasterAnaDev_data_AnaTuple_run00020822_Playlist.root	845398660	2026-04-19T02:52:35Z
Data/Playlist1P/MasterAnaDev_data_AnaTuple_run00020823_Playlist.root	1124196804	2026-04-19T02:52:43Z
Data/Playlist1P/MasterAnaDev_data_AnaTuple_run00020824_Playlist.root	1221766103	2026-04-19T02:52:50Z
Data/Playlist1P/MasterAnaDev_data_AnaTuple_run00020825_Playlist.root	1270015867	2026-04-19T02:52:57Z
Data/Playlist1P/MasterAnaDev_data_AnaTuple_run00020826_Playlist.root	1238674873	2026-04-19T02:53:02Z
Data/Playlist1P/MasterAnaDev_data_AnaTuple_run00020827_Playlist.root	1191728730	2026-04-19T02:53:07Z
Data/Playlist1P/MasterAnaDev_data_AnaTuple_run00020828_Playlist.root	1234361961	2026-04-19T02:53:13Z
Data/Playlist1P/MasterAnaDev_data_AnaTuple_run00020829_Playlist.root	1151431674	2026-04-19T02:53:19Z
Data/Playlist1P/MasterAnaDev_data_AnaTuple_run00020830_Playlist.root	1164473560	2026-04-19T02:53:27Z
Data/Playlist1P/MasterAnaDev_data_AnaTuple_run00020831_Playlist.root	1181968316	2026-04-19T02:53:32Z
Data/Playlist1P/MasterAnaDev_data_AnaTuple_run00020832_Playlist.root	1236131878	2026-04-19T02:53:39Z
Data/Playlist1P/MasterAnaDev_data_AnaTuple_run00020833_Playlist.root	750559576	2026-04-19T02:53:42Z
Data/Playlist1P/MasterAnaDev_data_AnaTuple_run00020834_Playlist.root	752957824	2026-04-19T02:53:46Z
Data/Playlist1P/MasterAnaDev_data_AnaTuple_run00020835_Playlist.root	1243380997	2026-04-19T02:53:57Z
Data/Playlist1P/MasterAnaDev_data_AnaTuple_run00020836_Playlist.root	1192538329	2026-04-19T02:54:02Z
Data/Playlist1P/MasterAnaDev_data_AnaTuple_run00020837_Playlist.root	1197954722	2026-04-19T02:54:09Z
Data/Playlist1P/MasterAnaDev_data_AnaTuple_run00020838_Playlist.root	1109908586	2026-04-19T02:54:30Z
Data/Playlist1P/MasterAnaDev_data_AnaTuple_run00020839_Playlist.root	1152759745	2026-04-19T02:54:35Z
MATFluxAndReweightFiles/CVS/Repository	46	2021-09-13T15:54:05Z
MATFluxAndReweightFiles/CVS/Root	39	2021-09-13T15:54:05Z
MATFluxAndReweightFiles/Minerva_Planes.txt	5801	2021-09-13T16:31:15Z
MATFluxAndReweightFiles/flux/CVS/Entries	10750	2023-07-21T16:01:41Z
MATFluxAndReweightFiles/flux/flux-g4numiv6-pdg-12-minervame1D_rearrangedUniverses.root	3087330	2021-07-07T16:55:52Z
MATFluxAndReweightFiles/flux/flux-g4numiv6-pdg-12-minervame1M_rearrangedUniverses.root	3115973	2021-07-07T16:55:52Z
MATFluxAndReweightFiles/flux/flux-g4numiv6-pdg-12-minervame1N_rearrangedUniverses.root	2993824	2021-07-07T16:55:52Z
MATFluxAndReweightFiles/flux/flux-g4numiv6-pdg-14-minervame1D_rearrangedUniverses.root	3130612	2021-07-07T16:55:53Z
MATFluxAndReweightFiles/flux/flux-g4numiv6-pdg-14-minervame1M_rearrangedUniverses.root	3127208	2021-07-07T16:55:53Z
MATFluxAndReweightFiles/flux/flux-g4numiv6-pdg-14-minervame1N_rearrangedUniverses.root	3135889	2021-07-07T16:55:53Z
MATFluxAndReweightFiles/flux/flux-g4numiv6-pdg12-minervame1D_rearrangedUniverses.root	3110389	2021-07-07T16:55:54Z
MATFluxAndReweightFiles/flux/flux-g4numiv6-pdg12-minervame1M_rearrangedUniverses.root	3108265	2021-07-07T16:55:54Z
MATFluxAndReweightFiles/flux/flux-g4numiv6-pdg12-minervame1N_rearrangedUniverses.root	3083001	2021-07-07T16:55:54Z
MATFluxAndReweightFiles/flux/flux-g4numiv6-pdg14-minervame1D.root	3242764	2021-07-07T16:55:56Z
MATFluxAndReweightFiles/flux/flux-g4numiv6-pdg14-minervame1D_rearrangedUniverses.root	3184947	2021-07-07T16:55:56Z
MATFluxAndReweightFiles/flux/flux-g4numiv6-pdg14-minervame1M_rearrangedUniverses.root	3185381	2021-07-07T16:55:56Z
MATFluxAndReweightFiles/flux/flux-g4numiv6-pdg14-minervame1N_rearrangedUniverses.root	3186949	2021-07-07T16:55:56Z
MATFluxAndReweightFiles/flux/flux-gen2thin-pdg-12-minervame1D_rearrangedUniverses.root	3082288	2021-07-07T16:55:58Z
MATFluxAndReweightFiles/flux/flux-gen2thin-pdg-12-minervame1M_rearrangedUniverses.root	3112781	2021-07-07T16:55:58Z
MATFluxAndReweightFiles/flux/flux-gen2thin-pdg-12-minervame1N_rearrangedUniverses.root	2993076	2021-07-07T16:55:58Z
MATFluxAndReweightFiles/flux/flux-gen2thin-pdg-14-minervame1D_rearrangedUniverses.root	3132419	2021-07-07T16:56:00Z
MATFluxAndReweightFiles/flux/flux-gen2thin-pdg-14-minervame1M_rearrangedUniverses.root	3136251	2021-07-07T16:56:00Z
MATFluxAndReweightFiles/flux/flux-gen2thin-pdg-14-minervame1N_rearrangedUniverses.root	3130100	2021-07-07T16:56:00Z
MATFluxAndReweightFiles/flux/flux-gen2thin-pdg12-minervame1D_rearrangedUniverses.root	3109202	2021-07-07T16:56:01Z
MATFluxAndReweightFiles/flux/flux-gen2thin-pdg12-minervame1M_rearrangedUniverses.root	3104859	2021-07-07T16:56:01Z
MATFluxAndReweightFiles/flux/flux-gen2thin-pdg12-minervame1N_rearrangedUniverses.root	3082120	2021-07-07T16:56:01Z
MATFluxAndReweightFiles/flux/flux-gen2thin-pdg14-minervame1D.root	3243550	2021-07-07T16:56:03Z
MATFluxAndReweightFiles/flux/flux-gen2thin-pdg14-minervame1D_rearrangedUniverses.root	3188849	2021-07-07T16:56:03Z
MATFluxAndReweightFiles/flux/flux-gen2thin-pdg14-minervame1M_rearrangedUniverses.root	3187397	2021-07-07T16:56:03Z
MATFluxAndReweightFiles/flux/flux-gen2thin-pdg14-minervame1N_rearrangedUniverses.root	3182011	2021-07-07T16:56:03Z
MATFluxAndReweightFiles/flux/sys/Muon_Energy_MnvH1D.root	5469	2021-07-14T21:05:41Z
MATFluxAndReweightFiles/hadronReweight/cross_section_neutron_carbon.root	6784	2021-07-07T16:45:00Z
MATFluxAndReweightFiles/hadronReweight/cross_section_neutron_carbon_hd.root	20349	2021-07-07T16:45:00Z
MATFluxAndReweightFiles/hadronReweight/cross_section_neutron_hydrogen_hd.root	33617	2021-07-07T16:45:00Z
MATFluxAndReweightFiles/hadronReweight/cross_section_neutron_iron.root	6739	2021-07-07T16:45:00Z
MATFluxAndReweightFiles/hadronReweight/cross_section_neutron_iron_hd.root	43362	2021-07-07T16:45:00Z
MATFluxAndReweightFiles/hadronReweight/cross_section_neutron_lead.root	6815	2021-07-07T16:45:00Z
MATFluxAndReweightFiles/hadronReweight/cross_section_neutron_lead_hd.root	48056	2021-07-07T16:45:00Z
MATFluxAndReweightFiles/hadronReweight/cross_section_pion_carbon.root	6035	2021-07-07T16:45:00Z
MATFluxAndReweightFiles/hadronReweight/cross_section_pion_iron.root	6194	2021-07-07T16:45:00Z
MATFluxAndReweightFiles/hadronReweight/cross_section_pion_lead.root	6457	2021-07-07T16:45:00Z
MATFluxAndReweightFiles/hadronReweight/cross_section_proton_carbon.root	6856	2021-07-07T16:45:00Z
MATFluxAndReweightFiles/hadronReweight/cross_section_proton_iron.root	6813	2021-07-07T16:45:00Z
MATFluxAndReweightFiles/hadronReweight/cross_section_proton_lead.root	6809	2021-07-07T16:45:00Z
MATFluxAndReweightFiles/hadronReweight/new_geant4_xsec.root	22307	2021-07-14T21:05:41Z
MATFluxAndReweightFiles/lowNuReweight/lowNuReweight.root	5013	2021-07-07T16:45:00Z
MATFluxAndReweightFiles/mhrwKineRenorm/Renorm_Kine_Truth_MinervaME1A_v10_HD_withElastics_RwgtNeutronCV_z5991-8408_a850.root	765987	2021-07-07T16:45:01Z
MATFluxAndReweightFiles/mhrwKineRenorm/Renorm_Kine_Truth_MinervaME1B_v10_HD_withElastics_RwgtNeutronCV_z5991-8408_a850.root	715413	2021-07-07T16:45:01Z
MATFluxAndReweightFiles/mhrwKineRenorm/Renorm_Kine_Truth_MinervaME1C_v10_HD_withElastics_RwgtNeutronCV_z5991-8408_a850.root	740609	2021-07-07T16:45:01Z
MATFluxAndReweightFiles/mhrwKineRenorm/Renorm_Kine_Truth_MinervaME1D_v10_HD_withElastics_RwgtNeutronCV_z5991-8408_a850.root	780328	2021-07-07T16:45:02Z
MATFluxAndReweightFiles/mhrwKineRenorm/Renorm_Kine_Truth_MinervaME1E_v10_HD_withElastics_RwgtNeutronCV_z5991-8408_a850.root	774892	2021-07-07T16:45:02Z
MATFluxAndReweightFiles/mhrwKineRenorm/Renorm_Kine_Truth_MinervaME1F_v10_HD_withElastics_RwgtNeutronCV_z5991-8408_a850.root	785761	2021-07-07T16:45:02Z
MATFluxAndReweightFiles/mhrwKineRenorm/Renorm_Kine_Truth_MinervaME1G_v10_HD_withElastics_RwgtNeutronCV_z5991-8408_a850.root	780259	2021-07-07T16:45:02Z
MATFluxAndReweightFiles/mhrwKineRenorm/Renorm_Kine_Truth_MinervaME1L_v10_HD_withElastics_RwgtNeutronCV_z5991-8408_a850.root	699932	2021-07-07T16:45:02Z
MATFluxAndReweightFiles/mhrwKineRenorm/Renorm_Kine_Truth_MinervaME1M_v10_HD_withElastics_RwgtNeutronCV_z5991-8408_a850.root	816268	2021-07-07T16:45:03Z
MATFluxAndReweightFiles/mhrwKineRenorm/Renorm_Kine_Truth_MinervaME1N_v10_HD_withElastics_RwgtNeutronCV_z5991-8408_a850.root	795929	2021-07-07T16:45:03Z
MATFluxAndReweightFiles/mhrwKineRenorm/Renorm_Kine_Truth_MinervaME1O_v10_HD_withElastics_RwgtNeutronCV_z5991-8408_a850.root	747621	2021-07-07T16:45:03Z
MATFluxAndReweightFiles/mhrwKineRenorm/Renorm_Kine_Truth_MinervaME1P_v10_HD_withElastics_RwgtNeutronCV_z5991-8408_a850.root	760496	2021-07-07T16:45:03Z
MC/StandardMC/Playlist1A/MasterAnaDev_mc_AnaTuple_run00110000_Playlist.root	17318473069	2025-12-18T19:49:28Z
MC/StandardMC/Playlist1A/MasterAnaDev_mc_AnaTuple_run00110001_Playlist.root	17319286427	2025-12-18T19:51:24Z
MC/StandardMC/Playlist1A/MasterAnaDev_mc_AnaTuple_run00110002_Playlist.root	17325481336	2025-12-18T20:00:50Z
MC/StandardMC/Playlist1A/MasterAnaDev_mc_AnaTuple_run00110003_Playlist.root	17352797247	2025-12-18T20:01:34Z
MC/StandardMC/Playlist1A/MasterAnaDev_mc_AnaTuple_run00110004_Playlist.root	17223610571	2025-12-18T20:03:01Z
MC/StandardMC/Playlist1A/MasterAnaDev_mc_AnaTuple_run00110005_Playlist.root	17385912299	2025-12-18T20:07:48Z
MC/StandardMC/Playlist1A/MasterAnaDev_mc_AnaTuple_run00110006_Playlist.root	17371285874	2025-12-18T20:09:19Z
MC/StandardMC/Playlist1A/MasterAnaDev_mc_AnaTuple_run00110007_Playlist.root	17300557113	2025-12-18T20:10:26Z
MC/StandardMC/Playlist1A/MasterAnaDev_mc_AnaTuple_run00110008_Playlist.root	17445176323	2025-12-18T20:11:46Z
MC/StandardMC/Playlist1A/MasterAnaDev_mc_AnaTuple_run00110009_Playlist.root	17283116863	2025-12-18T20:12:27Z
MC/StandardMC/Playlist1A/MasterAnaDev_mc_AnaTuple_run00110010_Playlist.root	17254688528	2025-12-18T20:13:26Z
MC/StandardMC/Playlist1A/MasterAnaDev_mc_AnaTuple_run00110011_Playlist.root	17311834543	2025-12-18T20:14:37Z
MC/StandardMC/Playlist1A/MasterAnaDev_mc_AnaTuple_run00110012_Playlist.root	17302640136	2025-12-18T20:15:36Z
MC/StandardMC/Playlist1A/MasterAnaDev_mc_AnaTuple_run00110013_Playlist.root	17324827202	2025-12-18T20:19:40Z
MC/StandardMC/Playlist1A/MasterAnaDev_mc_AnaTuple_run00110014_Playlist.root	17296991992	2025-12-18T20:29:56Z
MC/StandardMC/Playlist1A/MasterAnaDev_mc_AnaTuple_run00110015_Playlist.root	17403373174	2025-12-18T20:32:17Z
MC/StandardMC/Playlist1A/MasterAnaDev_mc_AnaTuple_run00110016_Playlist.root	17373934378	2025-12-18T20:33:16Z
MC/StandardMC/Playlist1A/MasterAnaDev_mc_AnaTuple_run00110017_Playlist.root	17335745034	2025-12-18T20:38:03Z
MC/StandardMC/Playlist1A/MasterAnaDev_mc_AnaTuple_run00110018_Playlist.root	15152200944	2025-12-18T20:39:00Z
MC/StandardMC/Playlist1A/MasterAnaDev_mc_AnaTuple_run00110019_Playlist.root	17200380413	2025-12-18T20:40:23Z
MC/StandardMC/Playlist1A/MasterAnaDev_mc_AnaTuple_run00110020_Playlist.root	17413513152	2025-12-18T20:49:00Z
MC/StandardMC/Playlist1A/MasterAnaDev_mc_AnaTuple_run00110021_Playlist.root	17392167621	2025-12-18T20:51:19Z
MC/StandardMC/Playlist1A/MasterAnaDev_mc_AnaTuple_run00110022_Playlist.root	17276361461	2025-12-18T20:52:52Z
MC/StandardMC/Playlist1A/MasterAnaDev_mc_AnaTuple_run00110023_Playlist.root	17215683453	2025-12-18T20:55:05Z
MC/StandardMC/Playlist1A/MasterAnaDev_mc_AnaTuple_run00110024_Playlist.root	17297276516	2025-12-18T20:56:09Z
MC/StandardMC/Playlist1A/MasterAnaDev_mc_AnaTuple_run00110025_Playlist.root	17279876566	2025-12-18T20:57:05Z
MC/StandardMC/Playlist1A/MasterAnaDev_mc_AnaTuple_run00110026_Playlist.root	17236417122	2025-12-18T20:59:06Z
MC/StandardMC/Playlist1A/MasterAnaDev_mc_AnaTuple_run00110027_Playlist.root	17202905253	2025-12-18T21:00:10Z
MC/StandardMC/Playlist1A/MasterAnaDev_mc_AnaTuple_run00110028_Playlist.root	17383416785	2025-12-18T21:01:30Z
MC/StandardMC/Playlist1A/MasterAnaDev_mc_AnaTuple_run00110029_Playlist.root	17252551451	2025-12-18T21:02:16Z
MC/StandardMC/Playlist1A/MasterAnaDev_mc_AnaTuple_run00110030_Playlist.root	17089950532	2025-12-18T21:03:32Z
MC/StandardMC/Playlist1A/MasterAnaDev_mc_AnaTuple_run00110031_Playlist.root	17269904178	2025-12-18T21:04:20Z
MC/StandardMC/Playlist1A/MasterAnaDev_mc_AnaTuple_run00110032_Playlist.root	17291036155	2025-12-18T21:05:57Z
MC/StandardMC/Playlist1A/MasterAnaDev_mc_AnaTuple_run00110033_Playlist.root	17286334948	2025-12-18T21:07:13Z
MC/StandardMC/Playlist1A/MasterAnaDev_mc_AnaTuple_run00110034_Playlist.root	17248285481	2025-12-18T21:08:56Z
MC/StandardMC/Playlist1A/MasterAnaDev_mc_AnaTuple_run00110035_Playlist.root	17332384466	2025-12-18T21:09:46Z
MC/StandardMC/Playlist1A/MasterAnaDev_mc_AnaTuple_run00110036_Playlist.root	17152055950	2025-12-18T21:10:49Z
MC/StandardMC/Playlist1A/MasterAnaDev_mc_AnaTuple_run00110037_Playlist.root	17145161653	2025-12-18T21:11:39Z
MC/StandardMC/Playlist1A/MasterAnaDev_mc_AnaTuple_run00110038_Playlist.root	17205270009	2025-12-18T21:13:17Z
MC/StandardMC/Playlist1A/MasterAnaDev_mc_AnaTuple_run00110039_Playlist.root	17317806193	2025-12-18T21:14:59Z
MC/StandardMC/Playlist1A/MasterAnaDev_mc_AnaTuple_run00110040_Playlist.root	17358406869	2025-12-18T21:15:53Z
MC/StandardMC/Playlist1B/MasterAnaDev_mc_AnaTuple_run00111000_Playlist.root	21456672032	2026-04-19T02:03:54Z
MC/StandardMC/Playlist1B/MasterAnaDev_mc_AnaTuple_run00111001_Playlist.root	21719130441	2026-04-19T02:10:37Z
MC/StandardMC/Playlist1B/MasterAnaDev_mc_AnaTuple_run00111002_Playlist.root	21621344900	2026-04-19T02:12:24Z
MC/StandardMC/Playlist1B/MasterAnaDev_mc_AnaTuple_run00111003_Playlist.root	21604975871	2026-04-19T02:20:03Z
MC/StandardMC/Playlist1B/MasterAnaDev_mc_AnaTuple_run00111004_Playlist.root	21536173415	2026-04-19T02:21:36Z
MC/StandardMC/Playlist1B/MasterAnaDev_mc_AnaTuple_run00111005_Playlist.root	21652613607	2026-04-19T02:23:21Z
MC/StandardMC/Playlist1B/MasterAnaDev_mc_AnaTuple_run00111006_Playlist.root	21540099700	2026-04-19T02:25:03Z
MC/StandardMC/Playlist1B/MasterAnaDev_mc_AnaTuple_run00111007_Playlist.root	21674042524	2026-04-19T02:26:26Z
MC/StandardMC/Playlist1B/MasterAnaDev_mc_AnaTuple_run00111008_Playlist.root	21482574785	2026-04-19T02:28:22Z
MC/StandardMC/Playlist1B/MasterAnaDev_mc_AnaTuple_run00111009_Playlist.root	21713147162	2026-04-19T02:29:44Z
MC/StandardMC/Playlist1B/MasterAnaDev_mc_AnaTuple_run00111010_Playlist.root	21612720072	2026-04-19T02:32:09Z
MC/StandardMC/Playlist1C/MasterAnaDev_mc_AnaTuple_run00111030_Playlist.root	21788209355	2026-04-19T18:38:21Z
MC/StandardMC/Playlist1C/MasterAnaDev_mc_AnaTuple_run00111031_Playlist.root	21695789576	2026-04-19T18:40:08Z
MC/StandardMC/Playlist1C/MasterAnaDev_mc_AnaTuple_run00111032_Playlist.root	21714626283	2026-04-19T18:41:55Z
MC/StandardMC/Playlist1C/MasterAnaDev_mc_AnaTuple_run00111033_Playlist.root	21668845945	2026-04-19T18:43:17Z
MC/StandardMC/Playlist1C/MasterAnaDev_mc_AnaTuple_run00111034_Playlist.root	21643129884	2026-04-19T18:44:50Z
MC/StandardMC/Playlist1C/MasterAnaDev_mc_AnaTuple_run00111035_Playlist.root	21648638439	2026-04-19T18:46:11Z
MC/StandardMC/Playlist1C/MasterAnaDev_mc_AnaTuple_run00111036_Playlist.root	21794673993	2026-04-19T18:47:43Z
MC/StandardMC/Playlist1C/MasterAnaDev_mc_AnaTuple_run00111037_Playlist.root	21738055094	2026-04-19T18:51:47Z
MC/StandardMC/Playlist1C/MasterAnaDev_mc_AnaTuple_run00111038_Playlist.root	21666535764	2026-04-19T18:54:20Z
MC/StandardMC/Playlist1C/MasterAnaDev_mc_AnaTuple_run00111039_Playlist.root	21622868884	2026-04-19T18:55:34Z
MC/StandardMC/Playlist1C/MasterAnaDev_mc_AnaTuple_run00111040_Playlist.root	21341562127	2026-04-19T18:57:31Z
MC/StandardMC/Playlist1C/MasterAnaDev_mc_AnaTuple_run00111041_Playlist.root	21706350836	2026-04-19T18:59:27Z
MC/StandardMC/Playlist1C/MasterAnaDev_mc_AnaTuple_run00111042_Playlist.root	21819487057	2026-04-19T19:03:51Z
MC/StandardMC/Playlist1C/MasterAnaDev_mc_AnaTuple_run00111043_Playlist.root	21644513196	2026-04-19T19:05:41Z
MC/StandardMC/Playlist1C/MasterAnaDev_mc_AnaTuple_run00111044_Playlist.root	21651507752	2026-04-19T19:07:44Z
MC/StandardMC/Playlist1C/MasterAnaDev_mc_AnaTuple_run00111045_Playlist.root	21725707785	2026-04-19T19:09:42Z
MC/StandardMC/Playlist1C/MasterAnaDev_mc_AnaTuple_run00111046_Playlist.root	21500720840	2026-04-19T19:11:13Z
MC/StandardMC/Playlist1C/MasterAnaDev_mc_AnaTuple_run00111047_Playlist.root	21143714195	2026-04-19T19:12:33Z
MC/StandardMC/Playlist1C/MasterAnaDev_mc_AnaTuple_run00111048_Playlist.root	21590769599	2026-04-19T19:14:19Z
MC/StandardMC/Playlist1C/MasterAnaDev_mc_AnaTuple_run00111049_Playlist.root	21571377092	2026-04-19T19:15:32Z
MC/StandardMC/Playlist1C/MasterAnaDev_mc_AnaTuple_run00111050_Playlist.root	21612105651	2026-04-19T19:16:54Z
MC/StandardMC/Playlist1D/MasterAnaDev_mc_AnaTuple_run00111100_Playlist.root	21631153471	2026-04-19T19:54:56Z
MC/StandardMC/Playlist1D/MasterAnaDev_mc_AnaTuple_run00111101_Playlist.root	21612288904	2026-04-19T19:56:39Z
MC/StandardMC/Playlist1D/MasterAnaDev_mc_AnaTuple_run00111102_Playlist.root	21694327181	2026-04-19T19:58:38Z
MC/StandardMC/Playlist1D/MasterAnaDev_mc_AnaTuple_run00111103_Playlist.root	21611045716	2026-04-19T20:00:20Z
MC/StandardMC/Playlist1D/MasterAnaDev_mc_AnaTuple_run00111104_Playlist.root	21732508201	2026-04-19T20:05:20Z
MC/StandardMC/Playlist1D/MasterAnaDev_mc_AnaTuple_run00111105_Playlist.root	21668546962	2026-04-19T20:06:47Z
MC/StandardMC/Playlist1D/MasterAnaDev_mc_AnaTuple_run00111106_Playlist.root	21664512666	2026-04-19T20:08:12Z
MC/StandardMC/Playlist1D/MasterAnaDev_mc_AnaTuple_run00111107_Playlist.root	21659823989	2026-04-19T20:09:49Z
MC/StandardMC/Playlist1D/MasterAnaDev_mc_AnaTuple_run00111108_Playlist.root	21587939007	2026-04-19T20:11:46Z
MC/StandardMC/Playlist1D/MasterAnaDev_mc_AnaTuple_run00111109_Playlist.root	21741167087	2026-04-19T20:12:50Z
MC/StandardMC/Playlist1D/MasterAnaDev_mc_AnaTuple_run00111110_Playlist.root	21651621555	2026-04-19T20:14:30Z
MC/StandardMC/Playlist1D/MasterAnaDev_mc_AnaTuple_run00111111_Playlist.root	21618240120	2026-04-19T20:16:00Z
MC/StandardMC/Playlist1D/MasterAnaDev_mc_AnaTuple_run00111112_Playlist.root	21617742511	2026-04-19T20:22:38Z
MC/StandardMC/Playlist1D/MasterAnaDev_mc_AnaTuple_run00111113_Playlist.root	21539050213	2026-04-19T20:24:47Z
MC/StandardMC/Playlist1D/MasterAnaDev_mc_AnaTuple_run00111114_Playlist.root	21574472338	2026-04-19T20:26:10Z
MC/StandardMC/Playlist1D/MasterAnaDev_mc_AnaTuple_run00111115_Playlist.root	21648641869	2026-04-19T20:27:21Z
MC/StandardMC/Playlist1D/MasterAnaDev_mc_AnaTuple_run00111116_Playlist.root	21667298136	2026-04-19T20:29:03Z
MC/StandardMC/Playlist1D/MasterAnaDev_mc_AnaTuple_run00111117_Playlist.root	21753145959	2026-04-19T20:33:37Z
MC/StandardMC/Playlist1D/MasterAnaDev_mc_AnaTuple_run00111118_Playlist.root	21687159341	2026-04-19T20:35:15Z
MC/StandardMC/Playlist1D/MasterAnaDev_mc_AnaTuple_run00111119_Playlist.root	21632187292	2026-04-19T20:36:49Z
MC/StandardMC/Playlist1D/MasterAnaDev_mc_AnaTuple_run00111120_Playlist.root	21769388514	2026-04-19T20:38:21Z
MC/StandardMC/Playlist1D/MasterAnaDev_mc_AnaTuple_run00111121_Playlist.root	21647353235	2026-04-19T20:40:13Z
MC/StandardMC/Playlist1D/MasterAnaDev_mc_AnaTuple_run00111122_Playlist.root	21584447545	2026-04-19T20:41:36Z
MC/StandardMC/Playlist1D/MasterAnaDev_mc_AnaTuple_run00111123_Playlist.root	21679745638	2026-04-19T20:43:11Z
MC/StandardMC/Playlist1D/MasterAnaDev_mc_AnaTuple_run00111124_Playlist.root	21780308549	2026-04-19T20:44:15Z
MC/StandardMC/Playlist1D/MasterAnaDev_mc_AnaTuple_run00111125_Playlist.root	21588797372	2026-04-19T20:46:10Z
MC/StandardMC/Playlist1D/MasterAnaDev_mc_AnaTuple_run00111126_Playlist.root	21670549817	2026-04-19T20:51:27Z
MC/StandardMC/Playlist1D/MasterAnaDev_mc_AnaTuple_run00111127_Playlist.root	21596119189	2026-04-19T20:52:31Z
MC/StandardMC/Playlist1D/MasterAnaDev_mc_AnaTuple_run00111128_Playlist.root	21711895968	2026-04-19T20:53:58Z
MC/StandardMC/Playlist1D/MasterAnaDev_mc_AnaTuple_run00111129_Playlist.root	21733144802	2026-04-19T20:55:31Z
MC/StandardMC/Playlist1D/MasterAnaDev_mc_AnaTuple_run00111130_Playlist.root	21621010374	2026-04-19T20:57:07Z
MC/StandardMC/Playlist1D/MasterAnaDev_mc_AnaTuple_run00111131_Playlist.root	21460806987	2026-04-19T20:58:13Z
MC/StandardMC/Playlist1D/MasterAnaDev_mc_AnaTuple_run00111132_Playlist.root	21652391381	2026-04-19T20:59:42Z
MC/StandardMC/Playlist1D/MasterAnaDev_mc_AnaTuple_run00111133_Playlist.root	21483668021	2026-04-19T21:00:56Z
MC/StandardMC/Playlist1D/MasterAnaDev_mc_AnaTuple_run00111134_Playlist.root	21560837844	2026-04-19T21:02:06Z
MC/StandardMC/Playlist1D/MasterAnaDev_mc_AnaTuple_run00111135_Playlist.root	21574420851	2026-04-19T21:03:28Z
MC/StandardMC/Playlist1D/MasterAnaDev_mc_AnaTuple_run00111136_Playlist.root	21603144146	2026-04-19T21:04:58Z
MC/StandardMC/Playlist1D/MasterAnaDev_mc_AnaTuple_run00111137_Playlist.root	21742610216	2026-04-19T21:06:45Z
MC/StandardMC/Playlist1D/MasterAnaDev_mc_AnaTuple_run00111138_Playlist.root	21774765475	2026-04-19T21:08:07Z
MC/StandardMC/Playlist1D/MasterAnaDev_mc_AnaTuple_run00111139_Playlist.root	21837400216	2026-04-19T21:09:47Z
MC/StandardMC/Playlist1D/MasterAnaDev_mc_AnaTuple_run00111140_Playlist.root	21620242928	2026-04-19T21:11:13Z
MC/StandardMC/Playlist1D/MasterAnaDev_mc_AnaTuple_run00111141_Playlist.root	21539868876	2026-04-19T21:12:16Z
MC/StandardMC/Playlist1D/MasterAnaDev_mc_AnaTuple_run00111142_Playlist.root	21693028953	2026-04-19T21:13:35Z
MC/StandardMC/Playlist1D/MasterAnaDev_mc_AnaTuple_run00111143_Playlist.root	21619618229	2026-04-19T21:20:33Z
MC/StandardMC/Playlist1D/MasterAnaDev_mc_AnaTuple_run00111144_Playlist.root	21719480886	2026-04-19T21:22:24Z
MC/StandardMC/Playlist1D/MasterAnaDev_mc_AnaTuple_run00111145_Playlist.root	21538793676	2026-04-19T21:23:48Z
MC/StandardMC/Playlist1D/MasterAnaDev_mc_AnaTuple_run00111146_Playlist.root	21711910765	2026-04-19T21:31:38Z
MC/StandardMC/Playlist1D/MasterAnaDev_mc_AnaTuple_run00111147_Playlist.root	21655611183	2026-04-19T21:36:06Z
MC/StandardMC/Playlist1D/MasterAnaDev_mc_AnaTuple_run00111148_Playlist.root	21555165273	2026-04-19T21:40:50Z
MC/StandardMC/Playlist1D/MasterAnaDev_mc_AnaTuple_run00111149_Playlist.root	21739973491	2026-04-19T21:42:16Z
MC/StandardMC/Playlist1D/MasterAnaDev_mc_AnaTuple_run00111150_Playlist.root	21691993801	2026-04-19T21:43:43Z
MC/StandardMC/Playlist1D/MasterAnaDev_mc_AnaTuple_run00111151_Playlist.root	21701775160	2026-04-19T21:48:53Z
MC/StandardMC/Playlist1D/MasterAnaDev_mc_AnaTuple_run00111152_Playlist.root	21563027685	2026-04-19T21:50:18Z
MC/StandardMC/Playlist1D/MasterAnaDev_mc_AnaTuple_run00111153_Playlist.root	21547065952	2026-04-19T21:56:59Z
MC/StandardMC/Playlist1D/MasterAnaDev_mc_AnaTuple_run00111154_Playlist.root	21601069125	2026-04-19T21:58:48Z
MC/StandardMC/Playlist1D/MasterAnaDev_mc_AnaTuple_run00111155_Playlist.root	21448824828	2026-04-19T22:00:10Z
MC/StandardMC/Playlist1D/MasterAnaDev_mc_AnaTuple_run00111156_Playlist.root	21401929396	2026-04-19T22:04:20Z
MC/StandardMC/Playlist1D/MasterAnaDev_mc_AnaTuple_run00111157_Playlist.root	21309535419	2026-04-19T22:07:47Z
MC/StandardMC/Playlist1D/MasterAnaDev_mc_AnaTuple_run00111158_Playlist.root	21340243739	2026-04-19T22:09:47Z
MC/StandardMC/Playlist1D/MasterAnaDev_mc_AnaTuple_run00111159_Playlist.root	21492837364	2026-04-19T22:11:33Z
MC/StandardMC/Playlist1D/MasterAnaDev_mc_AnaTuple_run00111160_Playlist.root	21416808203	2026-04-19T22:13:27Z
MC/StandardMC/Playlist1E/MasterAnaDev_mc_AnaTuple_run00111325_Playlist.root	21714362314	2026-04-19T19:55:09Z
MC/StandardMC/Playlist1E/MasterAnaDev_mc_AnaTuple_run00111326_Playlist.root	21603544779	2026-04-19T20:00:05Z
MC/StandardMC/Playlist1E/MasterAnaDev_mc_AnaTuple_run00111327_Playlist.root	21665672852	2026-04-19T20:02:15Z
MC/StandardMC/Playlist1E/MasterAnaDev_mc_AnaTuple_run00111328_Playlist.root	21613489831	2026-04-19T20:03:26Z
MC/StandardMC/Playlist1E/MasterAnaDev_mc_AnaTuple_run00111329_Playlist.root	21329148940	2026-04-19T20:04:18Z
MC/StandardMC/Playlist1E/MasterAnaDev_mc_AnaTuple_run00111330_Playlist.root	21703902873	2026-04-19T20:05:36Z
MC/StandardMC/Playlist1E/MasterAnaDev_mc_AnaTuple_run00111331_Playlist.root	21650911485	2026-04-19T20:06:54Z
MC/StandardMC/Playlist1E/MasterAnaDev_mc_AnaTuple_run00111332_Playlist.root	21712465959	2026-04-19T20:12:04Z
MC/StandardMC/Playlist1E/MasterAnaDev_mc_AnaTuple_run00111333_Playlist.root	21777099047	2026-04-19T20:13:02Z
MC/StandardMC/Playlist1E/MasterAnaDev_mc_AnaTuple_run00111334_Playlist.root	21700317982	2026-04-19T20:14:12Z
MC/StandardMC/Playlist1E/MasterAnaDev_mc_AnaTuple_run00111335_Playlist.root	21602513048	2026-04-19T20:16:12Z
MC/StandardMC/Playlist1E/MasterAnaDev_mc_AnaTuple_run00111336_Playlist.root	21544180888	2026-04-19T20:17:27Z
MC/StandardMC/Playlist1E/MasterAnaDev_mc_AnaTuple_run00111337_Playlist.root	21627574641	2026-04-19T20:19:42Z
MC/StandardMC/Playlist1E/MasterAnaDev_mc_AnaTuple_run00111338_Playlist.root	21711117577	2026-04-19T20:21:44Z
MC/StandardMC/Playlist1E/MasterAnaDev_mc_AnaTuple_run00111339_Playlist.root	21581273689	2026-04-19T20:23:51Z
MC/StandardMC/Playlist1E/MasterAnaDev_mc_AnaTuple_run00111340_Playlist.root	21582579809	2026-04-19T20:25:53Z
MC/StandardMC/Playlist1E/MasterAnaDev_mc_AnaTuple_run00111341_Playlist.root	21701262346	2026-04-19T20:27:13Z
MC/StandardMC/Playlist1E/MasterAnaDev_mc_AnaTuple_run00111342_Playlist.root	21798830043	2026-04-19T20:28:10Z
MC/StandardMC/Playlist1E/MasterAnaDev_mc_AnaTuple_run00111343_Playlist.root	21584163523	2026-04-19T20:29:30Z
MC/StandardMC/Playlist1E/MasterAnaDev_mc_AnaTuple_run00111344_Playlist.root	21642358331	2026-04-19T20:30:50Z
MC/StandardMC/Playlist1E/MasterAnaDev_mc_AnaTuple_run00111345_Playlist.root	21680467600	2026-04-19T20:32:04Z
MC/StandardMC/Playlist1E/MasterAnaDev_mc_AnaTuple_run00111346_Playlist.root	21540863572	2026-04-19T20:33:16Z
MC/StandardMC/Playlist1E/MasterAnaDev_mc_AnaTuple_run00111347_Playlist.root	21510055424	2026-04-19T20:34:31Z
MC/StandardMC/Playlist1E/MasterAnaDev_mc_AnaTuple_run00111348_Playlist.root	21603411983	2026-04-19T20:35:56Z
MC/StandardMC/Playlist1E/MasterAnaDev_mc_AnaTuple_run00111349_Playlist.root	21628293267	2026-04-19T20:37:29Z
MC/StandardMC/Playlist1E/MasterAnaDev_mc_AnaTuple_run00111350_Playlist.root	21718670995	2026-04-19T20:38:49Z
MC/StandardMC/Playlist1E/MasterAnaDev_mc_AnaTuple_run00111351_Playlist.root	21533778248	2026-04-19T20:40:33Z
MC/StandardMC/Playlist1E/MasterAnaDev_mc_AnaTuple_run00111352_Playlist.root	21727996466	2026-04-19T20:41:49Z
MC/StandardMC/Playlist1E/MasterAnaDev_mc_AnaTuple_run00111353_Playlist.root	21514945193	2026-04-19T20:43:10Z
MC/StandardMC/Playlist1E/MasterAnaDev_mc_AnaTuple_run00111354_Playlist.root	21343565037	2026-04-19T20:44:50Z
MC/StandardMC/Playlist1E/MasterAnaDev_mc_AnaTuple_run00111355_Playlist.root	21709774352	2026-04-19T20:50:21Z
MC/StandardMC/Playlist1E/MasterAnaDev_mc_AnaTuple_run00111356_Playlist.root	21629980616	2026-04-19T20:56:00Z
MC/StandardMC/Playlist1E/MasterAnaDev_mc_AnaTuple_run00111357_Playlist.root	21556730072	2026-04-19T20:57:14Z
MC/StandardMC/Playlist1E/MasterAnaDev_mc_AnaTuple_run00111358_Playlist.root	21512923650	2026-04-19T20:58:48Z
MC/StandardMC/Playlist1E/MasterAnaDev_mc_AnaTuple_run00111359_Playlist.root	21678582466	2026-04-19T21:00:15Z
MC/StandardMC/Playlist1E/MasterAnaDev_mc_AnaTuple_run00111360_Playlist.root	21567149045	2026-04-19T21:01:36Z
MC/StandardMC/Playlist1E/MasterAnaDev_mc_AnaTuple_run00111361_Playlist.root	21759438319	2026-04-19T21:06:35Z
MC/StandardMC/Playlist1E/MasterAnaDev_mc_AnaTuple_run00111362_Playlist.root	21683787304	2026-04-19T21:08:45Z
MC/StandardMC/Playlist1E/MasterAnaDev_mc_AnaTuple_run00111363_Playlist.root	21627195617	2026-04-19T21:15:58Z
MC/StandardMC/Playlist1E/MasterAnaDev_mc_AnaTuple_run00111364_Playlist.root	21648619534	2026-04-19T21:17:36Z
MC/StandardMC/Playlist1E/MasterAnaDev_mc_AnaTuple_run00111365_Playlist.root	21485380103	2026-04-19T21:19:02Z
MC/StandardMC/Playlist1E/MasterAnaDev_mc_AnaTuple_run00111366_Playlist.root	21605295367	2026-04-19T21:20:52Z
MC/StandardMC/Playlist1E/MasterAnaDev_mc_AnaTuple_run00111367_Playlist.root	21566438977	2026-04-19T21:28:34Z
MC/StandardMC/Playlist1E/MasterAnaDev_mc_AnaTuple_run00111368_Playlist.root	21712904295	2026-04-19T21:30:36Z
MC/StandardMC/Playlist1E/MasterAnaDev_mc_AnaTuple_run00111369_Playlist.root	21490372818	2026-04-19T21:32:23Z
MC/StandardMC/Playlist1E/MasterAnaDev_mc_AnaTuple_run00111370_Playlist.root	21685192091	2026-04-19T21:33:50Z
MC/StandardMC/Playlist1E/MasterAnaDev_mc_AnaTuple_run00111371_Playlist.root	21751275484	2026-04-19T21:35:25Z
MC/StandardMC/Playlist1E/MasterAnaDev_mc_AnaTuple_run00111372_Playlist.root	21625865060	2026-04-19T21:36:44Z
MC/StandardMC/Playlist1E/MasterAnaDev_mc_AnaTuple_run00111373_Playlist.root	21655527270	2026-04-19T21:38:13Z
MC/StandardMC/Playlist1E/MasterAnaDev_mc_AnaTuple_run00111374_Playlist.root	21699997958	2026-04-19T21:39:45Z
MC/StandardMC/Playlist1E/MasterAnaDev_mc_AnaTuple_run00111375_Playlist.root	21668370630	2026-04-19T21:41:22Z
MC/StandardMC/Playlist1F/MasterAnaDev_mc_AnaTuple_run00111490_Playlist.root	21273654864	2026-04-19T22:28:05Z
MC/StandardMC/Playlist1F/MasterAnaDev_mc_AnaTuple_run00111491_Playlist.root	21469450172	2026-04-19T22:31:08Z
MC/StandardMC/Playlist1F/MasterAnaDev_mc_AnaTuple_run00111492_Playlist.root	21414181694	2026-04-19T22:32:25Z
MC/StandardMC/Playlist1F/MasterAnaDev_mc_AnaTuple_run00111493_Playlist.root	21260371758	2026-04-19T22:34:07Z
MC/StandardMC/Playlist1F/MasterAnaDev_mc_AnaTuple_run00111494_Playlist.root	21405498970	2026-04-19T22:35:35Z
MC/StandardMC/Playlist1F/MasterAnaDev_mc_AnaTuple_run00111495_Playlist.root	21493698793	2026-04-19T22:36:44Z
MC/StandardMC/Playlist1F/MasterAnaDev_mc_AnaTuple_run00111496_Playlist.root	21375081507	2026-04-19T22:37:52Z
MC/StandardMC/Playlist1F/MasterAnaDev_mc_AnaTuple_run00111497_Playlist.root	21395125606	2026-04-19T22:39:15Z
MC/StandardMC/Playlist1F/MasterAnaDev_mc_AnaTuple_run00111498_Playlist.root	21311623781	2026-04-19T22:40:41Z
MC/StandardMC/Playlist1F/MasterAnaDev_mc_AnaTuple_run00111499_Playlist.root	21395921581	2026-04-19T22:42:07Z
MC/StandardMC/Playlist1F/MasterAnaDev_mc_AnaTuple_run00111500_Playlist.root	21356659301	2026-04-19T22:43:45Z
MC/StandardMC/Playlist1F/MasterAnaDev_mc_AnaTuple_run00111501_Playlist.root	21391567996	2026-04-19T22:45:06Z
MC/StandardMC/Playlist1F/MasterAnaDev_mc_AnaTuple_run00111502_Playlist.root	21320232781	2026-04-19T22:47:11Z
MC/StandardMC/Playlist1F/MasterAnaDev_mc_AnaTuple_run00111503_Playlist.root	21362807056	2026-04-19T22:51:11Z
MC/StandardMC/Playlist1F/MasterAnaDev_mc_AnaTuple_run00111504_Playlist.root	21338007678	2026-04-19T22:52:33Z
MC/StandardMC/Playlist1F/MasterAnaDev_mc_AnaTuple_run00111505_Playlist.root	21357060399	2026-04-19T22:53:57Z
MC/StandardMC/Playlist1F/MasterAnaDev_mc_AnaTuple_run00111506_Playlist.root	21309018210	2026-04-19T22:55:47Z
MC/StandardMC/Playlist1F/MasterAnaDev_mc_AnaTuple_run00111507_Playlist.root	21241854381	2026-04-19T22:56:55Z
MC/StandardMC/Playlist1F/MasterAnaDev_mc_AnaTuple_run00111508_Playlist.root	21159597461	2026-04-19T22:58:41Z
MC/StandardMC/Playlist1F/MasterAnaDev_mc_AnaTuple_run00111509_Playlist.root	21354460371	2026-04-19T23:00:08Z
MC/StandardMC/Playlist1F/MasterAnaDev_mc_AnaTuple_run00111510_Playlist.root	21216388636	2026-04-19T23:02:04Z
MC/StandardMC/Playlist1F/MasterAnaDev_mc_AnaTuple_run00111511_Playlist.root	21409950687	2026-04-19T23:03:32Z
MC/StandardMC/Playlist1F/MasterAnaDev_mc_AnaTuple_run00111512_Playlist.root	21409709067	2026-04-19T23:05:43Z
MC/StandardMC/Playlist1F/MasterAnaDev_mc_AnaTuple_run00111513_Playlist.root	21442555834	2026-04-19T23:07:42Z
MC/StandardMC/Playlist1F/MasterAnaDev_mc_AnaTuple_run00111514_Playlist.root	21338502341	2026-04-19T23:10:09Z
MC/StandardMC/Playlist1F/MasterAnaDev_mc_AnaTuple_run00111515_Playlist.root	21447475081	2026-04-19T23:12:23Z
MC/StandardMC/Playlist1F/MasterAnaDev_mc_AnaTuple_run00111516_Playlist.root	21401332780	2026-04-19T23:13:56Z
MC/StandardMC/Playlist1F/MasterAnaDev_mc_AnaTuple_run00111517_Playlist.root	21443011862	2026-04-19T23:16:00Z
MC/StandardMC/Playlist1F/MasterAnaDev_mc_AnaTuple_run00111518_Playlist.root	21471077184	2026-04-19T23:17:26Z
MC/StandardMC/Playlist1F/MasterAnaDev_mc_AnaTuple_run00111519_Playlist.root	21328667148	2026-04-19T23:19:48Z
MC/StandardMC/Playlist1F/MasterAnaDev_mc_AnaTuple_run00111520_Playlist.root	21435126571	2026-04-19T23:21:41Z
MC/StandardMC/Playlist1F/MasterAnaDev_mc_AnaTuple_run00111521_Playlist.root	21319890799	2026-04-19T23:22:57Z
MC/StandardMC/Playlist1F/MasterAnaDev_mc_AnaTuple_run00111522_Playlist.root	21295530310	2026-04-19T23:28:20Z
MC/StandardMC/Playlist1F/MasterAnaDev_mc_AnaTuple_run00111523_Playlist.root	21256866037	2026-04-19T23:29:48Z
MC/StandardMC/Playlist1F/MasterAnaDev_mc_AnaTuple_run00111524_Playlist.root	21288248757	2026-04-19T23:31:00Z
MC/StandardMC/Playlist1F/MasterAnaDev_mc_AnaTuple_run00111525_Playlist.root	21212339289	2026-04-19T23:32:23Z
MC/StandardMC/Playlist1F/MasterAnaDev_mc_AnaTuple_run00111526_Playlist.root	21281104167	2026-04-19T23:36:41Z
MC/StandardMC/Playlist1F/MasterAnaDev_mc_AnaTuple_run00111527_Playlist.root	21365001805	2026-04-19T23:38:09Z
MC/StandardMC/Playlist1F/MasterAnaDev_mc_AnaTuple_run00111528_Playlist.root	21370620128	2026-04-19T23:39:37Z
MC/StandardMC/Playlist1F/MasterAnaDev_mc_AnaTuple_run00111529_Playlist.root	21307353800	2026-04-19T23:41:12Z
MC/StandardMC/Playlist1F/MasterAnaDev_mc_AnaTuple_run00111530_Playlist.root	21350734303	2026-04-19T23:42:59Z
MC/StandardMC/Playlist1F/MasterAnaDev_mc_AnaTuple_run00111531_Playlist.root	21388208400	2026-04-19T23:44:51Z
MC/StandardMC/Playlist1F/MasterAnaDev_mc_AnaTuple_run00111532_Playlist.root	21470701788	2026-04-19T23:46:10Z
MC/StandardMC/Playlist1F/MasterAnaDev_mc_AnaTuple_run00111533_Playlist.root	21210828009	2026-04-19T23:47:17Z
MC/StandardMC/Playlist1F/MasterAnaDev_mc_AnaTuple_run00111534_Playlist.root	21313290198	2026-04-19T23:49:08Z
MC/StandardMC/Playlist1F/MasterAnaDev_mc_AnaTuple_run00111535_Playlist.root	21340451953	2026-04-19T23:50:57Z
MC/StandardMC/Playlist1F/MasterAnaDev_mc_AnaTuple_run00111536_Playlist.root	21238490940	2026-04-19T23:53:01Z
MC/StandardMC/Playlist1F/MasterAnaDev_mc_AnaTuple_run00111537_Playlist.root	21223950070	2026-04-19T23:54:20Z
MC/StandardMC/Playlist1F/MasterAnaDev_mc_AnaTuple_run00111538_Playlist.root	21339204092	2026-04-19T23:55:43Z
MC/StandardMC/Playlist1F/MasterAnaDev_mc_AnaTuple_run00111539_Playlist.root	21366577587	2026-04-19T23:57:28Z
MC/StandardMC/Playlist1F/MasterAnaDev_mc_AnaTuple_run00111540_Playlist.root	21357885061	2026-04-19T23:59:30Z
MC/StandardMC/Playlist1F/MasterAnaDev_mc_AnaTuple_run00111541_Playlist.root	21358338512	2026-04-20T00:01:21Z
MC/StandardMC/Playlist1F/MasterAnaDev_mc_AnaTuple_run00111542_Playlist.root	21416000044	2026-04-20T00:02:43Z
MC/StandardMC/Playlist1F/MasterAnaDev_mc_AnaTuple_run00111543_Playlist.root	21375634319	2026-04-20T00:04:24Z
MC/StandardMC/Playlist1F/MasterAnaDev_mc_AnaTuple_run00111544_Playlist.root	21442338742	2026-04-20T00:12:22Z
MC/StandardMC/Playlist1F/MasterAnaDev_mc_AnaTuple_run00111545_Playlist.root	21267969607	2026-04-20T00:14:56Z
MC/StandardMC/Playlist1F/MasterAnaDev_mc_AnaTuple_run00111546_Playlist.root	21328174182	2026-04-20T00:16:48Z
MC/StandardMC/Playlist1F/MasterAnaDev_mc_AnaTuple_run00111547_Playlist.root	21367096741	2026-04-20T00:21:42Z
MC/StandardMC/Playlist1F/MasterAnaDev_mc_AnaTuple_run00111548_Playlist.root	21363912675	2026-04-20T00:23:10Z
MC/StandardMC/Playlist1F/MasterAnaDev_mc_AnaTuple_run00111549_Playlist.root	21142864331	2026-04-20T00:25:24Z
MC/StandardMC/Playlist1F/MasterAnaDev_mc_AnaTuple_run00111550_Playlist.root	21256273977	2026-04-20T00:35:45Z
MC/StandardMC/Playlist1F/MasterAnaDev_mc_AnaTuple_run00111551_Playlist.root	21262865793	2026-04-20T00:41:38Z
MC/StandardMC/Playlist1F/MasterAnaDev_mc_AnaTuple_run00111552_Playlist.root	21352686137	2026-04-20T00:43:51Z
MC/StandardMC/Playlist1F/MasterAnaDev_mc_AnaTuple_run00111553_Playlist.root	21371391561	2026-04-20T00:45:46Z
MC/StandardMC/Playlist1F/MasterAnaDev_mc_AnaTuple_run00111554_Playlist.root	21172357442	2026-04-20T00:47:17Z
MC/StandardMC/Playlist1F/MasterAnaDev_mc_AnaTuple_run00111555_Playlist.root	21410798167	2026-04-20T00:48:36Z
MC/StandardMC/Playlist1F/MasterAnaDev_mc_AnaTuple_run00111556_Playlist.root	21165929247	2026-04-20T00:49:58Z
MC/StandardMC/Playlist1F/MasterAnaDev_mc_AnaTuple_run00111557_Playlist.root	21478679805	2026-04-20T00:51:11Z
MC/StandardMC/Playlist1F/MasterAnaDev_mc_AnaTuple_run00111558_Playlist.root	21335062947	2026-04-20T00:52:26Z
MC/StandardMC/Playlist1F/MasterAnaDev_mc_AnaTuple_run00111559_Playlist.root	21412732420	2026-04-20T00:53:34Z
MC/StandardMC/Playlist1F/MasterAnaDev_mc_AnaTuple_run00111560_Playlist.root	21392359059	2026-04-20T00:55:16Z
MC/StandardMC/Playlist1G/MasterAnaDev_mc_AnaTuple_run00110150_Playlist.root	21198565001	2026-04-19T22:28:18Z
MC/StandardMC/Playlist1G/MasterAnaDev_mc_AnaTuple_run00110151_Playlist.root	20732105734	2026-04-19T22:29:16Z
MC/StandardMC/Playlist1G/MasterAnaDev_mc_AnaTuple_run00110152_Playlist.root	21105190938	2026-04-19T22:30:41Z
MC/StandardMC/Playlist1G/MasterAnaDev_mc_AnaTuple_run00110153_Playlist.root	21030816059	2026-04-19T22:32:00Z
MC/StandardMC/Playlist1G/MasterAnaDev_mc_AnaTuple_run00110154_Playlist.root	20880060000	2026-04-19T22:33:34Z
MC/StandardMC/Playlist1G/MasterAnaDev_mc_AnaTuple_run00110155_Playlist.root	20921006772	2026-04-19T22:34:46Z
MC/StandardMC/Playlist1G/MasterAnaDev_mc_AnaTuple_run00110156_Playlist.root	20877084973	2026-04-19T22:35:52Z
MC/StandardMC/Playlist1G/MasterAnaDev_mc_AnaTuple_run00110157_Playlist.root	20823925526	2026-04-19T22:37:08Z
MC/StandardMC/Playlist1G/MasterAnaDev_mc_AnaTuple_run00110158_Playlist.root	20869345740	2026-04-19T22:38:23Z
MC/StandardMC/Playlist1G/MasterAnaDev_mc_AnaTuple_run00110159_Playlist.root	20938506191	2026-04-19T22:39:40Z
MC/StandardMC/Playlist1G/MasterAnaDev_mc_AnaTuple_run00110160_Playlist.root	21054633494	2026-04-19T22:40:41Z
MC/StandardMC/Playlist1G/MasterAnaDev_mc_AnaTuple_run00110161_Playlist.root	20815434509	2026-04-19T22:42:13Z
MC/StandardMC/Playlist1G/MasterAnaDev_mc_AnaTuple_run00110162_Playlist.root	21109508731	2026-04-19T22:43:56Z
MC/StandardMC/Playlist1G/MasterAnaDev_mc_AnaTuple_run00110163_Playlist.root	20877935478	2026-04-19T22:47:52Z
MC/StandardMC/Playlist1G/MasterAnaDev_mc_AnaTuple_run00110164_Playlist.root	21105256319	2026-04-19T22:49:10Z
MC/StandardMC/Playlist1G/MasterAnaDev_mc_AnaTuple_run00110165_Playlist.root	21092456234	2026-04-19T22:50:31Z
MC/StandardMC/Playlist1G/MasterAnaDev_mc_AnaTuple_run00110166_Playlist.root	21170777015	2026-04-19T22:56:45Z
MC/StandardMC/Playlist1G/MasterAnaDev_mc_AnaTuple_run00110167_Playlist.root	20736101992	2026-04-19T22:58:36Z
MC/StandardMC/Playlist1G/MasterAnaDev_mc_AnaTuple_run00110168_Playlist.root	20976508364	2026-04-19T23:00:01Z
MC/StandardMC/Playlist1G/MasterAnaDev_mc_AnaTuple_run00110169_Playlist.root	20887616919	2026-04-19T23:01:33Z
MC/StandardMC/Playlist1G/MasterAnaDev_mc_AnaTuple_run00110170_Playlist.root	21076895147	2026-04-19T23:06:41Z
MC/StandardMC/Playlist1G/MasterAnaDev_mc_AnaTuple_run00110171_Playlist.root	20877301274	2026-04-19T23:11:31Z
MC/StandardMC/Playlist1G/MasterAnaDev_mc_AnaTuple_run00110172_Playlist.root	21009348042	2026-04-19T23:13:00Z
MC/StandardMC/Playlist1G/MasterAnaDev_mc_AnaTuple_run00110173_Playlist.root	21167036776	2026-04-19T23:14:15Z
MC/StandardMC/Playlist1G/MasterAnaDev_mc_AnaTuple_run00110174_Playlist.root	20900500696	2026-04-19T23:16:00Z
MC/StandardMC/Playlist1G/MasterAnaDev_mc_AnaTuple_run00110175_Playlist.root	20878680726	2026-04-19T23:16:58Z
MC/StandardMC/Playlist1G/MasterAnaDev_mc_AnaTuple_run00110176_Playlist.root	20740092575	2026-04-19T23:19:18Z
MC/StandardMC/Playlist1G/MasterAnaDev_mc_AnaTuple_run00110177_Playlist.root	21005570248	2026-04-19T23:21:11Z
MC/StandardMC/Playlist1G/MasterAnaDev_mc_AnaTuple_run00110178_Playlist.root	20771421938	2026-04-19T23:22:26Z
MC/StandardMC/Playlist1G/MasterAnaDev_mc_AnaTuple_run00110179_Playlist.root	20706464205	2026-04-19T23:23:55Z
MC/StandardMC/Playlist1G/MasterAnaDev_mc_AnaTuple_run00110180_Playlist.root	20919336150	2026-04-19T23:24:57Z
MC/StandardMC/Playlist1G/MasterAnaDev_mc_AnaTuple_run00110181_Playlist.root	20721241222	2026-04-19T23:26:35Z
MC/StandardMC/Playlist1G/MasterAnaDev_mc_AnaTuple_run00110182_Playlist.root	20852119801	2026-04-19T23:27:57Z
MC/StandardMC/Playlist1G/MasterAnaDev_mc_AnaTuple_run00110183_Playlist.root	20761591704	2026-04-19T23:29:25Z
MC/StandardMC/Playlist1G/MasterAnaDev_mc_AnaTuple_run00110184_Playlist.root	21019552737	2026-04-19T23:31:26Z
MC/StandardMC/Playlist1G/MasterAnaDev_mc_AnaTuple_run00110185_Playlist.root	21129091075	2026-04-19T23:32:27Z
MC/StandardMC/Playlist1G/MasterAnaDev_mc_AnaTuple_run00110186_Playlist.root	20719951507	2026-04-19T23:33:44Z
MC/StandardMC/Playlist1G/MasterAnaDev_mc_AnaTuple_run00110187_Playlist.root	20861399043	2026-04-19T23:34:58Z
MC/StandardMC/Playlist1G/MasterAnaDev_mc_AnaTuple_run00110188_Playlist.root	20605650269	2026-04-19T23:37:03Z
MC/StandardMC/Playlist1G/MasterAnaDev_mc_AnaTuple_run00110189_Playlist.root	20693572464	2026-04-19T23:38:24Z
MC/StandardMC/Playlist1G/MasterAnaDev_mc_AnaTuple_run00110190_Playlist.root	20776458754	2026-04-19T23:39:37Z
MC/StandardMC/Playlist1G/MasterAnaDev_mc_AnaTuple_run00110191_Playlist.root	21032244061	2026-04-19T23:41:31Z
MC/StandardMC/Playlist1G/MasterAnaDev_mc_AnaTuple_run00110192_Playlist.root	20847687495	2026-04-19T23:42:30Z
MC/StandardMC/Playlist1G/MasterAnaDev_mc_AnaTuple_run00110193_Playlist.root	20837984325	2026-04-19T23:44:14Z
MC/StandardMC/Playlist1G/MasterAnaDev_mc_AnaTuple_run00110194_Playlist.root	20628794754	2026-04-19T23:46:51Z
MC/StandardMC/Playlist1G/MasterAnaDev_mc_AnaTuple_run00110195_Playlist.root	20614003927	2026-04-19T23:47:59Z
MC/StandardMC/Playlist1G/MasterAnaDev_mc_AnaTuple_run00110196_Playlist.root	20826614098	2026-04-19T23:49:26Z
MC/StandardMC/Playlist1G/MasterAnaDev_mc_AnaTuple_run00110197_Playlist.root	20755039388	2026-04-19T23:50:52Z
MC/StandardMC/Playlist1G/MasterAnaDev_mc_AnaTuple_run00110198_Playlist.root	20580684286	2026-04-19T23:52:21Z
MC/StandardMC/Playlist1G/MasterAnaDev_mc_AnaTuple_run00110199_Playlist.root	20793800316	2026-04-19T23:57:05Z
MC/StandardMC/Playlist1G/MasterAnaDev_mc_AnaTuple_run00110200_Playlist.root	20227613213	2026-04-19T23:58:43Z
MC/StandardMC/Playlist1G/MasterAnaDev_mc_AnaTuple_run00110201_Playlist.root	20856747959	2026-04-20T00:00:13Z
MC/StandardMC/Playlist1G/MasterAnaDev_mc_AnaTuple_run00110202_Playlist.root	20918618525	2026-04-20T00:03:12Z
MC/StandardMC/Playlist1G/MasterAnaDev_mc_AnaTuple_run00110203_Playlist.root	20837257016	2026-04-20T00:04:36Z
MC/StandardMC/Playlist1G/MasterAnaDev_mc_AnaTuple_run00110204_Playlist.root	20679240198	2026-04-20T00:06:33Z
MC/StandardMC/Playlist1G/MasterAnaDev_mc_AnaTuple_run00110205_Playlist.root	21029024575	2026-04-20T00:09:19Z
MC/StandardMC/Playlist1G/MasterAnaDev_mc_AnaTuple_run00110206_Playlist.root	21005017731	2026-04-20T00:10:32Z
MC/StandardMC/Playlist1G/MasterAnaDev_mc_AnaTuple_run00110207_Playlist.root	20912037147	2026-04-20T00:15:54Z
MC/StandardMC/Playlist1G/MasterAnaDev_mc_AnaTuple_run00110208_Playlist.root	20816949577	2026-04-20T00:18:17Z
MC/StandardMC/Playlist1G/MasterAnaDev_mc_AnaTuple_run00110209_Playlist.root	20621765539	2026-04-20T00:19:50Z
MC/StandardMC/Playlist1G/MasterAnaDev_mc_AnaTuple_run00110210_Playlist.root	20742061717	2026-04-20T00:21:17Z
MC/StandardMC/Playlist1L/MasterAnaDev_mc_AnaTuple_run00113000_Playlist.root	20379530036	2026-04-19T00:43:22Z
MC/StandardMC/Playlist1L/MasterAnaDev_mc_AnaTuple_run00113001_Playlist.root	20972724136	2026-04-19T00:50:42Z
MC/StandardMC/Playlist1L/MasterAnaDev_mc_AnaTuple_run00113002_Playlist.root	21082235312	2026-04-19T00:58:53Z
MC/StandardMC/Playlist1L/MasterAnaDev_mc_AnaTuple_run00113003_Playlist.root	20747907119	2026-04-19T01:01:27Z
MC/StandardMC/Playlist1L/MasterAnaDev_mc_AnaTuple_run00113004_Playlist.root	20965992868	2026-04-19T01:04:15Z
MC/StandardMC/Playlist1L/MasterAnaDev_mc_AnaTuple_run00113005_Playlist.root	20732819731	2026-04-19T01:06:12Z
MC/StandardMC/Playlist1M/MasterAnaDev_mc_AnaTuple_run00113020_Playlist.root	20827601483	2026-04-19T22:28:23Z
MC/StandardMC/Playlist1M/MasterAnaDev_mc_AnaTuple_run00113021_Playlist.root	20910653901	2026-04-19T22:30:35Z
MC/StandardMC/Playlist1M/MasterAnaDev_mc_AnaTuple_run00113022_Playlist.root	20671218940	2026-04-19T22:32:39Z
MC/StandardMC/Playlist1M/MasterAnaDev_mc_AnaTuple_run00113023_Playlist.root	20829867344	2026-04-19T22:34:31Z
MC/StandardMC/Playlist1M/MasterAnaDev_mc_AnaTuple_run00113024_Playlist.root	20604651176	2026-04-19T22:35:41Z
MC/StandardMC/Playlist1M/MasterAnaDev_mc_AnaTuple_run00113025_Playlist.root	21193852076	2026-04-19T22:37:08Z
MC/StandardMC/Playlist1M/MasterAnaDev_mc_AnaTuple_run00113026_Playlist.root	20983499170	2026-04-19T22:38:19Z
MC/StandardMC/Playlist1M/MasterAnaDev_mc_AnaTuple_run00113027_Playlist.root	20657743846	2026-04-19T22:39:49Z
MC/StandardMC/Playlist1M/MasterAnaDev_mc_AnaTuple_run00113028_Playlist.root	20410641077	2026-04-19T22:42:51Z
MC/StandardMC/Playlist1M/MasterAnaDev_mc_AnaTuple_run00113029_Playlist.root	20684609721	2026-04-19T22:43:56Z
MC/StandardMC/Playlist1M/MasterAnaDev_mc_AnaTuple_run00113030_Playlist.root	20696651521	2026-04-19T22:45:38Z
MC/StandardMC/Playlist1M/MasterAnaDev_mc_AnaTuple_run00113031_Playlist.root	20636873342	2026-04-19T22:46:59Z
MC/StandardMC/Playlist1M/MasterAnaDev_mc_AnaTuple_run00113032_Playlist.root	20330408804	2026-04-19T22:48:54Z
MC/StandardMC/Playlist1M/MasterAnaDev_mc_AnaTuple_run00113033_Playlist.root	20623829934	2026-04-19T22:51:36Z
MC/StandardMC/Playlist1M/MasterAnaDev_mc_AnaTuple_run00113034_Playlist.root	20269410334	2026-04-19T22:53:11Z
MC/StandardMC/Playlist1M/MasterAnaDev_mc_AnaTuple_run00113055_Playlist.root	19866838644	2026-04-19T22:54:24Z
MC/StandardMC/Playlist1M/MasterAnaDev_mc_AnaTuple_run00113056_Playlist.root	19660564486	2026-04-19T23:00:51Z
MC/StandardMC/Playlist1M/MasterAnaDev_mc_AnaTuple_run00113057_Playlist.root	20110139348	2026-04-19T23:04:55Z
MC/StandardMC/Playlist1M/MasterAnaDev_mc_AnaTuple_run00113058_Playlist.root	19495988683	2026-04-19T23:06:13Z
MC/StandardMC/Playlist1M/MasterAnaDev_mc_AnaTuple_run00113059_Playlist.root	19758760454	2026-04-19T23:07:41Z
MC/StandardMC/Playlist1M/MasterAnaDev_mc_AnaTuple_run00113060_Playlist.root	19613143158	2026-04-19T23:10:06Z
MC/StandardMC/Playlist1M/MasterAnaDev_mc_AnaTuple_run00113061_Playlist.root	20026482380	2026-04-19T23:11:42Z
MC/StandardMC/Playlist1M/MasterAnaDev_mc_AnaTuple_run00113062_Playlist.root	19365506113	2026-04-19T23:17:07Z
MC/StandardMC/Playlist1M/MasterAnaDev_mc_AnaTuple_run00113063_Playlist.root	20720545338	2026-04-19T23:18:38Z
MC/StandardMC/Playlist1M/MasterAnaDev_mc_AnaTuple_run00113064_Playlist.root	20664501526	2026-04-19T23:20:30Z
MC/StandardMC/Playlist1M/MasterAnaDev_mc_AnaTuple_run00113065_Playlist.root	19882689030	2026-04-19T23:25:03Z
MC/StandardMC/Playlist1M/MasterAnaDev_mc_AnaTuple_run00113066_Playlist.root	18998880244	2026-04-19T23:26:41Z
MC/StandardMC/Playlist1M/MasterAnaDev_mc_AnaTuple_run00113067_Playlist.root	19747742141	2026-04-19T23:28:03Z
MC/StandardMC/Playlist1M/MasterAnaDev_mc_AnaTuple_run00113068_Playlist.root	19966558156	2026-04-19T23:29:30Z
MC/StandardMC/Playlist1M/MasterAnaDev_mc_AnaTuple_run00113069_Playlist.root	19794645021	2026-04-19T23:30:55Z
MC/StandardMC/Playlist1M/MasterAnaDev_mc_AnaTuple_run00113070_Playlist.root	20402822591	2026-04-19T23:32:12Z
MC/StandardMC/Playlist1M/MasterAnaDev_mc_AnaTuple_run00113071_Playlist.root	19915665686	2026-04-19T23:33:58Z
MC/StandardMC/Playlist1M/MasterAnaDev_mc_AnaTuple_run00113072_Playlist.root	20572198283	2026-04-19T23:36:03Z
MC/StandardMC/Playlist1M/MasterAnaDev_mc_AnaTuple_run00113073_Playlist.root	19505117835	2026-04-19T23:37:24Z
MC/StandardMC/Playlist1M/MasterAnaDev_mc_AnaTuple_run00113074_Playlist.root	20391278270	2026-04-19T23:38:34Z
MC/StandardMC/Playlist1M/MasterAnaDev_mc_AnaTuple_run00113075_Playlist.root	19976896263	2026-04-19T23:40:03Z
MC/StandardMC/Playlist1M/MasterAnaDev_mc_AnaTuple_run00113076_Playlist.root	20067296657	2026-04-19T23:41:24Z
MC/StandardMC/Playlist1M/MasterAnaDev_mc_AnaTuple_run00113077_Playlist.root	19687272507	2026-04-19T23:42:48Z
MC/StandardMC/Playlist1M/MasterAnaDev_mc_AnaTuple_run00113078_Playlist.root	19741654498	2026-04-19T23:44:26Z
MC/StandardMC/Playlist1M/MasterAnaDev_mc_AnaTuple_run00113079_Playlist.root	11782038735	2026-04-19T23:46:22Z
MC/StandardMC/Playlist1M/MasterAnaDev_mc_AnaTuple_run00113080_Playlist.root	17606232937	2026-04-19T23:47:57Z
MC/StandardMC/Playlist1M/MasterAnaDev_mc_AnaTuple_run00113081_Playlist.root	14023066330	2026-04-19T23:51:01Z
MC/StandardMC/Playlist1M/MasterAnaDev_mc_AnaTuple_run00113082_Playlist.root	17564084677	2026-04-19T23:52:25Z
MC/StandardMC/Playlist1M/MasterAnaDev_mc_AnaTuple_run00113083_Playlist.root	15397248623	2026-04-19T23:53:22Z
MC/StandardMC/Playlist1M/MasterAnaDev_mc_AnaTuple_run00113084_Playlist.root	14575154513	2026-04-19T23:54:11Z
MC/StandardMC/Playlist1M/MasterAnaDev_mc_AnaTuple_run00113085_Playlist.root	19730495295	2026-04-19T23:55:37Z
MC/StandardMC/Playlist1M/MasterAnaDev_mc_AnaTuple_run00113086_Playlist.root	20017634568	2026-04-19T23:56:44Z
MC/StandardMC/Playlist1M/MasterAnaDev_mc_AnaTuple_run00113087_Playlist.root	19831485846	2026-04-19T23:58:21Z
MC/StandardMC/Playlist1M/MasterAnaDev_mc_AnaTuple_run00113088_Playlist.root	19684299358	2026-04-19T23:59:30Z
MC/StandardMC/Playlist1M/MasterAnaDev_mc_AnaTuple_run00113089_Playlist.root	19895108244	2026-04-20T00:03:52Z
MC/StandardMC/Playlist1M/MasterAnaDev_mc_AnaTuple_run00113090_Playlist.root	20032303680	2026-04-20T00:05:53Z
MC/StandardMC/Playlist1M/MasterAnaDev_mc_AnaTuple_run00113091_Playlist.root	18167613468	2026-04-20T00:07:26Z
MC/StandardMC/Playlist1M/MasterAnaDev_mc_AnaTuple_run00113092_Playlist.root	20254755994	2026-04-20T00:08:42Z
MC/StandardMC/Playlist1M/MasterAnaDev_mc_AnaTuple_run00113093_Playlist.root	19940360180	2026-04-20T00:10:01Z
MC/StandardMC/Playlist1M/MasterAnaDev_mc_AnaTuple_run00113094_Playlist.root	19599273437	2026-04-20T00:11:11Z
MC/StandardMC/Playlist1M/MasterAnaDev_mc_AnaTuple_run00113095_Playlist.root	19866204435	2026-04-20T00:12:22Z
MC/StandardMC/Playlist1M/MasterAnaDev_mc_AnaTuple_run00113096_Playlist.root	20149071167	2026-04-20T00:14:15Z
MC/StandardMC/Playlist1M/MasterAnaDev_mc_AnaTuple_run00113097_Playlist.root	20113885933	2026-04-20T00:17:36Z
MC/StandardMC/Playlist1M/MasterAnaDev_mc_AnaTuple_run00113098_Playlist.root	19704228888	2026-04-20T00:19:12Z
MC/StandardMC/Playlist1M/MasterAnaDev_mc_AnaTuple_run00113099_Playlist.root	19605503403	2026-04-20T00:21:18Z
MC/StandardMC/Playlist1M/MasterAnaDev_mc_AnaTuple_run00113100_Playlist.root	19859064258	2026-04-20T00:23:19Z
MC/StandardMC/Playlist1M/MasterAnaDev_mc_AnaTuple_run00113101_Playlist.root	19681801388	2026-04-20T00:25:19Z
MC/StandardMC/Playlist1M/MasterAnaDev_mc_AnaTuple_run00113102_Playlist.root	20074157748	2026-04-20T00:26:58Z
MC/StandardMC/Playlist1M/MasterAnaDev_mc_AnaTuple_run00113103_Playlist.root	20038556152	2026-04-20T00:29:02Z
MC/StandardMC/Playlist1M/MasterAnaDev_mc_AnaTuple_run00113104_Playlist.root	19814103022	2026-04-20T00:31:14Z
MC/StandardMC/Playlist1M/MasterAnaDev_mc_AnaTuple_run00113105_Playlist.root	19463467166	2026-04-20T00:32:47Z
MC/StandardMC/Playlist1M/MasterAnaDev_mc_AnaTuple_run00113106_Playlist.root	19956543395	2026-04-20T00:34:09Z
MC/StandardMC/Playlist1M/MasterAnaDev_mc_AnaTuple_run00113107_Playlist.root	20250722440	2026-04-20T00:35:45Z
MC/StandardMC/Playlist1M/MasterAnaDev_mc_AnaTuple_run00113108_Playlist.root	19300212018	2026-04-20T00:37:09Z
MC/StandardMC/Playlist1M/MasterAnaDev_mc_AnaTuple_run00113109_Playlist.root	19920536402	2026-04-20T00:38:32Z
MC/StandardMC/Playlist1M/MasterAnaDev_mc_AnaTuple_run00113110_Playlist.root	20088343557	2026-04-20T00:40:28Z
MC/StandardMC/Playlist1M/MasterAnaDev_mc_AnaTuple_run00113111_Playlist.root	19188680740	2026-04-20T00:42:09Z
MC/StandardMC/Playlist1M/MasterAnaDev_mc_AnaTuple_run00113112_Playlist.root	19826585745	2026-04-20T00:44:10Z
MC/StandardMC/Playlist1M/MasterAnaDev_mc_AnaTuple_run00113113_Playlist.root	20013051390	2026-04-20T00:49:25Z
MC/StandardMC/Playlist1M/MasterAnaDev_mc_AnaTuple_run00113114_Playlist.root	19665712755	2026-04-20T00:50:43Z
MC/StandardMC/Playlist1M/MasterAnaDev_mc_AnaTuple_run00113115_Playlist.root	19835294537	2026-04-20T00:52:12Z
MC/StandardMC/Playlist1M/MasterAnaDev_mc_AnaTuple_run00113116_Playlist.root	20017241931	2026-04-20T00:53:46Z
MC/StandardMC/Playlist1M/MasterAnaDev_mc_AnaTuple_run00113117_Playlist.root	20038967411	2026-04-20T00:55:06Z
MC/StandardMC/Playlist1M/MasterAnaDev_mc_AnaTuple_run00113118_Playlist.root	19841432420	2026-04-20T00:56:39Z
MC/StandardMC/Playlist1M/MasterAnaDev_mc_AnaTuple_run00113119_Playlist.root	19396500320	2026-04-20T00:58:05Z
MC/StandardMC/Playlist1M/MasterAnaDev_mc_AnaTuple_run00113120_Playlist.root	20229392598	2026-04-20T00:59:26Z
MC/StandardMC/Playlist1M/MasterAnaDev_mc_AnaTuple_run00113121_Playlist.root	19931773509	2026-04-20T01:00:58Z
MC/StandardMC/Playlist1M/MasterAnaDev_mc_AnaTuple_run00113122_Playlist.root	19677656318	2026-04-20T01:02:39Z
MC/StandardMC/Playlist1M/MasterAnaDev_mc_AnaTuple_run00113123_Playlist.root	19607439882	2026-04-20T01:04:27Z
MC/StandardMC/Playlist1M/MasterAnaDev_mc_AnaTuple_run00113124_Playlist.root	19817487931	2026-04-20T01:05:57Z
MC/StandardMC/Playlist1M/MasterAnaDev_mc_AnaTuple_run00113125_Playlist.root	19790002148	2026-04-20T01:07:23Z
MC/StandardMC/Playlist1M/MasterAnaDev_mc_AnaTuple_run00113126_Playlist.root	19991681092	2026-04-20T01:09:05Z
MC/StandardMC/Playlist1M/MasterAnaDev_mc_AnaTuple_run00113127_Playlist.root	19765093756	2026-04-20T01:10:51Z
MC/StandardMC/Playlist1M/MasterAnaDev_mc_AnaTuple_run00113128_Playlist.root	20006884435	2026-04-20T01:12:04Z
MC/StandardMC/Playlist1M/MasterAnaDev_mc_AnaTuple_run00113129_Playlist.root	19750502473	2026-04-20T01:13:30Z
MC/StandardMC/Playlist1M/MasterAnaDev_mc_AnaTuple_run00113130_Playlist.root	19393555653	2026-04-20T01:15:21Z
MC/StandardMC/Playlist1M/MasterAnaDev_mc_AnaTuple_run00113131_Playlist.root	19587152015	2026-04-20T01:16:47Z
MC/StandardMC/Playlist1M/MasterAnaDev_mc_AnaTuple_run00113132_Playlist.root	19629691837	2026-04-20T01:18:03Z
MC/StandardMC/Playlist1M/MasterAnaDev_mc_AnaTuple_run00113133_Playlist.root	19957948688	2026-04-20T01:20:00Z
MC/StandardMC/Playlist1M/MasterAnaDev_mc_AnaTuple_run00113134_Playlist.root	20073418171	2026-04-20T01:21:22Z
MC/StandardMC/Playlist1M/MasterAnaDev_mc_AnaTuple_run00113135_Playlist.root	19308611011	2026-04-20T01:25:47Z
MC/StandardMC/Playlist1M/MasterAnaDev_mc_AnaTuple_run00113136_Playlist.root	19802426548	2026-04-20T01:27:39Z
MC/StandardMC/Playlist1M/MasterAnaDev_mc_AnaTuple_run00113137_Playlist.root	19524405191	2026-04-20T01:28:46Z
MC/StandardMC/Playlist1N/MasterAnaDev_mc_AnaTuple_run00113270_Playlist.root	35473011763	2026-04-19T18:39:48Z
MC/StandardMC/Playlist1N/MasterAnaDev_mc_AnaTuple_run00113271_Playlist.root	35189883895	2026-04-19T18:42:19Z
MC/StandardMC/Playlist1N/MasterAnaDev_mc_AnaTuple_run00113272_Playlist.root	34492173364	2026-04-19T18:51:47Z
MC/StandardMC/Playlist1N/MasterAnaDev_mc_AnaTuple_run00113273_Playlist.root	35023518544	2026-04-19T18:55:38Z
MC/StandardMC/Playlist1N/MasterAnaDev_mc_AnaTuple_run00113274_Playlist.root	35066026283	2026-04-19T18:57:59Z
MC/StandardMC/Playlist1N/MasterAnaDev_mc_AnaTuple_run00113275_Playlist.root	35748867599	2026-04-19T19:00:11Z
MC/StandardMC/Playlist1N/MasterAnaDev_mc_AnaTuple_run00113276_Playlist.root	35102602290	2026-04-19T19:03:28Z
MC/StandardMC/Playlist1N/MasterAnaDev_mc_AnaTuple_run00113277_Playlist.root	35826305421	2026-04-19T19:06:18Z
MC/StandardMC/Playlist1N/MasterAnaDev_mc_AnaTuple_run00113278_Playlist.root	35861328688	2026-04-19T19:09:24Z
MC/StandardMC/Playlist1N/MasterAnaDev_mc_AnaTuple_run00113279_Playlist.root	34346876484	2026-04-19T19:11:30Z
MC/StandardMC/Playlist1N/MasterAnaDev_mc_AnaTuple_run00113280_Playlist.root	35514709935	2026-04-19T19:13:40Z
MC/StandardMC/Playlist1N/MasterAnaDev_mc_AnaTuple_run00113281_Playlist.root	35838008626	2026-04-19T19:15:50Z
MC/StandardMC/Playlist1N/MasterAnaDev_mc_AnaTuple_run00113282_Playlist.root	33534417725	2026-04-19T19:18:14Z
MC/StandardMC/Playlist1N/MasterAnaDev_mc_AnaTuple_run00113283_Playlist.root	35255681839	2026-04-19T19:20:48Z
MC/StandardMC/Playlist1N/MasterAnaDev_mc_AnaTuple_run00113284_Playlist.root	35301675662	2026-04-19T19:22:53Z
MC/StandardMC/Playlist1N/MasterAnaDev_mc_AnaTuple_run00113285_Playlist.root	35567305069	2026-04-19T19:26:15Z
MC/StandardMC/Playlist1N/MasterAnaDev_mc_AnaTuple_run00113286_Playlist.root	35973772304	2026-04-19T19:29:35Z
MC/StandardMC/Playlist1N/MasterAnaDev_mc_AnaTuple_run00113287_Playlist.root	36033017289	2026-04-19T19:32:12Z
MC/StandardMC/Playlist1N/MasterAnaDev_mc_AnaTuple_run00113288_Playlist.root	36132788165	2026-04-19T19:34:33Z
MC/StandardMC/Playlist1N/MasterAnaDev_mc_AnaTuple_run00113289_Playlist.root	35973906063	2026-04-19T19:36:41Z
MC/StandardMC/Playlist1N/MasterAnaDev_mc_AnaTuple_run00113290_Playlist.root	36052422907	2026-04-19T19:38:50Z
MC/StandardMC/Playlist1N/MasterAnaDev_mc_AnaTuple_run00113291_Playlist.root	35908933345	2026-04-19T19:41:27Z
MC/StandardMC/Playlist1N/MasterAnaDev_mc_AnaTuple_run00113292_Playlist.root	36037928526	2026-04-19T19:43:39Z
MC/StandardMC/Playlist1N/MasterAnaDev_mc_AnaTuple_run00113293_Playlist.root	36144143059	2026-04-19T19:54:54Z
MC/StandardMC/Playlist1N/MasterAnaDev_mc_AnaTuple_run00113294_Playlist.root	35928970188	2026-04-19T19:57:22Z
MC/StandardMC/Playlist1N/MasterAnaDev_mc_AnaTuple_run00113295_Playlist.root	35865416550	2026-04-19T19:58:59Z
MC/StandardMC/Playlist1N/MasterAnaDev_mc_AnaTuple_run00113296_Playlist.root	36014994044	2026-04-19T20:01:39Z
MC/StandardMC/Playlist1N/MasterAnaDev_mc_AnaTuple_run00113297_Playlist.root	35968838936	2026-04-19T20:04:21Z
MC/StandardMC/Playlist1N/MasterAnaDev_mc_AnaTuple_run00113298_Playlist.root	36052979096	2026-04-19T20:06:38Z
MC/StandardMC/Playlist1N/MasterAnaDev_mc_AnaTuple_run00113299_Playlist.root	36125654998	2026-04-19T20:08:56Z
MC/StandardMC/Playlist1N/MasterAnaDev_mc_AnaTuple_run00113300_Playlist.root	35368776275	2026-04-19T20:11:01Z
MC/StandardMC/Playlist1O/MasterAnaDev_mc_AnaTuple_run00113375_Playlist.root	20662968485	2026-04-19T02:03:56Z
MC/StandardMC/Playlist1O/MasterAnaDev_mc_AnaTuple_run00113376_Playlist.root	20413593716	2026-04-19T02:05:08Z
MC/StandardMC/Playlist1O/MasterAnaDev_mc_AnaTuple_run00113377_Playlist.root	20912139178	2026-04-19T02:07:24Z
MC/StandardMC/Playlist1O/MasterAnaDev_mc_AnaTuple_run00113378_Playlist.root	20812520997	2026-04-19T02:09:32Z
MC/StandardMC/Playlist1O/MasterAnaDev_mc_AnaTuple_run00113379_Playlist.root	20845899537	2026-04-19T02:11:38Z
MC/StandardMC/Playlist1O/MasterAnaDev_mc_AnaTuple_run00113380_Playlist.root	20958903943	2026-04-19T02:13:22Z
MC/StandardMC/Playlist1O/MasterAnaDev_mc_AnaTuple_run00113381_Playlist.root	20810905842	2026-04-19T02:15:53Z
MC/StandardMC/Playlist1O/MasterAnaDev_mc_AnaTuple_run00113382_Playlist.root	19910250837	2026-04-19T02:20:55Z
MC/StandardMC/Playlist1O/MasterAnaDev_mc_AnaTuple_run00113383_Playlist.root	20973261814	2026-04-19T02:23:06Z
MC/StandardMC/Playlist1O/MasterAnaDev_mc_AnaTuple_run00113384_Playlist.root	20768376129	2026-04-19T02:25:10Z
MC/StandardMC/Playlist1O/MasterAnaDev_mc_AnaTuple_run00113385_Playlist.root	20872596300	2026-04-19T02:27:05Z
MC/StandardMC/Playlist1O/MasterAnaDev_mc_AnaTuple_run00113386_Playlist.root	20009494806	2026-04-19T02:28:54Z
MC/StandardMC/Playlist1O/MasterAnaDev_mc_AnaTuple_run00113387_Playlist.root	20860663084	2026-04-19T02:30:28Z
MC/StandardMC/Playlist1O/MasterAnaDev_mc_AnaTuple_run00113388_Playlist.root	20804726915	2026-04-19T02:31:31Z
MC/StandardMC/Playlist1O/MasterAnaDev_mc_AnaTuple_run00113389_Playlist.root	20767591445	2026-04-19T02:36:43Z
MC/StandardMC/Playlist1O/MasterAnaDev_mc_AnaTuple_run00113390_Playlist.root	20697948770	2026-04-19T02:38:38Z
MC/StandardMC/Playlist1P/MasterAnaDev_mc_AnaTuple_run00112000_Playlist.root	20328781801	2026-04-19T02:03:29Z
MC/StandardMC/Playlist1P/MasterAnaDev_mc_AnaTuple_run00112001_Playlist.root	19922251266	2026-04-19T02:04:41Z
MC/StandardMC/Playlist1P/MasterAnaDev_mc_AnaTuple_run00112002_Playlist.root	20905823417	2026-04-19T02:06:33Z
MC/StandardMC/Playlist1P/MasterAnaDev_mc_AnaTuple_run00112003_Playlist.root	20852841436	2026-04-19T02:08:09Z
MC/StandardMC/Playlist1P/MasterAnaDev_mc_AnaTuple_run00112004_Playlist.root	21048904408	2026-04-19T02:09:52Z
MC/StandardMC/Playlist1P/MasterAnaDev_mc_AnaTuple_run00112005_Playlist.root	21024687200	2026-04-19T02:18:00Z
MC/StandardMC/Playlist1P/MasterAnaDev_mc_AnaTuple_run00112006_Playlist.root	21063137103	2026-04-19T02:20:01Z
MC/StandardMC/Playlist1P/MasterAnaDev_mc_AnaTuple_run00112007_Playlist.root	21067785942	2026-04-19T02:22:12Z
MC/StandardMC/Playlist1P/MasterAnaDev_mc_AnaTuple_run00112008_Playlist.root	20939216974	2026-04-19T02:23:24Z
MC/StandardMC/Playlist1P/MasterAnaDev_mc_AnaTuple_run00112009_Playlist.root	20967923928	2026-04-19T02:25:27Z
MC/StandardMC/Playlist1P/MasterAnaDev_mc_AnaTuple_run00112010_Playlist.root	20823454836	2026-04-19T02:27:16Z
MC/StandardMC/Playlist1P/MasterAnaDev_mc_AnaTuple_run00112011_Playlist.root	20966979530	2026-04-19T02:29:04Z
MC/StandardMC/Playlist1P/MasterAnaDev_mc_AnaTuple_run00112012_Playlist.root	20884953063	2026-04-19T02:30:19Z
MC/StandardMC/Playlist1P/MasterAnaDev_mc_AnaTuple_run00112013_Playlist.root	20907389401	2026-04-19T02:31:42Z
MC/StandardMC/Playlist1P/MasterAnaDev_mc_AnaTuple_run00112014_Playlist.root	21005898985	2026-04-19T02:35:10Z
MC/StandardMC/Playlist1P/MasterAnaDev_mc_AnaTuple_run00112015_Playlist.root	21086400179	2026-04-19T02:36:40Z
MC/StandardMC/Playlist1P/MasterAnaDev_mc_AnaTuple_run00112016_Playlist.root	20676258989	2026-04-19T02:38:32Z
MC/StandardMC/Playlist1P/MasterAnaDev_mc_AnaTuple_run00112017_Playlist.root	20881100137	2026-04-19T02:40:25Z
MC/StandardMC/Playlist1P/MasterAnaDev_mc_AnaTuple_run00112018_Playlist.root	21064414547	2026-04-19T02:42:10Z
MC/StandardMC/Playlist1P/MasterAnaDev_mc_AnaTuple_run00112019_Playlist.root	21000187341	2026-04-19T02:48:40Z
MC/StandardMC/Playlist1P/MasterAnaDev_mc_AnaTuple_run00112020_Playlist.root	20897338826	2026-04-19T02:50:24Z
MParamFiles/data/FluxConstraints/sorted_NuEConstraint_FHC_RHC_IMD.txt	25403	2021-08-31T15:49:26Z
MParamFiles/data/Reweight/fit-mec-2d-nn-only-noScaleDown-penalty00300-best-fit.txt	73	2017-03-09T21:59:05Z
MParamFiles/data/Reweight/fit-mec-2d-noScaleDown-penalty00300-best-fit.txt	72	2017-03-09T21:59:05Z
MParamFiles/data/Reweight/fit-mec-2d-np-only-noScaleDown-penalty02000-best-fit.txt	72	2017-03-09T21:59:05Z
MParamFiles/data/Reweight/fit-qe-gaussian-noScaleDown-penalty02000-best-fit.txt	72	2017-03-09T21:59:05Z
MParamFiles/data/Reweight/outNievesRPAratio-nu12C-20GeV-20170202.root	18424817	2017-02-05T22:17:19Z
MParamFiles/data/Reweight/outNievesRPAratio-nu16O-20GeV-20170202.root	18042737	2017-02-05T22:17:19Z
MParamFiles/data/Reweight/outNievesRPAratio-nu208Pb-20GeV-20170202.root	18059469	2024-02-07T17:51:37Z
MParamFiles/data/Reweight/outNievesRPAratio-nu56Fe-20GeV-20170202.root	18015485	2024-02-07T17:48:25Z
