# manifest	row	status	receipt_sha256
# s4f_a3.tsv sha256 ca9380c910b55fc9cfa4c5770e1dc9d3e50b7c5bb92981efcce5928d4f802da5
s4f_a3	S4F-H2S1T24K5-FB0	COMPLETE	8d12190b6849f10a5edbb570de8fb6faab0e9d6c406027cb0510130c89687cc7
s4f_a3	S4F-L128S1T24K4-FB0	COMPLETE	9cf63c887bc5d36eea9937fa8c48a61cae85695c6d481d7aa1e90682047c6b13
s4f_a3	S4F-CTLrefK3-FB0	COMPLETE	fe5c052b50574de2cafd4082d1794b279722898309f91c7c28329b6d63f8082b
s4f_a3	S4F-CrefK3-FB0	COMPLETE	561fad3da5c0658b243c55c7c6a8359e0785fd4719cf96257dd2d704da34e79e
s4f_a3	S4F-H2S1T24K5-FB1	COMPLETE	3762eb5998a4d83ee64c547f47acb895f8b7d4af4b8d06978a173c92857387f9
s4f_a3	S4F-L128S1T24K4-FB1	COMPLETE	f2d76e9b0125694956e2c0cf376dee5710f21b49114ba760e417eedcc7fff5af
s4f_a3	S4F-CTLrefK3-FB1	COMPLETE	dfdaa730066377a2e6d5d9167c877325082932d729d992282b7a54d41435b759
s4f_a3	S4F-CrefK3-FB1	COMPLETE	3c4fc1c87836a24d66d31b6a733ec9acd861ff8397b5867b07b67aec6ac31cfa
s4f_a3	S4F-H2S1T24K5-FB2	COMPLETE	8b134f66f36e4d856e5e6847fb1c5eae5dfd8e7d371bb4aa553369d5d0fa39b5
s4f_a3	S4F-L128S1T24K4-FB2	COMPLETE	e0a9d1a88b2c42b0e034ac436f2564a9659c06d9fdac48ee8ca78d8a6826988a
s4f_a3	S4F-CTLrefK3-FB2	COMPLETE	1f2091efa844b13f98ba711a96555f963dd3183c52142d1c1b1fb4a4f119b54b
s4f_a3	S4F-CrefK3-FB2	COMPLETE	06e1bff03aceacec47c2bd6359b7b9a04749e7b6249df98bceff9b77700558e1
s4f_a3	S4F-H2S1T24K5-FB3	COMPLETE	96dacdf477932bbd5bd1e87037636af5ca00bca292b42a339a8255a9915bc8fe
s4f_a3	S4F-L128S1T24K4-FB3	COMPLETE	5a19d51e1de81544e8bf22fef30c846f10a724122b3932c423c32b07aded6064
s4f_a3	S4F-CTLrefK3-FB3	COMPLETE	ddbf012f247566987a49cdbd4bcce598cad184d79d812f805d265604e0153ff1
s4f_a3	S4F-CrefK3-FB3	COMPLETE	1a9696124b8c7fb6f1a2bf68af145dcfca6f4eab17f37f4584cef4d990565fcd
s4f_a3	S4F-H2S1T24K5-FB4	COMPLETE	53062c3c28c40a41711ff09b15e69c7df4714f01bf034e7e36e6391cd5aac5f2
s4f_a3	S4F-L128S1T24K4-FB4	COMPLETE	e6dd2ec44f1049ee18670a0bc18c74395887d9f803e37d87863364304a324e80
s4f_a3	S4F-CTLrefK3-FB4	COMPLETE	4cd3078ae43c08fd646879b0bc6103aa4536fdefca64b3f53bb4d01a6e2af285
s4f_a3	S4F-CrefK3-FB4	COMPLETE	8349d86193c125f8b87dc6eaa246bde88ed65d665b378c128bee1cf6939bb95f
s4f_a3	S4F-H2S1T24K5-FB5	COMPLETE	57792629f86500e15cbcc5677b0bf3083c04a28b0344ae4f7468fcc8d952bd01
s4f_a3	S4F-L128S1T24K4-FB5	COMPLETE	ea46f1f171f8ad304205051904c78f33f6afce76772fcebdeb85b01bcfdb5b81
s4f_a3	S4F-CTLrefK3-FB5	COMPLETE	60d59cd20cdd97a8191aa7539df4700c03faf627a02b8e985b41d9aa1792048f
s4f_a3	S4F-CrefK3-FB5	COMPLETE	32c643110e4a0d77798d6b506ab90c0cd88f64d9b1b9c8bae24e271f6a1e0acc
s4f_a3	S4F-H2S1T24K5-FB6	COMPLETE	91f811ca6a0500c735853066f0f8171de8af0d28cd0b144fca3169ae2f252696
s4f_a3	S4F-L128S1T24K4-FB6	COMPLETE	ce821e7f5d9d22e07ed46fe855216d82d47cf592ee4f53a80b53e4b87d0bebae
s4f_a3	S4F-CTLrefK3-FB6	COMPLETE	7bb31f41d5d48f0d51dca846055231753ac8c556a74184cfe271f0ec6be88158
s4f_a3	S4F-CrefK3-FB6	COMPLETE	fc4e26e8712f2b389ab895173488d9a51ceb713245a937a38e6d7e45db3566eb
s4f_a3	S4F-H2S1T24K5-FB7	COMPLETE	739394ee43894bea682cd8a375390ce6222a8cb0e375c8a4ba6278aa66a7d25f
s4f_a3	S4F-L128S1T24K4-FB7	COMPLETE	8de485b15a96dfb7491338abf998c27a5281b7194e7185464c2ff1392dd0c59c
s4f_a3	S4F-CTLrefK3-FB7	COMPLETE	03f7ba18f3f63661a8f32075212d71b81a9ddad5fbdfaf1f100ef752c504ef18
s4f_a3	S4F-CrefK3-FB7	COMPLETE	859d3f77bb0b209461765f5ef8192cc8640eb4578de5d9e80b8f5f496e6ccd39
s4f_a3	S4F-H2S1T24K5-FB8	COMPLETE	2e6cf8275e648502815ff8ebc1590597c5b33f19bddabad640a68ff13ad20762
s4f_a3	S4F-L128S1T24K4-FB8	COMPLETE	42546c6bff61f1cc3e94295494ceaeb5a569b9b4a2e3968013303e447ee81cfa
s4f_a3	S4F-CTLrefK3-FB8	COMPLETE	1053d4a854f782548eb2e0ba3f8679e8317bb1fd5b5e03a772eaabcd0b002575
s4f_a3	S4F-CrefK3-FB8	COMPLETE	da44cd53fb10899a330ecfc49d2e30113729931022035351c52aaeef07fd06eb
s4f_a3	S4F-H2S1T24K5-FB9	COMPLETE	fa085d09a26d51426e648c4a8cc5c92594a84bee0e7a61c43486f9348f584467
s4f_a3	S4F-L128S1T24K4-FB9	COMPLETE	48f0939209c3804d54d869616b9fc2b7e43c391fbaa1733c33bff3f44fd98c4b
s4f_a3	S4F-CTLrefK3-FB9	COMPLETE	4816065824d14322864921f0e7d1f35bd80bc7e8b8b55289f1559bc5c38a88d4
s4f_a3	S4F-CrefK3-FB9	COMPLETE	987ef9cf3c587086ec1f0902840dc1a85a3fdf8df1744fdf4f2d91810a92690e
s4f_a3	S4F-H2S1T24K5-FB10	COMPLETE	59433ae122da592d5664e07c966097073c4c10f89e682d0be367aa4e06c2a217
s4f_a3	S4F-L128S1T24K4-FB10	COMPLETE	aa5031170b93ca5412f9919e1229ca28ed95a7387a8e6a7f9e371cd17a561828
s4f_a3	S4F-CTLrefK3-FB10	COMPLETE	1ce2a80b4a3b9db2e955495522d5485af61c62f302a5dc8463692f2bfc0faba0
s4f_a3	S4F-CrefK3-FB10	COMPLETE	97d93f17ced15ba15d3c7d210f3783bc1277d5658fa5e37c19557361f15e5dbb
s4f_a3	S4F-H2S1T24K5-FB11	COMPLETE	dcda9df60a03994282ca8f66713a6951e7dc66b5b85053d68245e94ea7103ddc
s4f_a3	S4F-L128S1T24K4-FB11	COMPLETE	d657e5c5e14d729aac975a795665d2cd3db3a302efce176c8abbce6a79ce5d4b
s4f_a3	S4F-CTLrefK3-FB11	COMPLETE	f99e411d3f3f974e553abe6779c25e3aee6b0604b940abf20edb0b67d66e30cf
s4f_a3	S4F-CrefK3-FB11	COMPLETE	fb26532a3e7ffb0db4a0b0e8cafefb84a491fec9af8016725cdf1047e7231b3f
s4f_a3	S4F-H2S1T24K5-FB12	COMPLETE	50a5b03bbe7721ee2cc2c99c27b5286e6d26f6af9ab92e04f7354fcf3f9b8e93
s4f_a3	S4F-L128S1T24K4-FB12	COMPLETE	be64c3cd24d2ecbb288d6056017b9bfb5a0ada1bb88d6a06980cb800d793179d
s4f_a3	S4F-CTLrefK3-FB12	COMPLETE	3adbeba904f82a3aceb21807ca62535485b87683828df675d61d1b99358825e2
s4f_a3	S4F-CrefK3-FB12	COMPLETE	2d80a6fc260715c77282544ee15a912be1b5c50161e4dd5c239bfc9af985939d
s4f_a3	S4F-H2S1T24K5-FB13	COMPLETE	c115cc4f3a8e0a7ba3f3c5f0214457a96704738406ddc5fe06a2fe816d649dbb
s4f_a3	S4F-L128S1T24K4-FB13	COMPLETE	621b762f25f9a1db66f6d680724b49f18f9dee637cd86790d9aad3af91f988ab
s4f_a3	S4F-CTLrefK3-FB13	COMPLETE	88691282add82054d2da3b3f7cac941484055bd6893ee9611ba1c308c804ef93
s4f_a3	S4F-CrefK3-FB13	COMPLETE	f0bd3dd5219c3fbc112dd240596816c2d59b3599804a47ba7abf7887e7d3a0e3
s4f_a3	S4F-H2S1T24K5-FB14	COMPLETE	004854ab03ac7d52baa159a2188f9a77a384d9fab0f1cd7cf7abbc8a32830228
s4f_a3	S4F-L128S1T24K4-FB14	COMPLETE	457b081b4e08ea180ad59735f1f2b76ec4698271957a271605d49c336b65d929
s4f_a3	S4F-CTLrefK3-FB14	COMPLETE	3f05abe6b4596adda3a30b7088955edbb886d9fd4d0e8a02b58885541b8f2cde
s4f_a3	S4F-CrefK3-FB14	COMPLETE	735c958b4933ad1c3a388a8278cb778a12fe5d842ce2bbd2e0863fc6504c363b
s4f_a3	S4F-H2S1T24K5-FB15	COMPLETE	5ff2094779e6350d2eb61db7bbeb863fe14e1ee96e117b347f6382fa3113a282
s4f_a3	S4F-L128S1T24K4-FB15	COMPLETE	d9a3808a9419dec60f2269afb5ffe0fc9207d2d6a6ce14affd41f2ee7eb762eb
s4f_a3	S4F-CTLrefK3-FB15	COMPLETE	42521f1ec32e51001760525c39761ca8b539a3ca5d86626b9a2501dd6fd93d18
s4f_a3	S4F-CrefK3-FB15	COMPLETE	c3f92d8703b8b605df99284c885cb686bb0004a23682565011817f96e984b692
s4f_a3	S4F-H2S1T24K5-FB16	COMPLETE	2a595af475be99ccb7cbc7c83598c6cdfdc597035cc5395aad9a16649dbcb040
s4f_a3	S4F-L128S1T24K4-FB16	COMPLETE	5f691f839e9a0f72200ec4e346e017e438b9677cf325f6bb0c01270136ad595d
s4f_a3	S4F-CTLrefK3-FB16	COMPLETE	95460876f5ca66493d07d2ad4d1b388d293874a84297096306e3a47303f24604
s4f_a3	S4F-CrefK3-FB16	COMPLETE	7351678f5f28b2dd0479a7da046c821139a869592daf3f11a5cce1769ce5b6dc
s4f_a3	S4F-H2S1T24K5-FB17	COMPLETE	ca3f6fc04eb55b7b394db8c0ca84386639e8916a137394a037cbcda9473b3324
s4f_a3	S4F-L128S1T24K4-FB17	COMPLETE	d052239d37c6d0ee24a41ac60316e52bd60a2d0eb09bfefbfaf0fa3961c027cb
s4f_a3	S4F-CTLrefK3-FB17	COMPLETE	98340f0454fb52ed96f49595a32d1a9c4a925852fa1e164694a8ee2c769c37e8
s4f_a3	S4F-CrefK3-FB17	COMPLETE	0eda78c80daf3e2665fbe976cd56c4e4f6dcb153386be09554c77e99f51c3bd2
s4f_a3	S4F-H2S1T24K5-FB18	COMPLETE	684a078a094275a1210255110d01159d9369710d3711aa7628ebec5059fff246
s4f_a3	S4F-L128S1T24K4-FB18	COMPLETE	92926746aa765539cbf62ade3c7bd3bd5431787f6955ad66df2c92c5cc0445f7
s4f_a3	S4F-CTLrefK3-FB18	COMPLETE	5f69153b65686f7a6ef048f5e084be187cebe075c2f475b113eb97e8a919a0c1
s4f_a3	S4F-CrefK3-FB18	COMPLETE	5158abb1068bfa63f65c55eeacfe9cbfb941da1a74a895602a08e0af0ba26a0a
s4f_a3	S4F-H2S1T24K5-FB19	COMPLETE	e9987279a0fb31fb2abce82638e90b06a05a4c1206bcb67bbb5defc4723c9b01
s4f_a3	S4F-L128S1T24K4-FB19	COMPLETE	b29aa6805fbbd38fac3563cc8edd6e5c98234038a3b0a7ec4781ddd02b8f1b34
s4f_a3	S4F-CTLrefK3-FB19	COMPLETE	0a3994f83812b156330c4949934dd42ef236d741d900ff43a22d34b346920ba0
s4f_a3	S4F-CrefK3-FB19	COMPLETE	54bd7e1616987143ce8da9a76b193e792227d8a35e2caf0185fc848ffd3612f7
s4f_a3	S4F-H2S1T24K5-FB20	COMPLETE	8bea7300ef724d409c5cd7240865629363863618ee5d46e4a0ac85c60f195a30
s4f_a3	S4F-L128S1T24K4-FB20	COMPLETE	784cda09a7030e7715ab73c72cae68e0ee7c015553a27579af2230b6bdebe546
s4f_a3	S4F-CTLrefK3-FB20	COMPLETE	aad22d74aaf5a0027297c78c1d1e3ad74057c9590364330ceecc9e8e06bed4eb
s4f_a3	S4F-CrefK3-FB20	COMPLETE	0b743c01e2a96e63f0baf4302b498734021667ca6b7ece233f63f304dfd8d5e2
s4f_a3	S4F-H2S1T24K5-FB21	COMPLETE	91532166139f42037c3800245c6c635a48a6bfd1bec6319dd96457a6204eb1c6
s4f_a3	S4F-L128S1T24K4-FB21	COMPLETE	b48c2c1e5d89d2d54096e082dbd86da338c784b92d20d78f0b1cfadf9b28cfeb
s4f_a3	S4F-CTLrefK3-FB21	COMPLETE	97ac97dbaff50a08f0d4475d980871613afae075b63c79f320645a3a88365dbd
s4f_a3	S4F-CrefK3-FB21	COMPLETE	71ade711f036477f043cd9fe04ed0a982e3224aa7c8aa8b0f91625fd0041d346
s4f_a3	S4F-H2S1T24K5-FB22	COMPLETE	ef54fbf1e9bfdd1cad7dac69c9ab0e6d25852ffbee596e7076cd7b3039af47ac
s4f_a3	S4F-L128S1T24K4-FB22	COMPLETE	4945ce8376fa2dfbf5541ad5cb92c5c51a7d63feac0492946a2725aef2b4b5b0
s4f_a3	S4F-CTLrefK3-FB22	COMPLETE	468538f60da176248f3a83585edc0b9bf78ddb41cc28a1545a3e87922f3e1935
s4f_a3	S4F-CrefK3-FB22	COMPLETE	89da813a7c1451b30b03ac30c6dc2e2485fcb2fcd98978dbdabec7185da286f8
s4f_a3	S4F-H2S1T24K5-FB23	COMPLETE	17e2b64acb049afc29a715f012b5977958e251aad527ced5811ed1f3e1ae3792
s4f_a3	S4F-L128S1T24K4-FB23	COMPLETE	c930df62277aca6dcc5e704de8e2529dd37d2f562cf1b433cb6c0d83963469e7
s4f_a3	S4F-CTLrefK3-FB23	COMPLETE	23a697181899f8baf395f16ffa74cd28f1c840562c4356b6497885dbb370312a
s4f_a3	S4F-CrefK3-FB23	COMPLETE	05d8246cc09ac54df0d3d1b661bd8ffd1b23fcda170f3bb413f390aeee1a1bbc
s4f_a3	S4F-H2S1T24K5-FB0-D1_m0.350	COMPLETE	79ff1e4fb85d6c11c86b58dd3202875cefc5f55203c81c9dcc814f69c17d318b
s4f_a3	S4F-L128S1T24K4-FB0-D1_m0.350	COMPLETE	7866d665db1c57045361335c62a04b0cac2f88aeff3007b32e271f6801bf4a6a
s4f_a3	S4F-CTLrefK3-FB0-D1_m0.350	COMPLETE	3052fb110b47b17bd2342fe9d495d9a097ca7ddfe4acaad7485893bcf9505c58
s4f_a3	S4F-CrefK3-FB0-D1_m0.350	COMPLETE	4a4db8c52f6e0e7b33069a8778f341e09d848103aa4829274582ee232aa2029b
s4f_a3	S4F-H2S1T24K5-FB1-D1_m0.350	COMPLETE	65efc3b132be8edeffbcfc360f31bae6c62634d77df53efbed724d3cb5b4c1f5
s4f_a3	S4F-L128S1T24K4-FB1-D1_m0.350	COMPLETE	980c0a736f724b127ad069b7c133a3e15613892b12eb55ce6947bac9a787e9cc
s4f_a3	S4F-CTLrefK3-FB1-D1_m0.350	COMPLETE	148e507d7055153563f8f416fae3b9a7a3bcdfa9aa5f1c2a4a838554a8fa27d1
s4f_a3	S4F-CrefK3-FB1-D1_m0.350	COMPLETE	9e52f715ff9d21302d50aa18e36e1cc22fff6d37ffd7c34c846c915b1aa9ac0d
s4f_a3	S4F-H2S1T24K5-FB2-D1_m0.350	COMPLETE	e8d5be65dbc141387dee8dac1d36ac9bf9af1841000ef880a2f00cfe1008ecc6
s4f_a3	S4F-L128S1T24K4-FB2-D1_m0.350	COMPLETE	0a91e91965cdfe65e73551bdb98571b1bc0f677fa1b322ce24e1f00549e08fa2
s4f_a3	S4F-CTLrefK3-FB2-D1_m0.350	COMPLETE	ed70f9e49fb78fee21b4001792c6330cab0a80601514095e2e8b12aece6e6f9e
s4f_a3	S4F-CrefK3-FB2-D1_m0.350	COMPLETE	65c4c151d90538b6e8fc56367cc1df6e2433a31e96eb6fae9833eab8cf1728c1
s4f_a3	S4F-H2S1T24K5-FB3-D1_m0.350	COMPLETE	2612fdf4c2ae6e80a625459f84035a510a93c926ca0493f4cba595180a69b727
s4f_a3	S4F-L128S1T24K4-FB3-D1_m0.350	COMPLETE	dd1808ec76b236a46719ab991563c097406f6638c7196c422e37fea00bb9c36e
s4f_a3	S4F-CTLrefK3-FB3-D1_m0.350	COMPLETE	5751e595545b262081408b7a3b63617d3f66076c55e368513af553e42e65998b
s4f_a3	S4F-CrefK3-FB3-D1_m0.350	COMPLETE	7c8322956e3249f0813cfb8a151e9c3a66f4c6a1beab1a3ca98d8c5fd7369661
s4f_a3	S4F-H2S1T24K5-FB4-D1_m0.350	COMPLETE	f8b48ec9522d65fbf8b8f100a61b91cec2714207eb718f2c16a42c64f2aff061
s4f_a3	S4F-L128S1T24K4-FB4-D1_m0.350	COMPLETE	d0a1f3fb87221116ffa8fc0a5c75c01d74905f9295b65d4b99a2bc5d2368424b
s4f_a3	S4F-CTLrefK3-FB4-D1_m0.350	COMPLETE	c233b9324b54a26ba8984e8e1033fbdcb115bac67943909249dc570114658c16
s4f_a3	S4F-CrefK3-FB4-D1_m0.350	COMPLETE	ec9f289f69e282367af36bb8dfefc7bf7c88465e9a30b62dcb84e516894612d0
s4f_a3	S4F-H2S1T24K5-FB5-D1_m0.350	COMPLETE	8347ae51b3c249ce1fe9482216540f3b5b9770c9a72be964e9fe253ba9694b86
s4f_a3	S4F-L128S1T24K4-FB5-D1_m0.350	COMPLETE	35770b08edc2a1e10a202cf71f4add0a6c8a5473c7653051a9c6c51586b004c9
s4f_a3	S4F-CTLrefK3-FB5-D1_m0.350	COMPLETE	020507ad92f5598bc3cb700e6ae47656b90cff19a71ae45c87c9ea667447ab54
s4f_a3	S4F-CrefK3-FB5-D1_m0.350	COMPLETE	68faa2502eb0cb5ed83b6112e75992b2562e6f8aa862f055089f315ca5264381
s4f_a3	S4F-H2S1T24K5-FB6-D1_m0.350	COMPLETE	b6a7d27b3642703807585ee3416641bc43421ed4aa775adb8b858ebfa840c1ad
s4f_a3	S4F-L128S1T24K4-FB6-D1_m0.350	COMPLETE	3493f2fa47880cfb73323a7f205cf642da5a35c64bd8f8e65815b78168217094
s4f_a3	S4F-CTLrefK3-FB6-D1_m0.350	COMPLETE	19848e9e4e1ef332351493569161dcddd3c32f07b13125bd078de08c092abd13
s4f_a3	S4F-CrefK3-FB6-D1_m0.350	COMPLETE	0bf5793ec4587620a88f66dbf8eca5babb14d06b5b5ad5865c0caf5606d719c7
s4f_a3	S4F-H2S1T24K5-FB7-D1_m0.350	COMPLETE	0e254937af5b86b5a7d8483d6bfb151d8b3c740938b905179488f8e9ace4241e
s4f_a3	S4F-L128S1T24K4-FB7-D1_m0.350	COMPLETE	fbb84d9e28c6ec4778533d72f20630066e6817fc07cf4bd47b320f79a82368b0
s4f_a3	S4F-CTLrefK3-FB7-D1_m0.350	COMPLETE	4968ad25486df170f7440a711f7c7b0c4a26cd1e41fe220d6dd69a1f2012bb83
s4f_a3	S4F-CrefK3-FB7-D1_m0.350	COMPLETE	3abc44ce53b851b953ee2d286923661d2578f26a539a68e78317c92827658a88
s4f_a3	S4F-H2S1T24K5-FB8-D1_m0.350	COMPLETE	8af06650f56fc6e49baf5b6f8e553f3a21a945dacf2d6fdff1b22cdc987038f9
s4f_a3	S4F-L128S1T24K4-FB8-D1_m0.350	COMPLETE	882049b55900861468a2dc1a56d8d6f670dd9dcd20cf7b1d1722da2270ee72e4
s4f_a3	S4F-CTLrefK3-FB8-D1_m0.350	COMPLETE	4e4f7afc4f234cda3863fddf8f35d60b478caf05b62854849bd171b6f6944e76
s4f_a3	S4F-CrefK3-FB8-D1_m0.350	COMPLETE	ee0237ca1998a1861c6951af1782726b8c06d0ff25f8e733ce5f55c432e707af
s4f_a3	S4F-H2S1T24K5-FB9-D1_m0.350	COMPLETE	ea78aa0d3b4e6f5fb0c803c811c620dc685513a0ab1905dabda7da9e77845d22
s4f_a3	S4F-L128S1T24K4-FB9-D1_m0.350	COMPLETE	a8c4e3807957fe968dcca0b457d685802350c45a3977d52845fd7c5159328b2e
s4f_a3	S4F-CTLrefK3-FB9-D1_m0.350	COMPLETE	8c42ae3e99a68aec9fd05de1d6d5173773a1f61c626f4446f36c7c698f753af1
s4f_a3	S4F-CrefK3-FB9-D1_m0.350	COMPLETE	4da4a66cd580837545817b2c95625e9396d40752ea97f2a00ad4a4e6426a8940
s4f_a3	S4F-H2S1T24K5-FB10-D1_m0.350	COMPLETE	71d50a57f2284953d16424251ecbfb0a8c02636d0252d749ef70490523a327b8
s4f_a3	S4F-L128S1T24K4-FB10-D1_m0.350	COMPLETE	412fe2889746e2e72b571e629cb0b74c5e2a6291ffa930fa1798db9742155e74
s4f_a3	S4F-CTLrefK3-FB10-D1_m0.350	COMPLETE	7dd0255636048d48b5802609bc002abd9ae11de22449a21a677bf5bc0c8315d7
s4f_a3	S4F-CrefK3-FB10-D1_m0.350	COMPLETE	a1fefb57e9e68e475086a640132e498322b8c552fdff380f1d9493707f4fede7
s4f_a3	S4F-H2S1T24K5-FB11-D1_m0.350	COMPLETE	f2c27f36243bb07371842575b2deb29e4e12f16f2a3de513d8338740f29c5b23
s4f_a3	S4F-L128S1T24K4-FB11-D1_m0.350	COMPLETE	ae628b3542a52fa1231e1c2d1a0b2f617ce3e0a452da24eadf290f09e974f7f1
s4f_a3	S4F-CTLrefK3-FB11-D1_m0.350	COMPLETE	0c861965499d5bb038158e240bbcff4556455d673ddd8b62e731394d860fcbcd
s4f_a3	S4F-CrefK3-FB11-D1_m0.350	COMPLETE	e5e3d9c78e56237e932e7278943f50ed4bb55d5e611040f0f861943857e717f9
s4f_a3	S4F-H2S1T24K5-FB12-D1_m0.350	COMPLETE	86f493fb4ac8173cda3bcd29ea30e92afc5d8516311744090a81b733da48e536
s4f_a3	S4F-L128S1T24K4-FB12-D1_m0.350	COMPLETE	41fbd187b9e3ee83b8e149d9eb30db425f6d3a8c27e15d8f62854ee613ccb694
s4f_a3	S4F-CTLrefK3-FB12-D1_m0.350	COMPLETE	dddafc56737763b4cb36583a3c3634f67b69db54ccbc76715d17a4cd1ffef61c
s4f_a3	S4F-CrefK3-FB12-D1_m0.350	COMPLETE	01fa12ccc3de306148ddfea0ba8f1376e636d5960c39bfd56e1bf5077bcddfc8
s4f_a3	S4F-H2S1T24K5-FB13-D1_m0.350	COMPLETE	b49f06de6adbb84b8a3a9016ce74aa5b76566acc106c326bcc25ff1ba87acf77
s4f_a3	S4F-L128S1T24K4-FB13-D1_m0.350	COMPLETE	baeba809a3029e25dd4858c6087e0da900aa7227f3a73f8b20888279f2db5a2e
s4f_a3	S4F-CTLrefK3-FB13-D1_m0.350	COMPLETE	15b4a2f67a75f4efd76064021129b6e45c85ddb6f087f3f144a4cb244ad3b19d
s4f_a3	S4F-CrefK3-FB13-D1_m0.350	COMPLETE	caeb98bd67d1570f086254274cf4c204ad9c20b33c4376eed242cb2c2f026d9b
s4f_a3	S4F-H2S1T24K5-FB14-D1_m0.350	COMPLETE	911262dcbb09696855383ee4e7e254442da169edd1dfd99dcac10002a079532b
s4f_a3	S4F-L128S1T24K4-FB14-D1_m0.350	COMPLETE	2a778f60ff2171cefa2a01c4c6947c5ee6f46b2328292efeb3005a0aab04027f
s4f_a3	S4F-CTLrefK3-FB14-D1_m0.350	COMPLETE	e54ef9ba53f7d439e93dfd7d595400c703a8707c23b7ee2f405ce2d98b1a0e2c
s4f_a3	S4F-CrefK3-FB14-D1_m0.350	COMPLETE	5543eeceb942ba1e66f293815dbc459ebc92dd1abcff0214a6eafd57ba80a62a
s4f_a3	S4F-H2S1T24K5-FB15-D1_m0.350	COMPLETE	d0dadc625757fc895257d259191c6bfe523439cc85a5b2dfad1d36d10c8a45a8
s4f_a3	S4F-L128S1T24K4-FB15-D1_m0.350	COMPLETE	a545ce854e91bda679b47bf71974267f5d5d3549ed82bc332a1322d2645b6761
s4f_a3	S4F-CTLrefK3-FB15-D1_m0.350	COMPLETE	bde792ef609395407c1559c42b144dbf937a35c62c348be73a085032cd246340
s4f_a3	S4F-CrefK3-FB15-D1_m0.350	COMPLETE	7943a829f262e8ecf7639f40d4efda40baf7c531be192927c9b1ed29cb175fc7
s4f_a3	S4F-H2S1T24K5-FB16-D1_m0.350	COMPLETE	b33bddfdeb16e7590e7cc4722774eb4fccf5b2b4f12a4a1aac6cc4bfcea228bf
s4f_a3	S4F-L128S1T24K4-FB16-D1_m0.350	COMPLETE	196361c3202d570ce7953016d6c3042ef6e9aeec3e399a5561aee97e6db06b25
s4f_a3	S4F-CTLrefK3-FB16-D1_m0.350	COMPLETE	c64d68afa15800f4ad3433696cbbba0950f85309c26b72b3b6c6052fded6f6cd
s4f_a3	S4F-CrefK3-FB16-D1_m0.350	COMPLETE	c9effd3383a66e5f57ca6bad9cf4c128460d4a9eaae381e9ddb76f2f6b8b166c
s4f_a3	S4F-H2S1T24K5-FB17-D1_m0.350	COMPLETE	60ae863064a7118dacee93a138dd7d596060c5b36775854e3204474d24e85a78
s4f_a3	S4F-L128S1T24K4-FB17-D1_m0.350	COMPLETE	a9d56c6ec2046131691870f84b8ab7c33276fdb81ec603089d2859a506ca2cb9
s4f_a3	S4F-CTLrefK3-FB17-D1_m0.350	COMPLETE	92b761268ec7d8b0a0437ff1f96d0595d84b57ac144f64be6f19531ade60e0f0
s4f_a3	S4F-CrefK3-FB17-D1_m0.350	COMPLETE	2d06d508d7e04ad675a050fc97e63b55cc0f49830b9e13f0e7e406fcd14e144c
s4f_a3	S4F-H2S1T24K5-FB18-D1_m0.350	COMPLETE	57c88c3ea1774eb134e1acc8a20261b1a013ed408982fb3859ba1ee549e0123c
s4f_a3	S4F-L128S1T24K4-FB18-D1_m0.350	COMPLETE	441c39618f85693ba90e1309f1b803487f4fbdb694d20c4c17a92a4aa1a47320
s4f_a3	S4F-CTLrefK3-FB18-D1_m0.350	COMPLETE	e928b27924b8ca8c64d764f1bbd0e366e989a566bec68ef086b8fa3f98ca44cb
s4f_a3	S4F-CrefK3-FB18-D1_m0.350	COMPLETE	74d69e178bce1aef1998922bbb7a16285546cd0c257695c9c22f7c912a8e49f1
s4f_a3	S4F-H2S1T24K5-FB19-D1_m0.350	COMPLETE	7bbbf3434102fd1636b2e07e63fc74a2aa73c826fcdd9edd17fe9af8b8a7e8b2
s4f_a3	S4F-L128S1T24K4-FB19-D1_m0.350	COMPLETE	5447627d8aadb6624f8be76755c12d989e26435d8f675201562867eaa58ca384
s4f_a3	S4F-CTLrefK3-FB19-D1_m0.350	COMPLETE	afb46c7682b0ab92aeaf822121a9069d4efd6cc617ec12b39be9ed9f98413bc7
s4f_a3	S4F-CrefK3-FB19-D1_m0.350	COMPLETE	2d9b4f52799641d1c27fe56d751096e5d200f858f378a0b6b101ab5482ce8793
s4f_a3	S4F-H2S1T24K5-FB20-D1_m0.350	COMPLETE	03ebe44e152ff7e14ca8372ed65f088f6fc90771de708a3712106bd65b5a653b
s4f_a3	S4F-L128S1T24K4-FB20-D1_m0.350	COMPLETE	9391a180b27d5ce2d42ab0cda75e30f739ffdad89b32b7d5e31453152d56a118
s4f_a3	S4F-CTLrefK3-FB20-D1_m0.350	COMPLETE	10d565d0cbbe61f04c46999825704b94216d94644ec24a4e93a67bab75d21c6f
s4f_a3	S4F-CrefK3-FB20-D1_m0.350	COMPLETE	2353348023f0b4b1ba731c418531d6e1a48d81d285b273c5a6c188f43e24c8d4
s4f_a3	S4F-H2S1T24K5-FB21-D1_m0.350	COMPLETE	3d72c9b9ab70f30b5debf10dc3a80277dfc1493426cc6d884e157fa6c23549d1
s4f_a3	S4F-L128S1T24K4-FB21-D1_m0.350	COMPLETE	f12365282b6b15ebe7eb6e87314646a55bc63ab61da08b820925a96c5205edea
s4f_a3	S4F-CTLrefK3-FB21-D1_m0.350	COMPLETE	4f81538ce61d0b8ccd46f7c760439373b66f88636894e2145c395dda7706c554
s4f_a3	S4F-CrefK3-FB21-D1_m0.350	COMPLETE	08ffa639a0d59b316fa8f1086af0a04f6d2cde506ad975ce3e07f65bff404499
s4f_a3	S4F-H2S1T24K5-FB22-D1_m0.350	COMPLETE	9549dc1c454c8794ea49f9ece26a2d9e7c2c0d2827a95f054c34f9f766e51381
s4f_a3	S4F-L128S1T24K4-FB22-D1_m0.350	COMPLETE	1547527ee5d5905954948954ffabe29d145e8146389a416e5cc8e6548823c62b
s4f_a3	S4F-CTLrefK3-FB22-D1_m0.350	COMPLETE	a26d72dc74d269aa1a3f308b804ae778d9c75723c9109d1d8be38111fd1ba1f3
s4f_a3	S4F-CrefK3-FB22-D1_m0.350	COMPLETE	ee22af8bdcf8db214348e34d6480d6263568322ed34bad93ea5f078a357885a3
s4f_a3	S4F-H2S1T24K5-FB23-D1_m0.350	COMPLETE	16d75a111d193633c59c25b4e17184ace22b970664f4a2b3589a0cbed4206cd2
s4f_a3	S4F-L128S1T24K4-FB23-D1_m0.350	COMPLETE	569aae5ac150744758a4a9b8b15fd6a3699501d23f43e240356a80f65d687eac
s4f_a3	S4F-CTLrefK3-FB23-D1_m0.350	COMPLETE	f3eefce1f98c1bfb87fba541fbba8d1ce85e16c708c30d3fafda4bbc52afd58d
s4f_a3	S4F-CrefK3-FB23-D1_m0.350	COMPLETE	37ccbc6993f9ec469909f67df9f01a9ae3f7bae0bc7855562e361cf1afe4219b
# s4f_a3e.tsv sha256 4ba2dd6a0808089cf9a25a7cd7e1cf922da40442022d1913dc4967311d4be817
s4f_a3e	S4F-H2S1T24K5-FB24	COMPLETE	1d130e80cfc910493427ab405dd393d4b33c70851ec697ea227cb402bf01fd32
s4f_a3e	S4F-L128S1T24K4-FB24	COMPLETE	cee8fde6288ee5ec42467cace7d2b1e13551ae292a6641afb2600591dc5767f1
s4f_a3e	S4F-CTLrefK3-FB24	COMPLETE	95022bf471aa1f9a5eaf554c67caf0c9eba0f298e50cc90784a212f2d0679e5a
s4f_a3e	S4F-CrefK3-FB24	COMPLETE	39e94b052ccc57cccc9d6310a55caec95f91d4287c4bfbf2890c04588bbad04b
s4f_a3e	S4F-H2S1T24K5-FB24-D1_m0.350	COMPLETE	23976771feb69d0e57ac9b6b966b3c12f8dfa03ec10cfb67a77fc7f42a49f60e
s4f_a3e	S4F-L128S1T24K4-FB24-D1_m0.350	COMPLETE	431cb414931f5d40b02a831bfb9c33bba9a40bee8eabb743ca74c0926ea7410e
s4f_a3e	S4F-CTLrefK3-FB24-D1_m0.350	COMPLETE	fdbbf103d31f150dcd573e70fac141aa2a6366acc67feb30bc772bad2962640a
s4f_a3e	S4F-CrefK3-FB24-D1_m0.350	COMPLETE	a86a97dd1ce16f88a8be7f7a62ff99f2610069065f0331ca4239b830cd0f9d16
s4f_a3e	S4F-H2S1T24K5-FB25	COMPLETE	0d4f76b8dd531f462bbd882bda3cc7dc66e6d202a40a88209192b5dff974167c
s4f_a3e	S4F-L128S1T24K4-FB25	COMPLETE	3e54c776cdcdacf8c8d5a7044ef7e6e30d37d7e427c2511e1497d5cb968d3f72
s4f_a3e	S4F-CTLrefK3-FB25	COMPLETE	2a85b37c946a56fe5afb5afe579e3d2c50d63c2d93722f527b960dcd5a5d62fa
s4f_a3e	S4F-CrefK3-FB25	COMPLETE	b20ff81ccc3f9dccd3608019f6bb509cded923fdc21d962a6d8abb6fed53a895
s4f_a3e	S4F-H2S1T24K5-FB25-D1_m0.350	COMPLETE	b0deed3771efe39311116f988af048ea5de8dd0d1869d69d1f6b99d8e9a15a8a
s4f_a3e	S4F-L128S1T24K4-FB25-D1_m0.350	COMPLETE	be9e3895a7b5600824f3f8c75484ebc44e2368512727697c5cc5ce14f8144ff1
s4f_a3e	S4F-CTLrefK3-FB25-D1_m0.350	COMPLETE	811edf65bfdb86d12c59125a42ecd6347433692e0fcccea19f713ec2011e0c13
s4f_a3e	S4F-CrefK3-FB25-D1_m0.350	COMPLETE	eb52e574b3b4d0a1f44d8f23790f523e9c4f1b0a5d495bf8cda72d3183facf4d
s4f_a3e	S4F-H2S1T24K5-FB26	COMPLETE	8abe85748d6830b186d46c8bcaa846e53763e0a64a717e27bff27ea428255a93
s4f_a3e	S4F-L128S1T24K4-FB26	COMPLETE	857439195b90cf4cff31376c384e0fb60018b90c18bb6b78e9227249d6b39b0d
s4f_a3e	S4F-CTLrefK3-FB26	COMPLETE	24434a1f7faae9e610cd9929fed99e063952d1da0476141f224432a4307776d3
s4f_a3e	S4F-CrefK3-FB26	COMPLETE	baf34b9349ce3bd56917776cdd81e3bbfdae00df4d3aa7e5fd91a089729d1566
s4f_a3e	S4F-H2S1T24K5-FB26-D1_m0.350	COMPLETE	4f348390efaac191b96e919ca556b788592f2aa094ccbb9d4a69f3183585e4b8
s4f_a3e	S4F-L128S1T24K4-FB26-D1_m0.350	COMPLETE	838dbf51e1bb3f6dcc5a95a9fd321400067332969caf392bf762336d5a1dfc72
s4f_a3e	S4F-CTLrefK3-FB26-D1_m0.350	COMPLETE	27cb536c50335bb953c27e24442138f0005b82ac68a68e20d56f84aa1519848f
s4f_a3e	S4F-CrefK3-FB26-D1_m0.350	COMPLETE	6ae777a438b7c4aee1edb439a4a26d30e669cd83fd882cbf98d6dc918f62837b
s4f_a3e	S4F-H2S1T24K5-FB27	COMPLETE	be852029fa7993c3d441d9440af19c5120d24caae272f7858f984caaea3327c8
s4f_a3e	S4F-L128S1T24K4-FB27	COMPLETE	e3a56f77604934e05ba69d9bbb63b443d5e561f3f3a32e3be92b3a22c8d2e9f9
s4f_a3e	S4F-CTLrefK3-FB27	COMPLETE	c9594063d0371d582392347ff3f103ceae456c5ebb0cfd074f1276c1b5e9bb71
s4f_a3e	S4F-CrefK3-FB27	COMPLETE	75a01eaec1f7ce60e55d4573218382dacb65c5afe17d69770bb3b312ec251212
s4f_a3e	S4F-H2S1T24K5-FB27-D1_m0.350	COMPLETE	e06edf874c16944e22afc849686c669442fede680bae578495873050ff9ef655
s4f_a3e	S4F-L128S1T24K4-FB27-D1_m0.350	COMPLETE	fa948917a0c7aa405d87dec5ed126df1881d0b0b949f42671b63fd3bd46ed6dc
s4f_a3e	S4F-CTLrefK3-FB27-D1_m0.350	COMPLETE	84fbacf13b7c0fae5b48d61cd07807063f49e146654862639b6a6f0b4fcb077f
s4f_a3e	S4F-CrefK3-FB27-D1_m0.350	COMPLETE	476686f87d0f52e4c502b25190dee25036495d8af5331b82e4b8010e3d5171f9
s4f_a3e	S4F-H2S1T24K5-FB28	COMPLETE	f21fee7764a699aa0f5b9a2a1719f3f63ce0773d2dafb8fdec99c34d0a4ab5ee
s4f_a3e	S4F-L128S1T24K4-FB28	COMPLETE	2df3768ed01917f303d1d7c0ba1bdced125590c52f7cac54d79d4fbb6617e78b
s4f_a3e	S4F-CTLrefK3-FB28	COMPLETE	e194436b8b645ee2b2184a7d42c693da32ac6eccd982114774f86add175799db
s4f_a3e	S4F-CrefK3-FB28	COMPLETE	cec7847be3489a1add26a483b857285026c0470370465c691d822a8c742bd5a9
s4f_a3e	S4F-H2S1T24K5-FB28-D1_m0.350	COMPLETE	25d328994e965694b5d5e4d988c7549064ad70ca6f7e624e82748b0e8bb3dce7
s4f_a3e	S4F-L128S1T24K4-FB28-D1_m0.350	COMPLETE	eb8d464486e2ddc107e71a807fe84551689f949eee2a85fd61cf3b884c057f84
s4f_a3e	S4F-CTLrefK3-FB28-D1_m0.350	COMPLETE	07768856e284d33c3b7c1eb309ce381401cd7c7d15b2055c3227f920c0e8198a
s4f_a3e	S4F-CrefK3-FB28-D1_m0.350	COMPLETE	2b4ff7aceac99db9588898913401b9af844d7b4cfb77ad8b0b289b028d03f6dc
s4f_a3e	S4F-H2S1T24K5-FB29	COMPLETE	440913c4210df2fe37ee1a6b1774c8a35a2a89e61b4862b2533a64b1690e0806
s4f_a3e	S4F-L128S1T24K4-FB29	COMPLETE	f9a1c207fac1fe20509754ebf1ac898434ec3032853d86fec151b542e5f07e35
s4f_a3e	S4F-CTLrefK3-FB29	COMPLETE	c6678c75aec0e2016633755784ef5c4725920fa71505ab9b22c6400b4218baee
s4f_a3e	S4F-CrefK3-FB29	COMPLETE	623d737d668fc6293e930906cc637dca9bed1f60d0e3043394daf07bff4f97f2
s4f_a3e	S4F-H2S1T24K5-FB29-D1_m0.350	COMPLETE	a90546ef96db33d538ebaa5812cc0fdf92a0c7603080438b20e93732ab41887e
s4f_a3e	S4F-L128S1T24K4-FB29-D1_m0.350	COMPLETE	0afdf4a1bfc207ce80bcb69f2dccf7844614aa45b59a25857744238eb6c84e7d
s4f_a3e	S4F-CTLrefK3-FB29-D1_m0.350	COMPLETE	b5d045451e94680a69a70627b4f9707762cd4e48c8b0550855236c7c12fdce75
s4f_a3e	S4F-CrefK3-FB29-D1_m0.350	COMPLETE	8190bd0333f40d63ea8d5affa3cb3d9b97bc4049dc66487a2666c872309c69c5
s4f_a3e	S4F-H2S1T24K5-FB30	COMPLETE	b4b53a4f739570f27f978167cfb4a7c1af1cb967f43096193df0c42d9f9cc3a9
s4f_a3e	S4F-L128S1T24K4-FB30	COMPLETE	de2d56c82d4ae533c599d2e50c8a438c000cdb3b31bac12f1bef64e6169fefeb
s4f_a3e	S4F-CTLrefK3-FB30	COMPLETE	75fea76b8670ed39cf09b0b6b2ce0caa738af010e60fd952a6572b92c64f3776
s4f_a3e	S4F-CrefK3-FB30	COMPLETE	416a48387ca1dfb44c9655190090abf994163f6013396474e43644e33a37cee0
s4f_a3e	S4F-H2S1T24K5-FB30-D1_m0.350	COMPLETE	0c0daff4f1e57859b2d1e2db2db7b8e22657610b8a30331ae7b5272e54220723
s4f_a3e	S4F-L128S1T24K4-FB30-D1_m0.350	COMPLETE	65607cd8e1187556894d674ee4dcdf1a90f5ba00ac0cb78e96a4b0e1cbc3a640
s4f_a3e	S4F-CTLrefK3-FB30-D1_m0.350	COMPLETE	6f919ff4d455b8d900ca059894f32041e49a6962769808b9b70c6cf6cbeb547d
s4f_a3e	S4F-CrefK3-FB30-D1_m0.350	COMPLETE	eaa4082f837e932845b50607648357833eceeb01433b178735ec0d2e69710436
s4f_a3e	S4F-H2S1T24K5-FB31	COMPLETE	47f4daa19146823bc9c812e7fd03786eb481f565e03d425027b687e1886c475c
s4f_a3e	S4F-L128S1T24K4-FB31	COMPLETE	d37e2601733995a44a0ca786b84ec651d6622e30eb24764a33b5c16f48f5f9db
s4f_a3e	S4F-CTLrefK3-FB31	COMPLETE	24bbc714d1f17148215b233af45dca98d8c8f092f779b74cce2571f2997ab64a
s4f_a3e	S4F-CrefK3-FB31	COMPLETE	eed8b969d74d0f1bf14dc0ae19567ea5a62eb524298defb1172be9397c8fcc04
s4f_a3e	S4F-H2S1T24K5-FB31-D1_m0.350	COMPLETE	821e30fa3b9c496d7c858402cb219dcbb5fe9f1d6d80b622c5b6315c70b5deb5
s4f_a3e	S4F-L128S1T24K4-FB31-D1_m0.350	COMPLETE	d28d2d570374b2e5149f634039b1d8bbc66d003c2d479988548776f0f95493eb
s4f_a3e	S4F-CTLrefK3-FB31-D1_m0.350	COMPLETE	b9dd4d7c939c0f6848a2a88e6d2ff06afda3b82732815fa75b1df3c73360c761
s4f_a3e	S4F-CrefK3-FB31-D1_m0.350	COMPLETE	55eeb5cae78eec114db894d7ebb67ef710326ea58c82fcebe571f4448d2fc9be
s4f_a3e	S4F-H2S1T24K5-FB32	COMPLETE	878ee6abe35d28c506cff11825878161e082f7d64290795b29ed7106850d02cc
s4f_a3e	S4F-L128S1T24K4-FB32	COMPLETE	7f1e6a4cb10258972b488d0eb8b686471c9a8fd50ed40ce03df36d0973804832
s4f_a3e	S4F-CTLrefK3-FB32	COMPLETE	9a7eba5266f75dd7f86a1f393e7b55384b96afd0f924e1458472821e5f7f3657
s4f_a3e	S4F-CrefK3-FB32	COMPLETE	96542e87ca41fe77efbfcab36cfff600d2500fa471a1b7689d2a0994e8dedfaf
s4f_a3e	S4F-H2S1T24K5-FB32-D1_m0.350	COMPLETE	34b91c6d8d0b1d9885574eee5a49d13aa117586896fc5a50de645093c8718ad7
s4f_a3e	S4F-L128S1T24K4-FB32-D1_m0.350	COMPLETE	ccbaee18b0fdf48fcecfd8f9d7dde8991d35ac875ddc9dbb95cb783716b88352
s4f_a3e	S4F-CTLrefK3-FB32-D1_m0.350	COMPLETE	f4c0856f548945be8d6b6fb5c52d256cb268f947024c31425f2bbeec28f8f69f
s4f_a3e	S4F-CrefK3-FB32-D1_m0.350	COMPLETE	46aca4f7ee7d1a5ca5f8dafb9cca0d6552104912adf753b160ad4f928495e23d
s4f_a3e	S4F-H2S1T24K5-FB33	COMPLETE	6f16c3df11d661264efcb99afeed5636c3c5562cae5ceaa3b214802a842ebfc3
s4f_a3e	S4F-L128S1T24K4-FB33	COMPLETE	46acf7aded9ceccec536aa9146cd7eef60aad5f558fcd9176d21070a98b1e846
s4f_a3e	S4F-CTLrefK3-FB33	COMPLETE	fc2d13b9c77c581df9c17b231bd192d58670305a90ed6d95c22348cb294eaff3
s4f_a3e	S4F-CrefK3-FB33	COMPLETE	d88e2f20a6cb6cb974194f3d9111ddf3c41a01ed1b8be354a0e3f214169ebacb
s4f_a3e	S4F-H2S1T24K5-FB33-D1_m0.350	COMPLETE	29137e8167c02ff8125f3b3a58e47f556e1728b0ab841a686166b0a2a8af3232
s4f_a3e	S4F-L128S1T24K4-FB33-D1_m0.350	COMPLETE	2cb9e90b4c6e584eeb01965f7ef54a8f01c97ba20110e0d1602acf72c45a7a13
s4f_a3e	S4F-CTLrefK3-FB33-D1_m0.350	COMPLETE	a4119674f2b963bf19fc25b410d8f5ffa26126cb1065b653641f6cd9ada89c57
s4f_a3e	S4F-CrefK3-FB33-D1_m0.350	COMPLETE	c3555c5dc0d44a953ce03df6de1c54fca1d71f32e4ae9acbc4643a270b3f6315
s4f_a3e	S4F-H2S1T24K5-FB34	COMPLETE	20852c1c4e4f14046c3371d725f37bb17dcb50c4d3d66d0a6c7ba489e58af174
s4f_a3e	S4F-L128S1T24K4-FB34	COMPLETE	c8240558ab57e32cd09e72cf8b5abc9c533f60a9c81c5764a9acd0b76d4a5182
s4f_a3e	S4F-CTLrefK3-FB34	COMPLETE	fef15e1b61ee7a02b1c5441c1de39a4631026c643a547dc753d189f9c32730f2
s4f_a3e	S4F-CrefK3-FB34	COMPLETE	ea1393a99ef9b147f0068dee244d3bc109ad685b1dcae9985d5b16dabc118c92
s4f_a3e	S4F-H2S1T24K5-FB34-D1_m0.350	COMPLETE	81a681a590bfdba2029ea6b8212f675ca4c2ddad0681e3e6406d3b1deb083f81
s4f_a3e	S4F-L128S1T24K4-FB34-D1_m0.350	COMPLETE	c17107d07d2e571944cc602b142b40ee20d2432cfff231ca1a317d68a661fee8
s4f_a3e	S4F-CTLrefK3-FB34-D1_m0.350	COMPLETE	bda55b90a1b11688c1f90fbf281fdd3457eed5bdd70079c0866034dcb14ae24d
s4f_a3e	S4F-CrefK3-FB34-D1_m0.350	COMPLETE	08ebc1bbba683b13ebd423a1c3c2277d50a1b74ef00017e587751e70e32ed691
s4f_a3e	S4F-H2S1T24K5-FB35	COMPLETE	c6450450da3da05083e87f3599a9b39436dad280c34929630444618e5123c402
s4f_a3e	S4F-L128S1T24K4-FB35	COMPLETE	9b49982a55ea3d1489cacaa53d7d5c36175e9e8e70ffcf0ec5d00c3410ea8771
s4f_a3e	S4F-CTLrefK3-FB35	COMPLETE	1105188a5e40f0b12eb773c7433d2564a10977092b33fbbaf6e705f53e973360
s4f_a3e	S4F-CrefK3-FB35	COMPLETE	3f5b6dc69826d3338366191c8788cccc582d13cd31ea3329d0870060dbd70575
s4f_a3e	S4F-H2S1T24K5-FB35-D1_m0.350	COMPLETE	121e65f64eda21d191d104e218b89f2bada26071e6f835fc5879ea2bc71ff01b
s4f_a3e	S4F-L128S1T24K4-FB35-D1_m0.350	COMPLETE	1f30e56c893cab25234fdff1dfee01b07cca27d9590f4beda766c0eaaa5085d3
s4f_a3e	S4F-CTLrefK3-FB35-D1_m0.350	COMPLETE	ec71a02444fa0cc8162ef2c3ebbdb36f83e712344bfc67061370de0f78544dab
s4f_a3e	S4F-CrefK3-FB35-D1_m0.350	COMPLETE	0dc46bf4886dc6eec88bf9b951da5bd24a49b762b07e2615840b0d9c4aab5c96
s4f_a3e	S4F-H2S1T24K5-FB36	COMPLETE	6a3561562aa6c5c0801d48cf8b5890757b3012e6fa6df20c443dca39c276a606
s4f_a3e	S4F-L128S1T24K4-FB36	COMPLETE	6ecdaf1b8fd32f49f4ab9a8bc380028f4338c44af2cd3107a29399f9c98056be
s4f_a3e	S4F-CTLrefK3-FB36	COMPLETE	f9e02529630756c7a409ed34336f91c07e78ef2c691db35cbc044625b370bcb5
s4f_a3e	S4F-CrefK3-FB36	COMPLETE	47a515be461ca8c5f81eb0517723100177c22e557db4eec0cec510acd3bbd4e5
s4f_a3e	S4F-H2S1T24K5-FB36-D1_m0.350	COMPLETE	2fe20f7cbb768d44be0f52b09ffa7f44f950e1f938692ebdccad4adb18c6bed8
s4f_a3e	S4F-L128S1T24K4-FB36-D1_m0.350	COMPLETE	cfd5bcb7a1b72375676fc36d4e5439e8f89adcb83b6e32ef2c73aed602a1ef19
s4f_a3e	S4F-CTLrefK3-FB36-D1_m0.350	COMPLETE	2ab7330c79529d63bcfb3665f2e7cc1992445da36d087003a488b309feebaf3d
s4f_a3e	S4F-CrefK3-FB36-D1_m0.350	COMPLETE	284c3e2fcc4138be62b6698bd6406736bc40fecc91f44a65fe568a6257ba8b8f
s4f_a3e	S4F-H2S1T24K5-FB37	COMPLETE	d9b8ebe1d60b2022fa3e0ba27f6cb38aaa0ae2428b15cc93969fd5b870a4eed7
s4f_a3e	S4F-L128S1T24K4-FB37	COMPLETE	44d6355c9213c07fa8ded2f5d126d9b81b3ec3c801eef73b4e1917ff38cf9016
s4f_a3e	S4F-CTLrefK3-FB37	COMPLETE	e1ffaf00c3451d3ccd2368b1d9ff01b184ca218757c9eb3d4158868e1af20fde
s4f_a3e	S4F-CrefK3-FB37	COMPLETE	5a6d72bfbd0704df41eaf9da94b992c132ce41e45c7e871d8cc8987c24ecf9be
s4f_a3e	S4F-H2S1T24K5-FB37-D1_m0.350	COMPLETE	5c9f652e75ff88c06cb3dfb78a8d903a851db0eee9fb5e217357b89a369a9b2b
s4f_a3e	S4F-L128S1T24K4-FB37-D1_m0.350	COMPLETE	2b2a33a17f0aacbbc17e3bd9a93f3435550111009c18e341f4f86ab9fa59d0d9
s4f_a3e	S4F-CTLrefK3-FB37-D1_m0.350	COMPLETE	00e6a7b933be3a6de42a402a887922e72ef4ef8b96dc6972491a7040e68ed795
s4f_a3e	S4F-CrefK3-FB37-D1_m0.350	COMPLETE	6f927bf0380460f5cf345ed2a3075e975c1c009575dd54017533fc048603bb6e
s4f_a3e	S4F-H2S1T24K5-FB38	COMPLETE	173dc44c8722f91fc36a07072c77ca11f198c7e9dd3639b1db241c5e2ebf44d3
s4f_a3e	S4F-L128S1T24K4-FB38	COMPLETE	3aeb04637aa38aa1dfce7e0c0db7c5857485dbccbeaae20b3b3a338441a7e2f5
s4f_a3e	S4F-CTLrefK3-FB38	COMPLETE	e0cc6899cb76713f5d4df2c88e83db20f52f2c890719d34bb6941ed3f029169f
s4f_a3e	S4F-CrefK3-FB38	COMPLETE	a2ca624e8921b369b9e9d77493c082595e3c5b464a742b7de5ac6df499ff03bf
s4f_a3e	S4F-H2S1T24K5-FB38-D1_m0.350	COMPLETE	f9729d3236a881f6cebb92f2176936895e25a9bfe0d518b7d4759d2d9842d381
s4f_a3e	S4F-L128S1T24K4-FB38-D1_m0.350	COMPLETE	ab6d47a74a432ec9666af1b51e53962597e4499b54b41448a8877a4851a8f0f8
s4f_a3e	S4F-CTLrefK3-FB38-D1_m0.350	COMPLETE	01a76a64a70c0006de0f57e96a613ac00fcc5329dce6cabcfc322170b6d4ae3d
s4f_a3e	S4F-CrefK3-FB38-D1_m0.350	COMPLETE	42aa169ce88ac061a3c56315f06b75270ba0a10b2b4debcd15ec1c831bebcbf2
s4f_a3e	S4F-H2S1T24K5-FB39	COMPLETE	27ae4ba7b83ce4a20b4909ad65c4838883936d7b3fd1d9e95cc59b1ff5365ecb
s4f_a3e	S4F-L128S1T24K4-FB39	COMPLETE	e5c5733954a7aa0a8e06361eda111c9cba53794ed6522eb411b1571f115dad7a
s4f_a3e	S4F-CTLrefK3-FB39	COMPLETE	82f176f7a0cf28bec9fdea0166ecd6db903213641acaafbf494216066f0bc294
s4f_a3e	S4F-CrefK3-FB39	COMPLETE	28c4d5e36ee312abefd214301a817e1a4035e81c92d2810630dd299fd95350e2
s4f_a3e	S4F-H2S1T24K5-FB39-D1_m0.350	COMPLETE	f526c20bf459101aa2d840f9ca993e85d97827151fc0b125a1c3fa7199b5d2ef
s4f_a3e	S4F-L128S1T24K4-FB39-D1_m0.350	COMPLETE	a7de6112e26b54217a7032e7454b310d0073eb3504301d20c46e24b0419b80f1
s4f_a3e	S4F-CTLrefK3-FB39-D1_m0.350	COMPLETE	65d84be558b86b89b580691b5a0746711e8449cff6afe34d6d167f3d96740d8c
s4f_a3e	S4F-CrefK3-FB39-D1_m0.350	COMPLETE	7a1f0f6170faef644a990cf3f9c20a1a5f81e35c6505aa7f9278aafc3158cde2
s4f_a3e	S4F-H2S1T24K5-FB40	COMPLETE	ce22aa29027b1eb40f5a668acefcb1e17551dfcb5770dd79b7cbb02b6d550fb2
s4f_a3e	S4F-L128S1T24K4-FB40	COMPLETE	badeb3bc39f65187f8006991c121efc8bb62b94a83253ad9a96d0f174b531e88
s4f_a3e	S4F-CTLrefK3-FB40	COMPLETE	fc018390b5f05b4b326cf3d4bbba4aff64794a512a41145d2cac2d138ca07a60
s4f_a3e	S4F-CrefK3-FB40	COMPLETE	d94348ed55682fa6130cdf35655ebd8015f313c2331027bde7a4f224bc212710
s4f_a3e	S4F-H2S1T24K5-FB40-D1_m0.350	COMPLETE	25bffb8f3f75bcb3ca9e40c7841c9b2d2bab1e6e41f744b71602e56cf9993ee7
s4f_a3e	S4F-L128S1T24K4-FB40-D1_m0.350	COMPLETE	47bff9f10c697c620be6979176ea3827a4e50eb9147a4b2a643e49d7734bd4ae
s4f_a3e	S4F-CTLrefK3-FB40-D1_m0.350	COMPLETE	fc846be5f19f66ac5fe4183bc4f8718a5a9a3efef497a7094761eb983077d7b5
s4f_a3e	S4F-CrefK3-FB40-D1_m0.350	COMPLETE	6aa6391b6c0138e98d4d26b58f0213e991886593eca0ef74770a856cb48a9408
s4f_a3e	S4F-H2S1T24K5-FB41	COMPLETE	d2a4ed00bcbda264e6fffa1d006499ed5b263bfca43cb0f58b21f6f42eb22270
s4f_a3e	S4F-L128S1T24K4-FB41	COMPLETE	7631ba36823d4c1feee61b5bb74ebf3e1b121da248edd78d0687f1ea713ed4da
s4f_a3e	S4F-CTLrefK3-FB41	COMPLETE	7afafd7213869324b5a9c9dd4cc4629397d5b10127a1da8d2d063fdd7dc5d06d
s4f_a3e	S4F-CrefK3-FB41	COMPLETE	7ea8e2e3578b8dc1b8279f7e45958958fb45e9d8e2a5388d7ea8d832daad5aeb
s4f_a3e	S4F-H2S1T24K5-FB41-D1_m0.350	COMPLETE	2488c5c2f5a2cf26c065335638e0bf80dac8c6d2d916b8a072d4d2ccbc403826
s4f_a3e	S4F-L128S1T24K4-FB41-D1_m0.350	COMPLETE	12dddb92a62f5512abcae69ed4c80dc8203f9a3dd85d4d3eb5a4ab105ccc4e7b
s4f_a3e	S4F-CTLrefK3-FB41-D1_m0.350	COMPLETE	b9451dcd2074be3ca1f578360933f87f8e5c1ef30140f98fff1dc29f0795e92f
s4f_a3e	S4F-CrefK3-FB41-D1_m0.350	COMPLETE	b752ebed673d6555af73ed08d4ee95eb87bb441fe419c8b2de45ede2d83d3d3e
s4f_a3e	S4F-H2S1T24K5-FB42	COMPLETE	6f6f8c4be4cd9ecb4676a2d58fec6ef56534c1b2de44ba1a9313123012ff6f75
s4f_a3e	S4F-L128S1T24K4-FB42	COMPLETE	15816e60175e7de75e0f4e3960181d3531e08c638f7d095acfc8868d2db015be
s4f_a3e	S4F-CTLrefK3-FB42	COMPLETE	14869403d1f67530fd6335d58681d33918d70a6247cb573478274bf75fdfcfe1
s4f_a3e	S4F-CrefK3-FB42	COMPLETE	a341db11d49c3b25b7a50ad3a76be988194c8459191b2e7072b214d9ea07e076
s4f_a3e	S4F-H2S1T24K5-FB42-D1_m0.350	COMPLETE	5420468b164e10baed65c269d542244d230b5b5dd318ae3422b2971b7817b5ce
s4f_a3e	S4F-L128S1T24K4-FB42-D1_m0.350	COMPLETE	f73b77da29e2d18917fd87b5f68e2ed35f7340bc9544265880958cfcc93c79bb
s4f_a3e	S4F-CTLrefK3-FB42-D1_m0.350	COMPLETE	0b11f1355aa0af6877249791451c113e58e19ab2ee5cb1d576a2669ed404e660
s4f_a3e	S4F-CrefK3-FB42-D1_m0.350	COMPLETE	2a77733772f441311a7705da8d5260f14043ca545c691f9bec488426a3a54e90
s4f_a3e	S4F-H2S1T24K5-FB43	COMPLETE	e8411a21607ba4e603b511df50ab21887bbd64a6e3ddc6accc603eff8c86ce51
s4f_a3e	S4F-L128S1T24K4-FB43	COMPLETE	83bc765306fd707e0a427cd7a3c98110f3aa65dafce64ac29eb2998893ad760e
s4f_a3e	S4F-CTLrefK3-FB43	COMPLETE	1870b0d2cbe3e0617da94247a5c7c79a278eb82b99da7f25ee95add70aac3ece
s4f_a3e	S4F-CrefK3-FB43	COMPLETE	b4008fc9616bec7fa041ab9251dfd339c5ad9057860f619e0d7f2615e627862b
s4f_a3e	S4F-H2S1T24K5-FB43-D1_m0.350	COMPLETE	7a029313baa28962dda916bd6997e6660022f13fb2096224281a965d1b1e5eab
s4f_a3e	S4F-L128S1T24K4-FB43-D1_m0.350	COMPLETE	552745e52fb0b98d87a372afd9100fd2445cb36b910492b9a2306a730b11cdbc
s4f_a3e	S4F-CTLrefK3-FB43-D1_m0.350	COMPLETE	4c514ce107ea5d9db9af2c13ba90dac3cbc91fdcbc2ff0d9f43f658d5808a449
s4f_a3e	S4F-CrefK3-FB43-D1_m0.350	COMPLETE	afcf4c36795761d6caff11a3f70796a596654bf89beb9ac28ce03b34d38b4a6c
s4f_a3e	S4F-H2S1T24K5-FB44	COMPLETE	9514021658974572424b0853005bcf2b288c568a5b5879c5f6ca431d3b4f6257
s4f_a3e	S4F-L128S1T24K4-FB44	COMPLETE	7935c290e12c8e0a65104bfbcb3a20da5fb9db0e76137624c77f7acb8bb939c9
s4f_a3e	S4F-CTLrefK3-FB44	COMPLETE	f0f492814a423360829aa7f6bbb294628cb9167baf9e3659f01eb766e3b06a24
s4f_a3e	S4F-CrefK3-FB44	COMPLETE	4c995541c3bdf6e003337a5570af262e4df25cd5ad0433f313f4373483c3c885
s4f_a3e	S4F-H2S1T24K5-FB44-D1_m0.350	COMPLETE	c464e1cbcc055d010da1c768c63c2b64aed717b43e28abc9c33ca8275ad8551f
s4f_a3e	S4F-L128S1T24K4-FB44-D1_m0.350	COMPLETE	ae8d5268df7c06718d5d25a5d25b3b81f8940408f35fdf70ae7aa31a2f3346c8
s4f_a3e	S4F-CTLrefK3-FB44-D1_m0.350	COMPLETE	733d2c7fe58a5529a422b19e92ef2bcf9c46f7616ed3bdb462f347657d80b8e4
s4f_a3e	S4F-CrefK3-FB44-D1_m0.350	COMPLETE	8629840ee45d35b15df10fb2454529390999fd3f35a842b59c68c1d3e5dad795
s4f_a3e	S4F-H2S1T24K5-FB45	COMPLETE	f79f4a7301252ff80929b0c1291ae8b60e8924e74b20b6563ef86a7ef6eb53e7
s4f_a3e	S4F-L128S1T24K4-FB45	COMPLETE	436a00204602267260afaab22ec8206895e0552bd5d39f315231a0893d5d278f
s4f_a3e	S4F-CTLrefK3-FB45	COMPLETE	a2d7b9e09c265ac6d67895151904879f766862eb51d5d296bd45060b460cdca0
s4f_a3e	S4F-CrefK3-FB45	COMPLETE	6df24097a125d6ad366b739bdc1e82df62910cd1f5c42c11c7079a8c84123c0e
s4f_a3e	S4F-H2S1T24K5-FB45-D1_m0.350	COMPLETE	57fcd350ca2714d60e241a2391ec44693582fc17b756e89792b4bece9645428e
s4f_a3e	S4F-L128S1T24K4-FB45-D1_m0.350	COMPLETE	ff83667eb4cb5315253d47058ed4d7631a2f21a0fe8fa29e21beb40e6c4be12c
s4f_a3e	S4F-CTLrefK3-FB45-D1_m0.350	COMPLETE	5f29eb0c3a90a3d6916a339a092423b9a014ef649014977654210afa2c099b7f
s4f_a3e	S4F-CrefK3-FB45-D1_m0.350	COMPLETE	c0a3609c49f3c233ed9d2a72592417569caa883963485bd765a413d29f18318f
s4f_a3e	S4F-H2S1T24K5-FB46	COMPLETE	15be6a3357d311fadcccb5b416972a9fe8c5e30407eb3990fb67992c66130d12
s4f_a3e	S4F-L128S1T24K4-FB46	COMPLETE	0ecca0159ba6cadaac5b38fdd2aa75f991640a29e77d8894b595e59ded9c078a
s4f_a3e	S4F-CTLrefK3-FB46	COMPLETE	e5163ead4a10518bbb209635691c1e0036f9dd5e2bba1792fbad0de294fb21e8
s4f_a3e	S4F-CrefK3-FB46	COMPLETE	1265b7ad344219fc412ecedc88b2b29476d065ac8df5be666773c284a65ab3c8
s4f_a3e	S4F-H2S1T24K5-FB46-D1_m0.350	COMPLETE	c093cff7a2261f731ef1273739684851c60f7f9bf2ee503f10ef3c3de7f2a65d
s4f_a3e	S4F-L128S1T24K4-FB46-D1_m0.350	COMPLETE	58699057baecee23c14914e8856234d906a9829c9bdb3a5ad62e46847b81503e
s4f_a3e	S4F-CTLrefK3-FB46-D1_m0.350	COMPLETE	4d00b7e140a19524b836961cd8728e7c8537b2eed8d127254cac00f41df1a154
s4f_a3e	S4F-CrefK3-FB46-D1_m0.350	COMPLETE	c222a3bedb40d253627a532f1db3b7a15e8f45026d67058792fe8285ba2498fb
s4f_a3e	S4F-H2S1T24K5-FB47	COMPLETE	d4751d9ddcc3e0b61c7b567b5a3ea81f280272ce664c677531defc455f9f0d3c
s4f_a3e	S4F-L128S1T24K4-FB47	COMPLETE	948cdf8922be2b5a397ee2733e8a21c9d3bbaa0f1b56e5794f5dd8c1af3bd9e1
s4f_a3e	S4F-CTLrefK3-FB47	COMPLETE	c517ddc802ff0b6a66c3ed5f287ef8001c6b94c4f25abc135c083bac84769f35
s4f_a3e	S4F-CrefK3-FB47	COMPLETE	e27603f7f28846ebda4d8e0204d06d1309bc68857f642c8f98348f0289bef8a7
s4f_a3e	S4F-H2S1T24K5-FB47-D1_m0.350	COMPLETE	966811f8fcae3a6cff9dc230cd3d835efef39d3a2f8c9c6a561862c51db84853
s4f_a3e	S4F-L128S1T24K4-FB47-D1_m0.350	COMPLETE	04d041339171b1e746533da6dd1e0a4ec83d7d986231cb9b46e73dfe255904ab
s4f_a3e	S4F-CTLrefK3-FB47-D1_m0.350	COMPLETE	037271fa1c702b85a8357a89c53dd84a7cb84304847380269b93393a1299a8a1
s4f_a3e	S4F-CrefK3-FB47-D1_m0.350	COMPLETE	991d95545ca4abbc7d6b99aa2d8dcfe5fba8ebb1fa7babff4c817fc3713c128a
s4f_a3e	S4F-H2S1T24K5-FB48	COMPLETE	94ccac982ea1ce95a8072b1b1954af169f99d8bf04e069ec4088af0aaa6e7686
s4f_a3e	S4F-L128S1T24K4-FB48	COMPLETE	895fdf42cb19f91b78a4a84acdd472c58f813fe20c119e1939df214a2624645c
s4f_a3e	S4F-CTLrefK3-FB48	COMPLETE	5692338e6fe4338b5658641a7ba928657de669cdb7412738efc118385b6fd553
s4f_a3e	S4F-CrefK3-FB48	COMPLETE	211a3c81cc8dee476f4f9172e5c8e92c953889c4772566e4b6fd3497978c3c88
s4f_a3e	S4F-H2S1T24K5-FB48-D1_m0.350	COMPLETE	ef558f8b2476b08e2e4ab621918c5fc054244dcfd04d24e314eb290a070b1faf
s4f_a3e	S4F-L128S1T24K4-FB48-D1_m0.350	COMPLETE	fd5c38fc1a3f411ff38fda6e034c62682a126cd8c016bce599d7be74fe9da0f4
s4f_a3e	S4F-CTLrefK3-FB48-D1_m0.350	COMPLETE	460d462423dab195c7446864f2e93c041d7a212db6a4b0fed7165f1b13b6f1bc
s4f_a3e	S4F-CrefK3-FB48-D1_m0.350	COMPLETE	5a0016efc424b341bf6ac03ee390bd61674edf3d9ed807b4cba170885ffe420a
s4f_a3e	S4F-H2S1T24K5-FB49	COMPLETE	6826eeaace64125228e2e5df75aa97e16a119d1bdf1c2fb4910555aadd735661
s4f_a3e	S4F-L128S1T24K4-FB49	COMPLETE	22f52fcc84569f0ed2c8855c3d7d435bf1f6b67824a182a50e93f242897066c8
s4f_a3e	S4F-CTLrefK3-FB49	COMPLETE	3aa5697b3d1df815c959b292088a15fba7ea717d5ef27bc99a548297d41671d5
s4f_a3e	S4F-CrefK3-FB49	COMPLETE	6ade674dc14cd0c6f8a646f537281a6d1c78c5195ae669b9a4a4be62ab34fc68
s4f_a3e	S4F-H2S1T24K5-FB49-D1_m0.350	COMPLETE	658893cd666c84329970c492d6f7896714db47c8ec476000023bf725b6a4f025
s4f_a3e	S4F-L128S1T24K4-FB49-D1_m0.350	COMPLETE	eeffce9c9f129306e854c926ba9763a93d9e3ad390233abdd03c03440a628100
s4f_a3e	S4F-CTLrefK3-FB49-D1_m0.350	COMPLETE	2bd70ce3930fc4036d4aebbaf69d6a73eadbc3e9b4251f0b4b89a6a2493d4a45
s4f_a3e	S4F-CrefK3-FB49-D1_m0.350	COMPLETE	c68b4b487fb6ec04c3c46a8d9f1bcad6cdc2009b39cd8a97052f9a17d8679e02
s4f_a3e	S4F-H2S1T24K5-FB50	COMPLETE	27432af303c7f504d213c13889a44378079e3fa50842eb2adf3c84cb5da6bbc8
s4f_a3e	S4F-L128S1T24K4-FB50	COMPLETE	03cec0a1f68e1469c50d82c4a1c4f7053948f564c5c07b59c2a07964f3e75aff
s4f_a3e	S4F-CTLrefK3-FB50	COMPLETE	428ab54404df1df813e109ae39b7b0082c94601678458e869bfb8c88b7a2dbe4
s4f_a3e	S4F-CrefK3-FB50	COMPLETE	09ed927bf4a7bdec5e63718dc7c914015505eb1f9bd1cad0c5ebee709ccbb604
s4f_a3e	S4F-H2S1T24K5-FB50-D1_m0.350	COMPLETE	b9426da30e4974a2e7a22257241c7b2bb353e2d37912b3b3f7378b1b7ee70968
s4f_a3e	S4F-L128S1T24K4-FB50-D1_m0.350	COMPLETE	2995abf6e266f84b16852760b458fcb974063cb4be2c7498d61478186d9e7f1f
s4f_a3e	S4F-CTLrefK3-FB50-D1_m0.350	COMPLETE	ebaf7efa617543b77a7adadb2bdc2a6df3d456dd6f964e88f3c6e1b2565deb64
s4f_a3e	S4F-CrefK3-FB50-D1_m0.350	COMPLETE	bb530f571f52f948b69831b1ce573c1f86ecc9d80541e827d084c0e9a4322e35
s4f_a3e	S4F-H2S1T24K5-FB51	COMPLETE	892713833bcb0d5fa8531538dedb717e965ef53d3b0683fd8e29b740255a44b3
s4f_a3e	S4F-L128S1T24K4-FB51	COMPLETE	d2138a951cf1ed99e5f587f5b68f4f8f954e13db3ef5153a391a77ed4b418333
s4f_a3e	S4F-CTLrefK3-FB51	COMPLETE	eb973bbed1aa5ed31d5151a8ffbd4143c4b0edf473cfde8782df2cf7688b0b28
s4f_a3e	S4F-CrefK3-FB51	COMPLETE	dd2d6ff9cf7fc25bafa41564eecf4edb3f2ca33f07a50dc0c2a9c00584d9e127
s4f_a3e	S4F-H2S1T24K5-FB51-D1_m0.350	COMPLETE	424ebc7da9312388f1b631acbdae7e2cae319fb40f428a6e33c586f909a953fc
s4f_a3e	S4F-L128S1T24K4-FB51-D1_m0.350	COMPLETE	a15012701f15abfacd1a08691ee182fda3eb1a2d4c8bf087d92f8c94d07dc9ff
s4f_a3e	S4F-CTLrefK3-FB51-D1_m0.350	COMPLETE	0bed8fa608ca44aa4f8f49b03bf2ffefd31135237d33384479473b41810ab9d4
s4f_a3e	S4F-CrefK3-FB51-D1_m0.350	COMPLETE	4fee6187a4cbc5fb1d4d78b1fb3aabd1dd2213cbb5c167dcebedb5c60b47acce
s4f_a3e	S4F-H2S1T24K5-FB52	COMPLETE	16d4b0740e7370444c63ca9ca59df305a870004bfc1137c7f9f254071cddd7a7
s4f_a3e	S4F-L128S1T24K4-FB52	COMPLETE	0393ed5fac208acee9cbeb354c3bd556b2bedf48f2ad9c15ea9e3d35387b5d9a
s4f_a3e	S4F-CTLrefK3-FB52	COMPLETE	37deb01289a7c43ff9c3e51964b0085db2521f25bbd5c09e3274d687ea39e85b
s4f_a3e	S4F-CrefK3-FB52	COMPLETE	a1e02a8bc1bd302988ce0341f22e6a3b6cfecfe0db596753ab861c11880954d9
s4f_a3e	S4F-H2S1T24K5-FB52-D1_m0.350	COMPLETE	755877c408d1be182737805103c1a5a623e7bc841a17342354cf494841914fde
s4f_a3e	S4F-L128S1T24K4-FB52-D1_m0.350	COMPLETE	721d037fe95af73b995c2438d1b314ae10a0aea4893d7e7f21b363168f7619fa
s4f_a3e	S4F-CTLrefK3-FB52-D1_m0.350	COMPLETE	28beedeb800079015aa0dae9ac4e493336392d0ddd40f891b6186db04e020dcf
s4f_a3e	S4F-CrefK3-FB52-D1_m0.350	COMPLETE	f9b9c7741c35769b276391231345b8b82d9844762c1e7082592f7f46751e0d0f
s4f_a3e	S4F-H2S1T24K5-FB53	COMPLETE	02fa86e64d85ac986ef5fa42fb426302eb8d370bb345438d7f057f49180c4f81
s4f_a3e	S4F-L128S1T24K4-FB53	COMPLETE	c1490b0bfd7d434dc326f8b922b80371e3fdb2e2e3b1f90249252c70aa298116
s4f_a3e	S4F-CTLrefK3-FB53	COMPLETE	041fe5b5e74143bd7b8461abd6b623275a21e10b7d79428e84f5cd83d85b7213
s4f_a3e	S4F-CrefK3-FB53	COMPLETE	e1c437871b9b3774982544674e661028d2f7ee7a2cf86c4069fdca2661ab4e9e
s4f_a3e	S4F-H2S1T24K5-FB53-D1_m0.350	COMPLETE	0350c239c2f6aa5891caf571823283f301047e9dbf11d2b2a5bec122c3874ade
s4f_a3e	S4F-L128S1T24K4-FB53-D1_m0.350	COMPLETE	ea71989e2abc86be233b1992928015cb7e61ad54890eaad318840fd3a56574e1
s4f_a3e	S4F-CTLrefK3-FB53-D1_m0.350	COMPLETE	9bc5417eb2539807bdf696e072565555451c914ee9c8bfd6e5b33648e2d594db
s4f_a3e	S4F-CrefK3-FB53-D1_m0.350	COMPLETE	85fd0b0a2a7dcc715815fdd5696471fada448ffc37c9fe701a673a50aed66c5d
s4f_a3e	S4F-H2S1T24K5-FB54	COMPLETE	33e54b16cdaec0ed829277c780f3cb9d72ece43be51bd70eea259ac3aff39e02
s4f_a3e	S4F-L128S1T24K4-FB54	COMPLETE	715287df382507d32da8dfe459395e500dc5ec1429fbf6dbe8273144f10443e0
s4f_a3e	S4F-CTLrefK3-FB54	COMPLETE	249b4ba4329529ea7cf9ce74c980787dd90b9391eabfd2bb3721723ebba24ff4
s4f_a3e	S4F-CrefK3-FB54	COMPLETE	6c97c92a71d46d8717293508d269197a90cc46924fd11fbfc523d33fba812890
s4f_a3e	S4F-H2S1T24K5-FB54-D1_m0.350	COMPLETE	915875fe1db30559531a5856cc92507048b2820e14fde59fb1b144516aa50a41
s4f_a3e	S4F-L128S1T24K4-FB54-D1_m0.350	COMPLETE	a51a2f567275fe74d50fc4398816ebce51c0d16255bb1aea3a746ca2b99839a5
s4f_a3e	S4F-CTLrefK3-FB54-D1_m0.350	COMPLETE	33906333bd5cd558009b6e8ae6c341b13759ebdea365209957bd140269a5bce1
s4f_a3e	S4F-CrefK3-FB54-D1_m0.350	COMPLETE	679288926b82af1d7cda53c8dfcf072da60bb14388db301e5d41dba39e341777
s4f_a3e	S4F-H2S1T24K5-FB55	COMPLETE	ce8fd73796f3ae199989230f74e6883a263e8a917c1610c0bd23639bbec99a49
s4f_a3e	S4F-L128S1T24K4-FB55	COMPLETE	b5384c515fd284da61b0ce2d5efce1d9138184a5d2925cb8d14345343697644c
s4f_a3e	S4F-CTLrefK3-FB55	COMPLETE	7ba6d6dfb9b8848109b5716823bdd9a98056e7deb9235b6a670ea21e6eea1a92
s4f_a3e	S4F-CrefK3-FB55	COMPLETE	f69ae425afec01783f5f24f4cad448b08e91458a4749505c0257ca3b065e3da4
s4f_a3e	S4F-H2S1T24K5-FB55-D1_m0.350	COMPLETE	138985d43a22146dc5bf6385aabf93a651a0d779676d6bec60ad74bce217cc1e
s4f_a3e	S4F-L128S1T24K4-FB55-D1_m0.350	COMPLETE	eb4b957748b1c9b76f5c368e3db4686f7cc9e85cb5881c1927341806aeb4bbf2
s4f_a3e	S4F-CTLrefK3-FB55-D1_m0.350	COMPLETE	13fff4061350d66e92936ed60d62937fba94de7751bd0f35c780a5c19ce38a97
s4f_a3e	S4F-CrefK3-FB55-D1_m0.350	COMPLETE	bfbee129e0c04b7efb9f3a6b97e3b958a07798296d28ab696b280d7ce7cd3bd3
s4f_a3e	S4F-H2S1T24K5-FB56	COMPLETE	fbd007ad5a1b5affd3d90e554a9d364634fe39a93b88b316d7325aa8f8c15c76
s4f_a3e	S4F-L128S1T24K4-FB56	COMPLETE	e96845c7f2731108f6894663e1be9d0d37b65baff3194fad9cc55664b091a3e6
s4f_a3e	S4F-CTLrefK3-FB56	COMPLETE	65f0bb24d7e0e3e9251ba17f14a85d93d0109b60078167beac81aef36a7ca8dc
s4f_a3e	S4F-CrefK3-FB56	COMPLETE	c6434a021b2e969a66fe70dab61906928840fca491bd3fe5b0af17bd43ee6155
s4f_a3e	S4F-H2S1T24K5-FB56-D1_m0.350	COMPLETE	ef92284aa3522cffed30d705ee84bc4636240e5bb14871198d63f111e41e0a1e
s4f_a3e	S4F-L128S1T24K4-FB56-D1_m0.350	COMPLETE	1156fa7434cd0fe031850682c10103c714e45decea26565762130a1f3238cefa
s4f_a3e	S4F-CTLrefK3-FB56-D1_m0.350	COMPLETE	922ac76a681286a5f96ee51d7a896a5a3e09fc46f4858928f382928d3d73f959
s4f_a3e	S4F-CrefK3-FB56-D1_m0.350	COMPLETE	3e3d19e54ffdec7562f6ae240cf6ba9d3f8d095020ceb1f768825f3e038c0308
s4f_a3e	S4F-H2S1T24K5-FB57	COMPLETE	b53af1f41361fd6a1ba493b71e1378efe1caca711360d556f8cbf8871c6e69d6
s4f_a3e	S4F-L128S1T24K4-FB57	COMPLETE	225bd964fb6cd195a2db9ab2e3e87a7f0c4570cab6ba87da70ba25989d7f6db9
s4f_a3e	S4F-CTLrefK3-FB57	COMPLETE	9f607dcaa5c29092ae6aed742e5bf9c79e4c315291b71b8e3745a0ea911a6bdd
s4f_a3e	S4F-CrefK3-FB57	COMPLETE	65839167b28a9e6f0573c23d9a83beaff783931cba4c3f105bf6e541ef937f88
s4f_a3e	S4F-H2S1T24K5-FB57-D1_m0.350	COMPLETE	20d7d815782ce74c9786be1a3971a205c898f121a6e708dc743844f57afc06ca
s4f_a3e	S4F-L128S1T24K4-FB57-D1_m0.350	COMPLETE	1746695f01969139cbbb243e6691de1822a9b3bf51bd8bb1e198068a95c593c7
s4f_a3e	S4F-CTLrefK3-FB57-D1_m0.350	COMPLETE	34f6dc9b97f97bd72d5bf226a4b5cf93f42fe5ec5656e77dc9ab191b476509db
s4f_a3e	S4F-CrefK3-FB57-D1_m0.350	COMPLETE	dda33945c6203e5bc5f4f356260348e9a274ce61df0c1a4218133864b8265a89
s4f_a3e	S4F-H2S1T24K5-FB58	COMPLETE	47f952e427c4446385f7632b000a022bc03e30227e631a9a1f62499f3c84a59f
s4f_a3e	S4F-L128S1T24K4-FB58	COMPLETE	4e6aa82bbba6c12e918b158899d462bfb94603b5e2d34f2b3d4a6d5e730bf0e4
s4f_a3e	S4F-CTLrefK3-FB58	COMPLETE	dc3c42db032413db2c04f76ac800dd745fed211908f9cd867fbb9c60e072b1e1
s4f_a3e	S4F-CrefK3-FB58	COMPLETE	db911f529fe568ed6350d4c069437162796f94b44ae7c38f19b8a23743042f82
s4f_a3e	S4F-H2S1T24K5-FB58-D1_m0.350	COMPLETE	2a8d766a371fb30cd30d16808c4f4163e70d6d00a9ba3c9e1db26e0ef754c4ef
s4f_a3e	S4F-L128S1T24K4-FB58-D1_m0.350	COMPLETE	239dec72ef359258b534cf2327ec8bce509cb56138abd158b4718a4bfb6746f7
s4f_a3e	S4F-CTLrefK3-FB58-D1_m0.350	COMPLETE	25739edee6d3f6cbccf827f092359736f61ba650e48618c956f779cbff61f17b
s4f_a3e	S4F-CrefK3-FB58-D1_m0.350	COMPLETE	9986d7ee2462c0fe3500faf83e5828d79abe365fec06274324472cca4a2becdb
s4f_a3e	S4F-H2S1T24K5-FB59	COMPLETE	3ace220bd795d9562beb970811c7dfa35c5ed9eb43cfa2aa84e5b12da3cd409d
s4f_a3e	S4F-L128S1T24K4-FB59	COMPLETE	b7532e5f9e5fe242a30db3f7c34239cab3880db7f643130c4c57a927fe02253e
s4f_a3e	S4F-CTLrefK3-FB59	COMPLETE	1b72265d51c694f8292cab211d58316a49ddf8df439405bb4581707420e268be
s4f_a3e	S4F-CrefK3-FB59	COMPLETE	73d9e59ac4dd82cd418d28048f4217b396825bb1f5a201fe22bfd2e7e1c051af
s4f_a3e	S4F-H2S1T24K5-FB59-D1_m0.350	COMPLETE	640c504bf0c280d553ddbf326d18f919923d5688fb0ddc75e63e562d75cd08a2
s4f_a3e	S4F-L128S1T24K4-FB59-D1_m0.350	COMPLETE	2d011f49ffc44e21b1044c2086adae1bac01567bd924ee41f3504547f199af0d
s4f_a3e	S4F-CTLrefK3-FB59-D1_m0.350	COMPLETE	da6dcc051d98b76834962ddb54144be08095b6becea227059a56b0220df8a251
s4f_a3e	S4F-CrefK3-FB59-D1_m0.350	COMPLETE	01bdf01eecd727438502dfe21427b21e9d0f94b9c57280bc7169082b2821bfae
# s4s_a3.tsv sha256 b5031ae09527d53181602d312c0a49cdb4a61c3472438922c94130afdcb3c05c
s4s_a3	S4S-H2S1T24K5-FB0-D4c_p_up	COMPLETE	1e2e3b4c566d0b25aaa5023b0f852902908733cec18f7142c97b12342bad6825
s4s_a3	S4S-L128S1T24K4-FB0-D4c_p_up	COMPLETE	2888d1cb31ba09cd09ba24ee5b2c07402f2ae7595a994f7cbbe93897a1a9e0ab
s4s_a3	S4S-H2S1T24K5-FB1-D4c_p_up	COMPLETE	586431111ddbbb3de8723be5d530f563a4892e5592316477ebbbd7fca5d7a7ac
s4s_a3	S4S-L128S1T24K4-FB1-D4c_p_up	COMPLETE	2f53a2ca10268547513f018be4087d80316bfc805f8a46d7f12c579f3e559a7a
s4s_a3	S4S-H2S1T24K5-FB2-D4c_p_up	COMPLETE	fc60d2e948e14ecf6023d5e504f009b24eafd6fe5f7a721512cf8f7cae7df30f
s4s_a3	S4S-L128S1T24K4-FB2-D4c_p_up	COMPLETE	8e795251d841d9b0a23564a94b63751eb0df19cb47d16bd3d9056fd0cfd3bf3f
s4s_a3	S4S-H2S1T24K5-FB3-D4c_p_up	COMPLETE	ee6f8951600876a481d7dad308732c080617f6e78ca7c360d2cff721e8e17edf
s4s_a3	S4S-L128S1T24K4-FB3-D4c_p_up	COMPLETE	334cdf6b6726adae7c80bc86b523671032db9e3d0518e428e2e5aee696c48319
s4s_a3	S4S-H2S1T24K5-FB4-D4c_p_up	COMPLETE	6fc598adf37affefd3a47a787836927244571644f45a0795a5a581f403403a09
s4s_a3	S4S-L128S1T24K4-FB4-D4c_p_up	COMPLETE	7ba0369de9f73cdedfbb3b4c4eca04720fb37e5cae1d1bdbc1887d54d09cdce0
s4s_a3	S4S-H2S1T24K5-FB5-D4c_p_up	COMPLETE	7e7a7c33dee056a24905f2a46aa24c9ed491e3712817a0a91945b24941e2881f
s4s_a3	S4S-L128S1T24K4-FB5-D4c_p_up	COMPLETE	7f9aa21342e050bef63b083735ac6fdcecca6be2e62bd0893bdc27e92030693d
s4s_a3	S4S-H2S1T24K5-FB6-D4c_p_up	COMPLETE	fe80f670064616f06cf34df301c300b41682f948c5bba09b7e2bac068181f735
s4s_a3	S4S-L128S1T24K4-FB6-D4c_p_up	COMPLETE	5ded3f3022a878e475cdca4acab91fa586882959452e6838b7a75f7294625b1f
s4s_a3	S4S-H2S1T24K5-FB7-D4c_p_up	COMPLETE	bad16ce9fc64aac4c7c41b3c76dfdf44257773726cc73766cf0fca675e879563
s4s_a3	S4S-L128S1T24K4-FB7-D4c_p_up	COMPLETE	294cc91865cba9da0b4a4becf94a933a544098be9bf63bb662cdd2196856d21c
s4s_a3	S4S-H2S1T24K5-FB0-D3_p0.35	COMPLETE	a61315db8fd1c5681ab6bef45b76c1556efe41b565c13a682720d8c0a7cdbfcf
s4s_a3	S4S-L128S1T24K4-FB0-D3_p0.35	COMPLETE	60c968ee646a0e3bb5ccec600d50482ee6db2ed9747e708f3c3474bc4f1a73b4
s4s_a3	S4S-H2S1T24K5-FB1-D3_p0.35	COMPLETE	8760f2f095504c76289497b8c244e4470acd2cb6f86ba6a17109cb1fa94b86dd
s4s_a3	S4S-L128S1T24K4-FB1-D3_p0.35	COMPLETE	d981e46b5b7e71df87b9d3b7f595ac40f94af8edf868ace871c1f9e33aa676af
s4s_a3	S4S-H2S1T24K5-FB2-D3_p0.35	COMPLETE	360f01cf727d23e468010933749e5d96fb47f75549f3c6b2ba95cf7cb74babbe
s4s_a3	S4S-L128S1T24K4-FB2-D3_p0.35	COMPLETE	7d135699610a36d5752974cb67ca22c839f31cd212e2c13b6de3915dd3dff3ad
s4s_a3	S4S-H2S1T24K5-FB3-D3_p0.35	COMPLETE	8f8398c8d640ca18c3ec293ba3883d3fbe4d7e656c03fdf56e6deee0c2b5d22e
s4s_a3	S4S-L128S1T24K4-FB3-D3_p0.35	COMPLETE	7caa2153aee8f2c3b97d6d41e5aa9dd4f7dd40695baffe68350a86517d33784b
s4s_a3	S4S-H2S1T24K5-FB4-D3_p0.35	COMPLETE	a86993cf8153bf634b36480b7f36c12141b53b4f27fcfb829a5ee749c6e924f2
s4s_a3	S4S-L128S1T24K4-FB4-D3_p0.35	COMPLETE	f04c67a1fe33802fd6f2707faf89dcfdc4cf411faa5a1fc6ae2d73f1b8d42e86
s4s_a3	S4S-H2S1T24K5-FB5-D3_p0.35	COMPLETE	f542ae88854df8111230f13ffa7a9cde43c4c81efdbb16f9dd6a89161c77c8f5
s4s_a3	S4S-L128S1T24K4-FB5-D3_p0.35	COMPLETE	34620aade43662a5bf867060d1c8653c557c26c7f1cf7faf22e706625a267e55
s4s_a3	S4S-H2S1T24K5-FB6-D3_p0.35	COMPLETE	26f7140222c3560e1166221905acfa3f994324687d8e62d6d07633fc31adb1ec
s4s_a3	S4S-L128S1T24K4-FB6-D3_p0.35	COMPLETE	3946a700ae31204ffa607ad8fa677162bf632dbf0c209f3ba3e75ed016779534
s4s_a3	S4S-H2S1T24K5-FB7-D3_p0.35	COMPLETE	46c7a24d34d569fca441ec1131a06f6f19e06994a19ed2429a4c75b902750edd
s4s_a3	S4S-L128S1T24K4-FB7-D3_p0.35	COMPLETE	6af2faba3ba2ad2e4c6f02ea025f937b24b9343ab5618cd59480a451d031c30e
s4s_a3	S4S-H2S1T24K5-FB0-null	COMPLETE	275da6f6b300bd22e397cfdf8850e38999ce89d2f87b6a513238436e831e4677
s4s_a3	S4S-L128S1T24K4-FB0-null	COMPLETE	39c54b0e33de6134a7a17c9e3b578e8a250ea5e18409130bbfe86f3949eb62dc
s4s_a3	S4S-H2S1T24K5-FB1-null	COMPLETE	ebb65fe448a64a6d4db79a9f98d1e5c138eaf169e52a797e20dc1d055fb0c6fa
s4s_a3	S4S-L128S1T24K4-FB1-null	COMPLETE	14bf5d6fa904a8831a4e0d9966105a31d460fd080f401c4f786833dfea41706c
s4s_a3	S4S-H2S1T24K5-FB2-null	COMPLETE	31ac38c86e35f25a9061b4978aa63bb5ed75a59e57b916fd4ba3f42371f22375
s4s_a3	S4S-L128S1T24K4-FB2-null	COMPLETE	3cd5f7ca96684bc63f12fb3b98a19c78a21efacfb48cd25ceac5431cea871dd3
s4s_a3	S4S-H2S1T24K5-FB3-null	COMPLETE	9f00c0e83af290136492b337360a853b62e6d2ec426da54e284f657f260860d0
s4s_a3	S4S-L128S1T24K4-FB3-null	COMPLETE	2457f82ba3666201d4bc4172090476f33966a1a4a2f2d6a2978f0f6208312175
s4s_a3	S4S-H2S1T24K5-FB4-null	COMPLETE	7989042a781bf5647089539b66e0afa99d04be52d85c3380a0668ecf93df2b06
s4s_a3	S4S-L128S1T24K4-FB4-null	COMPLETE	d1af6357c17abe1d4577dfc594ec7a1c7bd73341ee1943c37a70cdaade1f9554
s4s_a3	S4S-H2S1T24K5-FB5-null	COMPLETE	b96506122298a6295954c9f04ae0ac4f8226e3371156ef28fb66951816f95fac
s4s_a3	S4S-L128S1T24K4-FB5-null	COMPLETE	2002a8593018e080a41c86f2691bb5b4a0529ccf90ec41a8dd5d4dbff85a0b2d
s4s_a3	S4S-H2S1T24K5-FB6-null	COMPLETE	e1291ef16f901039ba6c46260fcaff8e467ae3dde5f55ebc6de7e356cf3044c7
s4s_a3	S4S-L128S1T24K4-FB6-null	COMPLETE	8e446fbbfd34d6134cd42a94b19104d2d4440ff5511da9a74aa45fa6082332e6
s4s_a3	S4S-H2S1T24K5-FB7-null	COMPLETE	a7a46185d55118ecd6a94947197117d8b9d3dc66b7277d6b207a94a96f93ecae
s4s_a3	S4S-L128S1T24K4-FB7-null	COMPLETE	507976efa4fd2cb3de3cbb694e89906d1854b8117876479908d574a0e326f3f0
s4s_a3	S4S-H2S1T24K5-FB0-D1_p0.350	COMPLETE	4d24b1eb4131d37baf926e26b3dc8140c0ee94bbf2f214b8ce2199067884f70f
s4s_a3	S4S-L128S1T24K4-FB0-D1_p0.350	COMPLETE	ec8d4b4491a131740a5e1c6a250b6521851d8910244274f86ca885005e51ecc6
s4s_a3	S4S-H2S1T24K5-FB1-D1_p0.350	COMPLETE	8d4f7311fdcd608c029194595af1662d77f249cf87908a739ad98e9316e59370
s4s_a3	S4S-L128S1T24K4-FB1-D1_p0.350	COMPLETE	43fdbe8d7ecba3134d9051c89623d3898516c61f3ca359a5387e0215a3426567
s4s_a3	S4S-H2S1T24K5-FB2-D1_p0.350	COMPLETE	7207e06712de4b42ee0c57bf3e533ba6590f5c2bd694321778c56a0aa3c49314
s4s_a3	S4S-L128S1T24K4-FB2-D1_p0.350	COMPLETE	887b812db3b9e665a3098dcd24e4d2fc55f3b5aa0f68ec68191138452e2020d0
s4s_a3	S4S-H2S1T24K5-FB3-D1_p0.350	COMPLETE	4b0a4af5872c973547818c9927e6eda4a00789fe99294ff85e8e4816500258e5
s4s_a3	S4S-L128S1T24K4-FB3-D1_p0.350	COMPLETE	08d73019f87e5f02cd989f5cd6a6a3a70e2302689845d1e5ac82ff7abb9b7b04
s4s_a3	S4S-H2S1T24K5-FB4-D1_p0.350	COMPLETE	fdff29acdff3c1f52f8869b344f696d8e47c2c4892a865d45175f282729e2cb8
s4s_a3	S4S-L128S1T24K4-FB4-D1_p0.350	COMPLETE	af374ff6c943068e6b9af0a677744aef428483a1613aaf9e23ca1795b2f9492a
s4s_a3	S4S-H2S1T24K5-FB5-D1_p0.350	COMPLETE	b8f9f5a65cc95ca332c074d15e7ebe0893409d2b86f6149711941eead1272b73
s4s_a3	S4S-L128S1T24K4-FB5-D1_p0.350	COMPLETE	839c557d92e7a2b8e93f66322194b97bbaae6a8b3d10543ea81dad68b71f5ad4
s4s_a3	S4S-H2S1T24K5-FB6-D1_p0.350	COMPLETE	1f60516f266d5d38aabbb1a368b12a6a817d1e88e077a38da3894d200a7a0ced
s4s_a3	S4S-L128S1T24K4-FB6-D1_p0.350	COMPLETE	d9f4dfd37a9c7efb21dca1dddb283316af89dbe263fe0202c7446b2599e37587
s4s_a3	S4S-H2S1T24K5-FB7-D1_p0.350	COMPLETE	e050c92da2249ba5996b7bb7ffe54b64b7cc0b44f4f5778c0d849fa7d5a65762
s4s_a3	S4S-L128S1T24K4-FB7-D1_p0.350	COMPLETE	09326315cdcb6e1a2f85a0eab0ac28afe645b7cb4d7e261f2c45da4e7e05639e
s4s_a3	S4S-H2S1T24K5-FB0-D2_bump_c0.3	COMPLETE	beb39292320d79471d2babf1ec689637056899829b3fbff18d6d67f7e7a30fae
s4s_a3	S4S-L128S1T24K4-FB0-D2_bump_c0.3	COMPLETE	66aba32940e8787225633f7a7c4b95c43ce66a8361bafa6933c3e360f0999a6a
s4s_a3	S4S-H2S1T24K5-FB1-D2_bump_c0.3	COMPLETE	c76408293e94793a6d2bf83c9d355e8bcc0606fb65cb2c582d8c0d7df8c6ce68
s4s_a3	S4S-L128S1T24K4-FB1-D2_bump_c0.3	COMPLETE	9cf3a3803722f3b2a7ba977367594fa29a5696760a596f78793208cb29d2c1f2
s4s_a3	S4S-H2S1T24K5-FB2-D2_bump_c0.3	COMPLETE	ee413522e9546c07137cac6693dc15332979126c2d14b40ab3408c2d3a33b63b
s4s_a3	S4S-L128S1T24K4-FB2-D2_bump_c0.3	COMPLETE	304dc5024cc8996813e52b33672ceb7f6da2b44e22088770acd1ac9aea888251
s4s_a3	S4S-H2S1T24K5-FB3-D2_bump_c0.3	COMPLETE	44e32a71b85d449dc86d05832c00f15ff8274031c912205867a33389d99c7d8f
s4s_a3	S4S-L128S1T24K4-FB3-D2_bump_c0.3	COMPLETE	e2b346936dd1d970a8828eab8ef36a6e1af38b165b76753e89b3596b849c4aa1
s4s_a3	S4S-H2S1T24K5-FB4-D2_bump_c0.3	COMPLETE	e7d1cfd94c4693205d67ffba14e584a4dd6997b63b781ae0b2863e2d5627a810
s4s_a3	S4S-L128S1T24K4-FB4-D2_bump_c0.3	COMPLETE	45470ff7329da5068faf2dcd0dca23aafb616cfb74212d21bac7aad530722633
s4s_a3	S4S-H2S1T24K5-FB5-D2_bump_c0.3	COMPLETE	a1fd9addbb04a03c008b6ab3845b55e55b5230408c22b07644cef8de447d7ceb
s4s_a3	S4S-L128S1T24K4-FB5-D2_bump_c0.3	COMPLETE	4f754f23c47babb532686bfaf67f2817d8c8345d0fb218b40ff4d971f9c73c34
s4s_a3	S4S-H2S1T24K5-FB6-D2_bump_c0.3	COMPLETE	14f0333f1cc18ea39d76c8d2e59cf895f694ef537a620dd494cefade0c559d9b
s4s_a3	S4S-L128S1T24K4-FB6-D2_bump_c0.3	COMPLETE	7a5f1bce8729159c5b6ea4acaeaf5a026ef183618448609e9eec78ed00f78fea
s4s_a3	S4S-H2S1T24K5-FB7-D2_bump_c0.3	COMPLETE	745cbb696e6c399d0e164af0250a4c947623612693d14efe75c391ac63429ae1
s4s_a3	S4S-L128S1T24K4-FB7-D2_bump_c0.3	COMPLETE	9fa59c8fa86be73c1bc5e27b749a214e9c16f69a12e941fc33469cabf1b9ffd0
s4s_a3	S4S-H2S1T24K5-FB0-D4d_n_up	COMPLETE	a650c15584552a260ab6d62c5773dd7bc6f332a866bbdbac9a13d22805a374bd
s4s_a3	S4S-L128S1T24K4-FB0-D4d_n_up	COMPLETE	7cd5e5aa0274c6c32aba1d63845005edd257efc9f5cfc650011bae4940fd074f
s4s_a3	S4S-H2S1T24K5-FB1-D4d_n_up	COMPLETE	9fbfd5f0af1ccfd11604e83c534c768756d9eaa7dd848456db258ab99022801f
s4s_a3	S4S-L128S1T24K4-FB1-D4d_n_up	COMPLETE	a7ee9b2f76ba2adb2ff6f26ba945ac0377e5b9190e9b25b135940696b1d6d346
s4s_a3	S4S-H2S1T24K5-FB2-D4d_n_up	COMPLETE	774945872804dc4a0b16530773dc6f85c7b72827ac93bc48ff2f305dd09fb698
s4s_a3	S4S-L128S1T24K4-FB2-D4d_n_up	COMPLETE	96f85da94d36f2c1a07bb7159ce85c99c85a05d5bc390ea75be17c2c40f726d9
s4s_a3	S4S-H2S1T24K5-FB3-D4d_n_up	COMPLETE	00df94f6840f5bfee448af37b8bb44873f52f4c11044ebed7be9c9e9d67d4267
s4s_a3	S4S-L128S1T24K4-FB3-D4d_n_up	COMPLETE	abd2257f068c95ea093014c8fc72712ff2fb8f13369a4be608da00a0317eb3ce
s4s_a3	S4S-H2S1T24K5-FB4-D4d_n_up	COMPLETE	ba869717673179e2c60866b9c269a13542385b983e7a18796e20323f6a1aaa45
s4s_a3	S4S-L128S1T24K4-FB4-D4d_n_up	COMPLETE	f2329f6495755b624ef2bb1daeb4d8f738b936393199ee7a05183f3363140e80
s4s_a3	S4S-H2S1T24K5-FB5-D4d_n_up	COMPLETE	4a0e744d0872606ca3ca614e2d2862e1833d80d9997c67281136aa8a443719e5
s4s_a3	S4S-L128S1T24K4-FB5-D4d_n_up	COMPLETE	b2f8e998798eacd4bba8665fde84895d30c03560a0f751b3c2331a2821e162bc
s4s_a3	S4S-H2S1T24K5-FB6-D4d_n_up	COMPLETE	36e0a7a2560efd4dcdf883096f41e13fbe019cb4f7ed4a73627beac255125c8a
s4s_a3	S4S-L128S1T24K4-FB6-D4d_n_up	COMPLETE	3f4519baa99834e36acc3d62f5a897aaeb22cc2e88838b75208da83d42c71407
s4s_a3	S4S-H2S1T24K5-FB7-D4d_n_up	COMPLETE	19d5e24c7e3c290988398e2880b6e13f6cbd3318401366c2c9dfbf7f6ce63c4e
s4s_a3	S4S-L128S1T24K4-FB7-D4d_n_up	COMPLETE	2250bca09e4b7ce0f6b6b2a97bdb9fe2e417d7b42a6a52c63ec38dd1d7fb3ada
s4s_a3	S4S-H2S1T24K5-FB0-D5_nuwro	COMPLETE	4be5a26eaff06a8f8d9bc6b28e02ac63bd371606ae5b1d19aaba24e7ed714ddc
s4s_a3	S4S-L128S1T24K4-FB0-D5_nuwro	COMPLETE	54496c0996acf55d3b5b90deaf0c3a10c76867c9c62c2976e649297535fff9b6
s4s_a3	S4S-H2S1T24K5-FB1-D5_nuwro	COMPLETE	ba56e882a0d679742aaf9a8c1838920921442457de7ef7f8a0b75fe5e7313385
s4s_a3	S4S-L128S1T24K4-FB1-D5_nuwro	COMPLETE	de7f644fc11ccabce29a3d440ee290f680ccc3e58695309cc14f7906c06bbf49
s4s_a3	S4S-H2S1T24K5-FB2-D5_nuwro	COMPLETE	5141170de30f3924831b5153a191dba836202091f01087cb357bf2083b49da16
s4s_a3	S4S-L128S1T24K4-FB2-D5_nuwro	COMPLETE	20317e36e7500b100bc1ad0aa74e559694efaff9c6b46774c7fcef6e2bf3a79c
s4s_a3	S4S-H2S1T24K5-FB3-D5_nuwro	COMPLETE	6102136e6ebdbc342310ed40482c7875a2baab2cdb3267d53e8a73c930e34b73
s4s_a3	S4S-L128S1T24K4-FB3-D5_nuwro	COMPLETE	053d89efef2ab1a8f0c6d68bfab58f098223701665972770adba1a2d01cbed9d
s4s_a3	S4S-H2S1T24K5-FB4-D5_nuwro	COMPLETE	a413f5478a1df416dd9e9cd3915622aea24e1edabb0342e046399f9c79a05f69
s4s_a3	S4S-L128S1T24K4-FB4-D5_nuwro	COMPLETE	8eaea7bae93b34d11ae3fc6b1f0bbc09d76433816eed9f370d33bb9eccb13094
s4s_a3	S4S-H2S1T24K5-FB5-D5_nuwro	COMPLETE	2679ff60c2a43c413798c73be432bce2043231001b8eadb43cb3d678e32393be
s4s_a3	S4S-L128S1T24K4-FB5-D5_nuwro	COMPLETE	a6bf7e3f87280ae5d5d9fd436ea6750995deca51dfcbc416be9e572fc5fc32ed
s4s_a3	S4S-H2S1T24K5-FB6-D5_nuwro	COMPLETE	ed55d85d812869c237b2ca8454a7abaca0cdad21e3e7774d9f88c6ca06eefeec
s4s_a3	S4S-L128S1T24K4-FB6-D5_nuwro	COMPLETE	380f1034f99c3f8ea73c1d854a2aeeba3dde1ef8f00ddc3a8c3c9a59099f2ebc
s4s_a3	S4S-H2S1T24K5-FB7-D5_nuwro	COMPLETE	f05a33078e334ebd08620b0bd7b56f633485e79f0186e3c9937fbcd619f171a0
s4s_a3	S4S-L128S1T24K4-FB7-D5_nuwro	COMPLETE	83c510bd28fd24f518ddbc19fe228bc6864506eac870fea8261e0a8953a1a578
s4s_a3	S4S-H2S1T24K5-FB0-R1_x1.05_D1_p0.350	COMPLETE	cd7eed518b67051f8e3ba48adae9c298ce7b24083322093846d176a2446dd0e6
s4s_a3	S4S-L128S1T24K4-FB0-R1_x1.05_D1_p0.350	COMPLETE	3d311f8aca0083cb649802e82bcfd10e811de120fa3b1ef3ffd2fac7d0820fdd
s4s_a3	S4S-H2S1T24K5-FB1-R1_x1.05_D1_p0.350	COMPLETE	b8e389ac263dd09d07ebafc33da0c89db2163313ea91bcfc05b3ec4864caec03
s4s_a3	S4S-L128S1T24K4-FB1-R1_x1.05_D1_p0.350	COMPLETE	3c57f7c981032b40d80556313aa27fd6e660a7a11edb4d1c0c53d41ecc5f4b6a
s4s_a3	S4S-H2S1T24K5-FB2-R1_x1.05_D1_p0.350	COMPLETE	2d345da1d82ab8de4065561bb3a052ac347c2114edde0b911c499f8d36f34ee7
s4s_a3	S4S-L128S1T24K4-FB2-R1_x1.05_D1_p0.350	COMPLETE	9ba0c1b1696127fe884ceaaa2a9a1f0f9b62bc3e0f1571f5835a19a33ec62e74
s4s_a3	S4S-H2S1T24K5-FB3-R1_x1.05_D1_p0.350	COMPLETE	29b4a161eed55311fd46819ecd94b01a36769dd78ee813b7bc72332f6c86f07b
s4s_a3	S4S-L128S1T24K4-FB3-R1_x1.05_D1_p0.350	COMPLETE	765954c385760c880b8c6ccc0bc3f22201d3e3135855f4aa291affaa3d5ea410
s4s_a3	S4S-H2S1T24K5-FB4-R1_x1.05_D1_p0.350	COMPLETE	0635519dc8409e2346e16a2702fa40afbd7d558c2bc90d66fef3cf8e591ffed9
s4s_a3	S4S-L128S1T24K4-FB4-R1_x1.05_D1_p0.350	COMPLETE	5ebb3a76e38612a6ee1d7581e9cf6da9942b2e49a6a4456b932bd58d4253987f
s4s_a3	S4S-H2S1T24K5-FB5-R1_x1.05_D1_p0.350	COMPLETE	f278fab78224610357e1331a01c20188377dbeddf6c8cf9cedb9e5d66ccc5ffe
s4s_a3	S4S-L128S1T24K4-FB5-R1_x1.05_D1_p0.350	COMPLETE	c3bffa8118315c0ed0499bd1647aaf12bd29d4c4e16baf8c758470fc97bf2065
s4s_a3	S4S-H2S1T24K5-FB6-R1_x1.05_D1_p0.350	COMPLETE	96ea8843229e9dbfe602d06afdc5ad5ddee9ffb482956aee60d39f7c6a9db0dc
s4s_a3	S4S-L128S1T24K4-FB6-R1_x1.05_D1_p0.350	COMPLETE	3c7391a9d8482f70fbb1aa39a42f8ae2ffca28b05ad81e9e38c3a178ffc9159c
s4s_a3	S4S-H2S1T24K5-FB7-R1_x1.05_D1_p0.350	COMPLETE	44956c00f688afe402817865bf60bbe65e3dbb884b58110d9b4062de87f53b16
s4s_a3	S4S-L128S1T24K4-FB7-R1_x1.05_D1_p0.350	COMPLETE	ff4298ca0356073bc3cbb2c4ce7df681354923df0fdaf7a9e91faa339ca5850a
s4s_a3	S4S-H2S1T24K5-FB0-D1_m0.700	COMPLETE	50295c9917e886d19ee085e094792c7b10163e5750bb48d6eb2360b40bd91471
s4s_a3	S4S-L128S1T24K4-FB0-D1_m0.700	COMPLETE	0f81a09f0ab38ff42fa3a77ac1eb1e68fe1fd3bde2ab36ba817d4363a1df6f60
s4s_a3	S4S-H2S1T24K5-FB1-D1_m0.700	COMPLETE	5273addb2285eb980b1825cacd3d14e93bff5a2d76d97b06ee8e4700ea2484b0
s4s_a3	S4S-L128S1T24K4-FB1-D1_m0.700	COMPLETE	c5589021297e6748c6ed3e5fbea5eaf63b8ac0c0eb51dfbf4ac88ccf8d58ad41
s4s_a3	S4S-H2S1T24K5-FB2-D1_m0.700	COMPLETE	045db580b78b5de44c1434bf7d6c5eb6c5d5e8b7a2ac5a1e8d28c6e75261b8ec
s4s_a3	S4S-L128S1T24K4-FB2-D1_m0.700	COMPLETE	0f0b7c0bf8561e462f659699961baf207d288cd03cf3249b215e59d2a1f90888
s4s_a3	S4S-H2S1T24K5-FB3-D1_m0.700	COMPLETE	2a1845d9ca576efdf73e22d109345153f18ff371ecbf55f7b5b23be2ce6aea67
s4s_a3	S4S-L128S1T24K4-FB3-D1_m0.700	COMPLETE	2b103825a779cdfc256b637ae17b371bb0b8d19d166ed6f11f15b4bdae1c6a6c
s4s_a3	S4S-H2S1T24K5-FB4-D1_m0.700	COMPLETE	8878110218172a7f91ca42a2093837759995eb8f56de1dbe0d40a2be22a662d5
s4s_a3	S4S-L128S1T24K4-FB4-D1_m0.700	COMPLETE	b314fa088617327ea26a9eb85875e18b3abffa7c3bdee5f1d04ad6fa8657632f
s4s_a3	S4S-H2S1T24K5-FB5-D1_m0.700	COMPLETE	4f00076040d9641eb58d87793ce7229552fb18adf2f43517f7333e8e2488e4a1
s4s_a3	S4S-L128S1T24K4-FB5-D1_m0.700	COMPLETE	7d9542f5631d91362d27810531bd1cac0fde5f7dbc70b2eebd0eccf099f77c36
s4s_a3	S4S-H2S1T24K5-FB6-D1_m0.700	COMPLETE	8328745fab73f4530e8650371d4f9ed6e02428906f10561c26577f7f32db9375
s4s_a3	S4S-L128S1T24K4-FB6-D1_m0.700	COMPLETE	3479c9cd8e348dfa397e3d338aed22f17d2ca262c666e777ac3ee0eecef583b4
s4s_a3	S4S-H2S1T24K5-FB7-D1_m0.700	COMPLETE	975975a673c5f77d2449460f84ede68d08716a3396b1a9c148b0c4ec8d7c692a
s4s_a3	S4S-L128S1T24K4-FB7-D1_m0.700	COMPLETE	2fbc95a356b38b36df53013a9dc1e716fc4145eb129342c0aeaa7b5535168aec
s4s_a3	S4S-H2S1T24K5-FB0-D1_p0.175	COMPLETE	d537557dfc187fe0b38a3cff4490b1391ed0b3b85f0fa4bd93f0dd4efb146370
s4s_a3	S4S-L128S1T24K4-FB0-D1_p0.175	COMPLETE	2b176edbe2a8ec9a82fb6f7e32c7ace74453a404b82f28de3189d773eb8780b4
s4s_a3	S4S-H2S1T24K5-FB1-D1_p0.175	COMPLETE	dbbcf8d413847b787497a76c3c967126f705d3d286dd0f897625027d953167ac
s4s_a3	S4S-L128S1T24K4-FB1-D1_p0.175	COMPLETE	1291df0f56908e8ba75c13b79480375b359e848549edc6e5510c52b2b1d90b01
s4s_a3	S4S-H2S1T24K5-FB2-D1_p0.175	COMPLETE	d581dec39c1a72fa45d1a60e9c0c0f586c89673a5016143fdbeff79053191579
s4s_a3	S4S-L128S1T24K4-FB2-D1_p0.175	COMPLETE	ba0be22dc55d1e2a3a679d37c385a52066c6ae5881cda8df924fa47db91f0f5f
s4s_a3	S4S-H2S1T24K5-FB3-D1_p0.175	COMPLETE	7f3426e6c2d5ec7a4a0601be3dbf2368519755786737c4a11485a91e23cb06d4
s4s_a3	S4S-L128S1T24K4-FB3-D1_p0.175	COMPLETE	42f5a71e6c522576733f58a4d87736f59d61cd5a92e2a725fb4ab0d160bdd1c9
s4s_a3	S4S-H2S1T24K5-FB4-D1_p0.175	COMPLETE	c5dd4dcf0b99b1e9b7decc47bc1085ac5727ad6a949b20098d792ec23e39957a
s4s_a3	S4S-L128S1T24K4-FB4-D1_p0.175	COMPLETE	909125a0d58dc70283dd6bd38e12e3efda9001605c3bf3d144aa03e81e7cc52b
s4s_a3	S4S-H2S1T24K5-FB5-D1_p0.175	COMPLETE	b3dfd12e83bd35192f236a6989328276c66484169c7bd421ca28f0d7183f35bc
s4s_a3	S4S-L128S1T24K4-FB5-D1_p0.175	COMPLETE	615e7d1e9f1bab356234217516624e94c53d601b86b6f990b6f161863116c74b
s4s_a3	S4S-H2S1T24K5-FB6-D1_p0.175	COMPLETE	104cc04dcf9594bcb024a6fd58760997b5caf3126729e5d50a4f7936e4fce96b
s4s_a3	S4S-L128S1T24K4-FB6-D1_p0.175	COMPLETE	10ccb42c8533b6a7a0347d6bb43e5d3ac98ae9504eaed71959d7dd0488f23b46
s4s_a3	S4S-H2S1T24K5-FB7-D1_p0.175	COMPLETE	997c9cc4cb76523b8cff5fed79a24d3fbd5ee8903157e7152ec95279a03f2136
s4s_a3	S4S-L128S1T24K4-FB7-D1_p0.175	COMPLETE	7324e1d93bd955911392bf45eefadb5e8be4e75f245c9e3db42115651e06f086
s4s_a3	S4S-H2S1T24K5-FB0-D2_bump_c1.0	COMPLETE	c8dee68d1c1a24ef43308e12186ab12fa706ace29dbc8aa420aef8ea9a2f4d41
s4s_a3	S4S-L128S1T24K4-FB0-D2_bump_c1.0	COMPLETE	31bf96a6b3d60b6a181c9ed527e9b58d27fc8cb0ba3047045109ab9264828107
s4s_a3	S4S-H2S1T24K5-FB1-D2_bump_c1.0	COMPLETE	72dc4cb9721c81e0369c2e24f8ebea8babe40e8ed29c74b6066ee17ef2b68830
s4s_a3	S4S-L128S1T24K4-FB1-D2_bump_c1.0	COMPLETE	9d47aba63f0908c69b5b95104d84c30dc933d02b8b507ca529a94c71c67f5723
s4s_a3	S4S-H2S1T24K5-FB2-D2_bump_c1.0	COMPLETE	3e53ab71724eb7c6f2edca6a97290a00c808ff2dc42f51f59a5279560dcdb744
s4s_a3	S4S-L128S1T24K4-FB2-D2_bump_c1.0	COMPLETE	4499ebaeb0f33c27f757a765b93312f5d834a61a0115d091ba9accafbbe37cc1
s4s_a3	S4S-H2S1T24K5-FB3-D2_bump_c1.0	COMPLETE	9bc6cd612d4e86ef922b73ab57c669aa7e300d98fd328bd2fa05fc7bdae3a287
s4s_a3	S4S-L128S1T24K4-FB3-D2_bump_c1.0	COMPLETE	a4b761425eeeeaff599f3162680f5a14891ecdfae1cf9f33166a622666bd3b8d
s4s_a3	S4S-H2S1T24K5-FB4-D2_bump_c1.0	COMPLETE	532dd3f8ec2e337e8b7c047bb94479b3ade615f7ddb10a10031c722b44b9d530
s4s_a3	S4S-L128S1T24K4-FB4-D2_bump_c1.0	COMPLETE	75948e5357c329398d3a2b07aa8ac5b775f2c8224834dcaf1ecb9a5562bdfc4c
s4s_a3	S4S-H2S1T24K5-FB5-D2_bump_c1.0	COMPLETE	a4e87a78e46169dd7c5f92c0c7e8de51bd42b22d9c193c32ba222dba7e7a962e
s4s_a3	S4S-L128S1T24K4-FB5-D2_bump_c1.0	COMPLETE	50c8c2320ca0f85b6834c8cfd61e684fd96440a5a1844aa8395413b55d022158
s4s_a3	S4S-H2S1T24K5-FB6-D2_bump_c1.0	COMPLETE	8fa18721017ede14da012e390af1c81eae65ca8af70782766e395956d45b3eaa
s4s_a3	S4S-L128S1T24K4-FB6-D2_bump_c1.0	COMPLETE	14d927f6d22875b1fa665ccdf35609295492a7cd4af550a9d503f2423f065b5b
s4s_a3	S4S-H2S1T24K5-FB7-D2_bump_c1.0	COMPLETE	df0dcdaa35e68abaaeab9b573b5a56927cddc76430694d7ca2014e1694fac3c1
s4s_a3	S4S-L128S1T24K4-FB7-D2_bump_c1.0	COMPLETE	43d9da26d3fbd599a10e10bd964221364e1c0559623ec81713387ec1f7cc06b6
s4s_a3	S4S-H2S1T24K5-FB0-D3_m0.35	COMPLETE	97a38afbd3beeca30046c13afd3a98882f56b21d8ecaceaa286d07596da551c6
s4s_a3	S4S-L128S1T24K4-FB0-D3_m0.35	COMPLETE	522210fed9d95e9327ae0f7aa423e785edfcc9bd519a6cabab8babca52f253d3
s4s_a3	S4S-H2S1T24K5-FB1-D3_m0.35	COMPLETE	96d234c722128701fc22ebeb05832ffe57c83ae445edf6de3f7f2f8aa01a5198
s4s_a3	S4S-L128S1T24K4-FB1-D3_m0.35	COMPLETE	474af94edb0965978e6e02e932f0577265ea645e55b0c1927aef2e0cc1f7e17e
s4s_a3	S4S-H2S1T24K5-FB2-D3_m0.35	COMPLETE	841976dc57dd4c9582b3a619628e1ccf60606ae371f2f2ab2d846b0d0b73b96c
s4s_a3	S4S-L128S1T24K4-FB2-D3_m0.35	COMPLETE	a76e29cc8dc041bc64ba6eb938f27de2531c95d99aadb1df7125aa2086f55dcf
s4s_a3	S4S-H2S1T24K5-FB3-D3_m0.35	COMPLETE	251418cea9e8613efa77cbdc8431e2a64339e290deea42ea0a41e1fa83a4819d
s4s_a3	S4S-L128S1T24K4-FB3-D3_m0.35	COMPLETE	0cb772b347d7e8f7e0a48e2e3c0a3df4927cb678864d59a5e2746ba0b026cd14
s4s_a3	S4S-H2S1T24K5-FB4-D3_m0.35	COMPLETE	27ea8134f38cd9279a6d661df03559e098f4d72ba6577721e84e5feca5ea1d3a
s4s_a3	S4S-L128S1T24K4-FB4-D3_m0.35	COMPLETE	d8de72c4f177e5d2ef8cffe5425fd007f72bee025a61e5173de90d095f47fc7b
s4s_a3	S4S-H2S1T24K5-FB5-D3_m0.35	COMPLETE	b300f469dd474d273e898ffbf2a4f595f59147c95de1f47b540dae37b1697cdf
s4s_a3	S4S-L128S1T24K4-FB5-D3_m0.35	COMPLETE	36cf3185e4cad0ba1a93d00fe9ebc14e647331305c5ba7c0f42f726e6acc963e
s4s_a3	S4S-H2S1T24K5-FB6-D3_m0.35	COMPLETE	2bb6e9ca59514831c902b3eb77ec9732d9fea9dcdeda044376680f4493fd145c
s4s_a3	S4S-L128S1T24K4-FB6-D3_m0.35	COMPLETE	21b5f25ab35a172afe18f4285dc6e74fbe2334d3755d09863aa1339a482fc0e9
s4s_a3	S4S-H2S1T24K5-FB7-D3_m0.35	COMPLETE	58e21853fc57234290ffdb72743cf8cd0b66e44b7c4fde684024a8a164959d01
s4s_a3	S4S-L128S1T24K4-FB7-D3_m0.35	COMPLETE	32432cc9027e22f6ac0c4ac922ea0d980fed4125bc0fe344d176d62c4bebde8e
s4s_a3	S4S-H2S1T24K5-FB0-D4a_pipm_up	COMPLETE	58d0a61e106a55cc3c864299317ef57086fee0990e971ce8f9b29c1e9f65c471
s4s_a3	S4S-L128S1T24K4-FB0-D4a_pipm_up	COMPLETE	66a5d59bd0b510629699176c2341f30ca717ffb155aaf9777f95d90ad4d418a2
s4s_a3	S4S-H2S1T24K5-FB1-D4a_pipm_up	COMPLETE	a11696c1abaa9be27018e02986967ecee1a93b40673291375abe89c32911a352
s4s_a3	S4S-L128S1T24K4-FB1-D4a_pipm_up	COMPLETE	a0f09ce197dad26de8539cd377e22ff5140a627f62b5ee935462f0c225a3615e
s4s_a3	S4S-H2S1T24K5-FB2-D4a_pipm_up	COMPLETE	bdaf5a95c3bd1df0933b3a7e63a59d8618b780b09ae433ceb5958e845529e62e
s4s_a3	S4S-L128S1T24K4-FB2-D4a_pipm_up	COMPLETE	7667a65a247350af282f48bb3166cdbc3fd88f4c87be0d62fe220f627174fcab
s4s_a3	S4S-H2S1T24K5-FB3-D4a_pipm_up	COMPLETE	9a174c7146ad596233dc35931291ef325ef1d892bb1692187141975d7e814533
s4s_a3	S4S-L128S1T24K4-FB3-D4a_pipm_up	COMPLETE	779148bdd8676f7e089174b3000914b20e6bcac3df4df944d3ca7db9c681d1f2
s4s_a3	S4S-H2S1T24K5-FB4-D4a_pipm_up	COMPLETE	68ca6439822b139399c1ec9d415ac8cbb1804e74eb74254a0a9dcd1fbcd7c889
s4s_a3	S4S-L128S1T24K4-FB4-D4a_pipm_up	COMPLETE	8a71002a90e7efa8514842bd17753a7c881265290f7e5d9734dcaabd50e90d20
s4s_a3	S4S-H2S1T24K5-FB5-D4a_pipm_up	COMPLETE	a89ca3e0b4aacd5604a73adacd7ae6c433f0316148e8ca6fbc42138b2f079982
s4s_a3	S4S-L128S1T24K4-FB5-D4a_pipm_up	COMPLETE	584cd114846133cdeb80612cc153063b0272ef0fce8a243abb58a8bfd7163052
s4s_a3	S4S-H2S1T24K5-FB6-D4a_pipm_up	COMPLETE	bbf79e329562a2fcc6c8a2b63774a69f509b547f605b2ccdc402b4050f741376
s4s_a3	S4S-L128S1T24K4-FB6-D4a_pipm_up	COMPLETE	359554e4f0efa98161b60c812a59dc39ef5f415052e4522fc42f33754fb6556e
s4s_a3	S4S-H2S1T24K5-FB7-D4a_pipm_up	COMPLETE	4c7ff0ff741f309a99c35413c4a4f3db5f3a7b1a8f6e7b30aebebf75986a4c1e
s4s_a3	S4S-L128S1T24K4-FB7-D4a_pipm_up	COMPLETE	70711b7d793786b225796c5983fc8cb59205902d9cea67538d7504043b7af0c8
s4s_a3	S4S-H2S1T24K5-FB0-D4b_pi0_up	COMPLETE	6b79c1053f8eaa513c0a04c69d6257705fb459d631064525332ea9ba3e464d7d
s4s_a3	S4S-L128S1T24K4-FB0-D4b_pi0_up	COMPLETE	d9e7398f32cb6217ef6091191dd216d6a3cf59b0c62263557dd460b0b89ce356
s4s_a3	S4S-H2S1T24K5-FB1-D4b_pi0_up	COMPLETE	3d10410823a2b706fcdae6c51aa70bcb056f0fc9405b619ec5c0f5b287bc7ca5
s4s_a3	S4S-L128S1T24K4-FB1-D4b_pi0_up	COMPLETE	fb5d008b596ca7f4aab490514e53e4dd1fc99169fbf03dc2a75da039a188e042
s4s_a3	S4S-H2S1T24K5-FB2-D4b_pi0_up	COMPLETE	ab3d69c6aebd4a52d9a965ae1800a00c78b2148e30a335a81369512ba2cef939
s4s_a3	S4S-L128S1T24K4-FB2-D4b_pi0_up	COMPLETE	49b6434960946e042e292f2efe75674aa0a8d9c394700b457fbea53ce6a590b9
s4s_a3	S4S-H2S1T24K5-FB3-D4b_pi0_up	COMPLETE	d0863a1cdd7bc1c9584475a6d8189430cd83b60648d5f1b991dcc32d0aeb108d
s4s_a3	S4S-L128S1T24K4-FB3-D4b_pi0_up	COMPLETE	170e4adfd6c225fa0528e5a543440b3664595357ff4e1543e7c40b573819ca90
s4s_a3	S4S-H2S1T24K5-FB4-D4b_pi0_up	COMPLETE	416afe44720a4ddb612be8f7b11cc7924ebd74b2e3b45753bc377d1a576b1e1c
s4s_a3	S4S-L128S1T24K4-FB4-D4b_pi0_up	COMPLETE	83d066d4a176df22cda2f57d7502f8306f2663fd12bf57491d4a90717ee0c63a
s4s_a3	S4S-H2S1T24K5-FB5-D4b_pi0_up	COMPLETE	0e73afd807f4314eea0084758f2d9a30d15469718ba98bd234433fe551564d2d
s4s_a3	S4S-L128S1T24K4-FB5-D4b_pi0_up	COMPLETE	1787aa37ff743a950f99b766330373942a665c6e80cafd7886e7002b4fa36edb
s4s_a3	S4S-H2S1T24K5-FB6-D4b_pi0_up	COMPLETE	5fd5cefeaee5afac690bdf23225fae65ec2ae2ada8cd218aea78dce8617f93b5
s4s_a3	S4S-L128S1T24K4-FB6-D4b_pi0_up	COMPLETE	f1625d27cceeef78320f6226ae85ed48f95d3ca3645be6920643dec6646f269c
s4s_a3	S4S-H2S1T24K5-FB7-D4b_pi0_up	COMPLETE	b33091653f67c3bb3d26ac6756eba7f85a87d476f9902beb005e24268761e3a5
s4s_a3	S4S-L128S1T24K4-FB7-D4b_pi0_up	COMPLETE	f83f5520595423c54927d72c516239644fbd58af78e61e626766c259a5ab22a5
s4s_a3	S4S-H2S1T24K5-FB0-D4c_p_down	COMPLETE	9efbd1fd49a3bbcd6b1f9027fbec0a7857f71800245cb67479301c3eba7a7ad7
s4s_a3	S4S-L128S1T24K4-FB0-D4c_p_down	COMPLETE	909ee31085fd95c07a14066a76d33e3667ab49058c146b4ad094f4aef8ba7b3d
s4s_a3	S4S-H2S1T24K5-FB1-D4c_p_down	COMPLETE	e24fcf22d66e5a86c209400ca42033ef6dbf7214c5700c791499b7e354bfd0ba
s4s_a3	S4S-L128S1T24K4-FB1-D4c_p_down	COMPLETE	940490f1e591ca9b2b4d7ac5b35fa7ddcee1d3448b18c378e54a1c8b781e6be8
s4s_a3	S4S-H2S1T24K5-FB2-D4c_p_down	COMPLETE	4f6235073191e60cf2d7616d018442aa03f217ade6fb591537addcf773b35b58
s4s_a3	S4S-L128S1T24K4-FB2-D4c_p_down	COMPLETE	b76f76219aebbe40e29a6543442e800d7bf094ba51b91cf6fd9a0da14cee5a5b
s4s_a3	S4S-H2S1T24K5-FB3-D4c_p_down	COMPLETE	66a4b967c8326c315d99afab6c6a37e7cfe0cc1071840c1af357c3a13984b869
s4s_a3	S4S-L128S1T24K4-FB3-D4c_p_down	COMPLETE	5869ca5857225dd789fdc74f1aab8041c713a56bc647a70e3d6db937ca35b322
s4s_a3	S4S-H2S1T24K5-FB4-D4c_p_down	COMPLETE	0c139e28681fd758edd332ce4ace552b3e185c056b167172a2118102906f15dd
s4s_a3	S4S-L128S1T24K4-FB4-D4c_p_down	COMPLETE	d595a04decb4f2f09b64f3f1079e68a822962e8c58a864b51fde6ecaaed9fe20
s4s_a3	S4S-H2S1T24K5-FB5-D4c_p_down	COMPLETE	bd96dd2d89d3d265b4bad1c7e720b9a757a5bf8cd226ff63839e9514d7a0b597
s4s_a3	S4S-L128S1T24K4-FB5-D4c_p_down	COMPLETE	8e978affd53c3e6f3a0e71cca358540d25526d4f7adfde7aa5ab8bd0ad1097fe
s4s_a3	S4S-H2S1T24K5-FB6-D4c_p_down	COMPLETE	bbac26543f4c93def46a32e3e27d97e5ccfd2748bc44947251f4f63138e7b4fd
s4s_a3	S4S-L128S1T24K4-FB6-D4c_p_down	COMPLETE	255c5faaed83d4a384dc9da980bbb938cd194188810e8fc2dd02e5c5fb3ea02f
s4s_a3	S4S-H2S1T24K5-FB7-D4c_p_down	COMPLETE	a1f8dfd9a46b6ac82a357386a01d6e9fd276e5e10fab3d7b723c3c5946a7e15e
s4s_a3	S4S-L128S1T24K4-FB7-D4c_p_down	COMPLETE	fac12be55e77653bcff6ba151a12068cedb909e5d77a9c3d4ee0092a1cdd771d
s4s_a3	S4S-H2S1T24K5-FB0-D4d_n_down	COMPLETE	96b7951837441f50219bdd5d370cf6aa773e55748dcacd0b44ce10cc79c4ede3
s4s_a3	S4S-L128S1T24K4-FB0-D4d_n_down	COMPLETE	830c70b8a1991ca5797272f3e04a2e501f14fc5e965660ffd31992204d109f0e
s4s_a3	S4S-H2S1T24K5-FB1-D4d_n_down	COMPLETE	9e49e88b133fcd330588ab715388f218da43b1bcc93c99d6b5bdae99d1f4e253
s4s_a3	S4S-L128S1T24K4-FB1-D4d_n_down	COMPLETE	2829ffbec06cebf2461dbe8097a666877655eaef31902f2601fbdb7d0430182c
s4s_a3	S4S-H2S1T24K5-FB2-D4d_n_down	COMPLETE	aa9518d10e36e37846662bfb3761807ed38b97d8ca9e6699b40737bb4704c1e3
s4s_a3	S4S-L128S1T24K4-FB2-D4d_n_down	COMPLETE	54a29bb973b3de6c2472f5aa028b0e7bd35d93ce75cca182d80067e101e50ac5
s4s_a3	S4S-H2S1T24K5-FB3-D4d_n_down	COMPLETE	c8b2da16b6bb0d3713df12cb72031d8e72577a8d9d2fbd81ffbd625d816902a4
s4s_a3	S4S-L128S1T24K4-FB3-D4d_n_down	COMPLETE	f7be760709f6d76b08c0d01ae0c33027fe3d46b95847642215779a036a668ea6
s4s_a3	S4S-H2S1T24K5-FB4-D4d_n_down	COMPLETE	c575a1dce442193535781c9e91dbf87b3592fbb469111108ab09ef2c58ddf482
s4s_a3	S4S-L128S1T24K4-FB4-D4d_n_down	COMPLETE	fe464f845b473313be03c6c4d6bdd24dc385b2fe8ffbd766ecf794a7bc9eadf1
s4s_a3	S4S-H2S1T24K5-FB5-D4d_n_down	COMPLETE	9f74c73b87a8095677abeb973c49280045538153cb31f4cc4085b6a93ea439ad
s4s_a3	S4S-L128S1T24K4-FB5-D4d_n_down	COMPLETE	3da8c7a94852a90ed91855ddb7b820d4cdac419520cef6ee216dfc9d2e4e723a
s4s_a3	S4S-H2S1T24K5-FB6-D4d_n_down	COMPLETE	6f5ddbb1b73166e1c10cfad0d0fce67fd4f15f287ea2e690639cb54e9ea49dab
s4s_a3	S4S-L128S1T24K4-FB6-D4d_n_down	COMPLETE	bf209db38bda544a28eb8ba3092a975181dbbe41baa0394a2108f7899e06f852
s4s_a3	S4S-H2S1T24K5-FB7-D4d_n_down	COMPLETE	571fb8b2de06363f71951e0158ccdc400f86e11088b056ed9c776a6d909fa6c2
s4s_a3	S4S-L128S1T24K4-FB7-D4d_n_down	COMPLETE	9ce53b074c60ed4827813dbaed8f985d04d32dd1ad82d84ecb5186b00f83952b
s4s_a3	S4S-H2S1T24K5-FB0-D5_gibuu	COMPLETE	8f17b1edd2fa40f24db4d41bfa001732d7fa179d2ce7b934a320d04eff0e8380
s4s_a3	S4S-L128S1T24K4-FB0-D5_gibuu	COMPLETE	acfdb547630670936ae1d95e07327c73a38b543233c79f28385db0aa92517eb5
s4s_a3	S4S-H2S1T24K5-FB1-D5_gibuu	COMPLETE	c5d55a7c4d95cb4fa44bc52283c339b1614abd6673642a283414b2de8be7afed
s4s_a3	S4S-L128S1T24K4-FB1-D5_gibuu	COMPLETE	aa89464d68053afcb906bfc7d4112e57bb2a26c4d26a4cf0f8ab3ada1f2ed49d
s4s_a3	S4S-H2S1T24K5-FB2-D5_gibuu	COMPLETE	8cc2aca37761fb8009e149914a31ed5c05281590fb6f6ca1c4c6de7c9f00bc13
s4s_a3	S4S-L128S1T24K4-FB2-D5_gibuu	COMPLETE	d9a0341e287ba1d8925378bb76ad1bf9dfc526559198277eff3f350c4fdcc213
s4s_a3	S4S-H2S1T24K5-FB3-D5_gibuu	COMPLETE	d27037f2888aa63b0b781abe3ce318e012a007aa274d1339fc0a5495578b30b7
s4s_a3	S4S-L128S1T24K4-FB3-D5_gibuu	COMPLETE	84faf21bac64be77ea828453437bcddff156d5cd9440e9f33d62844cd5367355
s4s_a3	S4S-H2S1T24K5-FB4-D5_gibuu	COMPLETE	8972e07d058d39924ff3988bcba42738f3836d3e79c90db3f0bafa4ad2695c3d
s4s_a3	S4S-L128S1T24K4-FB4-D5_gibuu	COMPLETE	a0818445b8a5d2bfa82807f1abcbf4fa8cc101abaccf64e723590102604fb16f
s4s_a3	S4S-H2S1T24K5-FB5-D5_gibuu	COMPLETE	14c8cbd45db45f54d17e806aec0a500a7485309ccd4d42e3a89492c7bdd5c241
s4s_a3	S4S-L128S1T24K4-FB5-D5_gibuu	COMPLETE	0ac42af9404b437a4ce0c182bc5f2b361968cc066ddd41e7940bd7d903d53f9b
s4s_a3	S4S-H2S1T24K5-FB6-D5_gibuu	COMPLETE	fbf654ec46e6e5b06b259bb173ce9ff1a55db15b0ed75b506a9fb55df87bd52e
s4s_a3	S4S-L128S1T24K4-FB6-D5_gibuu	COMPLETE	211e873562de914471ebdf95726a7e44bc969a2d28c08fa8fae98ce4cbb8c608
s4s_a3	S4S-H2S1T24K5-FB7-D5_gibuu	COMPLETE	ec994f75459c3a30079d57a1a39eafcb200a4fc8b66ee4a2898611e0e8e6509a
s4s_a3	S4S-L128S1T24K4-FB7-D5_gibuu	COMPLETE	3453ccfde5d23ff7e1dd57a0a155f5b5b1d2a8c74f849c0f94f427e5a945fc51
s4s_a3	S4S-H2S1T24K5-FB0-D5p_nuwro	COMPLETE	bca42867da83949c6fd0a298cc48088560237afca1d37741fe723a6fb21b228e
s4s_a3	S4S-L128S1T24K4-FB0-D5p_nuwro	COMPLETE	e384e44948375c7f56746e1da663751336706d981233723bc2cf063ca05ca5cd
s4s_a3	S4S-H2S1T24K5-FB1-D5p_nuwro	COMPLETE	70197ab226ad9074c33a343797952d3c5fb806b4d0abfd4cb06ca8163a366362
s4s_a3	S4S-L128S1T24K4-FB1-D5p_nuwro	COMPLETE	f940ff47c796ab91c8bc7b94f3a4b0ff5d39b90d734dd77f0ebdf284f5352b86
s4s_a3	S4S-H2S1T24K5-FB2-D5p_nuwro	COMPLETE	089bbdb6c27edfe6e2e99c3ae10f5bbae40fc57ab0830aee176a5761796a0c8e
s4s_a3	S4S-L128S1T24K4-FB2-D5p_nuwro	COMPLETE	b47bb5a9d33bad9d342835d0f3388018dbb263ca99c8cf9dcc1303912b09e619
s4s_a3	S4S-H2S1T24K5-FB3-D5p_nuwro	COMPLETE	5517edf94e7179287fc6e1b8fd3142cf0e4209127bc8ae021bcbd1321d4ad8ac
s4s_a3	S4S-L128S1T24K4-FB3-D5p_nuwro	COMPLETE	9e88c7c3d285dca86152ec206acad50b42e42c46bc676694130544e66fd017ef
s4s_a3	S4S-H2S1T24K5-FB4-D5p_nuwro	COMPLETE	8a4563b09cb4e0d46eb5e93a85c6c95322cdc71661deebfee18e8d73a7ce2e18
s4s_a3	S4S-L128S1T24K4-FB4-D5p_nuwro	COMPLETE	2b5b3c81e1d9babc95ed5b9079834c7ab990e094cc224794dac6b240ad4694fc
s4s_a3	S4S-H2S1T24K5-FB5-D5p_nuwro	COMPLETE	d1e74ec22299ad20a3e3f1fba7386a55f4bf1dbfa68df88fcea1c26d5c316957
s4s_a3	S4S-L128S1T24K4-FB5-D5p_nuwro	COMPLETE	4c15c93a87cc28c2576142ee54de1debe6c519e8ea7fa9d11812a8e198e4ee7b
s4s_a3	S4S-H2S1T24K5-FB6-D5p_nuwro	COMPLETE	58cec373433c891eb7c7369026d0fe3b4c1a7652ea9ee1132a6b4b4b6694928d
s4s_a3	S4S-L128S1T24K4-FB6-D5p_nuwro	COMPLETE	0365ff95c396a9d00d051f05067579001dfc32ff71bac0bea7b571a9c7e07300
s4s_a3	S4S-H2S1T24K5-FB7-D5p_nuwro	COMPLETE	d3349ca08cac03352f5d8bcce004ba61fefedabfe5afeafee913303796b46340
s4s_a3	S4S-L128S1T24K4-FB7-D5p_nuwro	COMPLETE	d9c1d52fbf30ffd0f40c048c7ca7fcedacec66facbdd81cc1d11130427405972
s4s_a3	S4S-H2S1T24K5-FB0-D1_p0.350XD4c_p_up	COMPLETE	917fa0b3eb275c41e634885894cd27ebc639db9df84224c788dd32b54dfbb902
s4s_a3	S4S-L128S1T24K4-FB0-D1_p0.350XD4c_p_up	COMPLETE	304e548b31586090ebf9b0a68bf345b61a7c81075e37b7d2683a771c3ff89a30
s4s_a3	S4S-H2S1T24K5-FB1-D1_p0.350XD4c_p_up	COMPLETE	e066ab5b3f99f8af9c6ff5738872fd9d174348c746ac0c3a8337e6263cf007a9
s4s_a3	S4S-L128S1T24K4-FB1-D1_p0.350XD4c_p_up	COMPLETE	2cdf2fccbcfa6aeb3e37030e44fb69b8bb09b12c33698a33cea7875f887881eb
s4s_a3	S4S-H2S1T24K5-FB2-D1_p0.350XD4c_p_up	COMPLETE	8c3f00814ccbcf05617adf4e3b03803ece817e56aa6ce6661c911a6d95732ebf
s4s_a3	S4S-L128S1T24K4-FB2-D1_p0.350XD4c_p_up	COMPLETE	f3bd31a5090b347891aac252f97c27b730639aa2d83a81e7151a089309b81d8c
s4s_a3	S4S-H2S1T24K5-FB3-D1_p0.350XD4c_p_up	COMPLETE	420de7af3ffc53c47c1388aa83b169e25f7f0d295ff2a90bdab0592a8d820e4d
s4s_a3	S4S-L128S1T24K4-FB3-D1_p0.350XD4c_p_up	COMPLETE	b72a184e45ff2d4a88307081857c9c8eaed10871d94c22b79f4080c1a60f88eb
s4s_a3	S4S-H2S1T24K5-FB4-D1_p0.350XD4c_p_up	COMPLETE	24deb3ed2f84ac906f74442b2154ee0d3754133d72f47d2ec1a5768f1f7db14b
s4s_a3	S4S-L128S1T24K4-FB4-D1_p0.350XD4c_p_up	COMPLETE	390309b54ad2bdd5fd0748bd72f426ff8bb5ccaa81a28e95b893469e978455a4
s4s_a3	S4S-H2S1T24K5-FB5-D1_p0.350XD4c_p_up	COMPLETE	cc086afce6de939926e5dae45b0a6e32f71f1d65b28fab5fb6a3ad4819c478fe
s4s_a3	S4S-L128S1T24K4-FB5-D1_p0.350XD4c_p_up	COMPLETE	3f803bc9f7eb0ed09fdbbc319c38cb5154f955e701047f7b38c09a7decc6d36b
s4s_a3	S4S-H2S1T24K5-FB6-D1_p0.350XD4c_p_up	COMPLETE	6bf3d5a5b1b0f20c4460e44d1b4e862c8aacc78c1a32d39ba1432789a32900f4
s4s_a3	S4S-L128S1T24K4-FB6-D1_p0.350XD4c_p_up	COMPLETE	76508aa256a757005b9314f45c093a9c8317b931b9c6d3451de47222a866a7dc
s4s_a3	S4S-H2S1T24K5-FB7-D1_p0.350XD4c_p_up	COMPLETE	7f5a2ff20059302b669ad095734c6d42210fa8d9ce67b3c2d7515727ad825969
s4s_a3	S4S-L128S1T24K4-FB7-D1_p0.350XD4c_p_up	COMPLETE	62d9481c1787ffcfebb8fb80048907259f8d90a7e5b8eb0427ae5b96ad7c0642
s4s_a3	S4S-H2S1T24K5-FB0-R1_x0.95_D1_p0.350	COMPLETE	b0b7c8dbd3abeb6df1bd6116bc7e0ec6563d8b190c9fe736f40179366f1479f7
s4s_a3	S4S-L128S1T24K4-FB0-R1_x0.95_D1_p0.350	COMPLETE	8bcca5631885e9bd2cf7320f7fcac7819c217f1367158340faa7ec053327ad08
s4s_a3	S4S-H2S1T24K5-FB1-R1_x0.95_D1_p0.350	COMPLETE	bd0a8a733fbd92ec6516b244214fb0796c415aeee481d7667405ef0248fcd252
s4s_a3	S4S-L128S1T24K4-FB1-R1_x0.95_D1_p0.350	COMPLETE	47599359bd912f849f7b20795f6e30a77b1ac7605617279dac9554e8959f59c7
s4s_a3	S4S-H2S1T24K5-FB2-R1_x0.95_D1_p0.350	COMPLETE	f0dab379888fec479fbabcef04c32cdb2e0c0c5f587786daa8ccd274f032eaf0
s4s_a3	S4S-L128S1T24K4-FB2-R1_x0.95_D1_p0.350	COMPLETE	664ac6598e28c0cbd4be8e85f5e1cafb1a14253bff21db74b5bbbaa82cdd5287
s4s_a3	S4S-H2S1T24K5-FB3-R1_x0.95_D1_p0.350	COMPLETE	a0da0573336684c9fec4d291edc3d04981879df9ba2c5a7afa4433e15826332b
s4s_a3	S4S-L128S1T24K4-FB3-R1_x0.95_D1_p0.350	COMPLETE	8d87b0c9817611b70f0108410cf79fa2a1943f7f68bf759f692d52aa0bf5ad43
s4s_a3	S4S-H2S1T24K5-FB4-R1_x0.95_D1_p0.350	COMPLETE	272f7a1590a659ea7e418cbf24fed1c50f6b9d4cea254f26875289f4e823c5ec
s4s_a3	S4S-L128S1T24K4-FB4-R1_x0.95_D1_p0.350	COMPLETE	3a81d4af21cf3815ad4c3402134b3218428464d95f545d0c6793324618e8495f
s4s_a3	S4S-H2S1T24K5-FB5-R1_x0.95_D1_p0.350	COMPLETE	2a71df3437fbaba6229712c3d878c256f2c93acf41fbb4196f1a02406ab32f8c
s4s_a3	S4S-L128S1T24K4-FB5-R1_x0.95_D1_p0.350	COMPLETE	b70961ffcaf5cf53157a1ac0d58c6a74717c24a942d2c834205d1033fb5526c0
s4s_a3	S4S-H2S1T24K5-FB6-R1_x0.95_D1_p0.350	COMPLETE	3357f960ad75b4f8bb93cd1ba03ef159e3cd96e346bd2315a6356c1f85c12306
s4s_a3	S4S-L128S1T24K4-FB6-R1_x0.95_D1_p0.350	COMPLETE	80dbf25d98c38ea9d72c03fe5b7c4724a8c74226a076888c14ab0ef0da84eaf1
s4s_a3	S4S-H2S1T24K5-FB7-R1_x0.95_D1_p0.350	COMPLETE	e78ab6aef427158a39dd68df5965ade056faf076fa0d2818a21ba89ba21ae6f3
s4s_a3	S4S-L128S1T24K4-FB7-R1_x0.95_D1_p0.350	COMPLETE	a094e9209b9be950595230019c28a96942d991fcb9a39df2ca1f17cabd47d74c
s4s_a3	S4S-H2S1T24K5-FB0-R2_x1.01_D1_p0.350	COMPLETE	3609cce036ccaffcbd17123cd8cad3ba279976b315c47c68f37f7bc570586167
s4s_a3	S4S-L128S1T24K4-FB0-R2_x1.01_D1_p0.350	COMPLETE	0e04980d2d29ac9a7098fa6990dd50a82348cd917b4b9a54c4a159079165b6af
s4s_a3	S4S-H2S1T24K5-FB1-R2_x1.01_D1_p0.350	COMPLETE	1581aeae24de54fbda32576f04bb0406840561c4a26fafd28cac30aa62fdeb45
s4s_a3	S4S-L128S1T24K4-FB1-R2_x1.01_D1_p0.350	COMPLETE	3132cf68abb2d615e81636dabd1e6761ff2fd6a6c22d9ab3ee993cdf49f2b2bf
s4s_a3	S4S-H2S1T24K5-FB2-R2_x1.01_D1_p0.350	COMPLETE	4d7014c94a1a3f96227c2e3d8ebf5db05b83790d12d7f6911db7709436e88f64
s4s_a3	S4S-L128S1T24K4-FB2-R2_x1.01_D1_p0.350	COMPLETE	228d04be248a2f8cf6779acd6da0177be741115abc1b5d707bddd534da40c509
s4s_a3	S4S-H2S1T24K5-FB3-R2_x1.01_D1_p0.350	COMPLETE	4d5b3482188674c249dd5b53240d6224fab3dcceb0d37e29bc00672e479aec1d
s4s_a3	S4S-L128S1T24K4-FB3-R2_x1.01_D1_p0.350	COMPLETE	7b93249545e2546e9cd1cc5e406d8d579aeef3feae5713f422934a080cbc90b1
s4s_a3	S4S-H2S1T24K5-FB4-R2_x1.01_D1_p0.350	COMPLETE	1af9c1f1e788db98d7e94c325d2d7fe7c84b26013c2775d50e3d344ef6915f77
s4s_a3	S4S-L128S1T24K4-FB4-R2_x1.01_D1_p0.350	COMPLETE	ec3d316e77182af9e6136868fac3c677ab62ccb8155c219837d01ec6bfb2f917
s4s_a3	S4S-H2S1T24K5-FB5-R2_x1.01_D1_p0.350	COMPLETE	f2a72abfbbefd005bdb2a5dc9a6b502386f2bb8324da463eb5a00fe1f88fc8ab
s4s_a3	S4S-L128S1T24K4-FB5-R2_x1.01_D1_p0.350	COMPLETE	fe2f9b9d5856f23f9fea6d278850833b3bf22205ad0686e4607f1de1e67877ea
s4s_a3	S4S-H2S1T24K5-FB6-R2_x1.01_D1_p0.350	COMPLETE	55ba050ccd1cc7c7e1c570761a74e8bdea1564182a299cbf388271bdc68337b9
s4s_a3	S4S-L128S1T24K4-FB6-R2_x1.01_D1_p0.350	COMPLETE	9ce092033de8f4c0f2b6c6535cbf42520a83dbf5159ed960cb89fc3a2840635f
s4s_a3	S4S-H2S1T24K5-FB7-R2_x1.01_D1_p0.350	COMPLETE	1c0fbd1ca81e89b7f52890d47f5f35937cb97242b9871a86dd41c9f311c7c64a
s4s_a3	S4S-L128S1T24K4-FB7-R2_x1.01_D1_p0.350	COMPLETE	0022fdf2def4caebd7bad994ba8c03469c1ca65d91b6d63ce05222633b906f7a
# s4s_a3e_n40.tsv sha256 1c8e25fe56408567831d4b8f0e265fd7c7646f12c00d9bddc24f5775741d22ca
s4s_a3e_n40	S4S-H2S1T24K5-FB8-D4c_p_up	COMPLETE	c8e3dd83cdd8cf1a7ca35c6697b5fa301bdb5101ea03d476db423c51532e4c2e
s4s_a3e_n40	S4S-L128S1T24K4-FB8-D4c_p_up	COMPLETE	ad2fae962d2dda038b722c8164ab3f6be42dba5ef27123afcc6fba3dd9a9f440
s4s_a3e_n40	S4S-H2S1T24K5-FB8-D3_p0.35	COMPLETE	b3c933d26eab09321533ac72df8c739b957cbe0d7c469bff9d1a351768cfc27e
s4s_a3e_n40	S4S-L128S1T24K4-FB8-D3_p0.35	COMPLETE	a13cad2294bc67f671934f2cd6ed5b7854bfa9466af531d925450b8755f6cf57
s4s_a3e_n40	S4S-H2S1T24K5-FB9-D4c_p_up	COMPLETE	cfcdfd1a545fa0fff1676731c9cbe59ee17f4e71d04446ebff28d0253f373cd8
s4s_a3e_n40	S4S-L128S1T24K4-FB9-D4c_p_up	COMPLETE	3bea35f2387bafaf29964be65ca93d6e0f51fe9a01207c24d9de92a7a3156bc2
s4s_a3e_n40	S4S-H2S1T24K5-FB9-D3_p0.35	COMPLETE	c919958b5a02f8323229745904bcdbdd4dc337cd850869a4f690456810554752
s4s_a3e_n40	S4S-L128S1T24K4-FB9-D3_p0.35	COMPLETE	41400584a650e1b5cc518a332657bed0eecf6f117343f0adbf40e1fa5a1bd4bd
s4s_a3e_n40	S4S-H2S1T24K5-FB10-D4c_p_up	COMPLETE	717f72bdd286d56109a35d70ee8bf8d37066317f4786dadb60d657f6ff8845be
s4s_a3e_n40	S4S-L128S1T24K4-FB10-D4c_p_up	COMPLETE	b3718d0c58bd650d9cb8b42b4bbe3c142044c2c6024e48997c8104ab8bb1e0d8
s4s_a3e_n40	S4S-H2S1T24K5-FB10-D3_p0.35	COMPLETE	d373842a88a413104b1e4c5097078caa998d389c85b4188984699283bc7d401a
s4s_a3e_n40	S4S-L128S1T24K4-FB10-D3_p0.35	COMPLETE	87eaebc601b5d4f62b32ba9efca0c015eb83d7e938bd523d387d3ff817059c09
s4s_a3e_n40	S4S-H2S1T24K5-FB11-D4c_p_up	COMPLETE	4e3dd4718ace052e6ec10fd831bf339966322cf7416adadb1e8e5187fcf460a2
s4s_a3e_n40	S4S-L128S1T24K4-FB11-D4c_p_up	COMPLETE	c5a95d7dd531cc158ee7e4623cdb853018ceaf0c3b29d756ea170c820d2b1796
s4s_a3e_n40	S4S-H2S1T24K5-FB11-D3_p0.35	COMPLETE	a71a7a406fcdb57705d9436628e511fd7b998a80329839c2fdc2b732caab0c65
s4s_a3e_n40	S4S-L128S1T24K4-FB11-D3_p0.35	COMPLETE	da2149132424672bae2de384bf6f144a0fa66bb37b3c71ddba87fe6a6238b0c1
s4s_a3e_n40	S4S-H2S1T24K5-FB12-D4c_p_up	COMPLETE	8e2faf897366b9085c8cd801e88cb5f953fc58db555cb4f8370adf4108a4c46f
s4s_a3e_n40	S4S-L128S1T24K4-FB12-D4c_p_up	COMPLETE	5b3497e8984da57df28ef54eb950f121c2efc311df8fa891022427dadfb7d7e9
s4s_a3e_n40	S4S-H2S1T24K5-FB12-D3_p0.35	COMPLETE	6ff443489994b8c0d4ec6a5122da2efba87ffea8bf3170b857c0510cdc8271a7
s4s_a3e_n40	S4S-L128S1T24K4-FB12-D3_p0.35	COMPLETE	dac8a21a5685d6eb540c5215d0b8a0a45baa5d84a601de956c2f4f6f455bb6c5
s4s_a3e_n40	S4S-H2S1T24K5-FB13-D4c_p_up	COMPLETE	fef03f54ac501d9788725bb649d4b1a3f26d15261ea105818a2aad821b874919
s4s_a3e_n40	S4S-L128S1T24K4-FB13-D4c_p_up	COMPLETE	0f9b9b7491cd58f75705f5d29b555d5e5f70503f9320caf0451984ffb1411942
s4s_a3e_n40	S4S-H2S1T24K5-FB13-D3_p0.35	COMPLETE	40367f752e97041b6c4852e680a3627bf432f642bab50e6fa97d6654c08c9e06
s4s_a3e_n40	S4S-L128S1T24K4-FB13-D3_p0.35	COMPLETE	89e9656045f6b4d1f58f594b6273dcfe27178e772bb20735879f94e6451af956
s4s_a3e_n40	S4S-H2S1T24K5-FB14-D4c_p_up	COMPLETE	2673084e68bd2fdb85dde9f7a0758ca33b28aaf5d16b86678df1d0ea71ed685e
s4s_a3e_n40	S4S-L128S1T24K4-FB14-D4c_p_up	COMPLETE	991c649cb4ccf896c7924bce54a8221e49afb8af10b283a9e9aec450cb9c740e
s4s_a3e_n40	S4S-H2S1T24K5-FB14-D3_p0.35	COMPLETE	06cef72e86fb769b191417289734353e37c06408f3d7df80f50ddd890550311f
s4s_a3e_n40	S4S-L128S1T24K4-FB14-D3_p0.35	COMPLETE	9120f29a16b97b32cf4b0c40cfc64dd6067acb673ee19aad2ba2303782cf550e
s4s_a3e_n40	S4S-H2S1T24K5-FB15-D4c_p_up	COMPLETE	b1808519abe9b12b0f521c82c4002e2d1b375a26456656722a62e8619fe7374a
s4s_a3e_n40	S4S-L128S1T24K4-FB15-D4c_p_up	COMPLETE	a44db96f4d35244c2cbe7e6efe22c4dffd06e9f348d0202f39eec83e3e0e38d6
s4s_a3e_n40	S4S-H2S1T24K5-FB15-D3_p0.35	COMPLETE	b7c3d60ea4e0669a21bd07c20881ffb149de57eb2908e16bdceb8ebdb2467676
s4s_a3e_n40	S4S-L128S1T24K4-FB15-D3_p0.35	COMPLETE	a64472fdf048090b2c53b1bc8b174479fe2c621be4e99e0ce038bca32782355e
s4s_a3e_n40	S4S-H2S1T24K5-FB16-D4c_p_up	COMPLETE	c59844af6a286a116d9d8229aa7f4690025ca0b77dc2150cca98fc399364866d
s4s_a3e_n40	S4S-L128S1T24K4-FB16-D4c_p_up	COMPLETE	d219090bcfbc7926d8e47c78ddcb25ebb2aab8aa124dff71d7832cc3f9b6ed87
s4s_a3e_n40	S4S-H2S1T24K5-FB16-D3_p0.35	COMPLETE	6dac18d0efabc7fb1f9edc5b6ba358a388c56fb9bcfc5fc16284b8edb694ac22
s4s_a3e_n40	S4S-L128S1T24K4-FB16-D3_p0.35	COMPLETE	5dff1325ab3c9d79b8f499a348759099378020e25243b217f20c48ec8cfe4a2c
s4s_a3e_n40	S4S-H2S1T24K5-FB17-D4c_p_up	COMPLETE	5924242074feac4d694859218213e90f0ef215ad06b23f3e768ef608c3b6e414
s4s_a3e_n40	S4S-L128S1T24K4-FB17-D4c_p_up	COMPLETE	41c486027b93fc38cce640fae570e57d6c05948ad7c83b5f1b1f2cb9557dc50a
s4s_a3e_n40	S4S-H2S1T24K5-FB17-D3_p0.35	COMPLETE	c85fe84f38cd6a83af7238362cd72b9b90507456eb37530f01fa29024f97db8e
s4s_a3e_n40	S4S-L128S1T24K4-FB17-D3_p0.35	COMPLETE	8c6f5a4bf42c210e7625e1bf0658386bdae2dcd80344e5b1223dd6893a813908
s4s_a3e_n40	S4S-H2S1T24K5-FB18-D4c_p_up	COMPLETE	998c56a8b587cff2c77442d5801e13faa9ecfdea4f0f75af48e596a401539857
s4s_a3e_n40	S4S-L128S1T24K4-FB18-D4c_p_up	COMPLETE	a3076444cef3cb334bb0feb00b71deaff59c5506a5d8352386eaed6a99454801
s4s_a3e_n40	S4S-H2S1T24K5-FB18-D3_p0.35	COMPLETE	75f547c0313f21640097536b441a5aa6c83a4190262809f8d4b16f15b367ec54
s4s_a3e_n40	S4S-L128S1T24K4-FB18-D3_p0.35	COMPLETE	e57d64707b952194cc4f45f6b032cb1962a97c21bce8368774890244ce26a75e
s4s_a3e_n40	S4S-H2S1T24K5-FB19-D4c_p_up	COMPLETE	7a1fe00a3a066d971b30a485ac98bacb0e3431165021c8686fba18dc49d8bdf1
s4s_a3e_n40	S4S-L128S1T24K4-FB19-D4c_p_up	COMPLETE	50f0959767b8e41210973ef0b4b35abbc6b78ef1daef1cd95a455e12197a4f37
s4s_a3e_n40	S4S-H2S1T24K5-FB19-D3_p0.35	COMPLETE	89af4732e1fdb2ecdbe9e4e90baf305e804f93c1974b1d57f13eef4e9c275ce1
s4s_a3e_n40	S4S-L128S1T24K4-FB19-D3_p0.35	COMPLETE	9c04e8f7773f0628f289b2f44db4766ccc715cba920bdf85907b6dd48ffb29fd
s4s_a3e_n40	S4S-H2S1T24K5-FB20-D4c_p_up	COMPLETE	30c122552c9bcd2eb019006885a12b5c244fe8a375b4685a9f907ca099161b3e
s4s_a3e_n40	S4S-L128S1T24K4-FB20-D4c_p_up	COMPLETE	3d8ade4cc0c2104e5df3dabd6db278d61b14639e0a35ff61184faaa14834cead
s4s_a3e_n40	S4S-H2S1T24K5-FB20-D3_p0.35	COMPLETE	8dd5efbe439ac328ec338ecb795089573248272975e5d90f000035430044bcc5
s4s_a3e_n40	S4S-L128S1T24K4-FB20-D3_p0.35	COMPLETE	b7fdb7d2f53540c69da365550ac2d3047fdfb1699c9876be05bf599e21ac1f79
s4s_a3e_n40	S4S-H2S1T24K5-FB21-D4c_p_up	COMPLETE	4b097c819fbca6ebf36a9440fab40864128338f1c37a13008fe2e05646455e1b
s4s_a3e_n40	S4S-L128S1T24K4-FB21-D4c_p_up	COMPLETE	4895c251110f439c88870ab68eca4050277a72835af31e07d297e226db667a3b
s4s_a3e_n40	S4S-H2S1T24K5-FB21-D3_p0.35	COMPLETE	825ca028c34c08ef86aa2a3d74c922b113e64a0925b655c91d8ed590382c210d
s4s_a3e_n40	S4S-L128S1T24K4-FB21-D3_p0.35	COMPLETE	4758a0d5f3ce87be21fc5e5d0ab28033c5c7086591bbd3067646397ca9c731cf
s4s_a3e_n40	S4S-H2S1T24K5-FB22-D4c_p_up	COMPLETE	11bdcc2685672195eaa8ac94dae235e4a400f64e702a4f9d4ec22017ad0de8eb
s4s_a3e_n40	S4S-L128S1T24K4-FB22-D4c_p_up	COMPLETE	5de5911f88221bceb42780667796d4d6f5064af6ef48f6953123ed6f06f37a78
s4s_a3e_n40	S4S-H2S1T24K5-FB22-D3_p0.35	COMPLETE	071d7ee47b772e8a1fc0a52fabdec9eb6c83f0567ec22d8e0b9e5dcde6af30c2
s4s_a3e_n40	S4S-L128S1T24K4-FB22-D3_p0.35	COMPLETE	4c85e28d03cccc1d037b8d92d491fff5ecbe4554e25a748fbeabece6dc9ecbe4
s4s_a3e_n40	S4S-H2S1T24K5-FB23-D4c_p_up	COMPLETE	732c9827ec7ce9ce61466b7e425431fc02facb9ac457da204fea76e3b816798c
s4s_a3e_n40	S4S-L128S1T24K4-FB23-D4c_p_up	COMPLETE	25321ed1146424eb0955ba203b8e3a444d060b2df3d25c3339f9c62ec5381267
s4s_a3e_n40	S4S-H2S1T24K5-FB23-D3_p0.35	COMPLETE	0697081cd4ce71f6f289949a2c28fcc72e15b89aa74ee5a6111fe16deb9874ca
s4s_a3e_n40	S4S-L128S1T24K4-FB23-D3_p0.35	COMPLETE	6356b14370b9bc77f2f5acee7b16b855c320bd15d7842fda589986fed8603434
s4s_a3e_n40	S4S-H2S1T24K5-FB24-D4c_p_up	COMPLETE	0ac99906314904f1d8cc33b639d0aa880fcfbdf7f37969328576cf5570c86e9d
s4s_a3e_n40	S4S-L128S1T24K4-FB24-D4c_p_up	COMPLETE	d6315db454f82d676e35ab5229ee337af2aedda9dcee78c28e6b8766d23de112
s4s_a3e_n40	S4S-H2S1T24K5-FB24-D3_p0.35	COMPLETE	22a84ab2218eddb99e786c11a13c22bc69518fd3019fcfd41efdf4764b462110
s4s_a3e_n40	S4S-L128S1T24K4-FB24-D3_p0.35	COMPLETE	5db46c12364bd4c358c7ed44c3174ccfa4a4850a21bf5dac438960130a3c52c7
s4s_a3e_n40	S4S-H2S1T24K5-FB25-D4c_p_up	COMPLETE	7ff04296e87f0f261f6050e7d3372e2795bfa2e020442b6b373747fcc54775bb
s4s_a3e_n40	S4S-L128S1T24K4-FB25-D4c_p_up	COMPLETE	b7dffc152aedc740d3b4e403b51b0e62a8785448f54d573f59839217920c4686
s4s_a3e_n40	S4S-H2S1T24K5-FB25-D3_p0.35	COMPLETE	860e3cc306347c7e500f5b1ee0ea36e19d5c69fcb9def77f1769d3ad1fbcce0a
s4s_a3e_n40	S4S-L128S1T24K4-FB25-D3_p0.35	COMPLETE	488632fa022dd7b01c49939a376cbebe77418ba6598989cd61f4d38ccacb2a96
s4s_a3e_n40	S4S-H2S1T24K5-FB26-D4c_p_up	COMPLETE	da4204686784f26b2fd3265992f42420853e6d80f21e6462c90901e5b29d33ef
s4s_a3e_n40	S4S-L128S1T24K4-FB26-D4c_p_up	COMPLETE	a19946ac4028ed4cc40e7d2dae8eb3273ec6462f746e6d398525e8433fc86392
s4s_a3e_n40	S4S-H2S1T24K5-FB26-D3_p0.35	COMPLETE	fe8203e0277a5c12f0d865ba6388b801a886f96cb2cc81a9197ed6a45ed4bea0
s4s_a3e_n40	S4S-L128S1T24K4-FB26-D3_p0.35	COMPLETE	efb47b38a57348509c3201a63fb40a4f5603531d1c75c573f2132b2eea29b080
s4s_a3e_n40	S4S-H2S1T24K5-FB27-D4c_p_up	COMPLETE	620addf27ec9a5e9b00e60ec5584f7b2b5c0da7d7d162b0bd037aed8d844f3dd
s4s_a3e_n40	S4S-L128S1T24K4-FB27-D4c_p_up	COMPLETE	4e340bae2a8949eb6a3f8486520e579e13d6fad3318b8138337fed4f5476fbde
s4s_a3e_n40	S4S-H2S1T24K5-FB27-D3_p0.35	COMPLETE	5370c20914d737971f56abcfc894850575c555e1d282f5c820469ddfbe8cff0d
s4s_a3e_n40	S4S-L128S1T24K4-FB27-D3_p0.35	COMPLETE	11da5acfaf3466e4ce4b37e781fa32ce142b1aec8c355cd5d48182f6b2dbccbc
s4s_a3e_n40	S4S-H2S1T24K5-FB28-D4c_p_up	COMPLETE	5bd8b29565472e4ea27f3d01550bcbac91cca948b602b5ec3e46d484baeb6ab6
s4s_a3e_n40	S4S-L128S1T24K4-FB28-D4c_p_up	COMPLETE	3f17459c667a550463a74d55574b3cc3e4152f3c34fbee6a9b2108c5ff9f7376
s4s_a3e_n40	S4S-H2S1T24K5-FB28-D3_p0.35	COMPLETE	56ee78151f0d882fd5fac9e37d877f21a7f99ab0914d47b0bdb8be869d3e1978
s4s_a3e_n40	S4S-L128S1T24K4-FB28-D3_p0.35	COMPLETE	2402d6d5743489511392242f61521438e682437d0960010bdb51261f6669508f
s4s_a3e_n40	S4S-H2S1T24K5-FB29-D4c_p_up	COMPLETE	44a1d8af44bcdb45911a11b8e19e49cc99be69d83b29c4d43d039376ee6d9c64
s4s_a3e_n40	S4S-L128S1T24K4-FB29-D4c_p_up	COMPLETE	c61c6630273e4b1e29d080fa514232982d8e5e7ae093ce7c15546e650b1b73c3
s4s_a3e_n40	S4S-H2S1T24K5-FB29-D3_p0.35	COMPLETE	26c80803e1b05f6ea008e1c2a2e80ddbf64a08b9aed35dc37f46f654bfc3a803
s4s_a3e_n40	S4S-L128S1T24K4-FB29-D3_p0.35	COMPLETE	218fdaf15c77fc42c7de59e4ca4fa996ad6d397f1e846a3d858303fc977a0936
s4s_a3e_n40	S4S-H2S1T24K5-FB30-D4c_p_up	COMPLETE	0c90427c2c4a4f1f1d2574f3a3ae0292e5f1eebf18aed203fe8bb18c9e57ed8c
s4s_a3e_n40	S4S-L128S1T24K4-FB30-D4c_p_up	COMPLETE	6eaa4f426d5e2e8f1162f6218475f2172446080114e186ea235f8806ff2b4e94
s4s_a3e_n40	S4S-H2S1T24K5-FB30-D3_p0.35	COMPLETE	3cbcc772f831402547a43a5c5ea26ee26d28e3a58f95ff21ce472c0096a98c47
s4s_a3e_n40	S4S-L128S1T24K4-FB30-D3_p0.35	COMPLETE	619ed5d68a2d6c94f19bdb42748d5cc416be1c6cba7c0e38ce3fd8e6f2271541
s4s_a3e_n40	S4S-H2S1T24K5-FB31-D4c_p_up	COMPLETE	d9a2005de9c63aba60f6fa8fc6f1d1f1f875aa5d506808aec2d419b4b80ffb82
s4s_a3e_n40	S4S-L128S1T24K4-FB31-D4c_p_up	COMPLETE	1ca609ba5d1d6c1e06e75688d37bf2d5e6f7dfb748db50485e1eda85bac5dc5e
s4s_a3e_n40	S4S-H2S1T24K5-FB31-D3_p0.35	COMPLETE	2e923bae3605329ec89fefc4ad80d2ae3b55d989d27a324361b699fa0f7688e0
s4s_a3e_n40	S4S-L128S1T24K4-FB31-D3_p0.35	COMPLETE	04f8d635af569bd2c480003c2a00f6442cca140b8734877f379bfe160c6290fc
s4s_a3e_n40	S4S-H2S1T24K5-FB32-D4c_p_up	COMPLETE	0dff7340f02f3a2b65ac2b5873777fbad8d0a78c3472d5b082089600a5d44e72
s4s_a3e_n40	S4S-L128S1T24K4-FB32-D4c_p_up	COMPLETE	d4ba67915c584b37fb508e91dc8a32a65ef4e2e8a5fcf5bbc1e0145e4dd9a467
s4s_a3e_n40	S4S-H2S1T24K5-FB32-D3_p0.35	COMPLETE	48b3ce60ae004e622199b4ad909514f72ce9e7f1997adf8234098dfbbefe630c
s4s_a3e_n40	S4S-L128S1T24K4-FB32-D3_p0.35	COMPLETE	35d9860c99ac1d193fe17dd565dbec18492b16f5020330d6fb96c44555589886
s4s_a3e_n40	S4S-H2S1T24K5-FB33-D4c_p_up	COMPLETE	2a8261c850993a3e4875ad291b61f98b40865a7e1802ea5bcdc24bddd6962a82
s4s_a3e_n40	S4S-L128S1T24K4-FB33-D4c_p_up	COMPLETE	02f1cd845fd45006836864cfae8dbf43d179850fc552926f7a08b6e2109109aa
s4s_a3e_n40	S4S-H2S1T24K5-FB33-D3_p0.35	COMPLETE	ad527adc699f03e363e29330a17271b3f71de1841c46a7dba4efdbe72f738e7f
s4s_a3e_n40	S4S-L128S1T24K4-FB33-D3_p0.35	COMPLETE	cde75490d042c3e8982c4c1dba5d10b4413edf74fc229c883543b3b0c9733d91
s4s_a3e_n40	S4S-H2S1T24K5-FB34-D4c_p_up	COMPLETE	17c0f514b724a0c416ec4401be527eb3bc34516dda3cd0993e07cc4e09d42f8f
s4s_a3e_n40	S4S-L128S1T24K4-FB34-D4c_p_up	COMPLETE	d2e16ed73d3e3aa4a1db944afc06ecc8e0933b18b125d9e9081ded7f3eebe70b
s4s_a3e_n40	S4S-H2S1T24K5-FB34-D3_p0.35	COMPLETE	5b730336727d769be79ac55dc55ef3d7caa5226517dedb219b13042d0133fe13
s4s_a3e_n40	S4S-L128S1T24K4-FB34-D3_p0.35	COMPLETE	b8e7a29772ebad84cb755c9729e66add8b692dc8ce257201538935d4eecc7923
s4s_a3e_n40	S4S-H2S1T24K5-FB35-D4c_p_up	COMPLETE	27cdfce91a27b62a1121f1ae73119222c9d1096bf2f8f69b4bcb08817d8fe066
s4s_a3e_n40	S4S-L128S1T24K4-FB35-D4c_p_up	COMPLETE	7ce53e7844f4b86d353ee1090f6e6bc06b08a1b9face73d5b9db081c2119186d
s4s_a3e_n40	S4S-H2S1T24K5-FB35-D3_p0.35	COMPLETE	2fb77274aa98caae3cd6f8436345ec6198f066003f12e1d8bea3e2e3bae4125a
s4s_a3e_n40	S4S-L128S1T24K4-FB35-D3_p0.35	COMPLETE	fd35db53bd38d2c644b43e4f0cd7e73c724a2dfa061a87e10c47513ee2db5e31
s4s_a3e_n40	S4S-H2S1T24K5-FB36-D4c_p_up	COMPLETE	591ab837b4bf2f9a1944eb068f8bceed96d8ba8ff9d2cfae1a0f7fca69af16c7
s4s_a3e_n40	S4S-L128S1T24K4-FB36-D4c_p_up	COMPLETE	3fd3b48a839df232ff1bfd3b8de7496fa196ac849c2d653ed691701a12483d24
s4s_a3e_n40	S4S-H2S1T24K5-FB36-D3_p0.35	COMPLETE	70d0eadf015d3a2b52c0d09528568e8de9e0b8104915a26e672970cb0446ade4
s4s_a3e_n40	S4S-L128S1T24K4-FB36-D3_p0.35	COMPLETE	cc1d307075595f6c34235293aec18e5f73b9f1e2021dd99b5caf7bbb744b6405
s4s_a3e_n40	S4S-H2S1T24K5-FB37-D4c_p_up	COMPLETE	3e242fbf30bf363a938963a7c5349a8cd5800c95a854d647b7be43a43c6d9a20
s4s_a3e_n40	S4S-L128S1T24K4-FB37-D4c_p_up	COMPLETE	944e58d487c42099d7465d022a903e33c8feea07a3bd7f34d995b82fd5e8f6ea
s4s_a3e_n40	S4S-H2S1T24K5-FB37-D3_p0.35	COMPLETE	50115960e79a1b5fd4e18d28f94c2b90cee9b8277d407204d824a68799ddd2b8
s4s_a3e_n40	S4S-L128S1T24K4-FB37-D3_p0.35	COMPLETE	c33dd0626d50f3d03adb15d5e9981c5e6d531e11e36c522af4f6b44305c1d371
s4s_a3e_n40	S4S-H2S1T24K5-FB38-D4c_p_up	COMPLETE	966dc1625ecbff101b67f9f5d8ac6866dbd52910928977b049d66032ef9fe62e
s4s_a3e_n40	S4S-L128S1T24K4-FB38-D4c_p_up	COMPLETE	f1bb761ddd88835deb96a35ef7c20224dbcbab9034d082bf5247eea8050c2907
s4s_a3e_n40	S4S-H2S1T24K5-FB38-D3_p0.35	COMPLETE	308f24b9bc9b9e494a26ec9d7e252081842cdfaa89d61f84f274542567303083
s4s_a3e_n40	S4S-L128S1T24K4-FB38-D3_p0.35	COMPLETE	011589dd146a5660b4f607f4e37e2a3adde59d3b95302a42e029f6aa7be023fe
s4s_a3e_n40	S4S-H2S1T24K5-FB39-D4c_p_up	COMPLETE	e1d7e74cdeeb29b472271b4129bc047648a191db92737369f68d6caeab78ec8f
s4s_a3e_n40	S4S-L128S1T24K4-FB39-D4c_p_up	COMPLETE	b4548fbfa3c6a85e3cb14be3be2f6ffc54b5633393fa0dba5aa9def80dffe164
s4s_a3e_n40	S4S-H2S1T24K5-FB39-D3_p0.35	COMPLETE	a0387e9375975545663773c6b0a173495c5da160c482d02860338512710cc510
s4s_a3e_n40	S4S-L128S1T24K4-FB39-D3_p0.35	COMPLETE	7fc2e9e6b28141ae1ac835274a539387f5eecdb9b314a645c63d2a394d5a1d4f
