id	section	location	claim	printed	class	primary_class	UP	receipt	receipt_value_check	underlying_artifact	independent_check	preservation_route	preservation_verified	gap_and_fix	mapped_by
A01	Abstract	main_paper.tex:57-70	ten simple hypotheses from five predictions rejected at familywise level 0.05	10; 5; 0.05	RR + UP(release payload)	RR	UP	docs/orchestration/RECORD-20261005-s5p-joint-5d-inference-result.md §2 (last touched b354cdf7); docs/orchestration/state/s5p/stage7/joint/joint-evaluate.json sha256 b9604502…	MATCH: RC4 replay (this audit) gives 10/10 rejected, COMPARE AGREE 0 differences vs expected/joint-evaluate.json, which is byte-identical (cmp) to the committed main copy	RC4 data/frozen/inference_sufficient.npz 7bd019c6…; source products 8,333 of 8,333 product digests in its manifest found in CFS archive SHA256SUMS (1a72cb43…)	REPORT-20261005-s5p-recompute-final-verification.md §8 (branch s5p-parallel-recompute-20260928, 466b427b): AGREE 1379/1379; plus this audit's replay from an empty directory	RC4 payload: /pscratch/sd/j/josephrb/pub-release-20261006/{frozen,union,figs} (purgeable) + tarball only in a local /private/tmp scratchpad; products: CFS s5p-archive-20261006 (durable)	PARTIAL: products YES (CFS SHA256SUMS digest 1a72cb43… re-measured; 8,333/8,333 manifest digests present); RC4 tarball/payload NO durable copy	Copy minerva-omnifold-article-release-rc4.tar.gz (46f801bf…) and the three npz payloads to CFS (e.g. /global/cfs/cdirs/m3246/josephrb/s5p-archive-20261006/release/ or a sibling dir) and record the path + sha256 in PACKAGE-MANIFEST §1b; or commit the tarball to a release-assets location (author decision)	lead
A02	Abstract	main_paper.tex:72-73	exploratory +-4% recoil-response variation of the data unfold removes no rejection	4%	SO + UP (W2 shifted data unfolds are pscratch-only; see R04/R05)	SO	UP	see R05	see R05	see R05	see R05	see R05	see R05	see R05	lead
L01	I Intro	paper_body.tex:20-22	H1 unfolded eight observables; ATLAS 24 Z+jets observables (literature)	8; 24	SO	SO		docs/publication/LITERATURE-20261005-comparison.md:28-29 (@82cea368): verbatim quotes, marked 'verified' (raw arXiv API abstracts of 2108.12376 and 2405.20041); bib technote.bib:56 (H1:2021wkz), :165 (ATLAS:2024jets title 'twenty-four')	MATCH: 8 and 24 per verbatim quotes.	arXiv abstracts 2108.12376, 2405.20041 (external)	Lane re-verification of the research agent's quotes (same doc :14-17). No separate reviewer record found for these two rows.	record git-tracked	n/a (literature)	None material; the doc notes collider results after mid-2025 were not systematically searched.	B
L02	I Intro	paper_body.tex:34-35	multi-differential neutrino measurements on data reach three dimensions (literature)	3	SO-NOINDEP	SO-NOINDEP		LITERATURE-20261005-comparison.md:44-52 (MINERvA 2203.08022, MicroBooNE 2307.06413, NOvA 2603.06718 all 'agent-reported'; search result 'highest dimensionality found is 3'); MINERvA:2026qeleme (2606.00745) only in docs/literature/2026-09-17-review-and-incorporation.md:102-103	MATCH as transcribed (each cited work is 3D; none 4D/5D found).	external papers	NONE: all four supporting quotes are agent-reported, not lane-verified; no reviewer record.	record git-tracked	n/a (literature)	Fix: verify the four 'triple-differential' quotes verbatim (arXiv API) and mark verified; record the search limits next to the claim ('to our knowledge').	B
D01	II Data	paper_body.tex:63	twelve MINERvA ME playlists	12	SO	SO		docs/orchestration/state/g2-gate1-all12-validation-20260719.json (c2861407; 12 pairs 1A..1P, aggregate_counts) and VALIDATION_LEDGER.md:1955-1966 ('G2 Gate 1A - all 12 full-schema playlist pairs VERIFIED'; no VL id)	MATCH: 12 playlist pairs in receipt; cluster ls of g2_fullevent/final shows 12 runEventLoopOmniFold_G2_FPS_*.root	12 per-playlist ROOT files /pscratch/.../nd-unfolding/g2_fullevent/final/ (113.5 GB total; 1A atime 2026-09-18) and the merged 5D omnifile runEventLoopOmniFold_5D_MEFHC_universes_full.root (169,974,191,800 B)	docs/orchestration/AUDIT-FINDINGS-20260820.md:276-284 (32edb213): independent merge-completeness audit, Sigma over 12 parts == merged on all four trees; G2 Gate 1A independent terminal validation (ledger :1957-1961, Gemini verifier recomputed 12/12 ROOT sha256)	merged 5D omnifile on HPSS mnv-quoted-products-20260812/nd-unfolding/ (hsi ls: 169974191800 B == pscratch size; md5 hashverify PASS 36/36 per docs/orchestration/RECEIPT-20260820-oi50-hashverify.md); per-playlist ROOTs pscratch only (AUDIT-FINDINGS-20260820 sec.1: not on HPSS/CFS)	PARTIAL	none for the count; per-playlist files pscratch-only (regenerable from open data). Optionally cite the G2 receipt from the paper's data-availability section	A
D02	II Data	paper_body.tex:64	1.057e21 protons on target	1.057e21 POT	SO	SO		docs/orchestration/state/g2-gate1-all12-validation-20260719.json aggregate_counts.dataPOTUsed (c2861407); VALIDATION_LEDGER.md:1965 (no VL id)	MATCH: 1.057394261158926e21 -> 1.057e21	POT TParameters in the 12 per-playlist ROOTs and merged 5D omnifile (as D01)	AUDIT-FINDINGS-20260820.md:306-313 (32edb213): merged-file dataPOTUsed 1.057394261158926e+21 == sum of 12 parts (independent audit, hadd POT check)	as D01 (HPSS merged omnifile, size match observed; per-playlist pscratch only)	PARTIAL	RC4 README lists it as not reproduced; consider adding the POT value + source path to the RC4 manifest/README so a reader can check it without the omnifile	A
D03	II Data	paper_body.tex:64-65	average neutrino energy near 6 GeV	6 GeV	ME	ME		NOT FOUND as a repository receipt. Only prose: README.md:477, LITERATURE_NOTES.md:349, 3d-unfolding/genie/compare_ascencio_eavail.py:6; the published analysis (MINERvA:2021owq, ancillary files named *_inclusive_6GeV*) is the external source	NOT-CHECKED (no repo-computed value; external literature property of the ME beam)	none (flux file flux_mefhc_numu.root could yield <E_nu> but no receipt computes it)	NONE FOUND (searched git grep 'average neutrino energy|mean neutrino energy|<E_nu>|6 GeV.*(average|mean|peak)')	n/a	NO	citation-level, low severity: put \cite{MINERvA:2021owq} (or the flux paper) on this clause, or compute <E_nu> from the analysis flux in a small committed receipt	A
D04	II Data	paper_body.tex:71-72	4.12 million data events after selection	4.12 M	SO	SO		VALIDATION_LEDGER.md:1520-1524 (Delta pass 2026-06-09, merged 5D omnifile data 4,119,797; commit 29a1186d) and :1963 (G2); docs/orchestration/state/g2-gate1-all12-validation-20260719.json:3 data=4119797	MATCH: 4,119,797 -> 4.12 M. Note: other productions differ (G2 npz receipt on CFS data=4,116,128 after domain cut; 5D refinement on data n_positive 4,091,579 in-box) - the printed number is the selected-file total	merged 5D omnifile (data tree) /pscratch/.../nd-unfolding/runEventLoopOmniFold_5D_MEFHC_universes_full.root (atime 2026-09-14)	AUDIT-FINDINGS-20260820.md:283 (32edb213): data 4,119,797 Sigma12 == merged; nd-unfolding/active_universe_5d/fps/covariance/audit_merged_fps.json (9168e7d2) data 4119797	HPSS mnv-quoted-products-20260812 (size match 169974191800 B observed via hsi -q ls; md5 hashverify PASS 2026-08-20 receipt)	PARTIAL	state the population (selected events in the 12-playlist omnifile, before the analysis box) in the receipt the paper cites; RC4 README: not reproduced	A
D05	II Data	paper_body.tex:72	32.8 million true signal events in simulation	32.8 M	SO	SO		VALIDATION_LEDGER.md:1520-1524 (mc_truth_denom 32,849,103; 29a1186d) and :1415 (pointcloud census N=32,849,103); 2d-unfolding/2D_OMNIFOLD_STUDY_STATUS.md:209 (view)	MATCH: 32,849,103 -> 32.8 M. Caution: the G2 full-schema production has mc_truth_denom 49,906,108 (g2-gate1 json) - a different production/phase space; the printed 32.8 M is the 5D/2D production	merged 5D omnifile mc_truth_denom tree (as D04); nd-unfolding/products/pet/fullcloud/pointcloud_projection_summary.json (git-tracked)	AUDIT-FINDINGS-20260820.md:281 (32edb213): mc_truth_denom 32,849,103 Sigma12 == merged	HPSS merged omnifile (as D04)	PARTIAL	add one receipt line naming which production (5D/2D omnifile, not G2) the 32.8 M comes from, since the repo carries a conflicting 49.9 M count for the same 12 playlists	A
D06	II Data	paper_body.tex:73,81-84	generator versions: GENIE 2.12.6 + MnvTune v1; GENIE 2.12.10; NuWro 21.09; GiBUU 2019; GiBUU stops at E_nu ~ 20 GeV	versions; 20 GeV	SO-NOINDEP	SO-NOINDEP		docs/orchestration/state/s5p/gen5d/README-gen5d-build.md:25-28 (305951dd) generator labels; 3d-unfolding/genie/setup_genie.sh:2 (GENIE 2.12.10c CVMFS), setup_nuwro.sh:40 (nuwro_21.09.1), setup_gibuu.sh:2 (GiBUU 2019); GiBUU jobcard 3d-unfolding/genie/work_gibuu/gibuu_mefhc_numu.job:104 Enu_upper_cut = 20.0; KNOWN_ISSUES.md:72 (row 82); VL161 (VALIDATION_LEDGER.md:123). GENIE 2.12.6+MnvTune v1: only plot labels (2d-unfolding/plot_2d_cross_section.py:108) and receipt_model_chi2_2d.json tune identity (published ancillary)	MATCH for versions as configured (labels/setup scripts) and for the 20 GeV cut (jobcard 20.0); NOT-CHECKED that generator output headers carry these versions	generator samples genie_mefhc_{cv,mec}_ALL.gst.root, nuwro_flat5d_p*.root, work_gibuu_arr FinalEvents.dat (pscratch); derived gen5d npz in CFS s5p-archive-20261006/gen5d, gen5d_fluxfix	NONE FOUND for version strings (no record reads version from output files); gen5d README parity checks are same-lane	derived generator npz: CFS /global/cfs/cdirs/m3246/josephrb/s5p-archive-20261006/gen5d{,_fluxfix} (ls observed; not hashed by me); raw generator event files: pscratch (not checked)	PARTIAL	record the generator version as read from the sample itself (gst header / NuWro params / GiBUU log) in the gen5d receipt; GENIE 2.12.6+MnvTune v1 is the MINERvA AnaTuple CV - cite the open-data/MAT documentation	A
M01	III Method	paper_body.tex:100-103	2D central value: 5 iterations, depth-3 GBDT, 100 trees, exact-split sklearn	5; 3; 100	SO-NOINDEP	SO-NOINDEP		2d-unfolding/2D_OMNIFOLD_STUDY_STATUS.md:210 ('Production: 2d_crossSection_omnifold_MEFHC_5iter.root, exact GBT') - a status view; code 2d-unfolding/unfold_2d_omnifold_unbinned.py:1121-1131 (--estimator default 'exact'; help: 100 trees, depth 3), introduced 9006278b (2026-05-28); no ledger row	MATCH as configuration statement; NOT-CHECKED against the product: the production ROOT (mtime 2026-05-19) predates the --estimator flag (added 9006278b 2026-05-28) and no receipt records the classifier params used to produce it	2d_crossSection_omnifold_MEFHC_5iter.root sha256 142a45b0... (pscratch /pscratch/sd/j/josephrb/MINERvA-OmniFold/2d-unfolding/, mtime 2026-05-19, atime 2026-10-06 09:14 PDT, sha re-measured MATCH)	NONE FOUND (no record reads the estimator configuration from the production run/log)	product on CFS (verified, see V01)	YES (product) / NO (config provenance)	add a receipt binding sha 142a45b0 to its run log/argv (estimator, n_iter, params); if the job log survives on pscratch/CFS, hash and cite it	A
M02	III Method	paper_body.tex:112-114	joint-test estimator: 5 iterations; refinement classifier 400 trees, 31 leaves	5; 400; 31	SO	SO		docs/orchestration/state/s5p/contract.json:26 (f3facb57; 'exactly s5e contract amendment 3 candidate R ... 5 iterations ... n_estimators 400, num_leaves 31'); nd-unfolding/s5e_candidate.py:33 CANDIDATES R = {n_estimators 400, num_leaves 31} (700797e3); s5e contract-amendment-3 (2f958652); VL154 (VALIDATION_LEDGER.md:150, 5683e329)	MATCH: 5 / 400 / 31	code (git-tracked); production products under CFS s5p-archive-20261006/runs/prod (7,176 cal + 1,147 pow entries in its SHA256SUMS)	VL154 disposition: implementation 'verified against the classifier actually built'; s5e cand review round 2 (docs/orchestration/state/s5e/cand/review-round-2.md, M1-M4 accepted)	git-tracked on main (config/code); joint-test products on CFS s5p-archive-20261006 (ls observed)	YES	none	A
M03	III Method	paper_body.tex:115-117	negative-weight treatment reduces purity method's highest-W nominal-truth bias about fifteen-fold	~15x	SO UP	SO	UP	docs/orchestration/OUTCOME-20260925-s5n-stage1-development-fail.md:8 (headline) and :64-66; KNOWN_ISSUES.md:65 (row 75); operands VL149 (VALIDATION_LEDGER.md:175, eeb51f99) and VL151 (:161, c844277b); receipts docs/orchestration/state/s5c/d1/d1_summary.json (e843b41f) and state/s5n/stage1/dev_receipt.json (c844277b) grid.C3_nominal.high_W	MATCH as a lower bound, ratio not stated in any receipt: purity split_F2 EW5..EW35 = -3.50,-4.06,-3.96,-4.02,-4.11,-4.01% vs negweight +0.234,+0.110,+0.154,+0.150,+0.130,+0.110%; per-cell |ratio| 14.9-36.8 (median ~29); range-endpoint ratio 3.5/0.24 = 14.6; max/max 4.11/0.234 = 17.6. 'about fifteen-fold' is the conservative end	s5c D1 pseudo-experiment npz /pscratch/sd/j/josephrb/s5c-20260924/runs/d1/ (30 files; d1_split_s4.npz atime 2026-09-25 15:06) and s5n dev npz /pscratch/sd/j/josephrb/s5n-20260925/runs/dev (180 files; oldest atime 2026-09-26 02:57)	operands independently re-measured: VL149 (review round 2, OUTCOME-20260925-s5c-purity-background-bias-at-high-W.md sec.4) and VL151 (s5n review rounds 1-2, state/s5n/stage1/review-round-1.md + review1/*.py). The ratio itself: auditor recompute only	pscratch only (bounded find on CFS/homes found no d1_*/s5n dev npz; summaries git-tracked)	NO	state the ratio definition in the OUTCOME (e.g. 'smallest per-cell ratio 14.9') or reword to 'by more than an order of magnitude'; copy s5c runs/d1 and s5n runs/dev (small npz) to CFS with a SHA256SUMS before ~2026-11-20 (8 weeks after atime)	A
V01	IV.A 2D	paper_body.tex:128 (\sigTwoD)	integrated 2D cross section	3.073e-38 cm2/nucleon	RR + UP(release payload: RC4 tarball/npz have no durable copy)	RR	UP	docs/orchestration/receipts/RECEIPT-2d-agreement-windows-20260821.json headline_totals_oi130.values.integral_ours_reported (5c9f88b6); values.tex:36 \sigTwoD	MATCH: 3.0733131599571655e-38 -> 3.073e-38 (RC4 fig_numbers [ok], scratch out/fig_numbers.log)	2d_crossSection_omnifold_MEFHC_5iter.root sha256 142a45b0... (pscratch /pscratch/sd/j/josephrb/MINERvA-OmniFold/2d-unfolding/, mtime 2026-05-19, atime 2026-10-06 09:14 PDT, sha re-measured MATCH) + paper ancillary cov_ptpl_minerva_inclusive_6GeV.root sha256 6c6dce72... (pscratch minerva_paper_anc/, atime 2026-10-06 09:20, sha re-measured MATCH)	RC4 code/figs/fig_numbers.py recomputes from fig_arrays.npz (independent code path, same sha-pinned operands; manifest sources.ours_2d sha 142a45b0)	CFS /global/cfs/cdirs/m3246/josephrb/minerva-shutdown-stage/fig_products/2d-unfolding/{2d_crossSection_omnifold_MEFHC_5iter.root, minerva_paper_anc/cov_ptpl_minerva_inclusive_6GeV.root} (sha256sum on CFS 2026-10-08: 142a45b0 / 6c6dce72 MATCH); paper ancillary also public (arXiv:2106.16210 anc); tune/data CSV + bin_mapping git-tracked at 2d-unfolding/minerva_paper_anc/ (shasum 222317.. / 02153e.. / d21a41.. MATCH receipts); RC4 fig_arrays.npz carries derived arrays	YES	receipt names only the pscratch path; add the verified CFS paths (minerva-shutdown-stage/fig_products/2d-unfolding/...) as durable_copies to RECEIPT-2d-agreement-windows-20260821.json and receipt_model_chi2_2d.json (digests already match)	A
V02	IV.A 2D	paper_body.tex:129 (\sigTwoDpaper)	published integrated cross section	3.039e-38	RR + UP(release payload: RC4 tarball/npz have no durable copy)	RR	UP	same receipt integral_paper_reported (5c9f88b6); values.tex:37	MATCH: 3.03901139455691e-38 -> 3.039e-38 (fig_numbers [ok])	2d_crossSection_omnifold_MEFHC_5iter.root sha256 142a45b0... (pscratch /pscratch/sd/j/josephrb/MINERvA-OmniFold/2d-unfolding/, mtime 2026-05-19, atime 2026-10-06 09:14 PDT, sha re-measured MATCH) + paper ancillary cov_ptpl_minerva_inclusive_6GeV.root sha256 6c6dce72... (pscratch minerva_paper_anc/, atime 2026-10-06 09:20, sha re-measured MATCH)	RC4 fig_numbers.py (as V01)	CFS /global/cfs/cdirs/m3246/josephrb/minerva-shutdown-stage/fig_products/2d-unfolding/{2d_crossSection_omnifold_MEFHC_5iter.root, minerva_paper_anc/cov_ptpl_minerva_inclusive_6GeV.root} (sha256sum on CFS 2026-10-08: 142a45b0 / 6c6dce72 MATCH); paper ancillary also public (arXiv:2106.16210 anc); tune/data CSV + bin_mapping git-tracked at 2d-unfolding/minerva_paper_anc/ (shasum 222317.. / 02153e.. / d21a41.. MATCH receipts); RC4 fig_arrays.npz carries derived arrays	YES	receipt names only the pscratch path; add the verified CFS paths (minerva-shutdown-stage/fig_products/2d-unfolding/...) as durable_copies to RECEIPT-2d-agreement-windows-20260821.json and receipt_model_chi2_2d.json (digests already match)	A
V03	IV.A 2D	paper_body.tex:129-130 (\ratioTot)	ratio ours/published	1.011	RR + UP(release payload: RC4 tarball/npz have no durable copy)	RR	UP	same receipt ratio_integrals_reported (5c9f88b6); values.tex:38	MATCH: 1.0112871460310062 -> 1.011; both operands also match (V01/V02), and the receipt documents the Jacobian trap (bare sums 12.14x on both files)	2d_crossSection_omnifold_MEFHC_5iter.root sha256 142a45b0... (pscratch /pscratch/sd/j/josephrb/MINERvA-OmniFold/2d-unfolding/, mtime 2026-05-19, atime 2026-10-06 09:14 PDT, sha re-measured MATCH) + paper ancillary cov_ptpl_minerva_inclusive_6GeV.root sha256 6c6dce72... (pscratch minerva_paper_anc/, atime 2026-10-06 09:20, sha re-measured MATCH)	RC4 fig_numbers.py; VL56 section operand sigma_tot ours/data 1.0115 (bin-content convention, VALIDATION_LEDGER.md:869)	CFS /global/cfs/cdirs/m3246/josephrb/minerva-shutdown-stage/fig_products/2d-unfolding/{2d_crossSection_omnifold_MEFHC_5iter.root, minerva_paper_anc/cov_ptpl_minerva_inclusive_6GeV.root} (sha256sum on CFS 2026-10-08: 142a45b0 / 6c6dce72 MATCH); paper ancillary also public (arXiv:2106.16210 anc); tune/data CSV + bin_mapping git-tracked at 2d-unfolding/minerva_paper_anc/ (shasum 222317.. / 02153e.. / d21a41.. MATCH receipts); RC4 fig_arrays.npz carries derived arrays	YES	receipt names only the pscratch path; add the verified CFS paths (minerva-shutdown-stage/fig_products/2d-unfolding/...) as durable_copies to RECEIPT-2d-agreement-windows-20260821.json and receipt_model_chi2_2d.json (digests already match)	A
V04	IV.A 2D	paper_body.tex:130	205 reported bins	205	RR + UP(release payload: RC4 tarball/npz have no durable copy)	RR	UP	RECEIPT-2d-agreement-windows-20260821.json mask.n_reported 205 (asserted; 43778a75); receipt_model_chi2_2d.json masking.n_reported 205 (596ef12f)	MATCH: 205 (literal in paper_body.tex:130)	2d_crossSection_omnifold_MEFHC_5iter.root sha256 142a45b0... (pscratch /pscratch/sd/j/josephrb/MINERvA-OmniFold/2d-unfolding/, mtime 2026-05-19, atime 2026-10-06 09:14 PDT, sha re-measured MATCH) + paper ancillary cov_ptpl_minerva_inclusive_6GeV.root sha256 6c6dce72... (pscratch minerva_paper_anc/, atime 2026-10-06 09:20, sha re-measured MATCH)	RC4 fig_numbers n_reported 205 [ok]; VL56 (ndf 205)	CFS /global/cfs/cdirs/m3246/josephrb/minerva-shutdown-stage/fig_products/2d-unfolding/{2d_crossSection_omnifold_MEFHC_5iter.root, minerva_paper_anc/cov_ptpl_minerva_inclusive_6GeV.root} (sha256sum on CFS 2026-10-08: 142a45b0 / 6c6dce72 MATCH); paper ancillary also public (arXiv:2106.16210 anc); tune/data CSV + bin_mapping git-tracked at 2d-unfolding/minerva_paper_anc/ (shasum 222317.. / 02153e.. / d21a41.. MATCH receipts); RC4 fig_arrays.npz carries derived arrays	YES	none	A
V05	IV.A 2D	paper_body.tex:130-131 (\binsTen)	bins agreeing within 10%	94.1%	RR + UP(release payload: RC4 tarball/npz have no durable copy)	RR	UP	RECEIPT-2d-agreement-windows-20260821.json results.within_10_percent 193/205 (43778a75); values.tex:75	MATCH: 193/205 = 94.146% -> 94.1	2d_crossSection_omnifold_MEFHC_5iter.root sha256 142a45b0... (pscratch /pscratch/sd/j/josephrb/MINERvA-OmniFold/2d-unfolding/, mtime 2026-05-19, atime 2026-10-06 09:14 PDT, sha re-measured MATCH) + paper ancillary cov_ptpl_minerva_inclusive_6GeV.root sha256 6c6dce72... (pscratch minerva_paper_anc/, atime 2026-10-06 09:20, sha re-measured MATCH)	RC4 fig_numbers binsTen 94.14634 [ok]	CFS /global/cfs/cdirs/m3246/josephrb/minerva-shutdown-stage/fig_products/2d-unfolding/{2d_crossSection_omnifold_MEFHC_5iter.root, minerva_paper_anc/cov_ptpl_minerva_inclusive_6GeV.root} (sha256sum on CFS 2026-10-08: 142a45b0 / 6c6dce72 MATCH); paper ancillary also public (arXiv:2106.16210 anc); tune/data CSV + bin_mapping git-tracked at 2d-unfolding/minerva_paper_anc/ (shasum 222317.. / 02153e.. / d21a41.. MATCH receipts); RC4 fig_arrays.npz carries derived arrays	YES	receipt names only the pscratch path; add the verified CFS paths (minerva-shutdown-stage/fig_products/2d-unfolding/...) as durable_copies to RECEIPT-2d-agreement-windows-20260821.json and receipt_model_chi2_2d.json (digests already match)	A
V06	IV.A 2D	paper_body.tex:132,154 (\pullRMS,\pullMean)	published-sigma standardized residual RMS and mean	0.598; 0.089	RR + UP(release payload: RC4 tarball/npz have no durable copy)	RR	UP	2d-unfolding/receipt_model_chi2_2d.json:196-197 pull_mean/pull_rms (596ef12f); VALIDATION_LEDGER.md:871 (VL56 section, 1ec042e9); values.tex:77-78	MATCH: 0.08894542701552118 -> 0.089; 0.5981211651164514 -> 0.598	2d_crossSection_omnifold_MEFHC_5iter.root sha256 142a45b0... (pscratch /pscratch/sd/j/josephrb/MINERvA-OmniFold/2d-unfolding/, mtime 2026-05-19, atime 2026-10-06 09:14 PDT, sha re-measured MATCH) + paper ancillary cov_ptpl_minerva_inclusive_6GeV.root sha256 6c6dce72... (pscratch minerva_paper_anc/, atime 2026-10-06 09:20, sha re-measured MATCH)	RC4 fig_numbers pullMean/pullRMS [ok] (same values to all digits)	CFS /global/cfs/cdirs/m3246/josephrb/minerva-shutdown-stage/fig_products/2d-unfolding/{2d_crossSection_omnifold_MEFHC_5iter.root, minerva_paper_anc/cov_ptpl_minerva_inclusive_6GeV.root} (sha256sum on CFS 2026-10-08: 142a45b0 / 6c6dce72 MATCH); paper ancillary also public (arXiv:2106.16210 anc); tune/data CSV + bin_mapping git-tracked at 2d-unfolding/minerva_paper_anc/ (shasum 222317.. / 02153e.. / d21a41.. MATCH receipts); RC4 fig_arrays.npz carries derived arrays	YES	receipt names only the pscratch path; add the verified CFS paths (minerva-shutdown-stage/fig_products/2d-unfolding/...) as durable_copies to RECEIPT-2d-agreement-windows-20260821.json and receipt_model_chi2_2d.json (digests already match)	A
V07	IV.A 2D	paper_body.tex:133 (\chiPaper)	chi2/ndf against full published covariance	3.66	RR + UP(release payload: RC4 tarball/npz have no durable copy)	RR	UP	2d-unfolding/receipt_model_chi2_2d.json:192 chi2_per_ndf (596ef12f); VL56 VALIDATION_LEDGER.md:846; VL172 'paper-covariance chi2/ndf 3.661 (unchanged)' (:30, c40bd8c9); values.tex:112	MATCH: 3.6609406881 -> 3.66	2d_crossSection_omnifold_MEFHC_5iter.root sha256 142a45b0... (pscratch /pscratch/sd/j/josephrb/MINERvA-OmniFold/2d-unfolding/, mtime 2026-05-19, atime 2026-10-06 09:14 PDT, sha re-measured MATCH) + paper ancillary cov_ptpl_minerva_inclusive_6GeV.root sha256 6c6dce72... (pscratch minerva_paper_anc/, atime 2026-10-06 09:20, sha re-measured MATCH)	RC4 fig_numbers chiPaper 3.66094 [ok]; VL172 control state/ki84-adopt-20261006/controls/chi2_papercov_new.txt	CFS /global/cfs/cdirs/m3246/josephrb/minerva-shutdown-stage/fig_products/2d-unfolding/{2d_crossSection_omnifold_MEFHC_5iter.root, minerva_paper_anc/cov_ptpl_minerva_inclusive_6GeV.root} (sha256sum on CFS 2026-10-08: 142a45b0 / 6c6dce72 MATCH); paper ancillary also public (arXiv:2106.16210 anc); tune/data CSV + bin_mapping git-tracked at 2d-unfolding/minerva_paper_anc/ (shasum 222317.. / 02153e.. / d21a41.. MATCH receipts); RC4 fig_arrays.npz carries derived arrays	YES	receipt names only the pscratch path; add the verified CFS paths (minerva-shutdown-stage/fig_products/2d-unfolding/...) as durable_copies to RECEIPT-2d-agreement-windows-20260821.json and receipt_model_chi2_2d.json (digests already match)	A
V08	IV.B 2D unc	paper_body.tex:150,172 (\uqMedian)	standalone median relative uncertainty	6.87%	SO-NOINDEP UP	SO-NOINDEP	UP	docs/orchestration/state/ki84-adopt-20261006/recompute_2d_budget.json VL170.block_sum.median_pct (c40bd8c9); VL172 VALIDATION_LEDGER.md:30; values.tex:120	MATCH: 6.8706583503726995 -> 6.87 (VL162 value 6.8646 also rounds to 6.87)	CV 2d_xsec_MEFHC_5iter_lgbm_uni_full_CV.root 4f5a1b6d; universe VL170 077912e3 (block bitwise = VL162 universe 62590df7); boot VL170 71a75821; ml 3b6b48ec - all /pscratch/.../2d-unfolding/uq/ (sha re-measured MATCH for 4f5a1b6d, 3b6b48ec, 71a75821, 077912e3; VL170 boot atime 2026-10-06 09:07, universe_vl170 atime 2026-10-06 09:06); boot derives from 300 replicas /pscratch/sd/j/josephrb/ki84-rebuild-20261006/replicas (600 files, boot100 atime 2026-10-06 09:12)	NONE FOUND independent: VL172 controls are same-lane (old inputs reproduce 6.8646); RC4 explicitly does not reproduce it	CFS minerva-shutdown-stage/fig_products/2d-unfolding/uq/: CV 4f5a1b6d, VL162 universe 62590df7, ml 3b6b48ec (sha256sum on CFS MATCH); VL162-era HPSS copies in mnv-quoted-products-20260812 (sizes match). VL170 boot covariance and the 300 VL170 replicas: pscratch only (no *vl170* under CFS find -maxdepth 6)	PARTIAL	copy uq/bootstrap_MEFHC_300_vl170/ (71a75821), uq/universe_..._vl170/ (077912e3) and ki84-rebuild-20261006/replicas to CFS with SHA256SUMS; add durable paths to recompute_2d_budget.json; ask a second lane to recompute the block-sum median from the CFS copies	A
V09	IV.B 2D unc	paper_body.tex:151,172 (\uqPaper)	published median relative uncertainty	6.85%	RR + UP(release payload: RC4 tarball/npz have no durable copy)	RR	UP	docs/orchestration/state/uqpaper-median-20261006/paper_median.json uqPaper_pct (8a50498a); values.tex:121	MATCH: 6.852482845312499 -> 6.85	paper cov_ptpl_minerva_inclusive_6GeV.root 6c6dce72 + data_result CSV 02153e7a + bin_mapping d21a41eb	RC4 fig_numbers uqPaper_median_rel_pct 6.85248 [ok]	CFS (cov ROOT, verified) + git-tracked CSV/bin_mapping (verified) + public arXiv ancillary	YES	receipt names pscratch paths only; add CFS/git paths	A
V10	IV.B 2D unc	paper_body.tex:174 (\covTwoDNtoy)	pre-registered fixed-truth closure pseudo-experiments	100	SO	SO		docs/orchestration/state/coverage-2d-20261005/interim_score.json result.n_toys 100, toy_index_range [1,100] (0f59faa9); VL169 VALIDATION_LEDGER.md:58; PREREG-20261005-2d-fixed-truth-coverage.md; values.tex:92	MATCH: 100	interim.npz (git-tracked, sha 79c4dd6b == manifest) summarising toys /pscratch/sd/j/josephrb/coverage-2d-20261005/toys (200 files; toy100.root atime 2026-10-05 12:59)	state/coverage-2d-20261005/recompute/ (43aaa140) independent recompute	git-tracked on main (interim.npz, U/T per toy); raw toy ROOTs pscratch only	YES	copy coverage-2d-20261005/toys to CFS (small) for full regeneration	A
V11	IV.B 2D unc	paper_body.tex:176-178 (\covTwoDCTwoPctOne,\covTwoDCOne)	first-built stat band: within-2sigma fraction; 1sigma fraction nominal; pull mean consistent with 0	91.2% (vs 95.4% nominal); 0.679	SO	SO		interim_score.json result.C2/C1/intervals.pull_mean (0f59faa9); VL169 VALIDATION_LEDGER.md:58; values.tex:94-97	MATCH: C2 0.9121463 -> 91.2; C1 0.6793659 -> 0.679; nominal 0.9544997 -> 95.4; pull mean -0.034, 99.5% interval [-0.082, +0.015] contains 0	interim.npz (git-tracked) + VL162 band (prod_mean/prod_sigma inside interim.npz; rollup f7c734b1 on CFS)	state/coverage-2d-20261005/recompute/recompute_comparison.json (43aaa140; points identical, endpoints within 5.4e-4); auditor recompute from tracked interim.npz (scratch agentA/recheck_coverage.py): C1 0.679366, C2 0.912146 exact	git-tracked on main (interim.npz verified sha 79c4dd6b); VL162 boot rollup on CFS (f7c734b1 per CFS SHA256SUMS)	YES	none	A
V12	IV.B 2D unc	paper_body.tex:181	rebuilt statistical band median	0.674%	SO-NOINDEP UP	SO-NOINDEP	UP	recompute_2d_budget.json VL170.boot.median_pct 0.67382 and boot_spreads.json N300.median_rel_pct 0.67395 (c40bd8c9); VL172 :30 and VL170 :44 (1786b32f); literal in paper_body.tex:181 (no macro)	MATCH: 0.6738 / 0.6739 -> 0.674	VL170 boot covariance 71a75821 and 300 replicas (pscratch; see V08); per-bin mean/sigma git-tracked in docs/orchestration/state/ki84-rebuild-20261006/vl170_band.json (bba813c5)	no committed independent record; auditor recompute from tracked vl170_band.json: median sigma/mean over 205 bins = 0.67395% (MATCH)	band summary git-tracked (enough to recompute the median); covariance + replicas pscratch only	PARTIAL	literal retyped in prose: macroize (e.g. \uqStatMedian) in values.tex with VL172 provenance; archive VL170 products to CFS (as V08)	A
V13	IV.B 2D unc	paper_body.tex:185-186	rescoring vs rebuilt band: within 2sigma; within 1sigma	97.7%; 78.1%	SO-NOINDEP	SO-NOINDEP		docs/orchestration/state/ki84-rebuild-20261006/rescore_vl169_toys_vl170.json vl170.C2/C1 (bba813c5, merged 5aab2d6d); KNOWN_ISSUES.md:74 (row 84); literals in paper_body.tex:185-186	MATCH: C2 0.9768780 -> 97.7; C1 0.7805854 -> 78.1. WORDING: C2 interval [0.9737, 0.9800] lies wholly ABOVE the 2-sigma window [0.928, 0.972]; the paper says only the 1-sigma fraction is above its window	git-tracked interim.npz + vl170_band.json + 2d-unfolding/uq/coverage_fixed_truth/score_coverage.py	no committed independent record (rescoring is descriptive, same lane; its controls reproduce VL169 exactly); auditor recompute (scratch agentA/recheck_coverage.py, own code, tracked inputs): C1 0.780585, C2 0.976878 exact	git-tracked on main (all inputs)	YES	reword: '97.7% ... also above its nominal window, as is the 78.1% one-sigma fraction'; macroize the two literals; commit an independent rescoring check	A
V14	IV.B 2D unc	paper_body.tex:187-188	residual excess width lies in data-statistics component, not explained by purity	qualitative (receipt purity_datastream_check.json)	SO-NOINDEP	SO-NOINDEP		docs/orchestration/state/ki84-adopt-20261006/purity_datastream_check.json (c40bd8c9; label DESCRIPTIVE, POST HOC): corr(purity-predicted RMS, observed) = -0.087; corr_rms_f -0.558; by_f RMS 0.975/0.809/0.710; KNOWN_ISSUES.md:75 (row 85)	MATCH (qualitative). WORDING: paper_body.tex:188 says 'its cause is untested'; KNOWN_ISSUES row 85 records a 2026-10-07 diagnostic (8eb40e5f, after the rescoring) 'consistent with (b): the bootstrap is faithful on same-event pseudo-data' - descriptive; held-out-MC re-test still deferred	purity_fdata.json + toys interim.npz + vl170_band.json (all git-tracked); KI85 diagnostic products in docs/orchestration/state/ki85-diag-20261006/	NONE FOUND for the purity check (descriptive, same lane)	git-tracked on main	YES	update 'its cause is untested' to reflect the KI-85 diagnostic (e.g. 'a diagnostic points to the closure toys under-scattering; the decisive held-out test is deferred') or state why it is omitted	A
V15	IV.C ND	paper_body.tex:200-202	3/4/5-observable marginal normalizations agree at ~1-2%; closure recovers injected E_avail distortion	1-2%	SO-NOINDEP UP	SO-NOINDEP	UP	VALIDATION_LEDGER.md:1725-1727 (Delta pass 2026-06-09, 29a1186d; check_4d_anchors.py 0.38/0.64/1.68% medians, 4D/3D 0.9960; check_5d_anchors.py 5D/4D 1.0011) and :1784-1787; 3D anchor +0.95% and closure only in 3d-unfolding/3D_OMNIFOLD_STATUS.md:63-68 (view); no VL id, no digests (CAMPAIGN-s5c-20260924-paper-wide-table.md R4/R7: 'Digests: none')	MATCH as an envelope: totals +0.95% (3D vs 2D), 0.40% (4D/3D), 0.11% (5D/4D); per-projection medians 0.38-1.68%. All <= ~1.7%; '1-2%' is conservative	xsec_3d_MEFHC_5iter_lgbm.root sha 0dd94830 (pscratch + CFS, both hashed MATCH); xsec_4d_MEFHC_5iter_lgbm.root sha 1fb82508 (pscratch only; atime 2026-10-03 22:13); xsec_5d_MEFHC_5iter_lgbm.root sha 630306e2 (pscratch, atime read by others 2026-10-08)	AUDIT-FINDINGS-20260731.md:404-409 (J24) re-read the numbers against the ledger (not a recomputation); no separate recomputation record	3D: CFS minerva-shutdown-stage/fig_products/3d-unfolding (hashed MATCH 0dd94830); 5D: /global/homes/j/josephrb/evidence/repository-epochs/preparation-2026-09-24-bf34a12c/trunk-baseline/... (hashed MATCH 630306e2); 4D: none found	PARTIAL	write a receipt (JSON) for check_4d/5d_anchors + 3D anchor with product digests, add a VL row; copy xsec_4d_MEFHC_5iter_lgbm.root (1fb82508) to CFS	A
V16	IV.C ND	paper_body.tex:205-208	purity-based background subtraction: highest-W cells biased up to 4% in simulation, ~1 quoted sigma in one (E_avail,W) cell	4%; ~1 sigma	SO UP	SO	UP	VL149 VALIDATION_LEDGER.md:175 (eeb51f99); docs/orchestration/state/s5c/d1/d1_summary.json (e843b41f); OUTCOME-20260925-s5c-purity-background-bias-at-high-W.md:23-25,100-104 (4bdfa75e); docs/orchestration/state/s5c/d1/bias_vs_adopted.json summary.max_ratio (66cbb858)	MATCH: highest-W column -3.50..-4.11% -> 'up to 4%'; max |bias|/sigma_adopted = 1.0731 at EW35 -> '~1 sigma in one cell' (n_ratio_above_0.5 = 2). Cross-receipt operand check: EW35 adopted sigma 3.736% also in s5e assess_receipt A4 -> 4.009/3.736 = 1.073	s5c D1 npz /pscratch/sd/j/josephrb/s5c-20260924/runs/d1 (30 files; atime 2026-09-25); adopted projection /pscratch/sd/j/josephrb/z2m-products/PROJ/cov_5d_to_eavailW_publication.root sha 835828bf (re-measured MATCH)	VL149: independently re-measured by review round 2 (OUTCOME sec.4, own projection/sigma code). The ~1-sigma comparison (sec.4 item 8) was 'added after the review' - not independently checked	projection: /global/homes/j/josephrb/evidence/repository-epochs/preparation-2026-09-24-bf34a12c/trunk-baseline/z2m-products/PROJ/ (sha256sum MATCH 835828bf; per RECOVERY-MANIFEST-20260924-trunk-external-artifacts.json obj 18); D1 npz: pscratch only	PARTIAL	copy s5c-20260924/runs/d1 (~30 small npz) to CFS with SHA256SUMS before ~2026-11-20; have a second lane re-run bias_vs_adopted	A
V17	IV.C ND	paper_body.tex:208-211	negative-weight treatment: below 0.3%, up to 1% in some joint cells; on data the treatments differ by at most 1.4%	0.3%; 1%; 1.4%	SO UP	SO	UP	VL151 VALIDATION_LEDGER.md:161 and VL152 :162 (c844277b); docs/orchestration/state/s5n/stage1/dev_receipt.json grid.C3_nominal.high_W, per_functional, controls.C7 (c844277b)	MATCH: max highW+EW41 = 0.2415% (<0.3); max joint cell J93 1.0044% (J107 0.9966) -> 'up to 1%'; data max |diff| J93 1.41877% -> 1.4	s5n dev npz /pscratch/sd/j/josephrb/s5n-20260925/runs/dev (180 files; atime 2026-09-26 02:57-02:59) and runs/c7 data products	VL151/VL152 independently reproduced (state/s5n/stage1/review-round-1.md, review1/r1..r8 scripts, own code)	pscratch only (no s5n runs on CFS/HPSS in bounded search; s5p-archive covers s5p only)	NO	copy s5n-20260925/runs (649 files) to CFS with SHA256SUMS before ~2026-11-21; add durable path to dev_receipt	A
V18	IV.C ND	paper_body.tex:216-221	regularization bias under GiBUU-to-GENIE reweight: several percent in largest cells, up to 74% at high W	74%	SO UP	SO	UP	VL151 VALIDATION_LEDGER.md:161; dev_receipt.json grid.C4_eavail_shape.high_W.EW29; OUTCOME-20260925-s5n-stage1-development-fail.md:70-74; KNOWN_ISSUES row 77	MATCH: EW29 +74.067% -> 74%; largest cells EW7 1.188 vs truth 1.273 (~6.7%) -> 'several percent'; signal-only reproduces (corr 0.9994) -> 'with or without background'. Also VL154 under candidate R: EW29 73.86%	as V17 (s5n dev departure npz, pscratch)	VL151 independently reproduced (s5n review rounds 1-2); VL153 diag reproduces E_avail departure on the driver (73.8% vs 73.5%)	pscratch only	NO	as V17	A
V19	IV.C ND	paper_body.tex:223-225	for other fixed generator shapes 16-31% in most affected cell; within total uncertainty in about half the (E_avail,W) cells	16-31%; ~half	SO UP	SO	UP	VL154 VALIDATION_LEDGER.md:150 (5683e329); docs/orchestration/state/s5e/cand/assess_receipt.json points.W1/W2/W3.ew_max_abs_pct and A4.n_useful_cells (843fc99e); KNOWN_ISSUES row 77	MATCH: W1 31.315 (EW29), W2 16.376 (EW37), W3 23.665 (EW29) -> 16-31%; 20/42 EW cells within adopted sigma -> 'about half'. Scope notes: measured with candidate R (refinement 400/31), not the F2/N estimator of the 74%; W3 over ALL functionals reaches 33.57% (a J cell) - the printed range holds only for (E_avail,W) cells	s5e cand assess npz /pscratch/sd/j/josephrb/s5e-20260925/runs/cand (726 files; oldest atime 2026-09-25 20:19)	VL154 independently reproduced (state/s5e/cand/review-round-2.md, review2/r2_*.py, M1-M4 accepted)	pscratch only	NO	say '(E_avail,W) cell' explicitly; copy s5e-20260925/runs/cand to CFS with SHA256SUMS before ~2026-11-20	A
V20	IV.C ND	paper_body.tex:225-230	unfolded values move up to a few stat SDs under rounding-level input changes; spread inside data-bootstrap stat uncertainty	few SD	SO-NOINDEP UP	SO-NOINDEP	UP	VL154 A3 (assess_receipt.json A3.data_rounding_probe_over_data_sigma median 0.783, max 2.584 at J145; 843fc99e); VL155 VALIDATION_LEDGER.md:136 (690ff304) with state/s5p/stage2/stage2_receipt.json sha 0daa7cd8 (re-measured MATCH) study_N.N1_data.J: sigma_num 0.228% vs sigma_boot 0.368%, consistency 1.018, absorbed true; KNOWN_ISSUES row 80	MATCH: max 2.58 sigma -> 'a few'; J 0.23% < 0.37%, consistency 1.02 -> 'inside'; total >= 6% -> 'well below the total'	s5e cand data rounding products (pscratch) and s5p Stage-2 products /pscratch/sd/j/josephrb/s5p-20260926/runs/s2 (923 files; oldest atime 2026-09-26 09:40)	A3 part: VL154 independently reproduced (review round 2). VL155 part: RECORD-20260927-s5p-stage2-exit.md:21 'not yet independently reviewed; the Stage-3 admission review covers it' - the admission reviews (REVIEW-20260927-s5p-*) do not visibly re-measure the absorption numbers	pscratch only (CFS s5p-archive-20261006 SHA256SUMS covers runs/prod, recovery, stage7, gen5d - no runs/s2 or stage2 entries)	NO	commit an independent recompute of the VL155 absorption (J median 0.23 vs 0.37, ratio 1.02); add s5p runs/s2 to the CFS archive	A
V21	IV.C ND	paper_body.tex:230-233	end-to-end test of bias-corrected stat intervals failed predeclared criterion at nominal truth and under E_avail tilt	FAIL	SO UP	SO	UP	VL150 VALIDATION_LEDGER.md:176 (55759309); docs/orchestration/state/s5c/tier_s/interim_400.json verdict FUTILITY-FAIL (sha aa574c17 re-measured MATCH ledger); OUTCOME-20260925-s5c-tier-s-futility-fail.md	MATCH: verdict FUTILITY-FAIL; nominal 0/2 futile (68%/95%) and eavail_tilt 51/42. Minor: OUTCOME:43 says nominal '1/2' (review round 4) vs ledger '0/2' - does not affect the printed FAIL	1,200 Tier-S pseudo-experiments /pscratch/sd/j/josephrb/s5c-20260924/runs/s_valid (1,849 files; oldest atime 2026-09-25 03:35)	review round 4 recomputed the verdict exactly with own code (OUTCOME-20260925-s5c-tier-s-futility-fail.md:83)	pscratch only (summary JSON git-tracked)	NO	copy s5c-20260924/runs/s_valid (and runs/d1) to CFS before ~2026-11-20; reconcile the 0/2 vs 1/2 nominal count in OUTCOME vs VL150	A
C01	V Central	paper_body.tex:243-245	GENIE, Tune v1, NuWro, GiBUU all underpredict at low E_avail	qualitative	RR+UP	RR	UP	No numeric receipt for the per-bin statement. Integrated: generator-context-receipt.json integrated_sigma_3d_eavail_axis_catch_dropped (docs/orchestration/state/s5p/stage7/generator-context/, @b1e6e3b9), VL159 (VALIDATION_LEDGER.md:121). Per-bin: eavail-marginal-ratios.json (GENIE-CV, GiBUU only). Note text sec_3d.tex:269-271 (view).	MATCH (qualitative). Auditor recompute from RC4 fig_arrays (E_avail marginal of 7x6 grid), data/pred in E_avail bins [0.1,0.2),[0.2,0.4): GENIE-CV 1.337/1.191, Tune v1 (hGenCV2D) 1.153/1.089, NuWro 1.118/1.092, GiBUU 1.119/1.199; all >1. Lowest bin [0,0.1): GiBUU 0.947, GENIE+MEC 0.956 (<1), consistent with 'between QE and Delta'. Same per-bin GENIE-CV/GiBUU values in eavail-marginal-ratios.json.	RC4 data/figs/fig_arrays.npz sha256 72394a2b (manifest publication/release/figs/_data/fig_arrays.npz.manifest.json @f5787b32); sources: gen (E_avail,W) roots s5p-20260926/stage7/genfig/... (debaf83e etc.), data excess_eavail_W.root 751bb859, xsec_5d_MEFHC_5iter_lgbm.root 630306e2	NONE FOUND for the qualitative statement (searched REVIEW-2026092*, VERDICT-*, ledger VL156-161). Auditor recomputation from RC4 arrays (above).	fig_arrays.npz: pscratch /pscratch/sd/j/josephrb/pub-release-20261006/figs/fig_arrays.npz + inside RC4 tarball 46f801bf (no durable copy found on CFS/home-epoch, find maxdepth 4). Sources: gen roots on CFS s5p-archive-20261006/stage7/genfig (genie_cv_xsec_eavailW.root re-hashed debaf83e on CFS); gen5d_fluxfix npz on CFS (4 re-hashed); xsec_5d 630306e2 on home epoch preparation-2026-09-24 (manifest PRESERVED); excess_eavail_W.root only HPSS mnv-quoted-products-20260812 by size (6166 B), pscratch otherwise	PARTIAL (CFS gen products re-hashed; fig_arrays.npz no durable copy observed)	Derivable from RC4 arrays but not among fig_numbers.py checks and not in a committed receipt. Fix: add the per-bin E_avail ratio check (bins 1-2, 5 predictions) to fig_numbers.py; deposit fig_arrays.npz/RC4 on CFS.	B
C02	V Central	paper_body.tex:245-246	pion FSI variations change dsigma/dEavail by less than 1%	<1%	SO-NOINDEP+UP	SO-NOINDEP	UP	3d-unfolding/genie/genie_fsi_FrAbs_pi_xsec3d_summary.txt (@971fdb55) and genie_fsi_FrInel_pi_xsec3d_summary.txt (@121f88a1); note sec_3d.tex:306-313. No ledger row. Paper comment (paper_body.tex:252 'Sources: VL159, VL160') and RC4-README:123 route it to VL159/VL160, neither of which contains it.	MATCH: recomputed max |ratio-1| over E_avail bins at +-1 sigma: FrAbs_pi 0.824% (bin [0,0.1)), FrInel_pi 0.745% (bin [0.1,0.2)); both <1%; matches note 0.82%/0.74%.	Pre-repair GENIE grwght1p reweight of 2M CV events (outputs location not recorded in receipt; run_fsi_reweight.sh). Summaries committed.	NONE FOUND (searched ledger, REVIEW*/VERDICT*, docs/publication).	receipt git-tracked on main; upstream reweight outputs unknown	NO (upstream unknown)	Mis-routed citation. Fix: add a ledger row (or cite the two summary files) in the paper comment and RC4-README instead of VL159/VL160; record location/hash of grwght1p outputs.	B
C03	V Central	paper_body.tex:247-248	Valencia 2p2h fills 52% of data-GENIE gap below E_avail=0.4 GeV	52%; 0.4 GeV	SO-NOINDEP+UP	SO-NOINDEP	UP	generator-context-receipt.json compare_mec_eavail.repaired.dip_fill_pct=52.0 + compare_mec_eavail-log.txt (state/s5p/stage7/generator-context/ @b1e6e3b9); VL160 (VALIDATION_LEDGER.md:122)	MATCH: receipt 52.0; auditor recompute from the log table (bins 0-2, width-weighted): MEC added 0.066 / gap 0.126 (e-38) = 52.4%.	3D gen roots genie_cv_xsec3d.root 8d417234, genie_mec component (s5p-20260926/stage7/genfig); flux-fixed 5D npz (CFS); data 3D unfolded product (not identified in receipt)	NONE FOUND (VL160 'VERIFIED-NUMERIC' but no independent record; REVIEW-20260927-s5p-round1 does not recompute it). RC4-README:123 lists it as NOT reproduced.	receipt git-tracked; gen roots CFS s5p-archive-20261006/stage7/genfig (8d417234 listed in SHA256SUMS); data 3D input unknown	PARTIAL	Fix: name and hash the data 3D input in the receipt; obtain an independent recompute (cheap: from the eavail marginals).	B
C04	V Central	paper_body.tex:250-252	on maximal common (E_avail,q3) grid central value within 10% of published low-recoil measurement	10%	SO-NOINDEP+UP	SO-NOINDEP	UP	VALIDATION_LEDGER.md:1667-1680 (2026-06-10 narrative, no VL id; last touched @b8bd939c): ours/Ascencio 1.092 and 1.063; note sec_3d.tex:471-488 (9.2%, 6.3%). Paper comment routes to VL159/VL160, which do not contain it.	MATCH: 9.2% and 6.3% <10%.	nd-unfolding/products/4d/xsec_4d_MEFHC_5iter_lgbm.root (pscratch, 198,403 B, sha256 1fb82508..., mtime 2026-06-04, atime 2026-10-03 before my read) + uq_4d covariance; 3d-unfolding/genie/ascencio_2110.13372_supplemental.txt (git); nd-unfolding/compare_ascencio_fullcov.py	NONE FOUND.	4D product pscratch only (not in HPSS mnv-quoted-products-20260812 listing, which has only xsec_4d_MEFHC_ascencio_fine.root; not in home epochs/CFS by find maxdepth 7)	NO	(1) Mis-routed (cite ledger 2026-06-10 entry). (2) Ledger's 4th caveat (OI-59, still OPEN): the two E_avail truth axes are defined differently (ours closed 4-species, Ascencio open list; ~11% migration in low-E_avail truth bin) -- paper does not disclose. Fix: add one clause disclosing the definition difference or resolve OI-59; archive the 4D product (1fb82508) to CFS.	B
C05	V Central	paper_body.tex:257-259	two thirds of positive cell-integrated difference at E_avail>=0.8 GeV; most of that at W>=1.8; a fifth in single widest catch cell	~67%; most (~83%); ~22%	RR+UP	RR	UP	sec_eavailw.tex:49-50 (67%, 83%; note text = view); paper comment paper_body.tex:266-267 cites release arrays. Recomputed by RC4 fig_numbers.py (publication/release/figs/fig_numbers.py @f5787b32).	MATCH: fig_numbers run (scratchpad out/fig_numbers.log) 67.215% (window 62-71), 83.172% (50-100), 21.947% (17-23); FIG NUMBERS: PASS.	RC4 data/figs/fig_arrays.npz sha256 72394a2b (manifest publication/release/figs/_data/fig_arrays.npz.manifest.json @f5787b32); sources: gen (E_avail,W) roots s5p-20260926/stage7/genfig/... (debaf83e etc.), data excess_eavail_W.root 751bb859, xsec_5d_MEFHC_5iter_lgbm.root 630306e2	RC4 fig_numbers.py replay (parent run, PASS) from released arrays; one outside-reader replay per RC4 README.	fig_arrays.npz: pscratch /pscratch/sd/j/josephrb/pub-release-20261006/figs/fig_arrays.npz + inside RC4 tarball 46f801bf (no durable copy found on CFS/home-epoch, find maxdepth 4). Sources: gen roots on CFS s5p-archive-20261006/stage7/genfig (genie_cv_xsec_eavailW.root re-hashed debaf83e on CFS); gen5d_fluxfix npz on CFS (4 re-hashed); xsec_5d 630306e2 on home epoch preparation-2026-09-24 (manifest PRESERVED); excess_eavail_W.root only HPSS mnv-quoted-products-20260812 by size (6166 B), pscratch otherwise	PARTIAL	Verbal-share windows are generous ('most' = 50-100%). Fix: none required for the number; deposit RC4/fig arrays on CFS.	B
C06	V Central	paper_body.tex:260-261	data exceed Tune v1 by 12-30% in those cells and 23-31% at W<1.1 GeV for every E_avail	12-30%; 23-31%	RR+UP	RR	UP	RC4 fig_numbers.py RANGES (hardcoded literals '12','30','23','31' at fig_numbers.py:106-109); no committed JSON receipt in repo	MATCH: computed 12.35-30.46% and 22.64-30.58% (rounds to 12-30, 23-31).	RC4 data/figs/fig_arrays.npz sha256 72394a2b (manifest publication/release/figs/_data/fig_arrays.npz.manifest.json @f5787b32); sources: gen (E_avail,W) roots s5p-20260926/stage7/genfig/... (debaf83e etc.), data excess_eavail_W.root 751bb859, xsec_5d_MEFHC_5iter_lgbm.root 630306e2	RC4 fig_numbers replay (PASS).	fig_arrays.npz: pscratch /pscratch/sd/j/josephrb/pub-release-20261006/figs/fig_arrays.npz + inside RC4 tarball 46f801bf (no durable copy found on CFS/home-epoch, find maxdepth 4). Sources: gen roots on CFS s5p-archive-20261006/stage7/genfig (genie_cv_xsec_eavailW.root re-hashed debaf83e on CFS); gen5d_fluxfix npz on CFS (4 re-hashed); xsec_5d 630306e2 on home epoch preparation-2026-09-24 (manifest PRESERVED); excess_eavail_W.root only HPSS mnv-quoted-products-20260812 by size (6166 B), pscratch otherwise	PARTIAL	paper_body prints literals; fig_numbers holds its own retyped copies (not read from paper_body), so a later edit of paper_body would not be caught. Fix: macro-ize in values.tex and pass --values, or parse paper_body.	B
C07	V Central	paper_body.tex:272-276	Fig. 2 7x6 grid edges	edges	RR+UP	RR	UP	RC4 fig_arrays.npz eavail_edges/W_edges; cap_share.json eavail_edges/W_edges (state/note-capgap-20261003 @aa64878f); GRADE dst_shape [7,6]	MATCH: fig_arrays eavail_edges [0,0.1,0.2,0.4,0.8,1.5,3,100], W_edges [0,1.1,1.4,1.8,2.2,3,100]; identical in cap_share.json.	RC4 data/figs/fig_arrays.npz sha256 72394a2b (manifest publication/release/figs/_data/fig_arrays.npz.manifest.json @f5787b32); sources: gen (E_avail,W) roots s5p-20260926/stage7/genfig/... (debaf83e etc.), data excess_eavail_W.root 751bb859, xsec_5d_MEFHC_5iter_lgbm.root 630306e2	two independent producers agree (fig export and cap_share rebuild); not a fig_numbers check	fig_arrays.npz: pscratch /pscratch/sd/j/josephrb/pub-release-20261006/figs/fig_arrays.npz + inside RC4 tarball 46f801bf (no durable copy found on CFS/home-epoch, find maxdepth 4). Sources: gen roots on CFS s5p-archive-20261006/stage7/genfig (genie_cv_xsec_eavailW.root re-hashed debaf83e on CFS); gen5d_fluxfix npz on CFS (4 re-hashed); xsec_5d 630306e2 on home epoch preparation-2026-09-24 (manifest PRESERVED); excess_eavail_W.root only HPSS mnv-quoted-products-20260812 by size (6166 B), pscratch otherwise	PARTIAL	None material. Optional: add an edges assertion to fig_numbers.py.	B
C08	V Central	paper_body.tex:292-293	all four generators below data overall: integrated ratios	1.07-1.39	RR+UP	RR	UP	generator-context-receipt.json eavailW_band data_over_gen_total (GENIE-CV 1.110, GENIE+MEC 1.068, NuWro 1.153, GiBUU 1.386) @b1e6e3b9; VL157 (VALIDATION_LEDGER.md:119)	MATCH: 1.068->1.07, 1.386->1.39; fig_numbers 1.0676-1.3859 PASS.	RC4 data/figs/fig_arrays.npz sha256 72394a2b (manifest publication/release/figs/_data/fig_arrays.npz.manifest.json @f5787b32); sources: gen (E_avail,W) roots s5p-20260926/stage7/genfig/... (debaf83e etc.), data excess_eavail_W.root 751bb859, xsec_5d_MEFHC_5iter_lgbm.root 630306e2	RC4 fig_numbers replay from released arrays (different code path from overlay_eavailW_band.py; same upstream products).	fig_arrays.npz: pscratch /pscratch/sd/j/josephrb/pub-release-20261006/figs/fig_arrays.npz + inside RC4 tarball 46f801bf (no durable copy found on CFS/home-epoch, find maxdepth 4). Sources: gen roots on CFS s5p-archive-20261006/stage7/genfig (genie_cv_xsec_eavailW.root re-hashed debaf83e on CFS); gen5d_fluxfix npz on CFS (4 re-hashed); xsec_5d 630306e2 on home epoch preparation-2026-09-24 (manifest PRESERVED); excess_eavail_W.root only HPSS mnv-quoted-products-20260812 by size (6166 B), pscratch otherwise	PARTIAL	Literal in paper_body.tex:293 (not a macro), retyped in fig_numbers.py:92. Fix: macro + --values.	B
C09	V Central	paper_body.tex:294-295	GENIE/NuWro ratios for 2.2<=W<3.0 vs integrated	1.11-1.13; 1.07-1.15	RR+UP	RR	UP	generator-context-receipt.json W_2p2_3p0 (1.1228, 1.1108, 1.1299) and eavailW_band totals; VL158 (VALIDATION_LEDGER.md:120), VL157	MATCH: 1.111-1.130 -> 1.11-1.13; totals 1.068-1.153 -> 1.07-1.15; fig_numbers PASS.	RC4 data/figs/fig_arrays.npz sha256 72394a2b (manifest publication/release/figs/_data/fig_arrays.npz.manifest.json @f5787b32); sources: gen (E_avail,W) roots s5p-20260926/stage7/genfig/... (debaf83e etc.), data excess_eavail_W.root 751bb859, xsec_5d_MEFHC_5iter_lgbm.root 630306e2	RC4 fig_numbers replay.	fig_arrays.npz: pscratch /pscratch/sd/j/josephrb/pub-release-20261006/figs/fig_arrays.npz + inside RC4 tarball 46f801bf (no durable copy found on CFS/home-epoch, find maxdepth 4). Sources: gen roots on CFS s5p-archive-20261006/stage7/genfig (genie_cv_xsec_eavailW.root re-hashed debaf83e on CFS); gen5d_fluxfix npz on CFS (4 re-hashed); xsec_5d 630306e2 on home epoch preparation-2026-09-24 (manifest PRESERVED); excess_eavail_W.root only HPSS mnv-quoted-products-20260812 by size (6166 B), pscratch otherwise	PARTIAL	Literal retyped (as C08).	B
C10	V Central	paper_body.tex:296-297	joint high-E_avail high-W region ratios, within 7% of integrated	1.14-1.16; 7%	RR+UP	RR	UP	generator-context-receipt.json eavailW_band data_over_gen_corner (1.142, 1.139, 1.160); VL156 (VALIDATION_LEDGER.md:118)	MATCH: 1.139-1.160 -> 1.14-1.16; corner/total max deviation 6.65% (GENIE+MEC 1.139/1.068) <=7%.	RC4 data/figs/fig_arrays.npz sha256 72394a2b (manifest publication/release/figs/_data/fig_arrays.npz.manifest.json @f5787b32); sources: gen (E_avail,W) roots s5p-20260926/stage7/genfig/... (debaf83e etc.), data excess_eavail_W.root 751bb859, xsec_5d_MEFHC_5iter_lgbm.root 630306e2	RC4 fig_numbers replay.	fig_arrays.npz: pscratch /pscratch/sd/j/josephrb/pub-release-20261006/figs/fig_arrays.npz + inside RC4 tarball 46f801bf (no durable copy found on CFS/home-epoch, find maxdepth 4). Sources: gen roots on CFS s5p-archive-20261006/stage7/genfig (genie_cv_xsec_eavailW.root re-hashed debaf83e on CFS); gen5d_fluxfix npz on CFS (4 re-hashed); xsec_5d 630306e2 on home epoch preparation-2026-09-24 (manifest PRESERVED); excess_eavail_W.root only HPSS mnv-quoted-products-20260812 by size (6166 B), pscratch otherwise	PARTIAL	Literal retyped (as C08).	B
C11	V Central	paper_body.tex:298	GiBUU high-E high-W vs overall	1.61; 1.39	RR+UP	RR	UP	generator-context-receipt.json GiBUU corner 1.607, total 1.386; VL156/VL157	MATCH: 1.607->1.61, 1.386->1.39; fig_numbers PASS.	RC4 data/figs/fig_arrays.npz sha256 72394a2b (manifest publication/release/figs/_data/fig_arrays.npz.manifest.json @f5787b32); sources: gen (E_avail,W) roots s5p-20260926/stage7/genfig/... (debaf83e etc.), data excess_eavail_W.root 751bb859, xsec_5d_MEFHC_5iter_lgbm.root 630306e2	RC4 fig_numbers replay.	fig_arrays.npz: pscratch /pscratch/sd/j/josephrb/pub-release-20261006/figs/fig_arrays.npz + inside RC4 tarball 46f801bf (no durable copy found on CFS/home-epoch, find maxdepth 4). Sources: gen roots on CFS s5p-archive-20261006/stage7/genfig (genie_cv_xsec_eavailW.root re-hashed debaf83e on CFS); gen5d_fluxfix npz on CFS (4 re-hashed); xsec_5d 630306e2 on home epoch preparation-2026-09-24 (manifest PRESERVED); excess_eavail_W.root only HPSS mnv-quoted-products-20260812 by size (6166 B), pscratch otherwise	PARTIAL	Literal retyped (as C08).	B
C12	V Central	paper_body.tex:299-302	E_nu>=20 GeV carries 14-15% of region and 7% of total in GENIE/NuWro; supplying share gives GiBUU 1.37 vs 1.29	14-15%; 7%; 1.37; 1.29	SO-NOINDEP	SO-NOINDEP		docs/orchestration/state/note-capgap-20261003/cap_share.json (sha256 1e4f3f66, @aa64878f) + README.md; VL161 (VALIDATION_LEDGER.md:123)	MATCH: corner shares 14.30/14.46/14.82%; integrated 6.96/6.79/7.43% ('7%'); recomputed GiBUU+share corner 1.369-1.377, integrated 1.283-1.292; printed pair 1.37/1.29 corresponds to the GENIE+MEC share (1.3746/1.2918); 'about' covers the range.	flux-fixed 5D npz (genie_cv/mec/nuwro _xsec5d{,_full}.npz, gibuu_cv_xsec5d_fluxfix.npz) + event rebuild; output pscratch /pscratch/sd/j/josephrb/note-capgap-20261003/cap_share.json (atime 2026-10-03)	NONE FOUND (VL161: 'single lane, not independently reviewed'; RC4 fig_numbers NOT_COVERED).	receipt+code git-tracked; inputs on CFS s5p-archive-20261006/gen5d_fluxfix (4 *_full/fluxfix npz re-hashed = cfa42210, c179855d, 475a2871, 48917692); <50 GeV npz listed in CFS SHA256SUMS (not re-hashed)	YES (inputs CFS, hashed)	No independent check. Fix: independent recompute from cap_share.json fields (cheap) and record; consider printing ranges 1.37-1.38 / 1.28-1.29 or naming which share.	B
C13	V Central	paper_body.tex:302-304	Valencia 2p2h leaves the high region unchanged	qualitative	RR+UP	RR	UP	generator-context-receipt.json corner GENIE-CV 1.1818e-38 vs GENIE+MEC 1.1854e-38 (ratios 1.142 vs 1.139); VL156	MATCH: corner cross section +0.3% with MEC (ratio 1.142->1.139); fig_numbers.json ratio_corner GENIE-CV 1.1421, GENIE+MEC 1.1386.	RC4 data/figs/fig_arrays.npz sha256 72394a2b (manifest publication/release/figs/_data/fig_arrays.npz.manifest.json @f5787b32); sources: gen (E_avail,W) roots s5p-20260926/stage7/genfig/... (debaf83e etc.), data excess_eavail_W.root 751bb859, xsec_5d_MEFHC_5iter_lgbm.root 630306e2	RC4 fig_numbers computes both ratios (no explicit assertion of 'unchanged').	fig_arrays.npz: pscratch /pscratch/sd/j/josephrb/pub-release-20261006/figs/fig_arrays.npz + inside RC4 tarball 46f801bf (no durable copy found on CFS/home-epoch, find maxdepth 4). Sources: gen roots on CFS s5p-archive-20261006/stage7/genfig (genie_cv_xsec_eavailW.root re-hashed debaf83e on CFS); gen5d_fluxfix npz on CFS (4 re-hashed); xsec_5d 630306e2 on home epoch preparation-2026-09-24 (manifest PRESERVED); excess_eavail_W.root only HPSS mnv-quoted-products-20260812 by size (6166 B), pscratch otherwise	PARTIAL	Qualitative; fine. Optional: assert |corner(MEC)/corner(CV)-1|<1% in fig_numbers.	B
C14	V Central	paper_body.tex:322-323 (Fig.3 caption)	two GENIE predictions lie slightly above data at 1.4<=W<1.8 GeV	qualitative	RR+UP	RR	UP	eavailW_band_s5p_repaired-log.txt dsigma/dW table (data 1.419e-38, GENIE-CV 1.552e-38, GENIE+MEC 1.586e-38) in state/s5p/stage7/generator-context/ @b1e6e3b9	MATCH (direction): data/pred 0.914 (GENIE-CV), 0.895 (GENIE+MEC) from log and from RC4 arrays; NuWro 1.115, GiBUU 1.374 stay below. Predictions exceed data by 9.4% and 11.7% -- 'slightly' is a soft word for ~10%.	RC4 data/figs/fig_arrays.npz sha256 72394a2b (manifest publication/release/figs/_data/fig_arrays.npz.manifest.json @f5787b32); sources: gen (E_avail,W) roots s5p-20260926/stage7/genfig/... (debaf83e etc.), data excess_eavail_W.root 751bb859, xsec_5d_MEFHC_5iter_lgbm.root 630306e2	Auditor recompute from RC4 arrays matches log.	fig_arrays.npz: pscratch /pscratch/sd/j/josephrb/pub-release-20261006/figs/fig_arrays.npz + inside RC4 tarball 46f801bf (no durable copy found on CFS/home-epoch, find maxdepth 4). Sources: gen roots on CFS s5p-archive-20261006/stage7/genfig (genie_cv_xsec_eavailW.root re-hashed debaf83e on CFS); gen5d_fluxfix npz on CFS (4 re-hashed); xsec_5d 630306e2 on home epoch preparation-2026-09-24 (manifest PRESERVED); excess_eavail_W.root only HPSS mnv-quoted-products-20260812 by size (6166 B), pscratch otherwise	PARTIAL	Wording: consider 'by about 10%' instead of 'slightly'.	B
J01	VI.A	paper_body.tex:341-344	coarse 3^5 test grid and edges	edges	SO-NOINDEP	SO-NOINDEP		nd-unfolding/s5p_stage1_inspect.py:45-46 J_EDGES (last touched 00f6395b; identical at frozen 4f5a613f:45-46); contract-amendment-1-use-case-and-targets.json:47 RD1_J (ed798eec); state/s5p/stage1/stage1_inspect.json	MATCH: all 5x4 edges equal J_EDGES at 4f5a613f and amendment-1 RD1_J text	code constant (git); RC4 carries only the fine-to-J 0/1 map U (109x65856) and supported_cells indices 0..242 (=3^5-1), NOT the edge values	NONE FOUND (two committed sources agree: code constant and amendment 1; no independent re-derivation)	git main (code + contract)	YES (git, fec438db)	Edges not in RC4, so U's columns cannot be interpreted by an outside reader. Fix: add J_EDGES and the fine-grid edges (s5p_stage1_inspect.py FINE) to the RC4 manifest; then J01 becomes RR (U column sums -> 3^5 grid).	C
J02	VI.A	paper_body.tex:344-346 (\jtNcells,\jtNcellsGiBUU)	supported cells; GiBUU domain cells	109; 72	RR + UP(release payload: RC4 tarball/npz have no durable copy)	RR	UP	docs/orchestration/state/s5p/contract-amendment-7-production-admission.json (4f5a613f; sha256 448f5764...) claims.family (line 9): 'the 109 supported J cells; GiBUU the 72 of them with p_parallel < 6 GeV/c (pz index <= 1)'; values_inference.tex:14-15 (dc19ce17); RECORD-20261005...inference-result.md:29	MATCH: A7 109/72. RC4 recomputed by agent C: supported_cells size 109; dom__GiBUU_2019.sum()=72, all other dom__ =109; dom__GiBUU == (pz_index<=1) True; pz_index bincount [32,40,37]	RC4 data/frozen/inference_sufficient.npz (npz_sha256 7bd019c6...): supported_cells, dom__<null>, pz_index	This audit (agent C) from RC4 arrays (uncommitted); recompute lane final-ext compare.json (466b427b) compares domains implicitly via every p	git main (A7) + RC4 (local candidate, not deposited)	YES (git); RC4 local only	None material. RC4 is undeposited; RR status depends on its deposit.	C
J03	VI.A	paper_body.tex:355 (\jtVn)	V from pilot pseudo-experiments at Tune null	194	SO UP	SO	UP	docs/orchestration/state/s5p/contract-amendment-7-production-admission.json (4f5a613f; sha256 448f5764...) metric_frozen.n = 194 (line 59) and metric_frozen.note; state/s5p/stage3/V/V-receipt.json n=194 (4f5a613f); prod/design.json v_ensemble_n=194	MATCH 194. Internal A7 inconsistency: calibration.metric (line 25) still says '200-experiment ... exactly 200 products (965000-965199)'; metric_frozen.note explains 6 null seeds lost to the 2.5 h limit. Paper follows metric_frozen.	V: /pscratch/sd/j/josephrb/s5p-20260926/stage3/V/V-s3v.npz sha256 35979ef7... (exists, atime 2026-10-06); CFS archive stage3/V/V-s3v.npz sha256 re-measured 35979ef7... (MATCH A7). Pilot ensemble runs/s3v/pilot/null_mnvtune/: 194 files on pscratch; NOT in CFS archive (grep s3v: only V-s3v.npz)	Reproduction harness reports/fresh-3a80aa74/report.json (2d3b40e0): tier B 'V:build-v' REPRODUCED, arrays_compared [V, n, names, shrinkage]; tier A 'V:receipt-fields' REPRODUCED. Same producer re-executed (not independent code).	V: CFS archive + pscratch; n: git; pilot inputs: pscratch only (+ lane pins in reproduction/s5p/pins/unrecorded-inputs-20260928.json)	V YES (CFS sha re-measured); pilot ensemble pscratch-only	Not RR: RC4 carries V (109x109) and its sha but not n. Pilot ensemble (194 products) is purgeable (8-week no-access; ~2026-12-01 at current atime). Fix: archive runs/s3v/pilot/null_mnvtune/ to CFS; add v_ensemble_n=194 and V's seed list to the RC4 manifest; correct/annotate A7 calibration.metric '200' in a dated note.	C
J04	VI.A	paper_body.tex:366-372 (\jtFluxUniverses,\jtModelBands)	flux universes; model bands; five lateral bands; 1.4% normalization; 20 real-data re-unfolds	100; 34; 5; 1.4%; 20	RR (20) / SO-NOINDEP (100, 34, 5, 1.4%) UP	SO-NOINDEP	UP	docs/orchestration/state/s5p/contract-amendment-7-production-admission.json (4f5a613f; sha256 448f5764...) calibration.process (line 22): 'one PPFX flux universe (of 100); EVERY interaction-model band ... (34 bands); ... lateral z_b Delta_b (Delta from the ten real-data endpoint unfolds) normalization 1.4% z, ... (20 real-data jitters)'; conditions item 2 (line 14) 'linear lateral surrogate (five bands)'; metric_frozen.checks.model_bands_per_draw=34 (line 65); nd-unfolding/s5p_nullexp.py:30 '1 + 0.014 z' (60b5d029); prod/design.json lateral_endpoints (5 keys, 10 files), data_jitters (20 paths)	MATCH all five: 100 (A7 text only), 34, 5, 1.4%, 20. RC4: jitters array shape (20,109) recomputed by agent C. 100: NOT-CHECKED against the PPFX bank or product nuisance_draw metadata.	jitters: /pscratch/.../runs/s2/num/data/data_b-_j{1..20}.npz (20 present, atime 2026-10-06; j1 sha 1167923a...); NOT in CFS archive (only data_b-_j-.npz central, fb5cc679... verified); digests pinned only by recompute lane (state/s5p/recompute/final-ext/recompute.json) and reproduction pins. Lateral endpoints runs/s3/latunf/ (12 files, pscratch only).	Partial: 20 = RC4 jitters shape (this audit); 34 = V check model_bands_per_draw; others NONE FOUND	git main (A7/code/design); RC4 jitters J-vectors (local candidate); raw re-unfolds pscratch only	git YES; raw jitter/lateral unfolds pscratch-only	Raw jitter and lateral endpoint unfolds are purgeable and absent from the CFS archive. Fix: copy runs/s2/num/data/data_b-_j{1..20}.npz and runs/s3/latunf/*.npz (~95 KB each) to the CFS archive and append to SHA256SUMS; record the PPFX universe count (100) from the bank in a receipt (e.g. count Flux_ universes in s5p_universe bank listing) or from product nuisance_draw ranges.	C
J05	VI.A	paper_body.tex:378-382 (\jtMoneKappa)	claim variants at +-2 delta_M1	2	RR + UP(release payload: RC4 tarball/npz have no durable copy)	RR	UP	docs/orchestration/state/s5p/contract-amendment-7-production-admission.json (4f5a613f; sha256 448f5764...) claims.rejection (line 10) 'F +- 2 delta_M1 (kappa = 2 ...)', calibration.m1_shift (line 27) 'kappa 2 (claim), kappa_robust 3'; prod/design.json m1_shift.*.kappa=2; values_inference.tex:46	MATCH 2 (A7, design, RC4 manifest nulls.<G>.m1.kappa=2 used by replay_inference.py)	RC4 d1__<G> (109-vectors; agent C confirmed bitwise-equal D_J of stage3/m1/fine-minus-mid-<g>.npz) + manifest kappa	RC4 replay (lead verify: COMPARE AGREE) and recompute lane compare.json 1379/1379 (466b427b) both use kappa=2	git main + RC4 + CFS (stage3/m1/*.npz archived)	YES (git; CFS listing)	None.	C
J06	VI.A	paper_body.tex:383-385 (\jtLambdaMin/Max)	non-centralities of external nulls	318-6344	SO UP	SO	UP	docs/orchestration/state/s5p/contract-amendment-7-production-admission.json (4f5a613f; sha256 448f5764...) prefreeze_measurements.summary lambda (lines 77,84,91,98): CV 450.2, MEC 317.7, NuWro 6344.0, GiBUU 1711.6; state/s5p/stage3/prefreeze/units.json:33,44,55,66 (4f5a613f; sha 2bafa908...; code_sha256 1fa1ee42 = nd-unfolding/s5p_prefreeze.py current sha)	MATCH: min 317.74 -> 318, max 6344.04 -> 6344	units.json inputs: noise-free fine/coarse/mid asimovs /pscratch/.../runs/s3r/f2/s3r_f2_<g>_{fine,coarse}.npz, s3v_m1_<g>_mid.npz (exist, atime 2026-10-06); NOT in CFS archive (grep s3r: 0). lambda = b'W^-1 b with b = f_asimov(fine) - mu_G (s5p_prefreeze.py:1-10,40-45)	Harness fresh-3a80aa74 (2d3b40e0): tier B 'prefreeze:units' REPRODUCED (diffs []), same producer re-executed. No independent code.	git main (units.json); inputs pscratch only	receipt YES; inputs pscratch-only	Not RR: RC4 lacks the asimov fine-null vector b. Fix: archive runs/s3r/f2/ (asimov npz, ~1 MB each) to CFS; optionally add the four asimov fine-null J-vectors to RC4 so lambda = b'W^-1 b is recomputable with the released V and var.	C
J07	VI.A	paper_body.tex:389-395 (\jtAlpha,\jtBatch,\jtBcap)	Holm at alpha 0.05, 95% CP determinacy; batches of 200 to at most 1999	0.05; 95%; 200; 1999	RR (alpha, CP) / SO (200, 1999)	SO		docs/orchestration/state/s5p/contract-amendment-7-production-admission.json (4f5a613f; sha256 448f5764...) claims.rejection (line 10: familywise 0.05, 95% CP); calibration.sequential_rule (line 23: 'batches of 200 seeds ... at most 1999'; 99.5% CP look interval); s5p_inference.py:89-111 sequential_decision, 127+ holm_determined (b1e6e3b9); s5p_seqstop.py:67-70	MATCH 0.05/95%/200/1999. Wording note: the stop rule uses a 99.5% CP look interval plus a T7 precision tier (s5p_inference.py:89-111), not the 95% decision interval; paper's 'stopped a null once both of its decisions were determined' is a simplification.	RC4 manifest alpha_family=0.05; replay_inference.py cp_interval level 0.95; seed offsets 0..1399 / 0..1799 (7 / 9 batches of 200) in RC4 union	RC4 replay + recompute lane (holm/CP) ; sequential verdicts diagnosed in REPORT-20261005-s5p-recompute-final-verification.md (466b427b)	git main + RC4	YES (git)	Optional: state the 99.5% look level in the article's stop-rule sentence or the release README.	C
J08	VI.A	paper_body.tex:408-410 (\jtRecompRows)	independent recomputation agrees in all compared quantities	1379	SO	SO		RECORD-20261005-s5p-joint-5d-inference-result.md:85-92 (b354cdf7); REPORT-20261005-s5p-recompute-final-verification.md sec. 8 (466b427b); docs/orchestration/state/s5p/recompute/final-ext/compare.json (466b427b, sha 97e1666a...)	MATCH: compare.json verdict AGREE, agree=1379, items=1379 (re-read)	recompute.json 550a95fc... (final-ext, git); production inputs 7176 cal products (CFS archive runs/prod/cal, 7176 files)	Is itself the independent check (recompute lane, reviewed comparer 02df81e6)	git main (466b427b is an ancestor of fec438db) + CFS archive for products	YES	Paper/values comments still say the outputs are 'on branch s5p-parallel-recompute-20260928'; they are on main now. Fix: cite main commit 466b427b.	C
J09	VI.B	paper_body.tex:427-430 (\jtMoneMin/Max)	last refinement is 0.50-0.86 of whole change in L2 norm	0.50-0.86	SO-NOINDEP UP	SO-NOINDEP	UP	campaign-state.json:134 m1 row (introduced 545b2a54, 2026-09-27; file last 275b996d): 'L2 ratio 0.76 (GENIE CV), 0.86 (MEC), 0.54 (NuWro), 0.50 (GiBUU)'; docs/orchestration/state/s5p/contract-amendment-7-production-admission.json (4f5a613f; sha256 448f5764...) conditions item 1 (line 13) '0.50-0.86 of coarse vs fine in L2'	MATCH 0.50-0.86, and RECOMPUTED by agent C: ||D_M1/f_B||_2 / ||D_F2/f_B||_2 over 109 cells = 0.759 / 0.857 / 0.542 / 0.504 (matches 0.76/0.86/0.54/0.50). DESCRIPTION MISMATCH: it is the L2 norm of per-cell FRACTIONAL differences (D/f), not a raw 'unweighted' L2; raw L2 gives 0.784/0.576/0.346/0.496. No committed producer code (545b2a54 adds only JSON).	stage3/m1/fine-minus-mid-<g>.npz (CFS archive YES; = RC4 d1__) and stage3/f2/delta-<g>.npz (pscratch only, shas match f2 receipts, e.g. MEC 0058ae58...; NOT in CFS archive: grep 'delta-'/'f2/' = 0)	This audit (agent C, uncommitted; files scp'd read-only to scratchpad/cluster-copy/m1f2). Harness reproduces the pairdiff arrays/summaries bitwise (fresh-3a80aa74) but not the ratio. No committed independent check.	receipt git; F2 inputs pscratch only	receipt YES; F2 deltas pscratch-only	Article and release README call it not recomputable; it is recomputable from 8 small files, but 4 of them are purgeable. Fix: (1) archive stage3/f2/*.npz to CFS; (2) add D_F2 and f_B_mean (4x109 each) to RC4 so J09 becomes RR; (3) commit the 5-line ratio computation; (4) reword 'unweighted (L2) norm' to 'L2 norm of the per-cell fractional differences'.	C
J10	VI.B	paper_body.tex:431-436 (\jtMoneWnormMin/Max,\jtMoneKappaRobust)	proxy metric step shrinks 0.45-0.76 per halving; residual ~1-3x last step; robustness at +-3	0.45-0.76; 1-3x; 3	ME (computation missing; contract text present)	ME		docs/orchestration/state/s5p/contract-amendment-7-production-admission.json (4f5a613f; sha256 448f5764...) claims.rejection (line 10) 'W-norm step ... shrinks by 0.45-0.76 per halving ... ~1-3 times the last step; kappa = 2 is its central value'; kappa_robust 3 in claims.rejection and m1_shift (line 27); origin REVIEW-20260927-s5p-admission-confirmation.md:46-49 item 4 (cc08b2e1); values_inference.tex:37-41,47	MATCH as contract text (0.45-0.76; 1-3x; 3). 1-3x is arithmetic-consistent: r/(1-r) = 0.82-3.17 for r in [0.45,0.76]. NOT RECOMPUTABLE: the reviewer's own printed proxy shifts (REVIEW:47-48) give M1/F2 = 0.52 (CV), 0.875 (MEC, outside range), ~0 (NuWro), 0.45-0.73 (GiBUU); frozen-V analogs computed by this audit: W-norm ||d1||/||D_F2|| = 0.87/0.67/0.42/0.33, units.json dT ratios 0.46/0.49/0.013/0.36. None reproduces 0.45-0.76; 'per halving' formation unrecorded.	Proxy W from '22 pilot products ... or diagonal' in reviewer scratch /pscratch/.../review4/ (not inspected; no digests recorded)	NONE FOUND	git main (contract text only)	text YES; computation unrecoverable	Fix: keep the article's framing as a design assumption (it is honest) and add a committed note recording that 0.45-0.76 cannot be reproduced from the reviewer's printed numbers, with the frozen-V W-norm analog (0.33-0.87, last step / whole change, not per halving); or recompute a per-halving rate with the frozen V from the archived asimovs and record it as a report-only diagnostic.	C
J11	VI.B	paper_body.tex:439-441 (\jtMoneClaimSd*,\jtMoneRobSd*)	claim variants move external nulls 0.55-2.0 null SD; robustness 1.07-3.6	0.55-2.0; 1.07-3.6	SO UP	SO	UP	docs/orchestration/state/s5p/contract-amendment-7-production-admission.json (4f5a613f; sha256 448f5764...) prefreeze_measurements.summary M1_claim_variant_in_null_sd (lines 79,86,93,100) 1.65/2.0/0.55/1.65 and M1_robust (80,87,94,101) 3.34/3.6/1.07/2.77; units.json:37-38,48-49,59-60,70-71 (4f5a613f)	MATCH 0.55-2.0 and 1.07-3.6 (units.json 0.548-2.003; 1.072-3.598). Context: production analog (joint-evaluate.json median_shift_in_null_sd, m1+-2) is 0.48-1.72 (total) — differs because units.json uses a non-central chi2 approximation; paper correctly says 'measured before any observed statistic'.	as J06 (asimov inputs pscratch only); production analog recomputable from RC4 F, d1	Harness fresh-3a80aa74 tier B 'prefreeze:units' REPRODUCED (same producer)	git main; inputs pscratch only	receipt YES; inputs pscratch-only	As J06: archive runs/s3r/f2/ asimovs to CFS.	C
J12	VI.B	paper_body.tex:451-453	half-MC process shift at most ~0.07 null SD	0.07	SO	SO		docs/orchestration/state/s5p/contract-amendment-7-production-admission.json (4f5a613f; sha256 448f5764...) prefreeze_measurements.summary D16_in_null_sd (lines 81,88,95,102) 0.056/0.068/0.0/0.024; units.json D16_bias_aligned_upper:39,50,61,72; A7 conditions item 4 (line 16)	MATCH 0.07 (max 0.0678, MEC). Internal A7 inconsistency: conditions item 4 says 'at most ~0.05 null SD' (reviewer proxy, REVIEW-20260927 F9) vs summary 0.068. MnvTune not in units.json; production analog (RC4/joint-evaluate c=1 median shift) max 0.061 (MEC total), MnvTune 0.006. 'Not always consistent with zero': A7 proxy a/se +4.7/-3.4; units.json D16_a_over_se NuWro -2.36.	stage3/f4/D16-<g>.npz (CFS archive YES; RC4 S__<G>)	Harness fresh-3a80aa74 prefreeze:units + pairdiff D16 REPRODUCED (same producer); production analog recomputable from RC4	git main + CFS + RC4	YES	Fix: add a dated note to the record that A7 condition 4's '~0.05' is superseded by the frozen-V measurement 0.068 that the article quotes.	C
J13	VI.B	paper_body.tex:453-455	rounding nondeterminism over 20 re-unfolds changes only NuWro shape (2/1752 to 3/1752)	2/1752; 3/1752	RR + UP(release payload: RC4 tarball/npz have no durable copy)	RR	UP	RECORD-20261005-...inference-result.md:58-59 (b354cdf7); joint-evaluate.json tests.<G>.observed_jitter_p (b9604502..., state/s5p/stage7/joint, 0afd9ef5)	MATCH and RECOMPUTED by agent C from RC4 (jitters x frozen nulls, max over claim variants, s5p_joint.py:261-268 rule): every min/max equals expected/joint-evaluate.json to 1e-12; NuWro shape k in {1,2} of 1751 -> 2/1752..3/1752; all other nine fixed.	RC4 jitters (20,109); raw data_b-_j{1..20}.npz pscratch only (see J04)	recompute lane compare.json includes observed_jitter_p rows (agree; 466b427b); this audit (scripts/agentC_checks.py)	git + CFS (joint-evaluate) + RC4	YES (joint-evaluate sha on CFS re-measured b9604502)	RC4 README says replay does not recompute observed_jitter_p. Fix: add the 10-line jitter-p step to replay_inference.py/verify_rc.py (agent C's script shows it reproduces exactly).	C
J14	VI.B	paper_body.tex:463-467	34-band set, two bands' negative weights clipped; E_nu>100 GeV absent, negligible	34; 2; 100 GeV	SO-NOINDEP	SO-NOINDEP		docs/orchestration/state/s5p/contract-amendment-7-production-admission.json (4f5a613f; sha256 448f5764...) conditions item 3 (line 15: '34 bands ... negative weights of LowQ2_1/HighQ2_1 are clipped per universe ... <= 0.35%') and item 5 (line 17); state/s5p/stage3/negw/negative-weight-diagnostic.json (3e5f0c23); EXCEPTION-20260927-s5p-pilot-negative-rate-resubmission.md	MATCH 34; 2 (LowQ2_1, HighQ2_1); 100 GeV; 20 GeV	bank weights (pscratch); diagnostic JSON git	NONE FOUND (no independent check of the clipping magnitude or of 'negligible')	git main	YES (git)	'negligible' for E_nu>100 GeV is asserted, not quantified in a receipt. Fix: cite the flux fraction above 100 GeV from the flux file in a receipt, or soften to 'not modelled'.	C
J15	VI.C	paper_body.tex:526-539 (Table I)	ten rows: B, k, p, Holm threshold, CP interval	table	RR + UP(release payload)	RR	UP	RECORD-20261005 §2; joint-evaluate.json b9604502…	MATCH, all 10 rows: parsed Table I from paper_body.tex:529-538 and compared with this audit's replay output (B, k, p numerator/denominator exact; threshold and CP endpoints at printed precision); 0 mismatches	RC4 frozen npz 7bd019c6…	recompute lane AGREE 1379/1379 (466b427b); this audit's replay	as A01	as A01	as A01	lead
J16	VI.C	paper_body.tex:478-479	nine tests k=0, NuWro shape k=1	9; 1	RR + UP	RR	UP	as J15	MATCH (replay: k=0 for 9, k=1 NuWro shape)	as J15	as J15	as A01	as A01	as A01	lead
J17	VI.C	paper_body.tex:479-481,519-520	all ten survive robustness at +-3 delta_M1	10	RR + UP	RR	UP	robust-labels.json 206655f9… (committed, stage7/joint)	MATCH: replay decisions_robust_kappa 10/10 rejected (frozen) and 10/10 (union)	as J15	recompute lane; kappa record §1 B@3 reproduction (fbf682f9)	as A01	as A01	as A01	lead
J18	VI.C	paper_body.tex:481-484	kappa scan: all ten determinate rejections at every sampled multiplier up to 5.25 (frozen)	5.25	RR (scan code outside verify_rc.py) + UP	RR	UP	publication/kappa/RECORD-20261008-kappa-breakdown.md §2 (fbf682f9); KAPPA-RESULT-20261007-frozen.json	MATCH: this audit evaluated family A at κ=5.25 and 5.2546875 from the RC4 tarball inputs with the committed Scan class and RC4's replay (digest 41f4af05… checked): all ten rejected	RC4 frozen npz	publication/kappa/repro/REPORT.md (independent code, AGREE); this audit's bracket check	git (code, results JSON) + RC4 payload (as A01)	as A01	State in RC README that the κ-scan code is not in the tarball (it lives in the repo at fbf682f9); optionally add kappa_breakdown.py to RC5	lead
J19	VI.C	paper_body.tex:484-488	first loss between 5.2547 and 5.2563 (frozen) / 5.1688 and 5.1703 (union) by GENIE+MEC shape own, GENIE CV shape via Holm	5.2547; 5.2563; 5.1688; 5.1703	RR + UP	RR	UP	as J18	MATCH: frozen κ=5.25625 → MEC shape undetermined (k=23, interval straddles), CV shape undetermined (own interval below, k=27); union κ=5.16875 all rejected, κ=5.1703125 → same two undetermined (k=24/26)	RC4 frozen and union npz	as J18	as J18	as A01	as J18	lead
J20	VI.C	paper_body.tex:495-513 (Fig. 4)	calibrated null distributions with observed statistic	figure	RR + UP	RR	UP	59f8f442 (figure commit); producer publication/figures/plot_joint_null_distributions.py	MATCH (visual): regenerated from RC4 (matplotlib 3.11.2) and rendered beside docs/analysis-note/figures/paper_joint_nulls.pdf: same panels, same k/B labels, same histogram shapes and observed lines	RC4 frozen npz	none beyond regeneration; equality is visual, not numeric	as A01	as A01	none for the figure; dependency fix in DA2	lead
J21	VI.C	paper_body.tex:518	1400 submitted per null (1800 for NuWro)	1400; 1800	RR + UP	RR	UP	design / A7 sequential rule; missing-sensitivity.json classification	MATCH: RC4 union reading has B=1400 for four nulls and 1800 for NuWro; frozen B + lost (missing-sensitivity counts) = submitted	RC4 union npz 6ffed091…; missing-sensitivity.json f48e16ef… (git)	recovery cross-check 00009056 (per article comment)	as A01	as A01	none	lead+C
J22	VI.C	paper_body.tex:550-556	matched 3x3 coarse projections give p<0.05 for every test in at least one projection; reproduced independently	0.05	RR + UP	RR	UP	docs/publication/w1/W1-RECORD-20261006.md (22a004e7; reproduction 09718448); W1-RESULT-20261006.json	MATCH: this audit reran make_reading_b + w1_projected_tests from RC4: both readings, 10 tests, max over tests of min-projection p = 0.0014 < 0.05; criterion qualifying set empty; equals expected/W1-RESULT	RC4 union npz; reading (b) rebuilt	W1 reproduction 09718448 (per record); this audit's rerun	as A01	as A01	Note in the article or README that W1 is computed on the recovery-union readings (B=1400/1800), not the frozen evaluation (no number changes)	lead
J23	VI.C	paper_body.tex:565-569	power: two of three alternatives power 1.0 at 0.005; third 0.23; 172-199 of 200 retained; GENIE null shape powers 0.74, 0.02, 0.00	1.0; 0.23; 172-199; 200; 0.74; 0.02; 0.00	RR + UP	RR	UP	RECORD-20261005 §6; joint-evaluate.json power	MATCH: replay P1/P2 shape 1.0, P3 shape 0.2308, n = 193,195,195,199,193,172 (min 172, max 199), P1g 0.7387, P2g 0.0207, P3g 0.0	RC4 frozen npz (Fpow arrays)	recompute lane AGREE (scope includes power per record)	as A01	as A01	none	lead
J24	VI.D	paper_body.tex:576-579 (\jtLost*)	lost calibration pseudo-experiments (interrupted, never started); lost power	224 (111, 113); 53	RR (224, 53) / SO-NOINDEP (111/113 split, from committed classification only) + UP	SO-NOINDEP	UP	RECORD-20261005:108; missing-sensitivity.json f48e16ef…	MATCH: 224 = 7400 submitted − 7176 completed (RC4 B values); 111/113 and 26+27=53 summed from committed missing-sensitivity.json; RC4 recovered seed sets equal the committed missing-seed lists for all five nulls	RC4 npz + missing-sensitivity.json (git)	none separate (counts are bookkeeping)	git + RC4 payload	PARTIAL (git YES; payload as A01)	none	lead
J25	VI.D	paper_body.tex:580-583	pre-recovery sensitivity: every decision could change; worst case no test rejected	qualitative (missing-sensitivity.json)	SO	SO		state/s5p/stage7/joint/missing-sensitivity.json (0afd9ef5, committed 2026-10-05T13:43-07:00 = 20:43Z; sha f48e16ef...): decisions.per_test_status all 'can change (counterexample: worst_interrupted, worst_all_missing)'; scenarios.worst_interrupted all 10 'not rejected', p 0.0130-0.0190; RECORD-20261005:110-113	MATCH. Agent C recomputed worst_interrupted from the per-null interrupted counts (22/17/25/27/20 = 111) with RC4 holm_determined: k/B/decision identical for all 10. Timing: sensitivity committed 20:43Z before Phase A submission 23:37Z (RECORD-20261005:120).	missing-sensitivity.json: git + CFS archive stage7/joint (sha re-measured f48e16ef); inputs seed-states (CFS stage7/joint/seed-states.json), meter ledger (appended since; harness tier C)	REPORT-20261005-s5p-recompute-final-verification.md sec. 5 (lines 147-187; 466b427b): two independent implementations agree (missingness-bounds.json 2e609c44...)	git main + CFS archive	YES	Interrupted/never-started split is not in RC4. Fix (optional): add per-null interrupted/never-started seed lists to the RC4 manifest so the sensitivity is RR.	C
J26	VI.D	paper_body.tex:585-586	rerun of 16 completed seeds reproduced exactly	16	SO	SO		state/s5p/recovery/phaseA/determinism.json (d5ed2b18; sha 66036819...): n=16, verdict PASS; RECORD-20261006-...-resolution.md:24	MATCH 16/16 PASS	16 rerun products: CFS archive recovery/determinism/{cal (10), pow (6)}; originals in CFS runs/prod/{cal,pow}; determinism.json on CFS sha re-measured 66036819 (MATCH git)	REPORT-20261006-s5p-recompute-recovery-crosscheck.md:40 (00009056, on main): 16/16 bitwise-equal xsec_flat with equal pseudo_seed and nuisance_draw	git main + CFS archive	YES	Not RR (rerun products not in RC4) but fully re-checkable from CFS. None material.	C
J27	VI.D	paper_body.tex:586-591	no recovered draw reaches observed statistic; closest 4.6 below 868.6 (GENIE+MEC shape, kappa=3 robust); next 49.8 (GENIE CV shape)	4.6; 868.6; 49.8	RR + UP	RR	UP	RECORD-20261006-s5p-lost-seed-recovery-resolution.md (b354cdf7)	MATCH: this audit computed T for the 224 recovered calibration draws under every claim and robustness variant from RC4 union inputs: 0 of 62 (test, variant) cells reach T_obs; min gap 4.62 (MEC shape m1+3, T_obs 868.59, max 863.97); next 49.82 (CV shape m1+3)	RC4 union npz	recovery cross-check 00009056 (per article); this audit's computation (new code, RC4 statistic functions)	as A01	as A01	Add the margin computation to verify_rc.py or the README (currently not part of the release's own verification)	lead
J28	VI.D	paper_body.tex:592-594	with complete batches sequential rule would stop four nulls at B=1200 with same decisions	1200	RR (derivable; not in verify_rc) + UP(release payload: RC4 tarball/npz have no durable copy)	RR	UP	state/s5p/recovery/phaseC/stopping.json (11a266c6; sha c956beb7...): earliest_complete_batch_stop_B 1200 for 4 nulls (frozen looks B1165/1170/1149/1151), 1800 NuWro; decisions_at_complete_batch_stop all rejected; label REPORT ONLY	MATCH. RECOMPUTED by agent C from RC4 recovery-union + A7 sequential_rule restated (s5p_inference.py:89-111; thresholds = Holm set U {0.01,0.05}): at B=1200 k=0 both tests for the 4 nulls, 99.5% look upper 0.00498 < 0.005 -> stop; at B=1000 upper 0.00597 -> continue; NuWro shape k=1 -> no stop at 1200. Holm decisions at B=1200 all rejected (95% CP upper 0.00307).	stopping.json: git + CFS archive recovery/stopping.json (sha re-measured c956beb7); inputs = union products (CFS)	NONE committed (paper itself: 'rests on the campaign's self-validated re-application'); recovery cross-check 00009056 does not cover stopping. This audit's RC4 replay (scripts/agentC_checks.py) is a first separately written check, uncommitted.	git main + CFS + RC4	YES	Fix: add the sequential-rule restatement to RC4 (replay_inference.py --stopping) or commit this audit's check; then the article can drop 'self-validated'.	C
J29	VI.D	paper_body.tex:594-599	independent recomputation confirms resolution vs frozen variant shifts; union reading replay-only	qualitative	SO (frozen-S) / RR (union)	SO		RECORD-20261006-...-resolution.md sec. 7 (b354cdf7); REPORT-20261006-s5p-recompute-recovery-crosscheck.md:5,11 (00009056): frozen-S reading CONFIRMED, 856/856 agree; 'NOT CITABLE FOR the union reading ... which this lane did not recompute'; crosscheck.json 6ace7e08... (git)	MATCH both halves. Union reading: RC4 replay_inference.py reproduces resolved-evaluate.json (lead verify log: COMPARE AGREE).	recovered products CFS archive recovery/recovery/{cal 224, pow 53}; resolved-evaluate.json git + CFS	recompute lane crosscheck 00009056 (frozen-S); RC4 replay (union; written as a second implementation per its docstring, by the publication/campaign side)	git main + CFS + RC4	YES	Paper comment cites 00009056 'on branch'; it is on main. Note: RC4 replay is a separately written numpy restatement, so 'replay of the same rules' is accurate but conservative.	C
R01	VI.E	paper_body.tex:612-613	low-recoil hadronic-energy uncertainty rises to 10% at 0.9<q3<1.2 GeV (literature)	10%; 0.9-1.2 GeV	SO	SO		LITERATURE-20261005-comparison.md:85-88 (2110.13372 verbatim: 'rises to 10% at high 0.9 < q3 < 1.2 GeV'), section 4 header 'all verified in source text'; bib MINERvA:2022incl technote.bib:662	MATCH: 10%, 0.9-1.2 GeV transcribed verbatim.	arXiv:2110.13372 full text (external)	Lane verified against extracted full text (doc :17). REVIEW-20261007-paper-completion.md:24 (S4) lists it as stated; not a re-check.	record git-tracked	n/a (literature)	None material.	B
R02	VI.E	paper_body.tex:623-627 (\woneGcvPtTot,\woneGcvPtShape)	matched (pT,ppar) projection does not reject GENIE CV: p total, shape	0.48; 0.63	RR + UP(release payload: RC4 tarball/npz have no durable copy)	RR	UP	docs/publication/w1/W1-RECORD-20261006.md:31-32 (09718448): 0.483 (676/1400), 0.629 (880/1400); values_inference.tex:51-52	MATCH. RC4 expected/W1-RESULT-20261006.json readings[0,1] GENIE_2_12_10_CV:{total,shape}:ptpl claim p 0.48323 (k 676, B 1400) / 0.62884 (k 880, B 1400). B=1400 is the union (post-recovery) ensemble.	RC4 recovery-union npz + make_reading_b.py + w1_projected_tests.py	W1 independent reproduction 09718448; lead verify_rc W1 step: 0 claim differences	git main + RC4	YES (git)	None (W1 uses B=1400 union reading; article text 'same calibration ensembles' is consistent).	C
R03a	VI.E	paper_body.tex:629-635	+-4% recoil scale; size = test-beam agreement for p, pi, e of 0.35-2.0 GeV/c (literature) [R03a (literature range)]	4%; 0.35-2.0 GeV/c	SO	SO		4%: LITERATURE-20261005-comparison.md:92-95 (Aliaga 1501.06431 abstract verbatim 'agreements better than 4%', verified via arXiv API). 0.35-2.0 GeV/c and species: PACKET-20261005-publication-decision.md:273 (stated, no verbatim quote); REVIEW-20261005-independent.md:47,57 (C2-N4: electrons included, neutrons and >2 GeV/c outside); REVIEW-20261007-paper-completion.md:24 ('Aliaga abstract re-fetched 2026-10-07')	4%: MATCH (verbatim). 0.35-2.0 GeV/c lower bound: NOT-CHECKED against a stored verbatim quote (no committed record quotes '0.35'); upper bound 2 GeV/c and species corroborated by independent review C2-N4.	Aliaga et al., NIM A 789, 28 (2015), arXiv:1501.06431 (external)	REVIEW-20261005-independent.md:47 (reviewer independently re-checked the Aliaga abstract); REVIEW-20261007 S4 re-fetch.	records git-tracked	n/a (literature)	Fix: add the verbatim abstract sentence containing the momentum range and particle species to LITERATURE section 4.	B
R03b	VI.E	paper_body.tex:629-635	+-4% recoil scale; size = test-beam agreement for p, pi, e of 0.35-2.0 GeV/c (literature) [R03b (±4% scale and application)]	4%; 0.35-2.0 GeV/c	SO UP	SO	UP	publication/w2/W2B-REPORT-20261006.md:3,29-37 (introduced 940d84aa, last 2926e39e): delta=0.04, s=0.96/1.04 on reco E_avail (NewEavail, x1.17 linear) and calibrated <tree>_recoil_E (reco q3, W), separately by the same factor; data/truth/weights untouched	MATCH 4%; application MATCH (simulation reco recoil, post-calibration, data-side only, null not regenerated)	event-loop outputs and merged omnifiles (~4.84 GB each) /pscratch/sd/j/josephrb/w2-recoil-20261006/w2b/merged (pscratch only)	W2a independent review (REVIEW-20261006-w2a-independent.md, CLEARS WITH CHANGES) verified the implementation (W2B:42-51); recompute lane 9ffc4ddd checked evaluation only, not the re-unfolding chain	git main (reports); products pscratch only	pscratch-only for products	Fix: archive the W2b unf products, designs and eval outputs to CFS (merged omnifiles optional: regenerable at ~2 node-h).	C
R04	VI.E	paper_body.tex:636-637	unscaled re-unfold reproduces frozen decisions, claim p inside rounding range	qualitative	SO UP	SO	UP	W2B-REPORT-20261006.md:69-84 sec. 4 (940d84aa/2926e39e); publication/w2/w2b-results/w2b-control.json (940d84aa); rrzero/joint-evaluate.json sha f811ad07... (MATCH W2B:177)	MATCH: 10/10 delta=0 claim p within frozen observed_jitter_p range; decisions equal; not bitwise (MnvTune T_total 2813 vs 2852)	/pscratch/sd/j/josephrb/w2-recoil-20261006/w2b/unf/w2b_rrzero_b-_j-.npz sha re-measured ec5dc97d... (MATCH W2B:177), atime 2026-10-06; NOT in CFS archive (grep w2/recoil = 0); NOT in RC4 (README lists W2 as not reproduced)	REPORT-20261006-s5p-recompute-w2-recoil-check.md sec. 3 (9ffc4ddd, on main): own control PASS (fallback), AGREE 1379/1379; outputs state/s5p/recompute/w2-check/ (git)	git main (reports, eval copies); data product pscratch only	eval YES (git); data product pscratch-only	Fix: add the three shifted f_data J-vectors (3x109 floats; U @ xs(product)) to RC4 so replay recomputes R04/R05; archive w2b/unf/*.npz to CFS.	C
R05	VI.E	paper_body.tex:638-642	at +-4% all ten hold; statistics move up to ~11%; nine keep k=0; NuWro shape k=1 to k=3 of 1751 at +4% (p=0.0023 vs 0.05); reproduced independently	11%; 9; 3/1751; 0.0023; 0.05	SO / ME(the printed '~11%' is in no committed record) + UP	ME	UP	W2B-REPORT-20261006.md:86-117 sec. 5 table (940d84aa/2926e39e); w2b-results/{rr0,rr1}/joint-evaluate.json (sha 8cc5e210..., 3cf9e307...; MATCH W2B:175-176); w2b-decision.json	MATCH: rr0/rr1 all 10 rejected; k=0 for 9; NuWro shape rr1 k=3 B=1751 p=0.002283 thr 0.05; rr0 k=1. '11%': agent C max |T_rr/T_frozen - 1| = 10.95% (MnvTune total, +4%: 2852 -> 2540); relative to the delta=0 control the max is 9.70%. No committed receipt states '11%' (W2B:131 '~12%' is about distances).	w2b_rr0/rr1_b-_j-.npz on pscratch, shas re-measured df11bfd8.../36313201... (MATCH W2B); NOT in CFS archive; NOT in RC4	REPORT-20261006-s5p-recompute-w2-recoil-check.md (9ffc4ddd): AGREE 1379/1379 on rr0, rr1; 150/150 per-sign fields; k 1->3 at +4%	git main (reports, eval copies); data products pscratch only	eval YES; data products pscratch-only	Fix: record the 11% (and its baseline: frozen data, not the delta=0 control) in the W2B report or a ledger row; archive w2b/unf to CFS; add shifted f_data to RC4 (as R04).	C
U01	VII	paper_body.tex:661-662 (\zprojCells)	adopted covariance (E_avail,W) projection cells	42	SO	SO		VALIDATION_LEDGER.md:227 VL143 (42 cells, sha256 835828bf..., src_cells_dropped 0); RECORD-20260920-PROJ-m1-publication-under-exception.md:15-16; values.tex:370-371 (\zprojCells)	MATCH: 42 (VL143; GRADE functionals n_dst_dense 42; VL145 n=42).	/pscratch/sd/j/josephrb/z2m-products/PROJ/cov_5d_to_eavailW_publication.root 17,101 B sha256 835828bf (re-hashed on cluster: MATCH; mtime 2026-09-20 16:10, atime 2026-09-25 before my read) from adopted z-cv.npz 3d7465f6	VL145 independent spectral scan (42x42, digest re-verified); VL148 reproduction from stored operands (state/s5c/a1/projection_check_2.json).	home epoch /global/homes/j/josephrb/evidence/repository-epochs/preparation-2026-09-24-bf34a12c/trunk-baseline/z2m-products/PROJ/cov_5d_to_eavailW_publication.root (re-hashed 835828bf); also pscratch	YES (sha256sum on home-epoch copy)	Durable copy is on global HOME (backed up, not CFS/HPSS). Fix: add a CFS or HPSS copy of the adopted trunk + projection (memory rule: CFS first).	B
U02	VII	paper_body.tex:667-668 (\sprojMeasured,\sprojBound)	seed moves projected uncertainty; bound fixed before production	6.145%; 5%	SO	SO		docs/orchestration/state/GRADE-20260920-cause3-two-member.json (@4057bd07): outcome.leg_results.s_proj.statistic 0.06145388, limit 0.05 (cause3_corr); PREREGISTRATION-20260919-cause3-two-member-campaign.json (@44e09fd8, sha256 b033e73a = GRADE _stamp) boundaries.cause3_corr 0.05, declared_before 'any job of this campaign is submitted'; values.tex:374-375	MATCH: 0.06145388 -> 6.145%; bound 0.05 -> 5%. Prereg committed 2026-09-19 16:25 PDT, member k0 throw root mtime 17:22 and z-cv 23:39 same day (after).	member products /pscratch/sd/j/josephrb/z2m-products/member_k000000/z-cv.npz (887,254,200 B, file sha 361090f9) and member_k001200/z-cv.npz (887,228,520 B, 7e4636a3); throw roots mii/member_k00*/uq_5d/unified_throw_cov_5d.root (2.67 GB each)	VL146 (VALIDATION_LEDGER.md:172; state/s5c/c1/f1_member_check.json @c29dde25): control_m1 sigma_movement_max 0.0614538814 on functional 2, control_reproduces_graded_0p06145 true (separate s5c lane).	member z-cv.npz: HPSS /home/j/josephrb/mnv-scalar5d-solecopy-20260925/z2m-products/member_k00{0000,1200}/z-cv.npz (hsi ls sizes match; restore-verified per RECEIPT-20260925-d3 @1957326e) + pscratch. Throw roots mii/member_k00*: pscratch only (not inventoried in RECOVERY-MANIFEST-20260924)	YES for z-cv members (hsi ls); NO for member throw roots	Statistic is recomputable from durable members; the throw roots behind them are pscratch-only (atime 2026-09-22). Fix: archive mii/member_k000000 and _k001200 uq_5d roots to HPSS.	B
U03	VII	paper_body.tex:669-673 (\seedEffectNforty,\seedEffectNeighty,\seedEffectExponent)	N=40 (four disjoint subsets), N=80 (two halves), N=160; fitted exponent	6.02%; 6.02%; 6.145%; 0.000	ME+UP	ME	UP	docs/orchestration/state/SEED-EFFECT-20260920.json (@128a5e7a, sha256 dbc7eb2e = cluster /pscratch/.../z2m-floor-20260920/SEED_EFFECT.json); EVIDENCE-20260920-sproj-resolution-floor-and-seed-effect.md:19-22 (@15edf148); values.tex:400-406	Means MATCH: Q1-Q4 mean 6.0243%, HA/HB mean 6.0232%, N160 6.1454%. EXPONENT MISMATCH: no committed computation of 0.000 exists (probes contain no fit). Least-squares s~N^-p over the three means (N=40,80,160) gives p=-0.014; over all 7 points p=-0.013; only the two-point 40->80 exponent gives +0.0003 -> 0.000. Paper presents it as 'fitted exponent' after listing 40/80/160. Nesting caution: paper_body.tex:676-677 states single seed pair and nested subsets of same 160 throws (OK).	/pscratch/sd/j/josephrb/z2m-floor-20260920{,-k1200}/out/{Q1..Q4,HA,HB}/unified_throw_cov_5d.root + member stat/mlsplit/support roots (15 GB per dir)	NONE FOUND (searched VERDICT-2026092*, REVIEW-*, CORRECTION-2026092*, ledger; CORRECTION/VERDICT-20260922 re-quote, do not recompute).	receipt JSON git-tracked; z2m-floor-20260920 and -k1200 dirs pscratch only (SEED_EFFECT.json atime 2026-09-20 before my read => purge-eligible ~2026-11-15 if atime-based)	NO	Fix: replace '0.000' by the actual fit (p = -0.01, i.e. flat or slightly rising) or say 'two-point exponent between N=40 and 80 is 0.000'; commit the fit code. Archive z2m-floor-20260920{,-k1200} (30 GB) to HPSS/CFS before purge.	B
U04	VII	paper_body.tex:673-675 (\floorNforty,\floorNeighty,\floorExponent)	same-seed resampling floor N=40 to N=80; two-point exponent	20.91%; 7.57%; 1.467	SO-NOINDEP+UP	SO-NOINDEP	UP	docs/orchestration/state/FLOOR-20260920-k0.json (sha 78280f92) and FLOOR-20260920-k1200.json (25b40ffc), both identical to cluster copies; EVIDENCE-20260920...md:21; values.tex:396-409	MATCH: N40 mean over 12 pairs (6+6) = (20.795+21.029)/2 = 20.91%; N80 2 pairs (7.661+7.473)/2 = 7.567% -> 7.57%; log(20.912/7.567)/log 2 = 1.4666 -> 1.467.	same z2m-floor dirs as U03 (different-throw subsets), pscratch	NONE FOUND (same search as U03).	receipts git-tracked; underlying pscratch only	NO	Fix: independent recompute from the two FLOOR JSONs (cheap) and archive z2m-floor dirs.	B
U05	VII	paper_body.tex:680-683 (\pinnedBandsSqrtTr)	five of 45 bands seed-pinned, carrying share of sqrt(Tr C)	5; 45; 26.0%	SO	SO		docs/orchestration/EVIDENCE-20260919-lateral-bands-are-seed-pinned.md:1,20-21,71-78 (@00161bf7): sqrt Tr C_Z 5.674201e-38, sqrt Tr active 1.474286e-38, share 0.2598; values.tex:416	MATCH: 1.474286/5.674201 = 0.25982 -> 26.0% (trace share 0.06751 -> 6.75%).	active_universe_5d/standard/candidate/std_final5_candidate.root (42,326,607,877 B, sha 950f8cb1; pscratch mtime 2026-08-16, atime 2026-09-24) and adopted z-cv.npz pilot receipt sqrt_tr_after	Operands independently verified: VL142 sqrt tr 5.674200780785609e-38 (third-lane re-hash/re-diagonalization, VERDICT-20260920-third-lane-c5-c7-verification.md) and VL144 sqrt tr active 1.4742855148740122e-38 (reproduced independently by a third lane). Ratio itself recomputed only by auditor.	std_final5_candidate.root: HPSS mnv-scalar5d-solecopy-20260925 (hsi ls size 42326607877 matches; restore-verified per RECEIPT-20260925-d3); adopted z-cv.npz: home epoch (re-hashed 3d7465f6)	YES	Receipt is a markdown table, not JSON. Optional: add a JSON receipt.	B
U06	VII	paper_body.tex:684-686 (\cvMoveOverSigmaMax,\cvMoveOverSigmaMed)	seed moves projected central values by at most / median of own quoted uncertainty	6.02%; 1.06%	SO-NOINDEP	SO-NOINDEP		docs/orchestration/state/CENTRAL-VALUE-VS-SIGMA-20260920.json (@9f85830f, sha 2da97bfc = cluster z2m-floor-20260920/CV_VS_SIGMA.json): per_functional.movement_over_uncertainty max 0.0602199, median 0.0105910; EVIDENCE-20260920...md A3; values.tex:418-422	MATCH: 6.022% -> 6.02; 1.059% -> 1.06 (43 functionals incl. all-ones; argmax functional 4).	members' own CV executions in z-null.npz (k0 ff0d8ec0, k1200 74444bb0) per EVIDENCE A1; uncertainties from member covariance	NONE FOUND. (VL146 reports cv_shift 0 but on the products' hXSecND_flat, the archive central identical by construction, a different operand.)	z-null.npz both members on home epoch (re-hashed ff0d8ec0, 74444bb0) + pscratch; member z-cv on HPSS	YES	Operand subtlety: the adopted product's central value does not move (fixed archive central); what moves is each member's own CV execution. Paper sentence 'moves the projected central values' is fine but could say 'the estimator's central value'. Fix: independent recompute from the two z-null.npz (small files).	B
U07	VII	paper_body.tex:688-694	measurement campaign admitted no reporting definition; fallback model-dependence component alone exceeded total-width target	qualitative	SO+UP	SO	UP	docs/orchestration/RECORD-20260927-s5p-stage2-exit.md:121-147 (@690ff304): RD3 EW fallback, h median 13.4% vs T1 total half-width <=10%; VL155 (VALIDATION_LEDGER.md:136); state/s5p/stage2/stage2_receipt.json (0daa7cd8)	MATCH: RD1/RD2 fail T2 -> RD3 fallback; h median 13.4% > 10% T1 target, so model component alone exceeds total-width target.	s5p stage-2 runs (/pscratch/sd/j/josephrb/s5p-20260926/runs, s5e-20260925/runs per stage2_receipt.json runs_dir)	REVIEW-20260927-s5p-round1-stage2-exit-and-joint-design.md:58,73-80 (@5201eebc, independent reviewer): h median J 12.02%, H2 9.60%, EW 13.44%; disposition holds. Its provenance note (:80) says the h values were in neither receipt nor forecast at that time.	receipts git-tracked; CFS /global/cfs/cdirs/m3246/josephrb/s5p-archive-20261006/runs/{prod,s2} exists (ls), contents not hashed; pscratch s5p-20260926/stage2 does not exist	PARTIAL	Fix: confirm h values are now in a committed JSON (review :80 provenance finding); verify CFS runs/s2 covers the stage-2 inputs against SHA256SUMS.	B
U08	VII	paper_body.tex:694-704	PET: pairing declined, no product adopted, improvement study no candidate, final design no eligible design; PET vs HistGBDT: PET better on tilt, tree better on all three generator reweightings	3	SO	SO		AGENTS.md:37 (view) -> DECISION-20260825/-20260902 and OI-126 ruling 2026-08-20 (pairing declined); nd-unfolding/pet/improvement_campaign/REPORT-20260922.md:438-462 (no candidate); nd-unfolding/pet/final_design/DECISION_RECORD-pet-final-design.md:3,49 (@bc356b0c) NO_ELIGIBLE_DESIGN + results/final/coverage_dev/decision_final.json; VL164-VL167; nd-unfolding/pet/gbdt_comparison/REPORT-20261005.md:22-39,352 (@1464d97c), VL168	MATCH: VL168 E0 tilt PET-GBDT +0.102/+0.070 (PET better); generator reweightings D5 NuWro, NuWro', GiBUU: PET worse by 0.12-0.25 (3 of 3); binned IBU matches PET on tilt (REPORT:352).	git-tracked results JSONs (final_design/results/final/*.json, gbdt_comparison/results/comparison.json); PET outputs on CFS pet-studies-20261006	VL164-VL167: independent Astra High review (REVIEW_DISPOSITION-DECISION-20261005.md); VL168: REVIEW_DISPOSITION-20261005.md (independent reviewer reproduced comparison.json at |diff|=0).	git-tracked on main (result JSONs); dev outputs moved to evidence/simplification-2026-10-07-fc97eaf9 epoch	YES (git)	None material.	B
DA1	VIII DataAvail	paper_body.tex:752	release of about 16 MB	16 MB	RR + UP	RR	UP	RC4-README; PACKAGE-MANIFEST §1	MATCH: tarball 15,696,060 B	RC4 tarball 46f801bf…	this audit	local /private/tmp only	NO	as A01	lead
DA2	VIII DataAvail	paper_body.tex:752-756	with standard numerical libraries only, recompute every p, decision, robustness label, power of joint tests, lost-seed resolution and coarse-projection comparison; regenerate Figs. 1-4; recompute numbers quoted from Figs. 1-3	scope	ME (documentation defect; outputs reproduce once matplotlib is added)	ME		"RC4-README ""numpy and scipy only""; Tested-with lists numpy/scipy only"	MISMATCH: with exactly the documented dependencies (Python 3.11.15, numpy 1.26.4, scipy 1.15.2, nothing else) verify_rc.py → VERIFY: FAIL (rc 1): make_figs.py and plot_joint_null_distributions.py raise ModuleNotFoundError: matplotlib. With matplotlib 3.11.2 added → VERIFY: PASS	RC4 code/figs/*.py import matplotlib	this audit (two clean venvs, env -i)	n/a	n/a	"README: list matplotlib (tested 3.11.2) as a dependency of the figure steps; ship requirements.txt with pinned versions; article Data availability: ""with numpy, scipy and matplotlib"" or ""standard scientific Python libraries"""	lead
DA3	VIII DataAvail	paper_body.tex:760-762	replays reproduced every recorded value and checked figure number, one by an outside reader from an empty directory	scope	RR (now verified) + UP	RR	UP	RC1-REPLAY-RECEIPT-20261006.md (outside reader on RC1); final review re-ran RC3/RC4 verify	PARTIAL: the outside-reader empty-directory replay was of RC1 (joint tests, recovery, W1; no figure numbers). RC4 (which adds Figs 1–4 and fig numbers) had no outside-reader replay on record before this audit; this audit's empty-directory replay of RC4 PASSES (with matplotlib)	RC4 tarball	this audit (fresh session, empty dir, tarball only)	as A01	as A01	"Record this audit's RC4 empty-directory replay as the RC4 receipt, or rephrase to ""one of them (an earlier candidate) by an outside reader"""	lead
DA4	VIII DataAvail	paper_body.tex:766-769	multiplier scan recomputable from released inputs with scan code, not part of release verification	scope	RR + UP	RR	UP	RECORD-20261008-kappa-breakdown.md (fbf682f9)	MATCH (see J18/J19)	RC4 npz	kappa repro/REPORT.md	as J18	as A01	as J18	lead
DA5	VIII DataAvail	paper_body.tex:770-773	pseudo-experiment products archived (2.3 GB)	2.3 GB	SO	SO		ARTICLE-READINESS §4; PACKAGE-MANIFEST §1	MATCH: CFS s5p-archive-20261006 present, SHA256SUMS sha256 1a72cb43… (re-measured), 10,612 entries; 2,317,487,385 B per readiness record	/global/cfs/cdirs/m3246/josephrb/s5p-archive-20261006/	this audit: manifest-digest cross-check 8,333/8,333 (frozen) and 8,611/8,611 (union) product digests present	CFS (durable, single copy; no HPSS copy observed)	YES for presence + manifest; per-file bytes not re-hashed (2.3 GB)	Optional: second copy to HPSS (hsi put + hashverify) for media diversity; record it in the manifest	lead
DA6	VIII DataAvail	paper_body.tex:749-751	earlier production of open data; file identities recorded with the release	scope	ME + UP	ME	UP	RC4-README (Reproduction levels)	MISMATCH: RC4 manifests contain no AnaTuple file names, sizes or checksums (0 .root/AnaTuple/playlist entries in the inference manifest); integrity receipts docs/orchestration/state/opendata-input-integrity-*.json establish completeness of 2,365 files but list no per-file identities	analysed AnaTuple copies on /pscratch (older production, ~20% smaller than current files; OPEN_ITEMS OI-55)	none	pscratch (+ tape per OI-55's HPSS consequence, not verified in this audit)	NO	Produce and commit an input-identity manifest (playlist, file name, size, xrootd adler32/sha256) for the 2,365 analysed AnaTuples and ship it in the release; verify or create a durable copy of the older-production files (HPSS) since a fresh download does not reproduce them	lead
