path	sha256
nd-unfolding/pet/final_design/freeze/COMPLETENESS-look1.tsv	d945ae16aaa3a24cfe63b459793e12740a165188bd81ca425b2bbdb76644862e
nd-unfolding/pet/final_design/freeze/COMPLETENESS-s5c_a5_H2S1T24.tsv	6d2a25a78081bf89b1964d20024d04ba1ffece3d8618670815e01c004f94fb6b
nd-unfolding/pet/final_design/results/final/scored_fb/S4F-H2S1T24K5-FB0.design_scores.json	4841c9a9a0e0fdf4f8bed0a901499fd3e10ed5644d821b7efe85ac806a95945d
nd-unfolding/pet/final_design/results/final/scored_fb/S4F-H2S1T24K5-FB1.design_scores.json	285818b858467ea114f9fb111ff90c345c93d9db5c6cc405fbebb77a1886b349
nd-unfolding/pet/final_design/results/final/scored_fb/S4F-H2S1T24K5-FB10.design_scores.json	9481ce79153c8dc0339a4b5df9e96f5fb85f466432c6f31906658526bd50700b
nd-unfolding/pet/final_design/results/final/scored_fb/S4F-H2S1T24K5-FB11.design_scores.json	e498a8cbc141094397feaf2b5287e6f2437b4f1cb8ba138d3131c43634667953
nd-unfolding/pet/final_design/results/final/scored_fb/S4F-H2S1T24K5-FB12.design_scores.json	a238e2b4fe0bf46ae6a2ae24a0209c326d73ac68b93a367a521f4cde3604a693
nd-unfolding/pet/final_design/results/final/scored_fb/S4F-H2S1T24K5-FB13.design_scores.json	31f3d594ccfbaad19e70720ee11f89a306bf9511e6e1cdce0ee732c0ccde33ee
nd-unfolding/pet/final_design/results/final/scored_fb/S4F-H2S1T24K5-FB14.design_scores.json	063011859fde957487a9209a0abf8307e3f75e813a61f4a62f7107b27d82ebde
nd-unfolding/pet/final_design/results/final/scored_fb/S4F-H2S1T24K5-FB15.design_scores.json	6a5252858a40fc2a76f8912a66582501112d6d395cd2ba2ce17743fef92189f3
nd-unfolding/pet/final_design/results/final/scored_fb/S4F-H2S1T24K5-FB16.design_scores.json	be4e07ecee5e19bf2f7ded498210ee1403ffd5db6c1b24457f5651370c3ff60e
nd-unfolding/pet/final_design/results/final/scored_fb/S4F-H2S1T24K5-FB17.design_scores.json	be89449b40b1ab7a7e0863d0ba56fc51df7b90e0f483d9353d8750aae91524d8
nd-unfolding/pet/final_design/results/final/scored_fb/S4F-H2S1T24K5-FB18.design_scores.json	5f391327824f483855911db681b280d6eaa06836b2d0de3f860e693238c2a0bc
nd-unfolding/pet/final_design/results/final/scored_fb/S4F-H2S1T24K5-FB19.design_scores.json	dc0a5daf7451fc315a9d09d0c703f533991e7b7888d2e4bb605c2b4d8040973f
nd-unfolding/pet/final_design/results/final/scored_fb/S4F-H2S1T24K5-FB2.design_scores.json	9475efb125b09c411891b9393e0a747bf3d86368bbb00ef2620d02c498287cb6
nd-unfolding/pet/final_design/results/final/scored_fb/S4F-H2S1T24K5-FB20.design_scores.json	79ba3078dc11d946135f10e99bd93e33afc63d6ad3624f63ec36f04a668f338c
nd-unfolding/pet/final_design/results/final/scored_fb/S4F-H2S1T24K5-FB21.design_scores.json	3091ddecb11c5cf7cfb10bf37dc2733cec6d995fa4d591f7ab11f70c07a3a5a4
nd-unfolding/pet/final_design/results/final/scored_fb/S4F-H2S1T24K5-FB22.design_scores.json	f7aa896c56a16964c270985dcdfedb56e596918695729f93baa23af67f9d5f9b
nd-unfolding/pet/final_design/results/final/scored_fb/S4F-H2S1T24K5-FB23.design_scores.json	d1851ab99683b8b127431e7f1e38168cad16f3e9d0af490c4982b2c3ef896413
nd-unfolding/pet/final_design/results/final/scored_fb/S4F-H2S1T24K5-FB24.design_scores.json	6377ca1aa78166252777177f7e034aa7f892d9aea95c759b67abad8077b87cc9
nd-unfolding/pet/final_design/results/final/scored_fb/S4F-H2S1T24K5-FB25.design_scores.json	e0e5a76181eb57b5467b165842f774d8c34724f22dc7efa0c59c71841e431b4a
nd-unfolding/pet/final_design/results/final/scored_fb/S4F-H2S1T24K5-FB26.design_scores.json	029246c66c061802e5c84365c48800a25cd0f5b08a5e8e35e35ab84916157ec5
nd-unfolding/pet/final_design/results/final/scored_fb/S4F-H2S1T24K5-FB27.design_scores.json	f8970f18172b4f7c7a05ab3331a18661dea97f704704ed04bbaada2227edd535
nd-unfolding/pet/final_design/results/final/scored_fb/S4F-H2S1T24K5-FB28.design_scores.json	e6ec1e9402e82864a920832c25d1eddba8bb194783f760c3c4737dc2c298d858
nd-unfolding/pet/final_design/results/final/scored_fb/S4F-H2S1T24K5-FB29.design_scores.json	3b336ef3ad8bcd28430d2394c9e58ef9b82530264cd5ed5694d77fba104392fe
nd-unfolding/pet/final_design/results/final/scored_fb/S4F-H2S1T24K5-FB3.design_scores.json	d2f929ee990d5789f86722fa9c2f8e49b827a2ea1c29d363d54e27a2384fa7b6
nd-unfolding/pet/final_design/results/final/scored_fb/S4F-H2S1T24K5-FB30.design_scores.json	26de1473248642d7d5a514ff42107b3b45e0ab558797646c1f3d3f360a7ffe45
nd-unfolding/pet/final_design/results/final/scored_fb/S4F-H2S1T24K5-FB31.design_scores.json	8f18672a4771ec69f4ae1af004202450d51487c89f0cf68505902f33b38c05c9
nd-unfolding/pet/final_design/results/final/scored_fb/S4F-H2S1T24K5-FB32.design_scores.json	27d2ba2b7d6d92f042b007d69cda755dc4ad949389029334f0d89cedd67c1e70
nd-unfolding/pet/final_design/results/final/scored_fb/S4F-H2S1T24K5-FB33.design_scores.json	2f364e765991ca453ec95f8865d728c049576c4df5c4aaf77a22e8a7f5a2807e
nd-unfolding/pet/final_design/results/final/scored_fb/S4F-H2S1T24K5-FB34.design_scores.json	67a836718780b99057e19ecc9794731f6f845c533ff46d4b7904e9f7c40fd295
nd-unfolding/pet/final_design/results/final/scored_fb/S4F-H2S1T24K5-FB35.design_scores.json	4121effa1ba345114999664a427cf044b1d0717d40d9dd22321d014587b2a46a
nd-unfolding/pet/final_design/results/final/scored_fb/S4F-H2S1T24K5-FB36.design_scores.json	7579af0da4c07408d57b7d8b6465e17506f05aba1d25b18fdfc973a92e54bb58
nd-unfolding/pet/final_design/results/final/scored_fb/S4F-H2S1T24K5-FB37.design_scores.json	9df43d5fe9d95f6c4e1b29853d6457a1377fc849f071aa1c8932edfb241632b8
nd-unfolding/pet/final_design/results/final/scored_fb/S4F-H2S1T24K5-FB38.design_scores.json	e716f7455d77f13a6a2699978b4e7cf16e5b41997dc839fc530d96b9336edd89
nd-unfolding/pet/final_design/results/final/scored_fb/S4F-H2S1T24K5-FB39.design_scores.json	9d132e09776be1a7f93c50b7b96c4fe26018575a74a5d03aadff99b6397f7bcf
nd-unfolding/pet/final_design/results/final/scored_fb/S4F-H2S1T24K5-FB4.design_scores.json	72e21c708ee6370bc5415c77d65b64612313e1a5aa592f13e79d30315ee35095
nd-unfolding/pet/final_design/results/final/scored_fb/S4F-H2S1T24K5-FB40.design_scores.json	2ff95e951f620e228f4e1a12c4a8c083f212c22ca6fe5f06d5e4657eccfae261
nd-unfolding/pet/final_design/results/final/scored_fb/S4F-H2S1T24K5-FB41.design_scores.json	4a52c74c873a89515d6336d3d869c6a9df75b18e2aaed399ffc4d78ae2e0685e
nd-unfolding/pet/final_design/results/final/scored_fb/S4F-H2S1T24K5-FB42.design_scores.json	c793f75702eb398025c5bcdb955cfcf35525ce4a1218fd921db84df25cc490e6
nd-unfolding/pet/final_design/results/final/scored_fb/S4F-H2S1T24K5-FB43.design_scores.json	4062e246a2e6d28083cb857bae85432c9899134cf0cad7d7ac0ac7cc5e728c8c
nd-unfolding/pet/final_design/results/final/scored_fb/S4F-H2S1T24K5-FB44.design_scores.json	5274f3b885d9625701c7c444ecf6a0e31fe105275a1a863e74ff40787a427c30
nd-unfolding/pet/final_design/results/final/scored_fb/S4F-H2S1T24K5-FB45.design_scores.json	e33de1c202233c4e0797b8011603139695a28e03dc142fbb672dc1f954ec2a6c
nd-unfolding/pet/final_design/results/final/scored_fb/S4F-H2S1T24K5-FB46.design_scores.json	e795474610b542af914d4f72e89b4ca3399c1097be170558352ead1f39167ac1
nd-unfolding/pet/final_design/results/final/scored_fb/S4F-H2S1T24K5-FB47.design_scores.json	fff59a4f6e1dbf1441aafb49fa3d8e4f956eee4ed656181aa47d678e3e868e76
nd-unfolding/pet/final_design/results/final/scored_fb/S4F-H2S1T24K5-FB48.design_scores.json	b5c0104bd075ad796cf6481766e84c661470abd8124b35e18c9a0c98c046cd23
nd-unfolding/pet/final_design/results/final/scored_fb/S4F-H2S1T24K5-FB49.design_scores.json	c2f990fdb090d4daebe4aca30da6a422dfcfe8ac0d956a0dbaf55b2a61e02e54
nd-unfolding/pet/final_design/results/final/scored_fb/S4F-H2S1T24K5-FB5.design_scores.json	ad79d2183e13f5f811074452a28b7799b125a476f26dd9ac4fe66dfa3227ec2b
nd-unfolding/pet/final_design/results/final/scored_fb/S4F-H2S1T24K5-FB50.design_scores.json	6774573262623739bf70170ef92e05686b2bfce9507d51957dc68521622d24fe
nd-unfolding/pet/final_design/results/final/scored_fb/S4F-H2S1T24K5-FB51.design_scores.json	38a5e7d5c5780261f61a588ea2d976fef6854aa1cc6b074395152f1756eb4789
nd-unfolding/pet/final_design/results/final/scored_fb/S4F-H2S1T24K5-FB52.design_scores.json	2293cbde6eaadfec8719194eb985f17519dc5ae461b58db762b26089edfd1b79
nd-unfolding/pet/final_design/results/final/scored_fb/S4F-H2S1T24K5-FB53.design_scores.json	313270ddedcae5e3b519fad93d12a6adbf63c737eef8743202ac14faa7770576
nd-unfolding/pet/final_design/results/final/scored_fb/S4F-H2S1T24K5-FB54.design_scores.json	537801eca9934621949c2e535f72fc9d86a7822c4fb463cffa9cd0b6c50e734a
nd-unfolding/pet/final_design/results/final/scored_fb/S4F-H2S1T24K5-FB55.design_scores.json	0bca90ed1eb34a3b02beeea99aec80e82071708d5bc464e6476310e4fe6bee87
nd-unfolding/pet/final_design/results/final/scored_fb/S4F-H2S1T24K5-FB56.design_scores.json	7799fe94046a82050a1031cc3dea3724e4d9b06e32c2b6d18b0bd8be522c210e
nd-unfolding/pet/final_design/results/final/scored_fb/S4F-H2S1T24K5-FB57.design_scores.json	b564ae13db74dc6a00a710a81969c5acfdaa9dfa0319a968922c90f794706a1b
nd-unfolding/pet/final_design/results/final/scored_fb/S4F-H2S1T24K5-FB58.design_scores.json	a077c8002288c0f0ad3baf0a173482d9a22d175f534eb619de4bfec08d94fdcb
nd-unfolding/pet/final_design/results/final/scored_fb/S4F-H2S1T24K5-FB59.design_scores.json	87a48e9c1b7e5915e0330994efc0625886e5f46b0e355db2d834a8ecd8c0e06f
nd-unfolding/pet/final_design/results/final/scored_fb/S4F-H2S1T24K5-FB6.design_scores.json	87d147e733b98534030a0772d33510250444504d9b1b0b8166768d7e620d29a3
nd-unfolding/pet/final_design/results/final/scored_fb/S4F-H2S1T24K5-FB7.design_scores.json	10839d95827cfc05f1678eb37f7e613d98882ebe37f2ebc3d205719edfa2fdf6
nd-unfolding/pet/final_design/results/final/scored_fb/S4F-H2S1T24K5-FB8.design_scores.json	3ed1db9609ccd770d3f24ad96e65009bf599277f21d545ceddf038b7c972a03f
nd-unfolding/pet/final_design/results/final/scored_fb/S4F-H2S1T24K5-FB9.design_scores.json	5d6559e826efc42154675102c5101c481e51473373658a400faa4c2632056e31
nd-unfolding/pet/final_design/results/final/scored_fb/S4S-H2S1T24K5-FB0-D1_m0.700.design_scores.json	210735e44878c91e83e7301e66829967b42f40346e10abeb75c65b50ad41668e
nd-unfolding/pet/final_design/results/final/scored_fb/S4S-H2S1T24K5-FB0-D1_p0.175.design_scores.json	afea8b0ff4aa0e59f862ec50e2b712a01d4e2fe5adcc31950db0f43843ff4c1a
nd-unfolding/pet/final_design/results/final/scored_fb/S4S-H2S1T24K5-FB0-D1_p0.350.design_scores.json	78f056b2daf8f48f0ac42174e28697390d93c9ecde0afb8f6475676c7289ca74
nd-unfolding/pet/final_design/results/final/scored_fb/S4S-H2S1T24K5-FB0-D1_p0.350XD4c_p_up.design_scores.json	474419c4387ff8f0b3db93df1362d01a9b819bb54904d4bd58d2f79616fed073
nd-unfolding/pet/final_design/results/final/scored_fb/S4S-H2S1T24K5-FB0-D2_bump_c0.3.design_scores.json	60dc3c8509a17e0748e6be4703089d0f891214da2492e7ae9cc1c8d07a730d56
nd-unfolding/pet/final_design/results/final/scored_fb/S4S-H2S1T24K5-FB0-D2_bump_c1.0.design_scores.json	c185e0abf1c710391116445f144bab9d8003cc5432dab06c404f1237bc2fce2a
nd-unfolding/pet/final_design/results/final/scored_fb/S4S-H2S1T24K5-FB0-D3_m0.35.design_scores.json	9ba70a3ad70e5295a16290492c7f64ba20ba5b37331e4e8c8b2c47589cd76764
nd-unfolding/pet/final_design/results/final/scored_fb/S4S-H2S1T24K5-FB0-D3_p0.35.design_scores.json	ccb1b42131dfc156c86679455fa37260ae49819bc2e2955279ab61dba55fd0e6
nd-unfolding/pet/final_design/results/final/scored_fb/S4S-H2S1T24K5-FB0-D4a_pipm_up.design_scores.json	f07dd76d1be27868398d812fe043a949acd03663e071b6c1c6b119f27c92d6b8
nd-unfolding/pet/final_design/results/final/scored_fb/S4S-H2S1T24K5-FB0-D4b_pi0_up.design_scores.json	c514336206ae5eda79e3273be2898abdb675825e17a546dc9ff5e6278b708e39
nd-unfolding/pet/final_design/results/final/scored_fb/S4S-H2S1T24K5-FB0-D4c_p_down.design_scores.json	66ab5a75eb12609745e708a04b30d6e9287b2ff8112778f56d6e8db453fd385f
nd-unfolding/pet/final_design/results/final/scored_fb/S4S-H2S1T24K5-FB0-D4c_p_up.design_scores.json	632134454133e0e5ebc93dc417c9c6790c8ea3bbd81faabe119659d79015bc8b
nd-unfolding/pet/final_design/results/final/scored_fb/S4S-H2S1T24K5-FB0-D4d_n_down.design_scores.json	3eb4f04c0a2a729f5b6c7c6fb455bbe74bc64add06a2d04424cc14cc3bd0d5c1
nd-unfolding/pet/final_design/results/final/scored_fb/S4S-H2S1T24K5-FB0-D4d_n_up.design_scores.json	c36ee8be0f16d09e401e18dd32e6ae7d9b09752fa681dc29f00abcff19f4f14b
nd-unfolding/pet/final_design/results/final/scored_fb/S4S-H2S1T24K5-FB0-D5_gibuu.design_scores.json	6d200e9e80a35fbb09bb0438ac6dc7329d87e641c13902177738b0feb3e07748
nd-unfolding/pet/final_design/results/final/scored_fb/S4S-H2S1T24K5-FB0-D5_nuwro.design_scores.json	e45c556db957e9c5491702146804f4b703a69f952cd7d8019dabe565c401fb40
nd-unfolding/pet/final_design/results/final/scored_fb/S4S-H2S1T24K5-FB0-D5p_nuwro.design_scores.json	66bde1e7121315b2e26d0d694b6596db80c25ebf6375ca458d9002f89223dd18
nd-unfolding/pet/final_design/results/final/scored_fb/S4S-H2S1T24K5-FB0-R1_x0.95_D1_p0.350.design_scores.json	0b4bcbccdd7cbda9d79a3e9681394e98c91d70e1788cea6f0e049c5f27b9f960
nd-unfolding/pet/final_design/results/final/scored_fb/S4S-H2S1T24K5-FB0-R1_x1.05_D1_p0.350.design_scores.json	fd0b255cf911314564e5862b171b9b995d1e4a9edafc8ed6f7f82b62f3e49228
nd-unfolding/pet/final_design/results/final/scored_fb/S4S-H2S1T24K5-FB0-R2_x1.01_D1_p0.350.design_scores.json	cf9c46261e318d9c09133d02c8d706fbf99fb22de5dab0b12761eee191ddfaad
nd-unfolding/pet/final_design/results/final/scored_fb/S4S-H2S1T24K5-FB0-null.design_scores.json	d298def6a053ed301d4e2ccd5c87853ac7adba8c13a45773b3c9686958d190b8
nd-unfolding/pet/final_design/results/final/scored_fb/S4S-H2S1T24K5-FB1-D1_m0.700.design_scores.json	f0f2314b91cae1df18aa7f906df699cca0980912d34ecfeb4c4bd4dfa0f4bf05
nd-unfolding/pet/final_design/results/final/scored_fb/S4S-H2S1T24K5-FB1-D1_p0.175.design_scores.json	294c0d24e3b642f2a75338134035f5abf5f9078adeaae890e965338ad70cff9a
nd-unfolding/pet/final_design/results/final/scored_fb/S4S-H2S1T24K5-FB1-D1_p0.350.design_scores.json	6adce40ca3024ed1a2e5a0512d49cf27f60a1e1c62af471577ea8994271013d8
nd-unfolding/pet/final_design/results/final/scored_fb/S4S-H2S1T24K5-FB1-D1_p0.350XD4c_p_up.design_scores.json	9de81e4850bfbeb34f75eeecb49e2a3eb2ef7ecfd88a4e2fff235f0574d65ed4
nd-unfolding/pet/final_design/results/final/scored_fb/S4S-H2S1T24K5-FB1-D2_bump_c0.3.design_scores.json	65a3e00f09ae5d4d8e6840f7a70f4a2163ebe804db5bf5220f28ca6d14cd6f3a
nd-unfolding/pet/final_design/results/final/scored_fb/S4S-H2S1T24K5-FB1-D2_bump_c1.0.design_scores.json	1b4e35037e008d143475a95f78df078aa17e3e797d24e86b887809ed3407272e
nd-unfolding/pet/final_design/results/final/scored_fb/S4S-H2S1T24K5-FB1-D3_m0.35.design_scores.json	c88dcac3021a7933a0b6a20a1f6ce76f079ff7c805178adf921ec8899ee11f86
nd-unfolding/pet/final_design/results/final/scored_fb/S4S-H2S1T24K5-FB1-D3_p0.35.design_scores.json	95fd06217fca72ce6369dc65389b780455323f7ebe9c059525c11593036726dd
nd-unfolding/pet/final_design/results/final/scored_fb/S4S-H2S1T24K5-FB1-D4a_pipm_up.design_scores.json	96a3aa1c36e3efb5d8cfd2cc46c539c7c29a58df218a2e0a9d78f87870214f87
nd-unfolding/pet/final_design/results/final/scored_fb/S4S-H2S1T24K5-FB1-D4b_pi0_up.design_scores.json	0d386e9e40993517ac5bc9828210a5a0f9d6dead7e18d689a1fbabde2dcf2891
nd-unfolding/pet/final_design/results/final/scored_fb/S4S-H2S1T24K5-FB1-D4c_p_down.design_scores.json	f9eb34ef398ab0d0ba32959975fb182c44c9228d2aa1b5eca344fc0d614f6087
nd-unfolding/pet/final_design/results/final/scored_fb/S4S-H2S1T24K5-FB1-D4c_p_up.design_scores.json	23c785cba0c431a64cafb5e39131b877df5ba47d876c0ec1b88815ee54a00f59
nd-unfolding/pet/final_design/results/final/scored_fb/S4S-H2S1T24K5-FB1-D4d_n_down.design_scores.json	498b466b14af06e139e3ba368093b12eed87d7173eab1d9f26a63724bc8417a0
nd-unfolding/pet/final_design/results/final/scored_fb/S4S-H2S1T24K5-FB1-D4d_n_up.design_scores.json	bea64816b604d50f37ef66f6c837a5399a113dd265d1b6775e29af4ac9bb2ba4
nd-unfolding/pet/final_design/results/final/scored_fb/S4S-H2S1T24K5-FB1-D5_gibuu.design_scores.json	f55e38b37bf71a4bdebc42f8e3b56a57223d9bed1967f88a2ffa50355b768cd3
nd-unfolding/pet/final_design/results/final/scored_fb/S4S-H2S1T24K5-FB1-D5_nuwro.design_scores.json	f168f48bf161bd58d831ba7a95956b417eafa49d68e822cae8a8c371cd25c74d
nd-unfolding/pet/final_design/results/final/scored_fb/S4S-H2S1T24K5-FB1-D5p_nuwro.design_scores.json	3631930d89b70483bd52012167523f5748d1e732d12cba0ab11128ad2b17e9e4
nd-unfolding/pet/final_design/results/final/scored_fb/S4S-H2S1T24K5-FB1-R1_x0.95_D1_p0.350.design_scores.json	c7a2c31d9a73dc6d2fee5578e2e677df7ef375f720f9a47db93003206622f959
nd-unfolding/pet/final_design/results/final/scored_fb/S4S-H2S1T24K5-FB1-R1_x1.05_D1_p0.350.design_scores.json	0b17e78c177674acb528f4548f1bed967a2a3ac9edf9b4b51820f519a3da898e
nd-unfolding/pet/final_design/results/final/scored_fb/S4S-H2S1T24K5-FB1-R2_x1.01_D1_p0.350.design_scores.json	422dae2a705e1e30a0d55e588c0eb6ceb82b1f9ff714ee20bdfccf4cba52dd2c
nd-unfolding/pet/final_design/results/final/scored_fb/S4S-H2S1T24K5-FB1-null.design_scores.json	27592e1c6951daedb3cf2578363a8fd0927fa2ac9d407c9256731d1007e81d2d
nd-unfolding/pet/final_design/results/final/scored_fb/S4S-H2S1T24K5-FB2-D1_m0.700.design_scores.json	08596e4aee3a7696d6c7b51e2cddb32694b1ee697620785e3e5d0e2a9f4b8800
nd-unfolding/pet/final_design/results/final/scored_fb/S4S-H2S1T24K5-FB2-D1_p0.175.design_scores.json	f100bf10d1669847a03e52f193644bb2cbb374ead93c791c133e4162ef6e8758
nd-unfolding/pet/final_design/results/final/scored_fb/S4S-H2S1T24K5-FB2-D1_p0.350.design_scores.json	1cdf1b27186f8957881e2c8e25d2e25afa6f260148c23e407b6eddffa4f094d4
nd-unfolding/pet/final_design/results/final/scored_fb/S4S-H2S1T24K5-FB2-D1_p0.350XD4c_p_up.design_scores.json	d9eef83034eab297708af9ab529fbf50bd95ff839288dcaabd0082f189760154
nd-unfolding/pet/final_design/results/final/scored_fb/S4S-H2S1T24K5-FB2-D2_bump_c0.3.design_scores.json	09e97a04349a66434b2e957f9059088f2b97e565b2cb61789ca99743f16487ca
nd-unfolding/pet/final_design/results/final/scored_fb/S4S-H2S1T24K5-FB2-D2_bump_c1.0.design_scores.json	b722814173c6ea4cafdfb4aec9a85c1758a97ff69cd06ac56b01ac33e701835f
nd-unfolding/pet/final_design/results/final/scored_fb/S4S-H2S1T24K5-FB2-D3_m0.35.design_scores.json	0fc99676acd5eed403f60775bfd2d34cec5492a051ae803b20eb268d42f5f45e
nd-unfolding/pet/final_design/results/final/scored_fb/S4S-H2S1T24K5-FB2-D3_p0.35.design_scores.json	2405bb68eb9acec22245735d8a04e136237ad5bfee0e63636e1c688503f6f822
nd-unfolding/pet/final_design/results/final/scored_fb/S4S-H2S1T24K5-FB2-D4a_pipm_up.design_scores.json	8306bbe53204d2561a934fd2840657d14f482ae91e023701ea8bb174ac87df75
nd-unfolding/pet/final_design/results/final/scored_fb/S4S-H2S1T24K5-FB2-D4b_pi0_up.design_scores.json	353c3f8915f72488536c377d29d9d962debdd33ede8e0c95f575c7c8e88699be
nd-unfolding/pet/final_design/results/final/scored_fb/S4S-H2S1T24K5-FB2-D4c_p_down.design_scores.json	a2f93b1e10bb799ccc43c75a066c81ce1bd0d4e3f6701e232a74f6168cc0c6ea
nd-unfolding/pet/final_design/results/final/scored_fb/S4S-H2S1T24K5-FB2-D4c_p_up.design_scores.json	426c17ff96c737d0135c4f2fcbd00c1975d6b2ad13469e2464b596b2e56008c2
nd-unfolding/pet/final_design/results/final/scored_fb/S4S-H2S1T24K5-FB2-D4d_n_down.design_scores.json	e2a72121e3e2bdc39c182454e119206c2cf1b33d18b2729c611f5edf21fcd90b
nd-unfolding/pet/final_design/results/final/scored_fb/S4S-H2S1T24K5-FB2-D4d_n_up.design_scores.json	97fbbb4e1edc2d0d3b69282e98ab37085daee1c454755421435f0ef35225b892
nd-unfolding/pet/final_design/results/final/scored_fb/S4S-H2S1T24K5-FB2-D5_gibuu.design_scores.json	7be28cd7795d28dd16fce9f0d37d3a3cedb5c0a57faea3738b21568a97b10e69
nd-unfolding/pet/final_design/results/final/scored_fb/S4S-H2S1T24K5-FB2-D5_nuwro.design_scores.json	4db2cbdfe35b73fc7f227bd2930e4871a83e56c85a9cd66a458d2880b995ce6e
nd-unfolding/pet/final_design/results/final/scored_fb/S4S-H2S1T24K5-FB2-D5p_nuwro.design_scores.json	23209b4a380aac076823bf94d89824486d12a170aec8fd1c3fd0c9ef2859f1b3
nd-unfolding/pet/final_design/results/final/scored_fb/S4S-H2S1T24K5-FB2-R1_x0.95_D1_p0.350.design_scores.json	be8452733caa16c626d59080ecf60f7c00462d69f8864a50c11834282cfb7b73
nd-unfolding/pet/final_design/results/final/scored_fb/S4S-H2S1T24K5-FB2-R1_x1.05_D1_p0.350.design_scores.json	ad44d8a24ea0846643e523739c7c72e94f0847ef06e675c3d626a205ed83941b
nd-unfolding/pet/final_design/results/final/scored_fb/S4S-H2S1T24K5-FB2-R2_x1.01_D1_p0.350.design_scores.json	0df2b27929db3e8e29ede89f2c3894a9719f5eb74e30fe9ebbd39705a0df3e40
nd-unfolding/pet/final_design/results/final/scored_fb/S4S-H2S1T24K5-FB2-null.design_scores.json	a0a36ebba62765da6ee83fc24a761485276a57463f4d8361ddb866c77e3e03e9
nd-unfolding/pet/final_design/results/final/scored_fb/S4S-H2S1T24K5-FB3-D1_m0.700.design_scores.json	c4bbe9d366c1dbc94e9eb97448eda9ac2a1bf9fbc308b83e02408dd92700c967
nd-unfolding/pet/final_design/results/final/scored_fb/S4S-H2S1T24K5-FB3-D1_p0.175.design_scores.json	4cc0517ccbe5e9044c64ec56bc810aa4d79ff83311f80e8fe8e65ac4b0fab0db
nd-unfolding/pet/final_design/results/final/scored_fb/S4S-H2S1T24K5-FB3-D1_p0.350.design_scores.json	a75a3a1227fda2c3937b2263ca41af33e9d49650db50ee77d40788a4aa4bbb1e
nd-unfolding/pet/final_design/results/final/scored_fb/S4S-H2S1T24K5-FB3-D1_p0.350XD4c_p_up.design_scores.json	2c13a0fe65bc74f954461218203bfc87dfb9b8a7f6bf1b0891ea828216e3cdbd
nd-unfolding/pet/final_design/results/final/scored_fb/S4S-H2S1T24K5-FB3-D2_bump_c0.3.design_scores.json	dde6379d3df482bc654d53ffda0adb9a54e2eefe168d566c67aac0e1195bc33a
nd-unfolding/pet/final_design/results/final/scored_fb/S4S-H2S1T24K5-FB3-D2_bump_c1.0.design_scores.json	143e617b61e442e2cec95f9ec83c0558603a342850997150e1f01be9bb731076
nd-unfolding/pet/final_design/results/final/scored_fb/S4S-H2S1T24K5-FB3-D3_m0.35.design_scores.json	cbcad4b9720e952c3a9da0ac7d2ef94422f9e1f0e99d5711d724b69b4a5f6dbf
nd-unfolding/pet/final_design/results/final/scored_fb/S4S-H2S1T24K5-FB3-D3_p0.35.design_scores.json	d7cb9c4a608355ec7c22ded8e15b5dbb3fb48e15e69159064e0133196da3ba22
nd-unfolding/pet/final_design/results/final/scored_fb/S4S-H2S1T24K5-FB3-D4a_pipm_up.design_scores.json	1ffc4da3bc3297ae406f9837acea4be45c6c4907dacd14d20c2ed42bd36baff5
nd-unfolding/pet/final_design/results/final/scored_fb/S4S-H2S1T24K5-FB3-D4b_pi0_up.design_scores.json	229c252e4cbe1eaea1046611250bb2c1e6e061721d623ca25ce1208d6a4d36ab
nd-unfolding/pet/final_design/results/final/scored_fb/S4S-H2S1T24K5-FB3-D4c_p_down.design_scores.json	cb4ceed7ea3b77385a25afb919a390000e09c89c8776cc0861b6e3aa5210ab0b
nd-unfolding/pet/final_design/results/final/scored_fb/S4S-H2S1T24K5-FB3-D4c_p_up.design_scores.json	a6cf3b9e3cc9e7e8db88b17c6751164ec724fb2464a59d54f6a79c3d4e9029d6
nd-unfolding/pet/final_design/results/final/scored_fb/S4S-H2S1T24K5-FB3-D4d_n_down.design_scores.json	2ccbadd8fd5e7c5fb2a206e003ecc64ec2d02ce99980ca284374e55913001c8c
nd-unfolding/pet/final_design/results/final/scored_fb/S4S-H2S1T24K5-FB3-D4d_n_up.design_scores.json	c0d99906188a0d81b1c0590ff0200e31f1263f2f555fc50c8e313dc70b660597
nd-unfolding/pet/final_design/results/final/scored_fb/S4S-H2S1T24K5-FB3-D5_gibuu.design_scores.json	be961b0c69141d2bbe889873e125d0ec2498648dcfdd5eb48b33b466df2d6a37
nd-unfolding/pet/final_design/results/final/scored_fb/S4S-H2S1T24K5-FB3-D5_nuwro.design_scores.json	e09723dd0e628c64cee58b44219af792e1fa52141acb75a1644730131a6976de
nd-unfolding/pet/final_design/results/final/scored_fb/S4S-H2S1T24K5-FB3-D5p_nuwro.design_scores.json	c86d8a136e76d1e28dd1a088c47f9281247e608a3037152c63d0f52d58de089c
nd-unfolding/pet/final_design/results/final/scored_fb/S4S-H2S1T24K5-FB3-R1_x0.95_D1_p0.350.design_scores.json	5ffdaa122c35614aa3c2e14285702a9104317a4c78fbee3bf4160b93c676be75
nd-unfolding/pet/final_design/results/final/scored_fb/S4S-H2S1T24K5-FB3-R1_x1.05_D1_p0.350.design_scores.json	9db5d088b5efc38d80999faeb616f83b01ad49d5544f879e73533b0715799f70
nd-unfolding/pet/final_design/results/final/scored_fb/S4S-H2S1T24K5-FB3-R2_x1.01_D1_p0.350.design_scores.json	e0a2d0d6acba7d713a84526bba68f7b363645b06df06211ef16a5f4c0cd3b1eb
nd-unfolding/pet/final_design/results/final/scored_fb/S4S-H2S1T24K5-FB3-null.design_scores.json	5d016f383d13e128f0588331e75d1b5147391de211e950c6e7b642d5107f1158
nd-unfolding/pet/final_design/results/final/scored_fb/S4S-H2S1T24K5-FB4-D1_m0.700.design_scores.json	53599baec0fa189658cc8627da4bf75b1a2dd1a45afc276a48bee4df74f0749d
nd-unfolding/pet/final_design/results/final/scored_fb/S4S-H2S1T24K5-FB4-D1_p0.175.design_scores.json	e2c10eda75f992d14435e52d4d47bff72b3f66f1164edf82e54b4321a75085de
nd-unfolding/pet/final_design/results/final/scored_fb/S4S-H2S1T24K5-FB4-D1_p0.350.design_scores.json	ab8df658fa252194558a6a7eb32f720df74d8194b2a238b7eac39a40fe70fc2b
nd-unfolding/pet/final_design/results/final/scored_fb/S4S-H2S1T24K5-FB4-D1_p0.350XD4c_p_up.design_scores.json	30ebb41056bb7bbcf21e78a79c82faf97d883e34d39409cc9078431bb055a4f2
nd-unfolding/pet/final_design/results/final/scored_fb/S4S-H2S1T24K5-FB4-D2_bump_c0.3.design_scores.json	70bb7d588cfc4a19e77b6aac33e8af483c4c6715d3e2e0807d6cc6d29d9750d7
nd-unfolding/pet/final_design/results/final/scored_fb/S4S-H2S1T24K5-FB4-D2_bump_c1.0.design_scores.json	ee650092a4a61ee78d825adfb04f300e337ca90bd0b2f22aab6631ce7e439faf
nd-unfolding/pet/final_design/results/final/scored_fb/S4S-H2S1T24K5-FB4-D3_m0.35.design_scores.json	afe5ded517e56fc41897e716fd61a343e601afeddbee80a55617f8dd669efedf
nd-unfolding/pet/final_design/results/final/scored_fb/S4S-H2S1T24K5-FB4-D3_p0.35.design_scores.json	c09c3f2c2aba470cf7e6c4c313a34f84e81ad1e9d763c1da1d8a6092a2f21070
nd-unfolding/pet/final_design/results/final/scored_fb/S4S-H2S1T24K5-FB4-D4a_pipm_up.design_scores.json	7c7fcb32b53eaf0c24f72ee5be49a9d7f49b18b65dcdbb96c94e1c2c038a712d
nd-unfolding/pet/final_design/results/final/scored_fb/S4S-H2S1T24K5-FB4-D4b_pi0_up.design_scores.json	e548f4b65108b1f31bf64088143dc4acf4904c8ee08829741de2128494c86613
nd-unfolding/pet/final_design/results/final/scored_fb/S4S-H2S1T24K5-FB4-D4c_p_down.design_scores.json	0b240c87d7c9daf9564c7f7b4e7a9541754426fa66c6572f6dfbcd3dbb6b83e7
nd-unfolding/pet/final_design/results/final/scored_fb/S4S-H2S1T24K5-FB4-D4c_p_up.design_scores.json	f4b142fa4f990a257203fb454e6fef34b074448bf7ade601b836c4781721a157
nd-unfolding/pet/final_design/results/final/scored_fb/S4S-H2S1T24K5-FB4-D4d_n_down.design_scores.json	48a14cd3377b440b5314628335d056fb4af2fca8be0fc145cab9ceacfc1e9801
nd-unfolding/pet/final_design/results/final/scored_fb/S4S-H2S1T24K5-FB4-D4d_n_up.design_scores.json	430ba49bac88f6acf5b2ac0105d7bfb9f556de407216e4276bfe6b9dc333cbee
nd-unfolding/pet/final_design/results/final/scored_fb/S4S-H2S1T24K5-FB4-D5_gibuu.design_scores.json	25e789d55098d621ae8eccecb3b88007a5c1820fc0722d64948b763f8f2f2b80
nd-unfolding/pet/final_design/results/final/scored_fb/S4S-H2S1T24K5-FB4-D5_nuwro.design_scores.json	27520a31bef77e1193181a4ac15e36d557e9e228aac15c43bedcdddbe6478977
nd-unfolding/pet/final_design/results/final/scored_fb/S4S-H2S1T24K5-FB4-D5p_nuwro.design_scores.json	514cf52bd1509a0e09d7526b0fa2aab792478343f485ad6adcb34560bdc8f0a0
nd-unfolding/pet/final_design/results/final/scored_fb/S4S-H2S1T24K5-FB4-R1_x0.95_D1_p0.350.design_scores.json	fe278509db8ada814c349837c39342e0b6333c115af0742971bc9cc1b4f4f1ac
nd-unfolding/pet/final_design/results/final/scored_fb/S4S-H2S1T24K5-FB4-R1_x1.05_D1_p0.350.design_scores.json	33e8348267c2cdc32527de9fbf761c72c4baa1ff4737c72574895ee69fccc32e
nd-unfolding/pet/final_design/results/final/scored_fb/S4S-H2S1T24K5-FB4-R2_x1.01_D1_p0.350.design_scores.json	40800e29dc6c5b6848c772f8947a21f850e374610404a17d86f08aea27e4cb40
nd-unfolding/pet/final_design/results/final/scored_fb/S4S-H2S1T24K5-FB4-null.design_scores.json	404aba9eeedecda6d5768e372ba43b81e0151de2f18bffca5a3114c85e67b444
nd-unfolding/pet/final_design/results/final/scored_fb/S4S-H2S1T24K5-FB5-D1_m0.700.design_scores.json	292bdebf75380c26ced9f8227c8c7360006c43fe881a0c8a44a59ad734c92298
nd-unfolding/pet/final_design/results/final/scored_fb/S4S-H2S1T24K5-FB5-D1_p0.175.design_scores.json	2b0f355d135c532bbad5e4f8ea32a74630a0f2c9e251ad88ac60e1c8586e3f80
nd-unfolding/pet/final_design/results/final/scored_fb/S4S-H2S1T24K5-FB5-D1_p0.350.design_scores.json	d42cdceba1bef7cbb7618dd64af82bab0c90ba16ce9de0bec3dfc6f3dfb1aa41
nd-unfolding/pet/final_design/results/final/scored_fb/S4S-H2S1T24K5-FB5-D1_p0.350XD4c_p_up.design_scores.json	6c9e0a570c1a697e8338fe868da19c1ef588ab45ded39ab50a528b7a7afbafac
nd-unfolding/pet/final_design/results/final/scored_fb/S4S-H2S1T24K5-FB5-D2_bump_c0.3.design_scores.json	edcb13be95994716fca370d8df19dcae887cf89cdb22df2da5b5e2c917724f60
nd-unfolding/pet/final_design/results/final/scored_fb/S4S-H2S1T24K5-FB5-D2_bump_c1.0.design_scores.json	1207d8b053a5696fa66a87e441dd859a81865d058a35dfb9fec96788da33a077
nd-unfolding/pet/final_design/results/final/scored_fb/S4S-H2S1T24K5-FB5-D3_m0.35.design_scores.json	52e18d3921ce0073043bce56480b080ec29b2477dc9f722eceada10c073fbc8b
nd-unfolding/pet/final_design/results/final/scored_fb/S4S-H2S1T24K5-FB5-D3_p0.35.design_scores.json	3bbcaa6c07c29eb29e992f6c769a7ae8d79aecec003d2da38a5101a6600f3355
nd-unfolding/pet/final_design/results/final/scored_fb/S4S-H2S1T24K5-FB5-D4a_pipm_up.design_scores.json	40da436cd7c95c942dc5832da568c286191478e5dd7453bb49fe9a403d338204
nd-unfolding/pet/final_design/results/final/scored_fb/S4S-H2S1T24K5-FB5-D4b_pi0_up.design_scores.json	443756baa5f470235ea7114440c2fe14f3a5c085d49c3ab737ffba2041f3e0c1
nd-unfolding/pet/final_design/results/final/scored_fb/S4S-H2S1T24K5-FB5-D4c_p_down.design_scores.json	a95d129d98bf3635e49427169b73394c2ca29e9683e18d9390b6e3eec916f4c7
nd-unfolding/pet/final_design/results/final/scored_fb/S4S-H2S1T24K5-FB5-D4c_p_up.design_scores.json	cc4039c3cfa606fb842cb578196e7d8f855e6960c1e441d13d06f8042096b7e6
nd-unfolding/pet/final_design/results/final/scored_fb/S4S-H2S1T24K5-FB5-D4d_n_down.design_scores.json	eceecbe5e9d354aab51ee0d5fdd5f25a22d4e71cb1289d2cad74464e85d46964
nd-unfolding/pet/final_design/results/final/scored_fb/S4S-H2S1T24K5-FB5-D4d_n_up.design_scores.json	77ab2c675846c6c746e1f9b9fcc0fad1ef52a8e3b204bb4dec6c9ec99fd26023
nd-unfolding/pet/final_design/results/final/scored_fb/S4S-H2S1T24K5-FB5-D5_gibuu.design_scores.json	f0beb238f3e51099d68edbb735b357c35657564a0a44f330eca5c048ae45b317
nd-unfolding/pet/final_design/results/final/scored_fb/S4S-H2S1T24K5-FB5-D5_nuwro.design_scores.json	daec1d6383acd5d279f7c42aacdc7d3af64db8833f5179be76b3487aab2a72cd
nd-unfolding/pet/final_design/results/final/scored_fb/S4S-H2S1T24K5-FB5-D5p_nuwro.design_scores.json	3e8b4032977dd411855a11805173be45b97cc880a00e0a5268ee6bcfb3fb8c2b
nd-unfolding/pet/final_design/results/final/scored_fb/S4S-H2S1T24K5-FB5-R1_x0.95_D1_p0.350.design_scores.json	c6342710b0a52b07003520e00ad68b1b3d79ee52575f0b2b0d4a35ad83cffc33
nd-unfolding/pet/final_design/results/final/scored_fb/S4S-H2S1T24K5-FB5-R1_x1.05_D1_p0.350.design_scores.json	34f47dc378efeba879370dc774fe0a9875200dec5916d8922827393bd81086ff
nd-unfolding/pet/final_design/results/final/scored_fb/S4S-H2S1T24K5-FB5-R2_x1.01_D1_p0.350.design_scores.json	2fedddde928005a80336f972d949eee65dd193409046499005e92fb3e48bff5b
nd-unfolding/pet/final_design/results/final/scored_fb/S4S-H2S1T24K5-FB5-null.design_scores.json	8f3718412d9b3dfcff9482098a0d7f5b1ed349fb92fc873aa6823e208ce8b8cc
nd-unfolding/pet/final_design/results/final/scored_fb/S4S-H2S1T24K5-FB6-D1_m0.700.design_scores.json	b0e63c877dd83bfdfb565f272f2eb3b25604f878846cb31327090fafe938e735
nd-unfolding/pet/final_design/results/final/scored_fb/S4S-H2S1T24K5-FB6-D1_p0.175.design_scores.json	ab92932ab23aafb6a62fd5c6e9e039c1e75e2275e949dd00f69289f76b083184
nd-unfolding/pet/final_design/results/final/scored_fb/S4S-H2S1T24K5-FB6-D1_p0.350.design_scores.json	0a651d8a0587130f43dc208b7c601c81890179805821c9236ee2452064debe79
nd-unfolding/pet/final_design/results/final/scored_fb/S4S-H2S1T24K5-FB6-D1_p0.350XD4c_p_up.design_scores.json	ef8b467fcc592683ebda4e8c599d6242f22f7c04a2ece67fd516b6d90f3e50c1
nd-unfolding/pet/final_design/results/final/scored_fb/S4S-H2S1T24K5-FB6-D2_bump_c0.3.design_scores.json	6888b00d5ffd1e97f0c74527931df62d11ebc9c9dd01f7edc62e0442e3956ff8
nd-unfolding/pet/final_design/results/final/scored_fb/S4S-H2S1T24K5-FB6-D2_bump_c1.0.design_scores.json	1ae2bcf47efe282f4010b03be55f0f076f694ced725df48dbd2f5d9f939fd81f
nd-unfolding/pet/final_design/results/final/scored_fb/S4S-H2S1T24K5-FB6-D3_m0.35.design_scores.json	c1e1d90ea36ec79101942182c8acd796981c54fae5d02af774e89badbb8e81b1
nd-unfolding/pet/final_design/results/final/scored_fb/S4S-H2S1T24K5-FB6-D3_p0.35.design_scores.json	3641bb7131413586c834178a4ba131d80297e2205bf1a59bf018bbc9b4945567
nd-unfolding/pet/final_design/results/final/scored_fb/S4S-H2S1T24K5-FB6-D4a_pipm_up.design_scores.json	e79c34c8b39e0d63f55964c306330832bb0e43890f5d9a3beaa303aa8af4fdc6
nd-unfolding/pet/final_design/results/final/scored_fb/S4S-H2S1T24K5-FB6-D4b_pi0_up.design_scores.json	ae724b5610bf8c6c6825f215c0ef61dd9d7faa89587fe503a311270becdb96be
nd-unfolding/pet/final_design/results/final/scored_fb/S4S-H2S1T24K5-FB6-D4c_p_down.design_scores.json	20e7aebc190d8655b68ed4dc17488c87361770ac0dfc7f2bfae2048139f3dc38
nd-unfolding/pet/final_design/results/final/scored_fb/S4S-H2S1T24K5-FB6-D4c_p_up.design_scores.json	091cf73617626fba31ff16604347dfcd7c5ee7e5ab4db719fe6033e35af3603d
nd-unfolding/pet/final_design/results/final/scored_fb/S4S-H2S1T24K5-FB6-D4d_n_down.design_scores.json	473b381496150aca10204ba634b05b3d46fdc080a6b989c5297cc59aa294abe6
nd-unfolding/pet/final_design/results/final/scored_fb/S4S-H2S1T24K5-FB6-D4d_n_up.design_scores.json	178ea51838f5ee741fd99fbed94cdc9e58004e89d2ff23008c769b5bcfffe814
nd-unfolding/pet/final_design/results/final/scored_fb/S4S-H2S1T24K5-FB6-D5_gibuu.design_scores.json	05644a649132cda3449c052a202b133d9b12c5bd3d7eb8f4c32f5e55fe9a3d6b
nd-unfolding/pet/final_design/results/final/scored_fb/S4S-H2S1T24K5-FB6-D5_nuwro.design_scores.json	e849d9b581ecb5592fce7a8db16bf6969cebfee018e40d9a53706ce4f3679439
nd-unfolding/pet/final_design/results/final/scored_fb/S4S-H2S1T24K5-FB6-D5p_nuwro.design_scores.json	df995187592f204b9196d374d116f7352c5038c206758966ac88bd66b0b76ff2
nd-unfolding/pet/final_design/results/final/scored_fb/S4S-H2S1T24K5-FB6-R1_x0.95_D1_p0.350.design_scores.json	f4882b2a094ab16b36076c85457c833ac8b5e0ce85cc6f4443adc3c6c49f2364
nd-unfolding/pet/final_design/results/final/scored_fb/S4S-H2S1T24K5-FB6-R1_x1.05_D1_p0.350.design_scores.json	b855d83dc1210ef7c34660fb6eada5a86146fc0e914557e7c00a8a956652ec9b
nd-unfolding/pet/final_design/results/final/scored_fb/S4S-H2S1T24K5-FB6-R2_x1.01_D1_p0.350.design_scores.json	5d8d2504f37ecf42b7f17ba77d412beb7e655586d10a09e607e8a42d0a7b71ab
nd-unfolding/pet/final_design/results/final/scored_fb/S4S-H2S1T24K5-FB6-null.design_scores.json	245bc59931a3bedd0d630242c4c45f496de1a4143990c2a1aa01a53aad8a1a78
nd-unfolding/pet/final_design/results/final/scored_fb/S4S-H2S1T24K5-FB7-D1_m0.700.design_scores.json	f89f3a6677136134c90921dfb11a3c6511f71849a952201bd2299326625bab7d
nd-unfolding/pet/final_design/results/final/scored_fb/S4S-H2S1T24K5-FB7-D1_p0.175.design_scores.json	7470d839c4486c83fe0f0123de257c620b5a1db63963086897ce25fe376fa4d0
nd-unfolding/pet/final_design/results/final/scored_fb/S4S-H2S1T24K5-FB7-D1_p0.350.design_scores.json	86143b2bb488683e6b1c4de3bb8657d01d08f0de00eb561316320999bec1ef25
nd-unfolding/pet/final_design/results/final/scored_fb/S4S-H2S1T24K5-FB7-D1_p0.350XD4c_p_up.design_scores.json	cd6d6a140fd1d34bceeb5ed5b7cc7d6470067c32858a195f4fcaf2f71c44e9b6
nd-unfolding/pet/final_design/results/final/scored_fb/S4S-H2S1T24K5-FB7-D2_bump_c0.3.design_scores.json	0fd38eeb344b62080f30807f48593003ba980f0739773054e3065f5227a7626f
nd-unfolding/pet/final_design/results/final/scored_fb/S4S-H2S1T24K5-FB7-D2_bump_c1.0.design_scores.json	7512f8a9d1a186753c53ee27679c7fe2eb1d0c1e8764551efb55727189a1c35a
nd-unfolding/pet/final_design/results/final/scored_fb/S4S-H2S1T24K5-FB7-D3_m0.35.design_scores.json	a707736762f8040958224579a46a7fb4741f158db451f55050677091fd4cefe1
nd-unfolding/pet/final_design/results/final/scored_fb/S4S-H2S1T24K5-FB7-D3_p0.35.design_scores.json	68e84802a210066f01c5026526e13efaac4adbc4eb7d65969c75fb6892ed48e2
nd-unfolding/pet/final_design/results/final/scored_fb/S4S-H2S1T24K5-FB7-D4a_pipm_up.design_scores.json	f50de9ca6fe448d2ce92e002281aac373af1bb9bee16b418cdf89c69601dc8ea
nd-unfolding/pet/final_design/results/final/scored_fb/S4S-H2S1T24K5-FB7-D4b_pi0_up.design_scores.json	38e67fe8c6c341b4d0d1cce5d3ec71b17953a001a021e89da971b3e48aec2c78
nd-unfolding/pet/final_design/results/final/scored_fb/S4S-H2S1T24K5-FB7-D4c_p_down.design_scores.json	9eafb52c5f54d0dc60b2008b9ba173d0afe9cec744e8cb64538d675ffff743db
nd-unfolding/pet/final_design/results/final/scored_fb/S4S-H2S1T24K5-FB7-D4c_p_up.design_scores.json	98a9c45358c2f0785dfd3a8924858282f3c4e8a8471512463c1b1f2d7ec66796
nd-unfolding/pet/final_design/results/final/scored_fb/S4S-H2S1T24K5-FB7-D4d_n_down.design_scores.json	1136fc1a0b421eb89a553d64de3a5804b445f201b4638b3c7753743add23c24f
nd-unfolding/pet/final_design/results/final/scored_fb/S4S-H2S1T24K5-FB7-D4d_n_up.design_scores.json	1d83f350499e9cff2585feeb3d2fda9e2ede2a609e6afb3f4ec6c2802c4ea3e4
nd-unfolding/pet/final_design/results/final/scored_fb/S4S-H2S1T24K5-FB7-D5_gibuu.design_scores.json	8c72726489261ab2d1dfb770b1ee15d8ac2f6592b8f6cf2b1c316ab754afea70
nd-unfolding/pet/final_design/results/final/scored_fb/S4S-H2S1T24K5-FB7-D5_nuwro.design_scores.json	ecedc8edf8602a9cc9426f54d2db28a681905bd31656a6b35dd321f0e6509c5b
nd-unfolding/pet/final_design/results/final/scored_fb/S4S-H2S1T24K5-FB7-D5p_nuwro.design_scores.json	c1efc54c2146ce6f782f0c9238bdf026779b5d9849676d76541589dd10c492fe
nd-unfolding/pet/final_design/results/final/scored_fb/S4S-H2S1T24K5-FB7-R1_x0.95_D1_p0.350.design_scores.json	d2fd3529bd23f4178a452772067859f9f2c50789ea1e1d8748f3da46d57894b7
nd-unfolding/pet/final_design/results/final/scored_fb/S4S-H2S1T24K5-FB7-R1_x1.05_D1_p0.350.design_scores.json	e733fccb1c9eaee79714f218e17518e9784f7465a770941dc39ce1465578a198
nd-unfolding/pet/final_design/results/final/scored_fb/S4S-H2S1T24K5-FB7-R2_x1.01_D1_p0.350.design_scores.json	977b9040ccf32098fa706f856579b1501560f50cd3cf1be34d31a848dff2b1bf
nd-unfolding/pet/final_design/results/final/scored_fb/S4S-H2S1T24K5-FB7-null.design_scores.json	ab60d70682242a8bd1bb07eb01f03bac2a1b41d60f8c45051c857a3886fcc13b
nd-unfolding/pet/final_design/results/final/scored_s5c/S5-H2S1T24K5-FB0-b1.design_scores.json	2923c5ac7d83473da30bce3a80a7f326bf67c1b543969697e6a1de4a940d9856
nd-unfolding/pet/final_design/results/final/scored_s5c/S5-H2S1T24K5-FB0-b2.design_scores.json	769a4864518e53900b57bfeba676fce9740036f6666f14b4b5a253e3b8a535ac
nd-unfolding/pet/final_design/results/final/scored_s5c/S5-H2S1T24K5-FB0-b3.design_scores.json	d8231caaf531f7da6175898386f0577698e9c1f438c130a48ba925b822b6fd74
nd-unfolding/pet/final_design/results/final/scored_s5c/S5-H2S1T24K5-FB0-b4.design_scores.json	d470ce740a07c5fba415ba7a252c168188dafc120d0d0b15a2190ac4a8a015fe
nd-unfolding/pet/final_design/results/final/scored_s5c/S5-H2S1T24K5-FB0-b5.design_scores.json	38e397db3ab7fa8c0db1be6e53e3f7577d9c4ad99aa300f580253a30a3d6ef52
nd-unfolding/pet/final_design/results/final/scored_s5c/S5-H2S1T24K5-FB0-b6.design_scores.json	abf9b1fccd6a78097a80d7eb425f5beca7bf794e58df98ae754d85196216c53e
nd-unfolding/pet/final_design/results/final/scored_s5c/S5-H2S1T24K5-FB1-b1.design_scores.json	ae78d7e70f3a295d6292b7d3777cf2ba3a5df7ca70551ae6b557e33120447330
nd-unfolding/pet/final_design/results/final/scored_s5c/S5-H2S1T24K5-FB1-b2.design_scores.json	c98af26b725a8e73aefa3b66d391567c23bb0df3ec5dbe802c53afcc1791d35a
nd-unfolding/pet/final_design/results/final/scored_s5c/S5-H2S1T24K5-FB1-b3.design_scores.json	fdccc6b7797ea59ff32ec787f03dd46adf59e27ec334a7e185e73042352e230d
nd-unfolding/pet/final_design/results/final/scored_s5c/S5-H2S1T24K5-FB1-b4.design_scores.json	a460ab687b2ec4c4bc1e147b1a14809efc05e40b8d896f5923c8e5b4374ea907
nd-unfolding/pet/final_design/results/final/scored_s5c/S5-H2S1T24K5-FB1-b5.design_scores.json	7fe4e69bcc67e4e59bb86d4c265e8e2f48daffb7669e1924551ee01cbb335a35
nd-unfolding/pet/final_design/results/final/scored_s5c/S5-H2S1T24K5-FB1-b6.design_scores.json	04fa995187548fe2366cd56084548c984c2beb13137ed6c8dec8f75ed6af7308
nd-unfolding/pet/final_design/results/final/scored_s5c/S5-H2S1T24K5-FB10-b1.design_scores.json	d2929aac1140c060b058d643e5b1c5f93b129a2beda2cc61b71ba97e2eea8f40
nd-unfolding/pet/final_design/results/final/scored_s5c/S5-H2S1T24K5-FB10-b2.design_scores.json	8a9c4ce91c8a4ff3fe48dc63088a0250fc819aa2f925cc564c32e77bc5755866
nd-unfolding/pet/final_design/results/final/scored_s5c/S5-H2S1T24K5-FB10-b3.design_scores.json	e577f300999356056d97addb0c222161eefbdf3edc442c980e26560c390ec872
nd-unfolding/pet/final_design/results/final/scored_s5c/S5-H2S1T24K5-FB10-b4.design_scores.json	8be830738b4cecfa65858afd0fb2cacad77e86cd47876eb7136f70836a0266cd
nd-unfolding/pet/final_design/results/final/scored_s5c/S5-H2S1T24K5-FB10-b5.design_scores.json	3fdfaacaefe1216f4bafa94bdcad5af67108806578bf01dee6fb1faf100866c1
nd-unfolding/pet/final_design/results/final/scored_s5c/S5-H2S1T24K5-FB10-b6.design_scores.json	0ef9024a7729a6028fcc2dd21984551411190aed4ec920ab5d290cb2d46e1a04
nd-unfolding/pet/final_design/results/final/scored_s5c/S5-H2S1T24K5-FB100-b1.design_scores.json	5ffd737ddebabb46a835cb9e1a32f0a6cdc9111088275a9426b83fd1fb71a50b
nd-unfolding/pet/final_design/results/final/scored_s5c/S5-H2S1T24K5-FB100-b2.design_scores.json	d48581827a258c6330d2849af65ae6bec3402e102371b8fd7dfe68d72b419adb
nd-unfolding/pet/final_design/results/final/scored_s5c/S5-H2S1T24K5-FB100-b3.design_scores.json	8dd6e4315a4e3d17cffdb7230b4344da7c17f387309ed62f0add68f77325f423
nd-unfolding/pet/final_design/results/final/scored_s5c/S5-H2S1T24K5-FB100-b4.design_scores.json	6563c93c6c8ad30261fba30572a8df32e5a4499aca28c0ffdd40f029449ccd9b
nd-unfolding/pet/final_design/results/final/scored_s5c/S5-H2S1T24K5-FB100-b5.design_scores.json	6110c88ea40893e9c766f301d7d64dc9354cc76cd48dda0b4f7c8ca704379c89
nd-unfolding/pet/final_design/results/final/scored_s5c/S5-H2S1T24K5-FB100-b6.design_scores.json	095ec44a9d21d5f98288b6b55416efe24585d00e6ee72f1cd5491e197dbf6acc
nd-unfolding/pet/final_design/results/final/scored_s5c/S5-H2S1T24K5-FB101-b1.design_scores.json	6c1510d5220c0bd3226d2ecd9300b9e6f72efdfab0abc113b2aabdb86f82e79e
nd-unfolding/pet/final_design/results/final/scored_s5c/S5-H2S1T24K5-FB101-b2.design_scores.json	ec3645448a81b5ab7f13afdbb984079e8abe34d864da415df82d48aff2b93cc0
nd-unfolding/pet/final_design/results/final/scored_s5c/S5-H2S1T24K5-FB101-b3.design_scores.json	7f77d50835b357870c095658de55e4be82e0299c9453055b825a47e51bb901f0
nd-unfolding/pet/final_design/results/final/scored_s5c/S5-H2S1T24K5-FB101-b4.design_scores.json	e688ed5854fa19a252455488d75ffa6729df6c09318926ebb761184a194f2cc9
nd-unfolding/pet/final_design/results/final/scored_s5c/S5-H2S1T24K5-FB101-b5.design_scores.json	94e34fe27d37539f2aebb9fe1c80413c17b38a69bc61a019bb87e83c1c1cf358
nd-unfolding/pet/final_design/results/final/scored_s5c/S5-H2S1T24K5-FB101-b6.design_scores.json	c9a90a40268bb461efe0ffdf2b3ffc14204f49d4b97b4eac53c2fd93566d7d17
nd-unfolding/pet/final_design/results/final/scored_s5c/S5-H2S1T24K5-FB102-b1.design_scores.json	4535538c71a0b3bc905b5cf953c5ed0e9480732c3b61219a5bfde30fae05f61f
nd-unfolding/pet/final_design/results/final/scored_s5c/S5-H2S1T24K5-FB102-b2.design_scores.json	6329783da2f1da36d42ca51d3a1f535028d723f71bd17d7f62a8d4b73acdff6b
nd-unfolding/pet/final_design/results/final/scored_s5c/S5-H2S1T24K5-FB102-b3.design_scores.json	1e1e380886d7ca022796baec236c51e908c4665e4fe17ce34ad7af1ca8e4f0f8
nd-unfolding/pet/final_design/results/final/scored_s5c/S5-H2S1T24K5-FB102-b4.design_scores.json	285900d4aa891edc999641aa451d17605c1d1d6a2cab0f3d6eb79251a68d7f6b
nd-unfolding/pet/final_design/results/final/scored_s5c/S5-H2S1T24K5-FB102-b5.design_scores.json	7a705ca9b313479173755e2700b3ca9b139234e9d9b7522723e3bce78cc5b302
nd-unfolding/pet/final_design/results/final/scored_s5c/S5-H2S1T24K5-FB102-b6.design_scores.json	b5a0e45caef0f64ff19bc81a13721295fff126d59a76d09aa2892c65a2e9edd3
nd-unfolding/pet/final_design/results/final/scored_s5c/S5-H2S1T24K5-FB103-b1.design_scores.json	cc0bc1714904d1145b8b80aaaf4a33c723807ad0e27ef86d101395a1f3fe71c8
nd-unfolding/pet/final_design/results/final/scored_s5c/S5-H2S1T24K5-FB103-b2.design_scores.json	3c41d66e11d77f7c627db6bc5da2443bc8e766d93345756273ec87fba4e6541c
nd-unfolding/pet/final_design/results/final/scored_s5c/S5-H2S1T24K5-FB103-b3.design_scores.json	b6036ee8cc267291f54e4a50df8aa51a6cc812e0d646156646d5e94e97e88862
nd-unfolding/pet/final_design/results/final/scored_s5c/S5-H2S1T24K5-FB103-b4.design_scores.json	7000d16752de941b623f7afd6b6f02000c0a11f8e36789502c691cf574eddbd8
nd-unfolding/pet/final_design/results/final/scored_s5c/S5-H2S1T24K5-FB103-b5.design_scores.json	d78d14924fac61d95833b63d879da8deeed9bda39ec621b1848f49aa2377da74
nd-unfolding/pet/final_design/results/final/scored_s5c/S5-H2S1T24K5-FB103-b6.design_scores.json	cde918b32e738535e91f2a537afdea5f692bf1e3cd4b4c56b586175d09859517
nd-unfolding/pet/final_design/results/final/scored_s5c/S5-H2S1T24K5-FB104-b1.design_scores.json	482dfbf62d63df0e26194917bcb178ae93a6286fbb98dc88494c83c333400ae9
nd-unfolding/pet/final_design/results/final/scored_s5c/S5-H2S1T24K5-FB104-b2.design_scores.json	3290b619af276db68e071c6c465ae89b0d76305da99ef81d28d3767894029fd3
nd-unfolding/pet/final_design/results/final/scored_s5c/S5-H2S1T24K5-FB104-b3.design_scores.json	3f84a05fa467855411ee3bdf9808b081e8654b769d2c9d94f2282be095e2e2e2
nd-unfolding/pet/final_design/results/final/scored_s5c/S5-H2S1T24K5-FB104-b4.design_scores.json	edb7c109d2d14717d7bd62d115686c48f9ef808ee5593d702d6ac7df56d04df2
nd-unfolding/pet/final_design/results/final/scored_s5c/S5-H2S1T24K5-FB104-b5.design_scores.json	cb4a666532e6f7d27fa55a35b8519548d43f00fdbe41f994ac9b5941924772b7
nd-unfolding/pet/final_design/results/final/scored_s5c/S5-H2S1T24K5-FB104-b6.design_scores.json	54a00d61ceca1cc69b23501ba8a8c7aa31c8c865e332c6e0dc00b8f758c3cd52
nd-unfolding/pet/final_design/results/final/scored_s5c/S5-H2S1T24K5-FB105-b1.design_scores.json	9dd07801c68d60d8599d8e761c3b493205ff71a4e49c44765149f85f6178f3ef
nd-unfolding/pet/final_design/results/final/scored_s5c/S5-H2S1T24K5-FB105-b2.design_scores.json	2e3262bbd854dc22587ef6f44b9c7d5e667c3dee48ed983c9e0f30df60f9c98a
nd-unfolding/pet/final_design/results/final/scored_s5c/S5-H2S1T24K5-FB105-b3.design_scores.json	659701570bdfdb20719f8fa15a4e0647d421b3dfce42c24859f1c82cf45bf463
nd-unfolding/pet/final_design/results/final/scored_s5c/S5-H2S1T24K5-FB105-b4.design_scores.json	c6cf08dc409f80972675dc3c413ea501b4cb404be30abfd51ea6a542076927cf
nd-unfolding/pet/final_design/results/final/scored_s5c/S5-H2S1T24K5-FB105-b5.design_scores.json	f96d2bd8fd09940c03748411012636ac1a0b0e844f11bbd90421497f56e37ea7
nd-unfolding/pet/final_design/results/final/scored_s5c/S5-H2S1T24K5-FB105-b6.design_scores.json	f561fd5de08b6d7519e9998bd54324209a614e851b17dee30d2357111d188db8
nd-unfolding/pet/final_design/results/final/scored_s5c/S5-H2S1T24K5-FB106-b1.design_scores.json	7a0edc5b12f7060f15b1b2e389f9b63d20cb48e243045e511afa2ced1e91d730
nd-unfolding/pet/final_design/results/final/scored_s5c/S5-H2S1T24K5-FB106-b2.design_scores.json	daab466a08619a6394f9e7330d00983509b4077008f428550b9d43678d94a07a
nd-unfolding/pet/final_design/results/final/scored_s5c/S5-H2S1T24K5-FB106-b3.design_scores.json	e43d0025049b1acc63c55d8d9bddd1a747654c3af559b6ceb229506e2de456b2
nd-unfolding/pet/final_design/results/final/scored_s5c/S5-H2S1T24K5-FB106-b4.design_scores.json	afca80ed753e5a934a7cee894438f287456420bc1d017d7e699d605b1681d8af
nd-unfolding/pet/final_design/results/final/scored_s5c/S5-H2S1T24K5-FB106-b5.design_scores.json	60633e2656b0602464f75e6cd39caea586e647ad93eb8fe9666f859d74119c8a
nd-unfolding/pet/final_design/results/final/scored_s5c/S5-H2S1T24K5-FB106-b6.design_scores.json	ea91fcc2cb0f0546d945f3ff4fef4752eca8a4f02e74e12bb899a22693480120
nd-unfolding/pet/final_design/results/final/scored_s5c/S5-H2S1T24K5-FB107-b1.design_scores.json	322caf4a61586008727c521170588c61fb509255adf0c99835e63a5001c91dc7
nd-unfolding/pet/final_design/results/final/scored_s5c/S5-H2S1T24K5-FB107-b2.design_scores.json	5f9428342258fbac3a4a594736e1bd7a92af0a9f6e08d17838eafbabbb132f6a
nd-unfolding/pet/final_design/results/final/scored_s5c/S5-H2S1T24K5-FB107-b3.design_scores.json	bdab6431f5f2b3dc1502fd08da86dffd03bccb0705e5fe9f5cf4068a515d2a92
nd-unfolding/pet/final_design/results/final/scored_s5c/S5-H2S1T24K5-FB107-b4.design_scores.json	d3dd5404dded3d0e589d82ab4349cbd0974af36aba0bee12edc16e13e8be0a84
nd-unfolding/pet/final_design/results/final/scored_s5c/S5-H2S1T24K5-FB107-b5.design_scores.json	95cff6d6891e3558d35043e20f840f841c22a3ce6ab026bc2c3eeb8c42c40087
nd-unfolding/pet/final_design/results/final/scored_s5c/S5-H2S1T24K5-FB107-b6.design_scores.json	e2825957f547d4a287fddeb39038e288fb0a801d6399a4af0b110ad980eb3373
nd-unfolding/pet/final_design/results/final/scored_s5c/S5-H2S1T24K5-FB108-b1.design_scores.json	c6c5dc8803c686b58bac5b74d33744e96d102ba2cb901ff45bebdf1640a85b01
nd-unfolding/pet/final_design/results/final/scored_s5c/S5-H2S1T24K5-FB108-b2.design_scores.json	5c8387636dfa05189669fbed1530238f30ac098f7dc599ae6c9256afb74a05f8
nd-unfolding/pet/final_design/results/final/scored_s5c/S5-H2S1T24K5-FB108-b3.design_scores.json	ac97db5480ee43c9bd3c41ff82a800036e45fdc26a54d5ab228b43998736a3e8
nd-unfolding/pet/final_design/results/final/scored_s5c/S5-H2S1T24K5-FB108-b4.design_scores.json	44922cbce9a93be7a92137f53d714386e7cc80d55c6563571b0d7a196ee6875a
nd-unfolding/pet/final_design/results/final/scored_s5c/S5-H2S1T24K5-FB108-b5.design_scores.json	527ba695cdd038fdead0c5c379792aab24bee6142faa064089537d603781f6f7
nd-unfolding/pet/final_design/results/final/scored_s5c/S5-H2S1T24K5-FB108-b6.design_scores.json	612d889c6b14c507ab430a1bd2de66408eca2d46dea7fb155155d3ba187d5335
nd-unfolding/pet/final_design/results/final/scored_s5c/S5-H2S1T24K5-FB109-b1.design_scores.json	8cfbbdf58d66eb226d0d487972083f2a1c2daf2c48ef7cf5e9251b66cc96ae1e
nd-unfolding/pet/final_design/results/final/scored_s5c/S5-H2S1T24K5-FB109-b2.design_scores.json	78fc627723b695286fd31bdf275189795ae1ba9121082a69bf1c431b13a53415
nd-unfolding/pet/final_design/results/final/scored_s5c/S5-H2S1T24K5-FB109-b3.design_scores.json	e9671bb1f586cc8a6f09c1216d8fe5e455978f8d2b5e0d4cb475a513f02248d5
nd-unfolding/pet/final_design/results/final/scored_s5c/S5-H2S1T24K5-FB109-b4.design_scores.json	deedbbbbf0bee9d6e237f7d1735e46517449457cb9a95eaa9bafae714b9f3e45
nd-unfolding/pet/final_design/results/final/scored_s5c/S5-H2S1T24K5-FB109-b5.design_scores.json	cfe77a07073dd3ac86a55c53c39c942c703486ea2b2778a044fc7db104ec62b2
nd-unfolding/pet/final_design/results/final/scored_s5c/S5-H2S1T24K5-FB109-b6.design_scores.json	b31f44ef5a2a82e7869ebcc828023f545daace80d824ef588196e89c08d1644d
nd-unfolding/pet/final_design/results/final/scored_s5c/S5-H2S1T24K5-FB11-b1.design_scores.json	f734c6701088dac8b268243453aa7be5a5410505df0806fb939a4613f35c84e0
nd-unfolding/pet/final_design/results/final/scored_s5c/S5-H2S1T24K5-FB11-b2.design_scores.json	9eeeee6699506bac78f10439cae4e423ef7ee8b4459a875489f27b3b9dcc1cb6
nd-unfolding/pet/final_design/results/final/scored_s5c/S5-H2S1T24K5-FB11-b3.design_scores.json	ec0455c794f58c39b1a15d5884b64f8704b6039bd3bcc6de4b8a6d57e755f329
nd-unfolding/pet/final_design/results/final/scored_s5c/S5-H2S1T24K5-FB11-b4.design_scores.json	8b75e81ef081e99ae226d79c9af1ddbce80f705d534415b7e786d7a503e92073
nd-unfolding/pet/final_design/results/final/scored_s5c/S5-H2S1T24K5-FB11-b5.design_scores.json	29a75998e19586a9ad9361b59b4ad0d2598910f88c6ba6ff0898c1018a0bc74f
nd-unfolding/pet/final_design/results/final/scored_s5c/S5-H2S1T24K5-FB11-b6.design_scores.json	40726bee58aa3608248267e4ffd4ea24218311abcef7f70bc3949253d0efae87
nd-unfolding/pet/final_design/results/final/scored_s5c/S5-H2S1T24K5-FB110-b1.design_scores.json	2c7d13da831914d6e863e872bb814be52c391add3757ce38f766c981517221d1
nd-unfolding/pet/final_design/results/final/scored_s5c/S5-H2S1T24K5-FB110-b2.design_scores.json	0a2edc2833e4600e7fcd6826631082de6a8ef15c1ef430f064b39a3ea06dcfb0
nd-unfolding/pet/final_design/results/final/scored_s5c/S5-H2S1T24K5-FB110-b3.design_scores.json	05f05ef17fa9f34f3f9049821af7da1e176af55020c0f85ac46829f814c52561
nd-unfolding/pet/final_design/results/final/scored_s5c/S5-H2S1T24K5-FB110-b4.design_scores.json	010ef2a2bf73e9229e238f05632295abd568265a8ec3c11d64ce3946d15186a1
nd-unfolding/pet/final_design/results/final/scored_s5c/S5-H2S1T24K5-FB110-b5.design_scores.json	25723ed35f2320b9603c856327ee2f47be8cd80cab3fa06d6966fd7aeb8de2bd
nd-unfolding/pet/final_design/results/final/scored_s5c/S5-H2S1T24K5-FB110-b6.design_scores.json	858a71a2d828a4f31922f5d078ca9552dcfd22cc71f79794f2653268a2d8a2f9
nd-unfolding/pet/final_design/results/final/scored_s5c/S5-H2S1T24K5-FB111-b1.design_scores.json	8e45f9ce97a0f84c485bfc5f17def359f2987f4f8b108b10d8e5c9b32f374a4c
nd-unfolding/pet/final_design/results/final/scored_s5c/S5-H2S1T24K5-FB111-b2.design_scores.json	fb4666935cbf365b6a95e3cb8d9d1bc78efd00282c95ebd640d1eb01d8539bf0
nd-unfolding/pet/final_design/results/final/scored_s5c/S5-H2S1T24K5-FB111-b3.design_scores.json	db214d957546f7fd473b8d8b66e59146b37f65fd73417a6414332e0cee1a7289
nd-unfolding/pet/final_design/results/final/scored_s5c/S5-H2S1T24K5-FB111-b4.design_scores.json	ebc6fbc8b527c500f71480d2571e403ac9ae45c61ce20ddff4b66b81655a419e
nd-unfolding/pet/final_design/results/final/scored_s5c/S5-H2S1T24K5-FB111-b5.design_scores.json	d220db12f631b08abbeb488efaf9367b7a61a1b64324e2a76764a819b6faf435
nd-unfolding/pet/final_design/results/final/scored_s5c/S5-H2S1T24K5-FB111-b6.design_scores.json	32e023c73ba306d54428bc086899d6846073d256d19c3eff08c9cafb4a05e614
nd-unfolding/pet/final_design/results/final/scored_s5c/S5-H2S1T24K5-FB112-b1.design_scores.json	28d320257d75fc5708c6ffcebfff6f823fa33089475b0f3044b14abae3be13a2
nd-unfolding/pet/final_design/results/final/scored_s5c/S5-H2S1T24K5-FB112-b2.design_scores.json	3da7b5c07d7d1ec8eab078184fb478c0aa14e59b6f726e711ba370dfa1b1bec3
nd-unfolding/pet/final_design/results/final/scored_s5c/S5-H2S1T24K5-FB112-b3.design_scores.json	688f1e35ae94577cbc8a0152fb2c662209f6eacf662712ee917d475632aa8747
nd-unfolding/pet/final_design/results/final/scored_s5c/S5-H2S1T24K5-FB112-b4.design_scores.json	f80b5f02bf5dfcc54b7fc9590b0a860ee24d150e188d30ea9d0c7ce1bc35e0e5
nd-unfolding/pet/final_design/results/final/scored_s5c/S5-H2S1T24K5-FB112-b5.design_scores.json	5e72292e56d07e764c3eeaec3893f381f1c3620d9b96e154a7e26432ed8b09c1
nd-unfolding/pet/final_design/results/final/scored_s5c/S5-H2S1T24K5-FB112-b6.design_scores.json	63f0b4301fc4b1d3ec268848641aea57670f4dc07abf8a2b3855103249dd0bdb
nd-unfolding/pet/final_design/results/final/scored_s5c/S5-H2S1T24K5-FB113-b1.design_scores.json	f101006da0baf757e64b258705e48f7d5c4f29fb50bcb56fa4e2dea20cb5b089
nd-unfolding/pet/final_design/results/final/scored_s5c/S5-H2S1T24K5-FB113-b2.design_scores.json	f5ae3086f050087ae65be23d4a26349459eaf124838cb3c895d0b890162b066e
nd-unfolding/pet/final_design/results/final/scored_s5c/S5-H2S1T24K5-FB113-b3.design_scores.json	1db29ad4bdafbff51fd596414d31275ac4e98218bffe641cc3b871c9d995eb15
nd-unfolding/pet/final_design/results/final/scored_s5c/S5-H2S1T24K5-FB113-b4.design_scores.json	350564136af9f2e130e8fcbb36083c177ee4d6fd0af5f95c77c22635d34d7578
nd-unfolding/pet/final_design/results/final/scored_s5c/S5-H2S1T24K5-FB113-b5.design_scores.json	15164c2abdcbd7caef49bba69035312ca6f265084605f5243816901b74d64967
nd-unfolding/pet/final_design/results/final/scored_s5c/S5-H2S1T24K5-FB113-b6.design_scores.json	9b263053b5eaaad426d446c48f393c0ea720d1e6412a037eb7254c7f37019db0
nd-unfolding/pet/final_design/results/final/scored_s5c/S5-H2S1T24K5-FB114-b1.design_scores.json	5308e8aeb811a3ed55b32c8b96de01eeee3bec70c12435db81218ed795b32958
nd-unfolding/pet/final_design/results/final/scored_s5c/S5-H2S1T24K5-FB114-b2.design_scores.json	0a68e4325da451972676756d410af45015084827ed92aa016676f4bc42a76b35
nd-unfolding/pet/final_design/results/final/scored_s5c/S5-H2S1T24K5-FB114-b3.design_scores.json	64e99bf1a63d9a2357d9c4e28fbbc91a4a10ae9a818722a156108918aca43e39
nd-unfolding/pet/final_design/results/final/scored_s5c/S5-H2S1T24K5-FB114-b4.design_scores.json	8155f70f2e873e2f7f83a2e1679126effd84df8a25562c2e0b1333ed8cc58a91
nd-unfolding/pet/final_design/results/final/scored_s5c/S5-H2S1T24K5-FB114-b5.design_scores.json	2318488c441c7d8063d4c24692abc8dc09049e6c9b874ebc04c1875e1cf3473d
nd-unfolding/pet/final_design/results/final/scored_s5c/S5-H2S1T24K5-FB114-b6.design_scores.json	aaabc138076f343375ec2faab6a38eecb66b4f094e5830f3c47e76c11c43d16d
nd-unfolding/pet/final_design/results/final/scored_s5c/S5-H2S1T24K5-FB115-b1.design_scores.json	2612e8eef0e074417e549ddc79e03b21b8dd526d257e7943e23d8623a0949c0f
nd-unfolding/pet/final_design/results/final/scored_s5c/S5-H2S1T24K5-FB115-b2.design_scores.json	4218a68595edf694bfa1411e4ecccdab89aa75ca6e54a28a2b2b33bba5453ec5
nd-unfolding/pet/final_design/results/final/scored_s5c/S5-H2S1T24K5-FB115-b3.design_scores.json	7b8f1581c53eca24512fa98f68f9c82ebaffc322df354346c5f109c9bb61b373
nd-unfolding/pet/final_design/results/final/scored_s5c/S5-H2S1T24K5-FB115-b4.design_scores.json	ffcd2c195c8d1274c75b479109cdd1186c451e6000005ddf6f4d8549c6c4884f
nd-unfolding/pet/final_design/results/final/scored_s5c/S5-H2S1T24K5-FB115-b5.design_scores.json	ff817139da7baee89bf4e81a02a002605e221dfce36216d3f91cad97d96d8b7f
nd-unfolding/pet/final_design/results/final/scored_s5c/S5-H2S1T24K5-FB115-b6.design_scores.json	817a9bb9892fa86dd6b234193d85f36de4f9a4ac09b9552164be1a5623cdd9e7
nd-unfolding/pet/final_design/results/final/scored_s5c/S5-H2S1T24K5-FB116-b1.design_scores.json	520e19e13373401fe3211e718fcc7c879e7772e9e32805b085796af78fd0dc89
nd-unfolding/pet/final_design/results/final/scored_s5c/S5-H2S1T24K5-FB116-b2.design_scores.json	82246d42e78d399e2445855dcabbf974a7588dde0a65bc4068a800555022fed5
nd-unfolding/pet/final_design/results/final/scored_s5c/S5-H2S1T24K5-FB116-b3.design_scores.json	5214b5d984bd3d553ccab1e78c1b4c9d6673e70939dd4694fbecddf15e4094e6
nd-unfolding/pet/final_design/results/final/scored_s5c/S5-H2S1T24K5-FB116-b4.design_scores.json	0642e088e18fb1967cb9b61c891126abb0c595992635439caa69b4ef047483de
nd-unfolding/pet/final_design/results/final/scored_s5c/S5-H2S1T24K5-FB116-b5.design_scores.json	89e01480b6586feb29c690ac2b2e5cced1782a0b590b23424c8670c259b8a465
nd-unfolding/pet/final_design/results/final/scored_s5c/S5-H2S1T24K5-FB116-b6.design_scores.json	0f56e225f2335a393f2dfbfaa45ac1e79b5a130e06771e3ca49ef8cd4a1848cc
nd-unfolding/pet/final_design/results/final/scored_s5c/S5-H2S1T24K5-FB117-b1.design_scores.json	7b3713da720f3e891d78bb7e21f1ee28b64b14fbdc624dcce5840de93e59a789
nd-unfolding/pet/final_design/results/final/scored_s5c/S5-H2S1T24K5-FB117-b2.design_scores.json	2d9569d6a1cef806ccb2ba8666ece4c1a1637947e9b77b9e286b18f1772d46ca
nd-unfolding/pet/final_design/results/final/scored_s5c/S5-H2S1T24K5-FB117-b3.design_scores.json	20e67ad97a10299b274907211563297f8dc8d0c5626bbc6fb81f100de527c291
nd-unfolding/pet/final_design/results/final/scored_s5c/S5-H2S1T24K5-FB117-b4.design_scores.json	967cc28f897285196bf269d9e584251dd061e81c107cd0c4e37345ba7ff85c97
nd-unfolding/pet/final_design/results/final/scored_s5c/S5-H2S1T24K5-FB117-b5.design_scores.json	0e9acd6f02c685ab47c7b5d68b202bf8f83240c8774deb4881f7a9aa2042306c
nd-unfolding/pet/final_design/results/final/scored_s5c/S5-H2S1T24K5-FB117-b6.design_scores.json	7c46e128938aeceea2369d0ef0e52330ce7efbab316b3a1ec3c1dba2e3d3891f
nd-unfolding/pet/final_design/results/final/scored_s5c/S5-H2S1T24K5-FB118-b1.design_scores.json	641e60f516da14081939aa93c4882d7339b4f25351d6247d4a143b7946fc702b
nd-unfolding/pet/final_design/results/final/scored_s5c/S5-H2S1T24K5-FB118-b2.design_scores.json	edb60c008e7e7961dfc3097db1a2e15a373bd8dc29d36c6b2031344c817e75e1
nd-unfolding/pet/final_design/results/final/scored_s5c/S5-H2S1T24K5-FB118-b3.design_scores.json	efb78149ee52123fa2f76905693acaae7a2ded0d978523184891e52482853e2f
nd-unfolding/pet/final_design/results/final/scored_s5c/S5-H2S1T24K5-FB118-b4.design_scores.json	065809fcc522915ee0e5645a6785160c4822104fb3450575ea6c7818050392f3
nd-unfolding/pet/final_design/results/final/scored_s5c/S5-H2S1T24K5-FB118-b5.design_scores.json	49860497bbb043a6347fb208ed8e0ddedc2734513b5d864cba3078108d42f8a5
nd-unfolding/pet/final_design/results/final/scored_s5c/S5-H2S1T24K5-FB118-b6.design_scores.json	51eee537cf1be3f705d7214522db7841d0665f901a1ea6cbba63be8bef4f5e80
nd-unfolding/pet/final_design/results/final/scored_s5c/S5-H2S1T24K5-FB119-b1.design_scores.json	f7e23637d2a1a8192b231a2288e1aa8a3eb0ada6d1fd732dd55c4c0ae8a0dd01
nd-unfolding/pet/final_design/results/final/scored_s5c/S5-H2S1T24K5-FB119-b2.design_scores.json	35baff45ab811d3c064fa8018ffc672a0ed3c28fbb76df4ba60f84f64de713a4
nd-unfolding/pet/final_design/results/final/scored_s5c/S5-H2S1T24K5-FB119-b3.design_scores.json	7247e3e55cff7e07d99b31a40e0559011d090b1c434695006a42267874aac465
nd-unfolding/pet/final_design/results/final/scored_s5c/S5-H2S1T24K5-FB119-b4.design_scores.json	aad5cb33383d15ae533faa801214b3ed89d2e0e821b882b6c9f86ef21578155e
nd-unfolding/pet/final_design/results/final/scored_s5c/S5-H2S1T24K5-FB119-b5.design_scores.json	8b2dad471f2e3a50955ea61b5bdead8388cd2802cf51533f9a538130165f3bae
nd-unfolding/pet/final_design/results/final/scored_s5c/S5-H2S1T24K5-FB119-b6.design_scores.json	430968afb2269b8a348b78511fbf4dedf9f2c4dc066fc841446a763a366062b0
nd-unfolding/pet/final_design/results/final/scored_s5c/S5-H2S1T24K5-FB12-b1.design_scores.json	3a94b745d2e5a36d12855227982a6befb5338186fe07d9cd41d005a508c15ab4
nd-unfolding/pet/final_design/results/final/scored_s5c/S5-H2S1T24K5-FB12-b2.design_scores.json	998730a9312ea5f8784e71b73e07e7bcfd6be381490f6069a5c3f07d0e710473
nd-unfolding/pet/final_design/results/final/scored_s5c/S5-H2S1T24K5-FB12-b3.design_scores.json	1efe84d23eb5313a2c51124f8bc39d781ca938dbebcf918f435ac1e3eaff3178
nd-unfolding/pet/final_design/results/final/scored_s5c/S5-H2S1T24K5-FB12-b4.design_scores.json	1f83d62eeacd5d60964e45b219f9d046a428bbc7558c3f94ad5cdf4d3a4f68ca
nd-unfolding/pet/final_design/results/final/scored_s5c/S5-H2S1T24K5-FB12-b5.design_scores.json	a3de3ea05efa62cd146854afb5c630564f07e6913e7fee7a60a2604c76a3386c
nd-unfolding/pet/final_design/results/final/scored_s5c/S5-H2S1T24K5-FB12-b6.design_scores.json	83c1c5c30d7e4ba72dedae14d9fc8dc5056e41f6aba863e2e0daeb7138f709fb
nd-unfolding/pet/final_design/results/final/scored_s5c/S5-H2S1T24K5-FB13-b1.design_scores.json	a61dca8d60090263ff72f0e15668ae442d2b938499092783b17016b52e1462f3
nd-unfolding/pet/final_design/results/final/scored_s5c/S5-H2S1T24K5-FB13-b2.design_scores.json	7d5e5f7b1712e3fb2e8c6694a3f62a3dfb10064ca4c84c0570c5255560c136b1
nd-unfolding/pet/final_design/results/final/scored_s5c/S5-H2S1T24K5-FB13-b3.design_scores.json	8d8f2c5cd466cc9d79af74cd9bc1d8fa5d342c6e40752efb9cf02f9793333a26
nd-unfolding/pet/final_design/results/final/scored_s5c/S5-H2S1T24K5-FB13-b4.design_scores.json	da013f16a2169809f6296e067d93954feaeb0bc2a69e580c9b09f48f63a2f634
nd-unfolding/pet/final_design/results/final/scored_s5c/S5-H2S1T24K5-FB13-b5.design_scores.json	f4ac959aa2092b5829cf98f9b3716e544e9f561679b7e6a839ffafb5d0d7c47c
nd-unfolding/pet/final_design/results/final/scored_s5c/S5-H2S1T24K5-FB13-b6.design_scores.json	32777354559a812b14c624a2134270788c20a6e0290e361734f732483c024378
nd-unfolding/pet/final_design/results/final/scored_s5c/S5-H2S1T24K5-FB14-b1.design_scores.json	c6f4f1990a3ac7b9fc26b84452158a4b5ad7e66b0c704eb0cdb03e4cd7030570
nd-unfolding/pet/final_design/results/final/scored_s5c/S5-H2S1T24K5-FB14-b2.design_scores.json	bf3dc2aadbef76ba2e432c670be11d1a71d94caa78dea13441889c73a8baddb2
nd-unfolding/pet/final_design/results/final/scored_s5c/S5-H2S1T24K5-FB14-b3.design_scores.json	77a9337b16ff27f5314e2a8bd6ce49d4d613c476c734f2c2cc1c7f6e3063844b
nd-unfolding/pet/final_design/results/final/scored_s5c/S5-H2S1T24K5-FB14-b4.design_scores.json	0e7003038ac27e34589393c46e1bac35331d69479a19ea5195faa15daf74e92b
nd-unfolding/pet/final_design/results/final/scored_s5c/S5-H2S1T24K5-FB14-b5.design_scores.json	361f81eb45061f30bc263b618fc56cedeb010bab72d28011204f12f63e7f79e9
nd-unfolding/pet/final_design/results/final/scored_s5c/S5-H2S1T24K5-FB14-b6.design_scores.json	60b922ece3c0abcb74971abdbec05a03181b48157146ffc1e664c243e4fa7b58
nd-unfolding/pet/final_design/results/final/scored_s5c/S5-H2S1T24K5-FB15-b1.design_scores.json	36d73d017145c2dd3a671e226972e9c49f69c9412cee02e760b6c8cec7efe158
nd-unfolding/pet/final_design/results/final/scored_s5c/S5-H2S1T24K5-FB15-b2.design_scores.json	7e3b060d17b2e44bc9d45db13d754793d825d426e56a405ac3acb8e2605cd178
nd-unfolding/pet/final_design/results/final/scored_s5c/S5-H2S1T24K5-FB15-b3.design_scores.json	7f38c72ba9fd8e7d942a8e4cdbf92ad74e28ba6dcc4c1e1acccdbb528647fc01
nd-unfolding/pet/final_design/results/final/scored_s5c/S5-H2S1T24K5-FB15-b4.design_scores.json	7da57cf2b09b1a10bf06e5fcc32310e7d17d58416f27c67dbcb47f0a0f769d33
nd-unfolding/pet/final_design/results/final/scored_s5c/S5-H2S1T24K5-FB15-b5.design_scores.json	f5caf6df476e585b99594b16340520894e232a4e467816f6b55a5228ebde1d19
nd-unfolding/pet/final_design/results/final/scored_s5c/S5-H2S1T24K5-FB15-b6.design_scores.json	8c5880617d049de8ce82c9c868b0ef441e6b1e9b8f9a78760303e8b00075cd1e
nd-unfolding/pet/final_design/results/final/scored_s5c/S5-H2S1T24K5-FB16-b1.design_scores.json	afe006bbbdbf606a6c8871ed32edcab1edc02ddc3fb27ae6070bb7ff4155dc8c
nd-unfolding/pet/final_design/results/final/scored_s5c/S5-H2S1T24K5-FB16-b2.design_scores.json	350b064a2d9d88fc6f4835e27dc3b01b7ea1dad48bfdbb207c001dedde36956a
nd-unfolding/pet/final_design/results/final/scored_s5c/S5-H2S1T24K5-FB16-b3.design_scores.json	c181f23b1892a04f8a0c9e7e22389836056baf04559dd5d1244ae9bbf7dca9ce
nd-unfolding/pet/final_design/results/final/scored_s5c/S5-H2S1T24K5-FB16-b4.design_scores.json	223f14b7b1daf40888c3afceec244f60105fbfeac06667a2796da56f7b8014de
nd-unfolding/pet/final_design/results/final/scored_s5c/S5-H2S1T24K5-FB16-b5.design_scores.json	3cef18068d8e5d3dc43bd53d4ef4b0dc3fa48499990a02dc35e19e9be304b718
nd-unfolding/pet/final_design/results/final/scored_s5c/S5-H2S1T24K5-FB16-b6.design_scores.json	173263431f9210d6f44f589706154d2923741d572d34e0e26c1b9ff85c54fb3e
nd-unfolding/pet/final_design/results/final/scored_s5c/S5-H2S1T24K5-FB17-b1.design_scores.json	df30aa456d9cb9d66defe6e816eb8238312027132b2c3801d88de8cac8829e68
nd-unfolding/pet/final_design/results/final/scored_s5c/S5-H2S1T24K5-FB17-b2.design_scores.json	12ece4401581ce739b03cffb5d54c334770b5a4317da090ec57d0d784ad2a58c
nd-unfolding/pet/final_design/results/final/scored_s5c/S5-H2S1T24K5-FB17-b3.design_scores.json	54162c19c805a588272ab78de040f8c96b3f420dfb74b94f317d12d27f6e85ab
nd-unfolding/pet/final_design/results/final/scored_s5c/S5-H2S1T24K5-FB17-b4.design_scores.json	36157cd1a8cca1f9954de643ac845d12b5efc859e23c84a077c9da487d0b5d39
nd-unfolding/pet/final_design/results/final/scored_s5c/S5-H2S1T24K5-FB17-b5.design_scores.json	cc0597dd5ead54a34039d7d20510e59349133ee89e13f68c35bf46f0dad1ae04
nd-unfolding/pet/final_design/results/final/scored_s5c/S5-H2S1T24K5-FB17-b6.design_scores.json	956a76c7f195afa54b345d232f2512f1783951e1d06f864966857b8705b841e0
nd-unfolding/pet/final_design/results/final/scored_s5c/S5-H2S1T24K5-FB18-b1.design_scores.json	f9d55067d9c35770d8e0ad4b915411316b32320c8038a5fe6eea8c3429cef0e9
nd-unfolding/pet/final_design/results/final/scored_s5c/S5-H2S1T24K5-FB18-b2.design_scores.json	7019da0b192283a00eb6a8a4b8904e40db00b4b931f6596aa5b7aa5667f01e4f
nd-unfolding/pet/final_design/results/final/scored_s5c/S5-H2S1T24K5-FB18-b3.design_scores.json	f770ebcf1d93c97e4e983ad7b34117a63fda99db79c144fc489f5d3959951ccb
nd-unfolding/pet/final_design/results/final/scored_s5c/S5-H2S1T24K5-FB18-b4.design_scores.json	bf8310d07373d2db3d7e6ff8892b3a74bab6032f51f1214034fcf85f576551ab
nd-unfolding/pet/final_design/results/final/scored_s5c/S5-H2S1T24K5-FB18-b5.design_scores.json	47626f49064ce8cb81141e4052cb4b5d4d0e7f20d663d414ddef543950140ef6
nd-unfolding/pet/final_design/results/final/scored_s5c/S5-H2S1T24K5-FB18-b6.design_scores.json	a6a4515c97fbcd7d1cd7aa1213fbe25874282bbc414921a270c55d4fff50c1b3
nd-unfolding/pet/final_design/results/final/scored_s5c/S5-H2S1T24K5-FB19-b1.design_scores.json	0080cd91256a0510feee9184246e0b63607b741f4bcc469f13cb3ce54aba46d7
nd-unfolding/pet/final_design/results/final/scored_s5c/S5-H2S1T24K5-FB19-b2.design_scores.json	a5beba24f8582f688c7225cc70d36064556829b08a0c1a63e267d3380fa81a27
nd-unfolding/pet/final_design/results/final/scored_s5c/S5-H2S1T24K5-FB19-b3.design_scores.json	b2840184b76c42d480a11307ac9b090de911e8258b998b37ffb9129ad8008f47
nd-unfolding/pet/final_design/results/final/scored_s5c/S5-H2S1T24K5-FB19-b4.design_scores.json	264e609b0a50880c20d17e994e6eafd5d31b24c1888f7b90fa42aa47da098751
nd-unfolding/pet/final_design/results/final/scored_s5c/S5-H2S1T24K5-FB19-b5.design_scores.json	6758d4cb90c0cd0f97d52d3575594edae7ac63cca68496482f0c996b850f8fd8
nd-unfolding/pet/final_design/results/final/scored_s5c/S5-H2S1T24K5-FB19-b6.design_scores.json	2a683249bdae3866aa0038622a876630301f10650e3ef2381ed9f89855e7c277
nd-unfolding/pet/final_design/results/final/scored_s5c/S5-H2S1T24K5-FB2-b1.design_scores.json	3d422f21033d224d8f48fe90a27f03ec3c320d9fad8a58ff1e80f0c5ffda1590
nd-unfolding/pet/final_design/results/final/scored_s5c/S5-H2S1T24K5-FB2-b2.design_scores.json	cb7401fb9a1492a60921c793488715018c46c300000b9cbfd1437db9ce7ba030
nd-unfolding/pet/final_design/results/final/scored_s5c/S5-H2S1T24K5-FB2-b3.design_scores.json	b21eda8403254e8ce018cd2fc8139b8ee451d67939b7d68282d44d70bd21a433
nd-unfolding/pet/final_design/results/final/scored_s5c/S5-H2S1T24K5-FB2-b4.design_scores.json	dd77ebc57d5f782359fbbff3cc76ac90fbec86ce323067d92415fecc85e4e185
nd-unfolding/pet/final_design/results/final/scored_s5c/S5-H2S1T24K5-FB2-b5.design_scores.json	f0b0610244e1abab90aa19c3a5fc33946eccff3afd494220ed1f7cfb93465dbe
nd-unfolding/pet/final_design/results/final/scored_s5c/S5-H2S1T24K5-FB2-b6.design_scores.json	66914aa8ca19ddfdbb7b9959be36d3a59f815a93ec75412b534d0ec648d915d0
nd-unfolding/pet/final_design/results/final/scored_s5c/S5-H2S1T24K5-FB20-b1.design_scores.json	f63ddaf82d06842bf34d80148e56415dbd152befe6a0f0bd277bc22dc9e41ff2
nd-unfolding/pet/final_design/results/final/scored_s5c/S5-H2S1T24K5-FB20-b2.design_scores.json	fedfe8efc9aaec9d797a128e83209c0c48c033f518a0cbf68c18ab4c4b3b5bf1
nd-unfolding/pet/final_design/results/final/scored_s5c/S5-H2S1T24K5-FB20-b3.design_scores.json	6d7de2541a096b31df1803b28c41cee29566d1fcd5aa11fd2f973e6280979833
nd-unfolding/pet/final_design/results/final/scored_s5c/S5-H2S1T24K5-FB20-b4.design_scores.json	c7d45a4662212977a580b7221401fac5a2d13d4bd07051514c77f44c9185b814
nd-unfolding/pet/final_design/results/final/scored_s5c/S5-H2S1T24K5-FB20-b5.design_scores.json	4e56f03133792487da4443dda17b500e5af4294a6e12fbe5c625acf241830334
nd-unfolding/pet/final_design/results/final/scored_s5c/S5-H2S1T24K5-FB20-b6.design_scores.json	68796f8e86af358dce25af099bf62225d4ce74971336f42023b3caea01788b3b
nd-unfolding/pet/final_design/results/final/scored_s5c/S5-H2S1T24K5-FB21-b1.design_scores.json	c2a5013bcea39b74d70d14d1a9c05045d3e89dd1712380c71cef9571d26d74b6
nd-unfolding/pet/final_design/results/final/scored_s5c/S5-H2S1T24K5-FB21-b2.design_scores.json	81af4067cae308954ef972c3fa6128fb04350ccf466bce1dec7df3ccd94977bd
nd-unfolding/pet/final_design/results/final/scored_s5c/S5-H2S1T24K5-FB21-b3.design_scores.json	5b351634f33bd26d600b12190bce771c194164437c1996fd565188bf51f6d138
nd-unfolding/pet/final_design/results/final/scored_s5c/S5-H2S1T24K5-FB21-b4.design_scores.json	09eaea885e870d4654be68d8ad49b97b88565bc0a7bf3351b5e09153e597d566
nd-unfolding/pet/final_design/results/final/scored_s5c/S5-H2S1T24K5-FB21-b5.design_scores.json	4b9c9ebcfa065ebd5276250040904f5d0db1da06a804973e3ddabbeabbfccf7f
nd-unfolding/pet/final_design/results/final/scored_s5c/S5-H2S1T24K5-FB21-b6.design_scores.json	e903bd212092b4044603e3038481eb13d1e79502d6cdf489f8874a4bad41170e
nd-unfolding/pet/final_design/results/final/scored_s5c/S5-H2S1T24K5-FB22-b1.design_scores.json	aac36987dabb2a79b8fddbdf978f69f10441aaf111b7b63e179994972430d72b
nd-unfolding/pet/final_design/results/final/scored_s5c/S5-H2S1T24K5-FB22-b2.design_scores.json	0e283cd62c7e9862ef14f8d1ec699f3adc516459aa2799a7af3067996a5dd3a0
nd-unfolding/pet/final_design/results/final/scored_s5c/S5-H2S1T24K5-FB22-b3.design_scores.json	c30db07047e0af54e28a7d72ce73ee56ff151a939aa98bf21f52f4f2aac8c27c
nd-unfolding/pet/final_design/results/final/scored_s5c/S5-H2S1T24K5-FB22-b4.design_scores.json	8d6955d8c49ccb7afefff88ede9f9d2139e800642e1973478686110efae3f4e1
nd-unfolding/pet/final_design/results/final/scored_s5c/S5-H2S1T24K5-FB22-b5.design_scores.json	3b90b6bd9ea37356a0bf60e125846e4eb776c86ad3d70f17f7166251112604ea
nd-unfolding/pet/final_design/results/final/scored_s5c/S5-H2S1T24K5-FB22-b6.design_scores.json	3cfc7b3a1e282275f2f323a14936b1b5791a5a939ec9058f89c18bc9a8e631f0
nd-unfolding/pet/final_design/results/final/scored_s5c/S5-H2S1T24K5-FB23-b1.design_scores.json	328c31a1aeb8eb3b15aef064ca34da3b89a6de0950a5f7a05bb98f871ff922f5
nd-unfolding/pet/final_design/results/final/scored_s5c/S5-H2S1T24K5-FB23-b2.design_scores.json	a55e65cbb8a6a4793169969c9fa7feaa60c771933eb9ab27a50ec8e1730a3706
nd-unfolding/pet/final_design/results/final/scored_s5c/S5-H2S1T24K5-FB23-b3.design_scores.json	0dc3d694c7701443c02f1a10fba6f8a2422bd5504eee6b611381e96860bed6f2
nd-unfolding/pet/final_design/results/final/scored_s5c/S5-H2S1T24K5-FB23-b4.design_scores.json	b7cb30d47b906b18782e9d2c2f02161f6c0d65f791970eed0242520d2c4da340
nd-unfolding/pet/final_design/results/final/scored_s5c/S5-H2S1T24K5-FB23-b5.design_scores.json	9d8c4fa7dc47194b1c2e9899e43aef916b7846b4089963deb8a9e93f1f2d5385
nd-unfolding/pet/final_design/results/final/scored_s5c/S5-H2S1T24K5-FB23-b6.design_scores.json	4aee2fbf8737f5d650e0b11243b3155f986846cfa039d6c95c5029acf1b29427
nd-unfolding/pet/final_design/results/final/scored_s5c/S5-H2S1T24K5-FB24-b1.design_scores.json	7af7ddada9652f47697e605543ca12f410fd6913b594f41591db435f9170b800
nd-unfolding/pet/final_design/results/final/scored_s5c/S5-H2S1T24K5-FB24-b2.design_scores.json	2ee154b04905ec96b829ba268ad22d2e2b89b8b1f1d8eeb82c7925abda7aeb20
nd-unfolding/pet/final_design/results/final/scored_s5c/S5-H2S1T24K5-FB24-b3.design_scores.json	882bd010aa54484c36d14c30ce883fbe18ec995947d0f864d74c5299da65c19b
nd-unfolding/pet/final_design/results/final/scored_s5c/S5-H2S1T24K5-FB24-b4.design_scores.json	ea6046101b79dc29bb9bbf5a775a5226281d5dba2d25abc486130d76b80f9772
nd-unfolding/pet/final_design/results/final/scored_s5c/S5-H2S1T24K5-FB24-b5.design_scores.json	8acd538a2a36b77409498342f5dd38e3a195044b32a68b846fa99044ace9f134
nd-unfolding/pet/final_design/results/final/scored_s5c/S5-H2S1T24K5-FB24-b6.design_scores.json	4c9315808bbcdf393015c7ca2f0c1a811169897fcdc723624a404650a2f2a3d9
nd-unfolding/pet/final_design/results/final/scored_s5c/S5-H2S1T24K5-FB25-b1.design_scores.json	900140f6a5e54474a51f89d7e8f5efd8abc51bf4c8821d20be46f41bb94874a7
nd-unfolding/pet/final_design/results/final/scored_s5c/S5-H2S1T24K5-FB25-b2.design_scores.json	d1d9b17f85851d4411dd69bebf5b6f1d5e3b564ead99141411a8248a176e4328
nd-unfolding/pet/final_design/results/final/scored_s5c/S5-H2S1T24K5-FB25-b3.design_scores.json	e353eed5c54311667c4b883c09cf2d4b22f0a1dfdd03105bccb778d66a6671ee
nd-unfolding/pet/final_design/results/final/scored_s5c/S5-H2S1T24K5-FB25-b4.design_scores.json	bfe87d3858477b9e69865e910b0fd2d7c66a4618fa6d51b8a5669cc973a4a32f
nd-unfolding/pet/final_design/results/final/scored_s5c/S5-H2S1T24K5-FB25-b5.design_scores.json	a8fff2e1803f16160319ff6c3d391114f34b8b3090b1204c1606f5b20222b552
nd-unfolding/pet/final_design/results/final/scored_s5c/S5-H2S1T24K5-FB25-b6.design_scores.json	1b2a0afe2d433e0a28aca96e2374eaaae56b5617d63a56b66545816ddc4e44fa
nd-unfolding/pet/final_design/results/final/scored_s5c/S5-H2S1T24K5-FB26-b1.design_scores.json	994f29187c11a55e8afbe1a040b557db2280078d2017f706c387362be317f7d9
nd-unfolding/pet/final_design/results/final/scored_s5c/S5-H2S1T24K5-FB26-b2.design_scores.json	111fa094e29e3a3d019eaff659f51dd5487e9ab6c8d4ef50afc009419f1e445c
nd-unfolding/pet/final_design/results/final/scored_s5c/S5-H2S1T24K5-FB26-b3.design_scores.json	f88f25ee1f88f707e47497af39593b3bbf0ede20c86b8fde8eedcc1de05ca690
nd-unfolding/pet/final_design/results/final/scored_s5c/S5-H2S1T24K5-FB26-b4.design_scores.json	bc13af578b2653795177f722da568b6ee553b45b9d560dd842ec7e1d4545c91d
nd-unfolding/pet/final_design/results/final/scored_s5c/S5-H2S1T24K5-FB26-b5.design_scores.json	2565f933f008dd9b65e7b5fa34dd179ff7b4edb92654a6cf19ae36fbc4877b8a
nd-unfolding/pet/final_design/results/final/scored_s5c/S5-H2S1T24K5-FB26-b6.design_scores.json	6b69f9dcb3a0c9ac4f4a2ae33cfd5e044a41d6ad9fdd06b36319e29473a8f48b
nd-unfolding/pet/final_design/results/final/scored_s5c/S5-H2S1T24K5-FB27-b1.design_scores.json	ca83ae3fedeecedfa39bc3c938f15413ced8f8ee1256244556af05c9dc3f437f
nd-unfolding/pet/final_design/results/final/scored_s5c/S5-H2S1T24K5-FB27-b2.design_scores.json	a35fbe302d734fa8a006d3b4f191e53dd44c85ac17d189b305c9c4c75d692bf1
nd-unfolding/pet/final_design/results/final/scored_s5c/S5-H2S1T24K5-FB27-b3.design_scores.json	0ae2c9f98a8a1abc9e289ed7c86a04493bd10e7ecb6dfdd1bce0b05e623a3d21
nd-unfolding/pet/final_design/results/final/scored_s5c/S5-H2S1T24K5-FB27-b4.design_scores.json	4a4b6617bf08b0433038aeb5ade37c060d2d0e7825cb5ff63b5880595a68593a
nd-unfolding/pet/final_design/results/final/scored_s5c/S5-H2S1T24K5-FB27-b5.design_scores.json	1fb14cc5ce86cc713b18a69f7070cd428ee2fa9e65e8dd9832bd30e94c16501c
nd-unfolding/pet/final_design/results/final/scored_s5c/S5-H2S1T24K5-FB27-b6.design_scores.json	db05efadc2825cbb054bf351a218220698d65d8170da6cae37b80b82a49b81f7
nd-unfolding/pet/final_design/results/final/scored_s5c/S5-H2S1T24K5-FB28-b1.design_scores.json	5024bfcf5ba091a220d8316a6e885d9c7db5c1f4a2ce00e4ec48010f86a967be
nd-unfolding/pet/final_design/results/final/scored_s5c/S5-H2S1T24K5-FB28-b2.design_scores.json	55138bc3bd5dc929a2c8fe0dd18645ec34077b8dfd059b5535b6e530ecbe0d24
nd-unfolding/pet/final_design/results/final/scored_s5c/S5-H2S1T24K5-FB28-b3.design_scores.json	69c10ea5fd990ea141a3177132f22c6f6d51f04b7237c3b4a907c45f60522f4c
nd-unfolding/pet/final_design/results/final/scored_s5c/S5-H2S1T24K5-FB28-b4.design_scores.json	75480ad8daef9453f42ce9a76fb1d5c83773662659fc0ab1ba3cc1f50aacdfe3
nd-unfolding/pet/final_design/results/final/scored_s5c/S5-H2S1T24K5-FB28-b5.design_scores.json	9648305348bf4c8538e4a9295944ac163b9707352836a3475a1c2c6fa91e1900
nd-unfolding/pet/final_design/results/final/scored_s5c/S5-H2S1T24K5-FB28-b6.design_scores.json	1c333b3da5b77d499754a6329a079080eb580cfcccaef0dd810541e50f018b7a
nd-unfolding/pet/final_design/results/final/scored_s5c/S5-H2S1T24K5-FB29-b1.design_scores.json	64c96db6a866a54d2c7fd0a058483935cb7f1f39d4f164935c552913e289b725
nd-unfolding/pet/final_design/results/final/scored_s5c/S5-H2S1T24K5-FB29-b2.design_scores.json	dc465e59220cf6038f366a40d0b4ed83996c79768f5026a1530e14d3f658a8b3
nd-unfolding/pet/final_design/results/final/scored_s5c/S5-H2S1T24K5-FB29-b3.design_scores.json	72fd396d2829e9caf9ecb8b6de21f3fc7f8f37330319c907b7982cdc362b2e96
nd-unfolding/pet/final_design/results/final/scored_s5c/S5-H2S1T24K5-FB29-b4.design_scores.json	960ce66e50c5cd77f004ef3fed476862cdcf4172dfc6886e9b2543495f2fd8dd
nd-unfolding/pet/final_design/results/final/scored_s5c/S5-H2S1T24K5-FB29-b5.design_scores.json	4d3313b40f22eb5f2790bc4aff19a98eafff2a6f800f57a48de59347f8787ca2
nd-unfolding/pet/final_design/results/final/scored_s5c/S5-H2S1T24K5-FB29-b6.design_scores.json	a3649be3c369b57acc5253aa91c1b32ac65d8a0d74517a7313147280a7d438ae
nd-unfolding/pet/final_design/results/final/scored_s5c/S5-H2S1T24K5-FB3-b1.design_scores.json	572b6273273e8179b1a10c69c242e0bb42ef9a6d3a4a0b43d8d3b0e15627c90e
nd-unfolding/pet/final_design/results/final/scored_s5c/S5-H2S1T24K5-FB3-b2.design_scores.json	2c1450ef75fec663885a329afdb7c65c33c8171a12a23ea6f7cedef2b443507e
nd-unfolding/pet/final_design/results/final/scored_s5c/S5-H2S1T24K5-FB3-b3.design_scores.json	eca48eee659c29d662e275e6173555205cda27df67104aaaff0ddd70ab5d8260
nd-unfolding/pet/final_design/results/final/scored_s5c/S5-H2S1T24K5-FB3-b4.design_scores.json	5b68b57db94dac7a982c28aa43e15eaa8236b2cf94342ef1d014143749dee434
nd-unfolding/pet/final_design/results/final/scored_s5c/S5-H2S1T24K5-FB3-b5.design_scores.json	fb781c4e9ab23181fdf6adfbf7ba7f299d4352f5373b845c35ad73967473e579
nd-unfolding/pet/final_design/results/final/scored_s5c/S5-H2S1T24K5-FB3-b6.design_scores.json	caf7564b5aee6fe7f064384cfe14bddf2540b0b42891bc7aa8f8c7e5920da710
nd-unfolding/pet/final_design/results/final/scored_s5c/S5-H2S1T24K5-FB30-b1.design_scores.json	06ebb8953fd15b0e539ce5736fe703f24b1b3992f293658211fa2f15bea8edfd
nd-unfolding/pet/final_design/results/final/scored_s5c/S5-H2S1T24K5-FB30-b2.design_scores.json	13250ff8c3bbaf6b21ded5acfce993b6bd5c6fe73b7585840e47a74be32680ff
nd-unfolding/pet/final_design/results/final/scored_s5c/S5-H2S1T24K5-FB30-b3.design_scores.json	d816116d92acf5459f23d09bd329c3e67420efe9c0eef8884870add948c30409
nd-unfolding/pet/final_design/results/final/scored_s5c/S5-H2S1T24K5-FB30-b4.design_scores.json	62e237b3b7a5c1a26e4467365a06d12096da7583d071c88b1fac8900000838cf
nd-unfolding/pet/final_design/results/final/scored_s5c/S5-H2S1T24K5-FB30-b5.design_scores.json	43715c02e263e376e006a08d7c107d4a646a2aff29f547ff518d14974635d608
nd-unfolding/pet/final_design/results/final/scored_s5c/S5-H2S1T24K5-FB30-b6.design_scores.json	c4e726ef6226e86e140487a012b28b0cfe929f8a28496f4d436d6465796d828d
nd-unfolding/pet/final_design/results/final/scored_s5c/S5-H2S1T24K5-FB31-b1.design_scores.json	2b2efd8a50f229f349cd7255a7aaad3fac668ba96639364db302337f1378b3dc
nd-unfolding/pet/final_design/results/final/scored_s5c/S5-H2S1T24K5-FB31-b2.design_scores.json	d541d15134f8723790b6e8bb469919b3f38ebc3bd53e223c66c091f87d5ba79b
nd-unfolding/pet/final_design/results/final/scored_s5c/S5-H2S1T24K5-FB31-b3.design_scores.json	eddcb95fe3d6d9e632a6d44524df5a41dc9106fc66cd374feb093fcf56d1b9a1
nd-unfolding/pet/final_design/results/final/scored_s5c/S5-H2S1T24K5-FB31-b4.design_scores.json	676b5d707f704d4fdc27dede1d959104e3e022a81faaaad4ab0fb0050b2609ce
nd-unfolding/pet/final_design/results/final/scored_s5c/S5-H2S1T24K5-FB31-b5.design_scores.json	73ee12018aa3b6066d96d2eeccb91064a5628edc26cd16cc44b4bcd4781e3f5a
nd-unfolding/pet/final_design/results/final/scored_s5c/S5-H2S1T24K5-FB31-b6.design_scores.json	5f0ec6155f6f6e32106bb0ca2bea0dd6ed6a53ddb08730f599aee831cc36bf76
nd-unfolding/pet/final_design/results/final/scored_s5c/S5-H2S1T24K5-FB32-b1.design_scores.json	9acc10b2394abf7d20e431df974a1cbdc768912210ce769d77e104ff4a8a9099
nd-unfolding/pet/final_design/results/final/scored_s5c/S5-H2S1T24K5-FB32-b2.design_scores.json	6486ec0a8a9e336d9747a27985df20279da86d838f0cd252ef6961a32dbaf601
nd-unfolding/pet/final_design/results/final/scored_s5c/S5-H2S1T24K5-FB32-b3.design_scores.json	aaf0c2f022cf22150afda578fb28577bf61df5db72f6e22f0b546b4122493e6f
nd-unfolding/pet/final_design/results/final/scored_s5c/S5-H2S1T24K5-FB32-b4.design_scores.json	c6afae252948da3f9cc783842e931014a730d9d77de8687fea7895c3b25c0d83
nd-unfolding/pet/final_design/results/final/scored_s5c/S5-H2S1T24K5-FB32-b5.design_scores.json	a083ea8899fd97cf74bd9978c8c6b25cbee4ee739784d183caed6f070015be69
nd-unfolding/pet/final_design/results/final/scored_s5c/S5-H2S1T24K5-FB32-b6.design_scores.json	e7f3bba0c5da6ad841e3430717cf8a3d049d55230546c43ba8b80428c049ee96
nd-unfolding/pet/final_design/results/final/scored_s5c/S5-H2S1T24K5-FB33-b1.design_scores.json	a5f3d5f869f965d5ae8deebd6048da794375953a66d9a6cccfbca4d6004f71b8
nd-unfolding/pet/final_design/results/final/scored_s5c/S5-H2S1T24K5-FB33-b2.design_scores.json	14eff25df5e991410376554482d2b5b4bd86af37c783965ab36abec10cc6062d
nd-unfolding/pet/final_design/results/final/scored_s5c/S5-H2S1T24K5-FB33-b3.design_scores.json	3b3037c4dfa3e40091bb304b8b1b4af852e2f791c54354ea71576d84b79ccc2d
nd-unfolding/pet/final_design/results/final/scored_s5c/S5-H2S1T24K5-FB33-b4.design_scores.json	7530b39c48d9b54314a11c1d221034b4093ba16ee2d815c99d3c57fe9390b6c7
nd-unfolding/pet/final_design/results/final/scored_s5c/S5-H2S1T24K5-FB33-b5.design_scores.json	87574093f2a626612339797b22a63982e0bc671be37a03b5895867a122ed1a1e
nd-unfolding/pet/final_design/results/final/scored_s5c/S5-H2S1T24K5-FB33-b6.design_scores.json	6011b6291233a9a5a9c565b61d022a4b977cfc02463827b601333458dec01d75
nd-unfolding/pet/final_design/results/final/scored_s5c/S5-H2S1T24K5-FB34-b1.design_scores.json	66742a799773592b55f7ed52ece78d03191745fea4417fd5f0d070c603bcf623
nd-unfolding/pet/final_design/results/final/scored_s5c/S5-H2S1T24K5-FB34-b2.design_scores.json	a9924c8d84b34837ce9884b0c71dd43d989c3ad486c4397afd26a52ceb1cbbc1
nd-unfolding/pet/final_design/results/final/scored_s5c/S5-H2S1T24K5-FB34-b3.design_scores.json	ed0dbbf7db52153949638ded15a7d2594cfb9c13a30ad9a83d3911eb0b4071f3
nd-unfolding/pet/final_design/results/final/scored_s5c/S5-H2S1T24K5-FB34-b4.design_scores.json	12b17cf1735a1dd6118207fdb9d78bf9acc901076ae0665950f4f48953546dc8
nd-unfolding/pet/final_design/results/final/scored_s5c/S5-H2S1T24K5-FB34-b5.design_scores.json	77362b9a685f4c1ec3ef13689dcce993f1b75d742a16fa6af4b1864c8886fb05
nd-unfolding/pet/final_design/results/final/scored_s5c/S5-H2S1T24K5-FB34-b6.design_scores.json	db2df23cf0882cec168a2820031a8c93e3fa7a94c051c8477092ed70161f040f
nd-unfolding/pet/final_design/results/final/scored_s5c/S5-H2S1T24K5-FB35-b1.design_scores.json	f16e122ef4e87e50dfdc24428f87634ad275f83cf46f60cd1ba32b2434740d46
nd-unfolding/pet/final_design/results/final/scored_s5c/S5-H2S1T24K5-FB35-b2.design_scores.json	44cd0e9200bc650da37de1bf193758b82a6060e613ccfdae8863ab4a98aa157e
nd-unfolding/pet/final_design/results/final/scored_s5c/S5-H2S1T24K5-FB35-b3.design_scores.json	28f155f679d9839f41739ce3b0e69ffaf5514df089cde404f681adc751c14bb0
nd-unfolding/pet/final_design/results/final/scored_s5c/S5-H2S1T24K5-FB35-b4.design_scores.json	3cc8d24c22625566e645460367447f4a6542086dea9d79aaaeb09d58359c29a1
nd-unfolding/pet/final_design/results/final/scored_s5c/S5-H2S1T24K5-FB35-b5.design_scores.json	f501040653b2873e4cfe444e8f5a92078f585f763a0ba6d5daef7507ac6058b3
nd-unfolding/pet/final_design/results/final/scored_s5c/S5-H2S1T24K5-FB35-b6.design_scores.json	066ea4d17a08cebe6e79f8a47eb08d5bcc007bf374346d8eaf1fcccd56620e23
nd-unfolding/pet/final_design/results/final/scored_s5c/S5-H2S1T24K5-FB36-b1.design_scores.json	358cf9dfcbc285aeec0a34e31b016417cc3d1c698deb3c04bef9880255b8606d
nd-unfolding/pet/final_design/results/final/scored_s5c/S5-H2S1T24K5-FB36-b2.design_scores.json	95a0ce858f904c99a76da5829af6da6d381a38e9bc455c37bf2ac77275d95805
nd-unfolding/pet/final_design/results/final/scored_s5c/S5-H2S1T24K5-FB36-b3.design_scores.json	1b27fb153417581a79f7c5c71caac4b80ac1894f4a638ee75fa584f8dae3aefa
nd-unfolding/pet/final_design/results/final/scored_s5c/S5-H2S1T24K5-FB36-b4.design_scores.json	2f4b03881d7a1387e032981898c19f8742fd9125d3da202d99dcc4a91f7fd12f
nd-unfolding/pet/final_design/results/final/scored_s5c/S5-H2S1T24K5-FB36-b5.design_scores.json	25f6803a8bd7eafd6a9b10180c439da02855a039a48ea784e18064dfdacaf511
nd-unfolding/pet/final_design/results/final/scored_s5c/S5-H2S1T24K5-FB36-b6.design_scores.json	39bc4e4bc47624f8eda27d184202bf96f4ce9d385193f666cc9ea91bb80aa5d5
nd-unfolding/pet/final_design/results/final/scored_s5c/S5-H2S1T24K5-FB37-b1.design_scores.json	c9c95aa076e9d76412dc4f333f70143601f78972ffb742cf016855967f3edbec
nd-unfolding/pet/final_design/results/final/scored_s5c/S5-H2S1T24K5-FB37-b2.design_scores.json	c4ea33ce60f83e4f8b66a37dff3c449102f6661699aed4dccd1db30b55af4661
nd-unfolding/pet/final_design/results/final/scored_s5c/S5-H2S1T24K5-FB37-b3.design_scores.json	ae4296b1f391623f1b0bf0568c36a4de824d57d7eef0641e18c3756e45239cc0
nd-unfolding/pet/final_design/results/final/scored_s5c/S5-H2S1T24K5-FB37-b4.design_scores.json	85dae48983a7bff124638f29e52abaa7cb68290084dc8d9dc0ce8d12aa005ecf
nd-unfolding/pet/final_design/results/final/scored_s5c/S5-H2S1T24K5-FB37-b5.design_scores.json	844f8113cd1d54cfa943483c924be86acca30e922d59a38fd4270b4945f25b94
nd-unfolding/pet/final_design/results/final/scored_s5c/S5-H2S1T24K5-FB37-b6.design_scores.json	364bbbfdc65477bbded39672ca27a824a73bf3abd2c1af4297e7c37507a1e685
nd-unfolding/pet/final_design/results/final/scored_s5c/S5-H2S1T24K5-FB38-b1.design_scores.json	10b6b31f810dc344ba921a739f6c83031070ea75da518cc44a8cc0b0767f0910
nd-unfolding/pet/final_design/results/final/scored_s5c/S5-H2S1T24K5-FB38-b2.design_scores.json	b4052a2c0135adfeb60bfe549db63f92d3f46783315635f139aaf6af9654b9a1
nd-unfolding/pet/final_design/results/final/scored_s5c/S5-H2S1T24K5-FB38-b3.design_scores.json	aa681d028f6f6d27842cf3a6c6c0a4835c35716e57f96ecaa725e07cdb5eb142
nd-unfolding/pet/final_design/results/final/scored_s5c/S5-H2S1T24K5-FB38-b4.design_scores.json	84c79bd4ccf7e256ec2d8298d487d2d23588cc440880a7f7b06cf0c72115cc6d
nd-unfolding/pet/final_design/results/final/scored_s5c/S5-H2S1T24K5-FB38-b5.design_scores.json	40509753cc5d7d9866f0ec414814bdf17d0efce47302291991b881bc09e53e9c
nd-unfolding/pet/final_design/results/final/scored_s5c/S5-H2S1T24K5-FB38-b6.design_scores.json	d98a434ea302213664ef60632d37ae441da8a90519abe046e2f5d1a4c348fb56
nd-unfolding/pet/final_design/results/final/scored_s5c/S5-H2S1T24K5-FB39-b1.design_scores.json	ffc441bfab4a7ea9af03a1ca02350baf355e686693153d4616efed2804f888c5
nd-unfolding/pet/final_design/results/final/scored_s5c/S5-H2S1T24K5-FB39-b2.design_scores.json	fc17729bcff90adfd61f809d3db495d7f0d3ea9986ae43b49f78b95e66f9d612
nd-unfolding/pet/final_design/results/final/scored_s5c/S5-H2S1T24K5-FB39-b3.design_scores.json	114446204eb983ac30d8272afc50ceb0f6ab2544dc6b0c4dfb18319a3166c1ce
nd-unfolding/pet/final_design/results/final/scored_s5c/S5-H2S1T24K5-FB39-b4.design_scores.json	5edef32053cc64004f186131e29602dccffa8e785db1e813854cead3b22e9173
nd-unfolding/pet/final_design/results/final/scored_s5c/S5-H2S1T24K5-FB39-b5.design_scores.json	81985d1047ba2854ab21b547496fc946965d9ec08a62d1cdca4190d315f234fd
nd-unfolding/pet/final_design/results/final/scored_s5c/S5-H2S1T24K5-FB39-b6.design_scores.json	d7a8e06eba5924ebefb72deea6d991561ae35351349311ce664384f9c5c1cb7b
nd-unfolding/pet/final_design/results/final/scored_s5c/S5-H2S1T24K5-FB4-b1.design_scores.json	4aff6ca6b53cd3f79520bc7c17bb81eb97e6de0869514b223fb65af5998a6d85
nd-unfolding/pet/final_design/results/final/scored_s5c/S5-H2S1T24K5-FB4-b2.design_scores.json	c230d26841cf81f6a3de05a9dd2d06dffcc5fa41fb7c6cd12ce1a9e7083cd5fc
nd-unfolding/pet/final_design/results/final/scored_s5c/S5-H2S1T24K5-FB4-b3.design_scores.json	9877c06e97db5a128288ed5785979787ebf49939533551e2b11dad7d287080cc
nd-unfolding/pet/final_design/results/final/scored_s5c/S5-H2S1T24K5-FB4-b4.design_scores.json	beae385dfcdbdbed247309ff1f533354101eacd502b634ff2e3699ec4d9824dc
nd-unfolding/pet/final_design/results/final/scored_s5c/S5-H2S1T24K5-FB4-b5.design_scores.json	9c676d0654fec75ddc5670adc0433d87ffacf9689e0f62a288b259eceb4340a0
nd-unfolding/pet/final_design/results/final/scored_s5c/S5-H2S1T24K5-FB4-b6.design_scores.json	401cfecc80d4c849680829af18e939e3cf4c11f12afa74da9e02132b6f3f7800
nd-unfolding/pet/final_design/results/final/scored_s5c/S5-H2S1T24K5-FB40-b1.design_scores.json	ea805736e58ee6aa4da0b8c4f03b7526408e6ea64892c2cc60d5165473f50d0c
nd-unfolding/pet/final_design/results/final/scored_s5c/S5-H2S1T24K5-FB40-b2.design_scores.json	2570f848269c16a65db880320d91ced39829b2223be49dfb4216d9716530d8d8
nd-unfolding/pet/final_design/results/final/scored_s5c/S5-H2S1T24K5-FB40-b3.design_scores.json	aa29d28d021b321283918f1fc3c3203661891395e2253d430bd93e2e56039257
nd-unfolding/pet/final_design/results/final/scored_s5c/S5-H2S1T24K5-FB40-b4.design_scores.json	1b5cfcf34f53d281f433887f606900a78cb1b552401f98cd2ead6ae7a8b6bc43
nd-unfolding/pet/final_design/results/final/scored_s5c/S5-H2S1T24K5-FB40-b5.design_scores.json	0ce5291252193d9d0cdf7102706705b1429fbe93cfd23211ec9f1859b28a1449
nd-unfolding/pet/final_design/results/final/scored_s5c/S5-H2S1T24K5-FB40-b6.design_scores.json	315035c07c518da8dd25a1e35148dc367f728afdabad86480c70f319bc18f243
nd-unfolding/pet/final_design/results/final/scored_s5c/S5-H2S1T24K5-FB41-b1.design_scores.json	365903b30b1fd487f14b6f03821ac6cd707bc09e2232a5af1e3edccde60b08a2
nd-unfolding/pet/final_design/results/final/scored_s5c/S5-H2S1T24K5-FB41-b2.design_scores.json	b4e6fa81478fb10b3646fa775fd8d616be37f60053a120d2b709b764de9ba2ab
nd-unfolding/pet/final_design/results/final/scored_s5c/S5-H2S1T24K5-FB41-b3.design_scores.json	dcdeb08ec630dd19429da1327e6f0e218817bd65e35f210e05ba91537bfe6fc0
nd-unfolding/pet/final_design/results/final/scored_s5c/S5-H2S1T24K5-FB41-b4.design_scores.json	247c9e24aa72a09ed51cbf594c56386f14f0ad494d06f6c7e2f9c76d6b0b9404
nd-unfolding/pet/final_design/results/final/scored_s5c/S5-H2S1T24K5-FB41-b5.design_scores.json	19fb842b6bdae9b3f1f6b7e8dd105832f7192f6f6fe6f934a0d8cf0bb46c8c94
nd-unfolding/pet/final_design/results/final/scored_s5c/S5-H2S1T24K5-FB41-b6.design_scores.json	57b247dee8f6e858381e9431f6d75d68b0372ec5be6383886a5e03e36897e6c1
nd-unfolding/pet/final_design/results/final/scored_s5c/S5-H2S1T24K5-FB42-b1.design_scores.json	4f2bd7309cd19506db3b5b29f4d093dacb46b8ec7acf00fdfde86f2c463a2ecc
nd-unfolding/pet/final_design/results/final/scored_s5c/S5-H2S1T24K5-FB42-b2.design_scores.json	3ffaaae2b47a22fa40b4e512ce670d94952c82bda258f036cedff4507112f59b
nd-unfolding/pet/final_design/results/final/scored_s5c/S5-H2S1T24K5-FB42-b3.design_scores.json	17b5181b1beecc404cbbd8aa6248b22a95acfe4b20a4ba6808ad1c1e2487eb3c
nd-unfolding/pet/final_design/results/final/scored_s5c/S5-H2S1T24K5-FB42-b4.design_scores.json	39ab63c163672dc57aea9f14ef95ebd387b6c489e15b5bca2a0d8371f1e0b0b2
nd-unfolding/pet/final_design/results/final/scored_s5c/S5-H2S1T24K5-FB42-b5.design_scores.json	3a81132470590001361b593e938569982d988c5b5e734560667600521fa2c0a5
nd-unfolding/pet/final_design/results/final/scored_s5c/S5-H2S1T24K5-FB42-b6.design_scores.json	c6af0a88a3b7f124084c888e4f4f229ffad3dec0e03f85c8a83e335b09670b89
nd-unfolding/pet/final_design/results/final/scored_s5c/S5-H2S1T24K5-FB43-b1.design_scores.json	55881e44215031fd4ea5341c2c24ecaedf1305e7d0bb91f41646fb44d387b4c2
nd-unfolding/pet/final_design/results/final/scored_s5c/S5-H2S1T24K5-FB43-b2.design_scores.json	bd6b25a4fc5360ed37b23524c51b780aff5cd8cd97468a5cf4429886251105e4
nd-unfolding/pet/final_design/results/final/scored_s5c/S5-H2S1T24K5-FB43-b3.design_scores.json	1f8d30a17c6930e6d275a8d6f72e15fc2776b7538e44c9c9d0eb1ccd49be20fd
nd-unfolding/pet/final_design/results/final/scored_s5c/S5-H2S1T24K5-FB43-b4.design_scores.json	78488ea33b0ad304b5a8b67caff0d3e4aa80e946bd9abbd38cac8df869006653
nd-unfolding/pet/final_design/results/final/scored_s5c/S5-H2S1T24K5-FB43-b5.design_scores.json	fed174dc3f0cc5e3c6af860d6858d662beceb05855070b3ad0ec7ec18681d20e
nd-unfolding/pet/final_design/results/final/scored_s5c/S5-H2S1T24K5-FB43-b6.design_scores.json	3126b0f6dd8b16156f27401f0ea8e42fc4f8314cbe7968fcf0c8cbee5340d428
nd-unfolding/pet/final_design/results/final/scored_s5c/S5-H2S1T24K5-FB44-b1.design_scores.json	43b0ec1d95f4d63e9ae0c1909160389ab8b6b11a5299d43df809b268c8445e70
nd-unfolding/pet/final_design/results/final/scored_s5c/S5-H2S1T24K5-FB44-b2.design_scores.json	726809783c5e7c69dc31bb1c08bc2e7f59dee23e2e4319dd6184cbd90c5fab47
nd-unfolding/pet/final_design/results/final/scored_s5c/S5-H2S1T24K5-FB44-b3.design_scores.json	3a3adf04fc41860faa098c00f878058f375714e23a2df49bcfde48fb987f9b3e
nd-unfolding/pet/final_design/results/final/scored_s5c/S5-H2S1T24K5-FB44-b4.design_scores.json	41e83d20fa9e2bcb60e342792b516500734e9eb35dd7e176e1e3783ee9574a76
nd-unfolding/pet/final_design/results/final/scored_s5c/S5-H2S1T24K5-FB44-b5.design_scores.json	84cad56b1d6325c0752f435982997c7cbc0ede3b98165269c3d96ae1a6874695
nd-unfolding/pet/final_design/results/final/scored_s5c/S5-H2S1T24K5-FB44-b6.design_scores.json	b8a0fd02905a9bdf7569c8a55c6779506beaabd1e0bb9ee5fa96dc8bf19c3996
nd-unfolding/pet/final_design/results/final/scored_s5c/S5-H2S1T24K5-FB45-b1.design_scores.json	042d996f4844fcd643f9b2146807a43b5c705369ef48753ccd03a8f09169085d
nd-unfolding/pet/final_design/results/final/scored_s5c/S5-H2S1T24K5-FB45-b2.design_scores.json	a5efd3663518bcd5f567b2b567e862fd2808913ffbcbd794a494d3e4d763b65f
nd-unfolding/pet/final_design/results/final/scored_s5c/S5-H2S1T24K5-FB45-b3.design_scores.json	394070ae5cb7ea07b82cf4142be57394b18ee6cce3632929d8e53ada5280aaa7
nd-unfolding/pet/final_design/results/final/scored_s5c/S5-H2S1T24K5-FB45-b4.design_scores.json	60d38a06219c71997b4521fc49de532a279943ba7ed24b4e0a7decd606940625
nd-unfolding/pet/final_design/results/final/scored_s5c/S5-H2S1T24K5-FB45-b5.design_scores.json	b075ec2636557f25db83fe690094f10fae5ce904c3d89b212d668a2aac93f2d7
nd-unfolding/pet/final_design/results/final/scored_s5c/S5-H2S1T24K5-FB45-b6.design_scores.json	112e17fbf182d62b9378939ab2c51b9c50032412deb77ed036e6de039aa8e48e
nd-unfolding/pet/final_design/results/final/scored_s5c/S5-H2S1T24K5-FB46-b1.design_scores.json	768a70c95bcfc9c004b6f61df34b883a7342c7aee50326f82e2effebe9b7c3ac
nd-unfolding/pet/final_design/results/final/scored_s5c/S5-H2S1T24K5-FB46-b2.design_scores.json	949f158ce9e2af4080a2c7beef050d5276b15d1406c2528a4603eafc8c0e981d
nd-unfolding/pet/final_design/results/final/scored_s5c/S5-H2S1T24K5-FB46-b3.design_scores.json	8388802ed08dcb3ca427cb89b8425d91c6b8ea57f2a78ece5a66ebeeae1230f9
nd-unfolding/pet/final_design/results/final/scored_s5c/S5-H2S1T24K5-FB46-b4.design_scores.json	3c981fd0493780bcbda1d79f3a342e966f323d44fbeaa0a01b9b3e70ea7a9e19
nd-unfolding/pet/final_design/results/final/scored_s5c/S5-H2S1T24K5-FB46-b5.design_scores.json	f072722c037668d2a4cbbfa480c1cfd81d6a8144d76414b38daf5d526b00f080
nd-unfolding/pet/final_design/results/final/scored_s5c/S5-H2S1T24K5-FB46-b6.design_scores.json	0bc0d652f872a7c8f400aefee68693e0c18581d853ccc6ea30317af6a2fd2324
nd-unfolding/pet/final_design/results/final/scored_s5c/S5-H2S1T24K5-FB47-b1.design_scores.json	7a2b2f0b22ca14cf695c0bb675946070e88482da786bc34c64ef8796ea1a39c3
nd-unfolding/pet/final_design/results/final/scored_s5c/S5-H2S1T24K5-FB47-b2.design_scores.json	75d0e738c841a5499bd50a323dd169426dcf94873dccfcb8ae35db8f80ff6474
nd-unfolding/pet/final_design/results/final/scored_s5c/S5-H2S1T24K5-FB47-b3.design_scores.json	c489a750762ee2663f0cd644603f0dd59fe0c1ca14215e2283b64d908ac669e2
nd-unfolding/pet/final_design/results/final/scored_s5c/S5-H2S1T24K5-FB47-b4.design_scores.json	314428b1e225a4a16fb961a26b363184084190fe2f84dc2942d9f13d91cb312f
nd-unfolding/pet/final_design/results/final/scored_s5c/S5-H2S1T24K5-FB47-b5.design_scores.json	8921416ca12586a6e7ab1874e1cf1d3af2587dcd59929b146fbc31ad5c117f52
nd-unfolding/pet/final_design/results/final/scored_s5c/S5-H2S1T24K5-FB47-b6.design_scores.json	f67fe34c79da10736ec81d4fb4445a877625ceaa10140c2f43c365b949fadb4f
nd-unfolding/pet/final_design/results/final/scored_s5c/S5-H2S1T24K5-FB48-b1.design_scores.json	ef4bb584deba4d137706d16690ab1b7092a16260248020cb1942047e434be4bc
nd-unfolding/pet/final_design/results/final/scored_s5c/S5-H2S1T24K5-FB48-b2.design_scores.json	b357fea1b58bfb80571cd2e2b3e89e52a0c22f0f56d7c1277b71094f4126fa73
nd-unfolding/pet/final_design/results/final/scored_s5c/S5-H2S1T24K5-FB48-b3.design_scores.json	390684267f248187880a81f4fc8add91958a2e7f5e6b0500a93bc7f97d0c54c0
nd-unfolding/pet/final_design/results/final/scored_s5c/S5-H2S1T24K5-FB48-b4.design_scores.json	4d8d01eef5d30165be7e7ae09d1a51f24f9f292a6e532b6f88a9c6c56b87122a
nd-unfolding/pet/final_design/results/final/scored_s5c/S5-H2S1T24K5-FB48-b5.design_scores.json	d27190249726072024354c766849b803076c9c867fb0147e268cd2ac970563f9
nd-unfolding/pet/final_design/results/final/scored_s5c/S5-H2S1T24K5-FB48-b6.design_scores.json	24728d051d0464d920a96b289517cdf3d4f82c97adfb2d158e00983f307a8556
nd-unfolding/pet/final_design/results/final/scored_s5c/S5-H2S1T24K5-FB49-b1.design_scores.json	bba03d68390a4e1173eb76112cbc9611a1c466546f2363c14aac150a1eb71955
nd-unfolding/pet/final_design/results/final/scored_s5c/S5-H2S1T24K5-FB49-b2.design_scores.json	99d3e34f436ceab0b125e1fb811ee30f9392e2d858c315e98f7e2da370c2a24d
nd-unfolding/pet/final_design/results/final/scored_s5c/S5-H2S1T24K5-FB49-b3.design_scores.json	d4de8c9d9a4e8e1be2e47305b407d33b01b724e8159c88d944fd0c3e55796a23
nd-unfolding/pet/final_design/results/final/scored_s5c/S5-H2S1T24K5-FB49-b4.design_scores.json	17da96b96d7b1db88ce074453e4d5efedee31ad8cbf02b14c9d86364793b2502
nd-unfolding/pet/final_design/results/final/scored_s5c/S5-H2S1T24K5-FB49-b5.design_scores.json	945b0cfacf1da0b549c671fdc3ffd7ec6637b938c1f1605b1d440ee1f862f5fa
nd-unfolding/pet/final_design/results/final/scored_s5c/S5-H2S1T24K5-FB49-b6.design_scores.json	64b46da58dfb5bae059d60c4e2d9b2afa56c1f236f6a14b1404eeed76a95ecbd
nd-unfolding/pet/final_design/results/final/scored_s5c/S5-H2S1T24K5-FB5-b1.design_scores.json	53a73935030dddd0b1365d96d2c6bdbee48679fc76ce91ea99a111655f417023
nd-unfolding/pet/final_design/results/final/scored_s5c/S5-H2S1T24K5-FB5-b2.design_scores.json	c57c13463c2763e205e818cfe878c8a7c2806d080d7dd6cdc6c2f483c7211a0e
nd-unfolding/pet/final_design/results/final/scored_s5c/S5-H2S1T24K5-FB5-b3.design_scores.json	e1c08f3daf5cdfb7a8b554087eb5af0265e1a886a0af8ad0abbe5e4ef495966b
nd-unfolding/pet/final_design/results/final/scored_s5c/S5-H2S1T24K5-FB5-b4.design_scores.json	7a78d511f828d035e1b094bd577266715a12fcb7db6a820a186f1cb04b25fd5f
nd-unfolding/pet/final_design/results/final/scored_s5c/S5-H2S1T24K5-FB5-b5.design_scores.json	c204a0c0be071372c47336471399c099813293d35d68d5e3892916ef8a29c0c7
nd-unfolding/pet/final_design/results/final/scored_s5c/S5-H2S1T24K5-FB5-b6.design_scores.json	522c100512dea3223528c157fc85c2f67f3a510875d25a809bba14bfa385c673
nd-unfolding/pet/final_design/results/final/scored_s5c/S5-H2S1T24K5-FB50-b1.design_scores.json	8f6042ccbd1a343ac73ed2d81c208f70c30f7d81f88eb2af5d5202138b60da2d
nd-unfolding/pet/final_design/results/final/scored_s5c/S5-H2S1T24K5-FB50-b2.design_scores.json	fad581c355275f7e18f5d088edc0b009efa544c882ed233c2e25f67160ec8df6
nd-unfolding/pet/final_design/results/final/scored_s5c/S5-H2S1T24K5-FB50-b3.design_scores.json	94a73b4dce651dbbe91f01b8eb15062e56b157158824ddc5af650c6a71479dfb
nd-unfolding/pet/final_design/results/final/scored_s5c/S5-H2S1T24K5-FB50-b4.design_scores.json	c48351016474e2e9aa6dc109c6e28bbb8672f7f6710ea8a6d63c5229d2b104f0
nd-unfolding/pet/final_design/results/final/scored_s5c/S5-H2S1T24K5-FB50-b5.design_scores.json	9237260f9b477aa9a1c7d3da2eaa9e45f7149e2f6cd29ea927ac3a8f0dde6c39
nd-unfolding/pet/final_design/results/final/scored_s5c/S5-H2S1T24K5-FB50-b6.design_scores.json	b0e3b5162ef59b4928286f9381f960c6ccc04718f86f5b964d7bc774247001fe
nd-unfolding/pet/final_design/results/final/scored_s5c/S5-H2S1T24K5-FB51-b1.design_scores.json	3008d521674809e5238bd4c6eb171f699511c55b61d1c7657aac0b5d99bd98ea
nd-unfolding/pet/final_design/results/final/scored_s5c/S5-H2S1T24K5-FB51-b2.design_scores.json	a518955a79290be3cb6925657b356cf6ceffe489a7628ac4d96b8fd57840c610
nd-unfolding/pet/final_design/results/final/scored_s5c/S5-H2S1T24K5-FB51-b3.design_scores.json	81991cfede6d98bacdd93371429499c0c64ca62cd8f9ced1be73f097937538a1
nd-unfolding/pet/final_design/results/final/scored_s5c/S5-H2S1T24K5-FB51-b4.design_scores.json	bbd6fbfff93ff5a79e82613ef6101c30ef24db729a9d9f72b4a39350df4fe99b
nd-unfolding/pet/final_design/results/final/scored_s5c/S5-H2S1T24K5-FB51-b5.design_scores.json	f4f2a332861fe61906a06e03ebd44a514ab2d4d91c6a934cb09d3a0bccd06d70
nd-unfolding/pet/final_design/results/final/scored_s5c/S5-H2S1T24K5-FB51-b6.design_scores.json	a7fccf5748bb3dd08aac13d62933305b109bf95eab895cd698d35f310f29cb2a
nd-unfolding/pet/final_design/results/final/scored_s5c/S5-H2S1T24K5-FB52-b1.design_scores.json	d1fd3057bf05993eb54f1eaa48fb68a4fc8b8abb14ba3f6514fa7413f9170b11
nd-unfolding/pet/final_design/results/final/scored_s5c/S5-H2S1T24K5-FB52-b2.design_scores.json	accc69b2fc011f9afe1b93da39cecd4446e144d0e554ca0168731ba68b0e0cb5
nd-unfolding/pet/final_design/results/final/scored_s5c/S5-H2S1T24K5-FB52-b3.design_scores.json	ef22cebb97c0d85caa6102c07af9237f35909684b82129c6c4660fe59634f760
nd-unfolding/pet/final_design/results/final/scored_s5c/S5-H2S1T24K5-FB52-b4.design_scores.json	ee5f9b35e09dc5420c07e641abb207ba1def99b4c7162c0ce37e0bedb9e3f345
nd-unfolding/pet/final_design/results/final/scored_s5c/S5-H2S1T24K5-FB52-b5.design_scores.json	3688c80611ed4b06fe3015417ee2df5e7a973a25f14bc31111a34b95b384c819
nd-unfolding/pet/final_design/results/final/scored_s5c/S5-H2S1T24K5-FB52-b6.design_scores.json	3a40344ce18a2187e9d1602afa83a1d7a159c167b48770d688bdd1b3cf3a7c67
nd-unfolding/pet/final_design/results/final/scored_s5c/S5-H2S1T24K5-FB53-b1.design_scores.json	8fb88e22e5c4d39db7a14a9f9ffd6e664190a4f1a3c73d26df5e1fff8f860008
nd-unfolding/pet/final_design/results/final/scored_s5c/S5-H2S1T24K5-FB53-b2.design_scores.json	f4a07c05a3254b23921033b67dc5aa451bb28564cc13978ec0f6e5ac71acaf40
nd-unfolding/pet/final_design/results/final/scored_s5c/S5-H2S1T24K5-FB53-b3.design_scores.json	e61d6cdac2c051024bdeae4d89147e9abe179cf6449c1ee8ece51268040fe459
nd-unfolding/pet/final_design/results/final/scored_s5c/S5-H2S1T24K5-FB53-b4.design_scores.json	a62d5f544a4c3f9b30ad87fab3b9aa63aaa466e88abe5e5a9ad88496ac1561a5
nd-unfolding/pet/final_design/results/final/scored_s5c/S5-H2S1T24K5-FB53-b5.design_scores.json	803ddd8de993e1a25617b68681a2936391cd7caa71d3e4c0deaed2cd7cef7048
nd-unfolding/pet/final_design/results/final/scored_s5c/S5-H2S1T24K5-FB53-b6.design_scores.json	59c30d0c5fa05ddafc4edcc4b80ba208619215c157f74430ac3899519399ccc6
nd-unfolding/pet/final_design/results/final/scored_s5c/S5-H2S1T24K5-FB54-b1.design_scores.json	541b7fbd11f90a18882802c08dd1daca282d0ead39df5f3fa6ba187fd3e3e065
nd-unfolding/pet/final_design/results/final/scored_s5c/S5-H2S1T24K5-FB54-b2.design_scores.json	48effa0e5686eb6ce73a3c1451fd98801cd57559ea959268fca1d9d213f1b545
nd-unfolding/pet/final_design/results/final/scored_s5c/S5-H2S1T24K5-FB54-b3.design_scores.json	d7472b22888a860aaea5f1db601f223635120863f27f32a0592b29eb10ff7738
nd-unfolding/pet/final_design/results/final/scored_s5c/S5-H2S1T24K5-FB54-b4.design_scores.json	71e902b8602e4ca6091f6374f7e83ac279e7d8bcc887fcaef78b13cdf609d973
nd-unfolding/pet/final_design/results/final/scored_s5c/S5-H2S1T24K5-FB54-b5.design_scores.json	5105a0200d085994e0bbe08389fa2fa948ce3a9b9efa42c1a8bfd5daa2e0d73d
nd-unfolding/pet/final_design/results/final/scored_s5c/S5-H2S1T24K5-FB54-b6.design_scores.json	010eaa887f83b9651a03f989683ecaec6b25005bb94d8ccdbc219e2197583ddb
nd-unfolding/pet/final_design/results/final/scored_s5c/S5-H2S1T24K5-FB55-b1.design_scores.json	84c0ca6d4bb0f49253c9ebd4388ea4034394be570c37b92acc29252a3163df3a
nd-unfolding/pet/final_design/results/final/scored_s5c/S5-H2S1T24K5-FB55-b2.design_scores.json	44bbd6cdd3f3c2195d8955fec1ea93ee5878963660f934d00310b54c80deff47
nd-unfolding/pet/final_design/results/final/scored_s5c/S5-H2S1T24K5-FB55-b3.design_scores.json	31f16217a8dacf877bf15997074b74981172834080f0b5c2c5e12bdffc6cd9a2
nd-unfolding/pet/final_design/results/final/scored_s5c/S5-H2S1T24K5-FB55-b4.design_scores.json	123d0dd4ca379ee8b27d0b3d094579a94f52d38766a00a72af50b4b859f667d6
nd-unfolding/pet/final_design/results/final/scored_s5c/S5-H2S1T24K5-FB55-b5.design_scores.json	651e51182e66294880ec57571135dbbcc5a005aff56a7023308bdbe25acca43c
nd-unfolding/pet/final_design/results/final/scored_s5c/S5-H2S1T24K5-FB55-b6.design_scores.json	7f9c8f7b353c94ca1bce3173ebc9a50cf46057bfb72a55d69abcee5ecd68f883
nd-unfolding/pet/final_design/results/final/scored_s5c/S5-H2S1T24K5-FB56-b1.design_scores.json	48ea7f8c6844bc077761cbc14742956ff6afd6c9015d10aa133e5e4214327fe0
nd-unfolding/pet/final_design/results/final/scored_s5c/S5-H2S1T24K5-FB56-b2.design_scores.json	3f1ee4b14a058dbcd3220c41c7443ebe222d3281fa333fcdb009a80c3e7fb773
nd-unfolding/pet/final_design/results/final/scored_s5c/S5-H2S1T24K5-FB56-b3.design_scores.json	a5ef6c6f3216aac0928d171b1ad2e1b1662b2283bdbcd90e11cd3e98e77b7379
nd-unfolding/pet/final_design/results/final/scored_s5c/S5-H2S1T24K5-FB56-b4.design_scores.json	9fa5d6c56cf4b79e67dde2368e4704a0267aa62fe6ed04bf41f2ff1ae6a91d20
nd-unfolding/pet/final_design/results/final/scored_s5c/S5-H2S1T24K5-FB56-b5.design_scores.json	85fd072165e0737aea9f2165085cc43f962e1d4525c608b1e95c0d2dfe15a0d2
nd-unfolding/pet/final_design/results/final/scored_s5c/S5-H2S1T24K5-FB56-b6.design_scores.json	538a9712021735818911dbffdf439d83636f3b936adc4396e9c739d5199ee32b
nd-unfolding/pet/final_design/results/final/scored_s5c/S5-H2S1T24K5-FB57-b1.design_scores.json	92842bfce4754dd25ee27f9eabba197c87665265af1856a8dccc100604780012
nd-unfolding/pet/final_design/results/final/scored_s5c/S5-H2S1T24K5-FB57-b2.design_scores.json	5fc998e654aed331b5698a9dca1872cc6d50238a21a1a213834aa137dde217ad
nd-unfolding/pet/final_design/results/final/scored_s5c/S5-H2S1T24K5-FB57-b3.design_scores.json	a9b8c34bb79068b74c164d128e5809cf8d17c2f41687aa198f2cc4238dd90a0c
nd-unfolding/pet/final_design/results/final/scored_s5c/S5-H2S1T24K5-FB57-b4.design_scores.json	0ac6ec042453254eb8003104d4bb672822a55c9784391b7d7ac2e3c723864fb7
nd-unfolding/pet/final_design/results/final/scored_s5c/S5-H2S1T24K5-FB57-b5.design_scores.json	c0345791eb58e7b1a415b0badf031f75a1083fb5faaa4ead5f33b9e5d3e895b5
nd-unfolding/pet/final_design/results/final/scored_s5c/S5-H2S1T24K5-FB57-b6.design_scores.json	fc9c18eaa8ee3033c7b9d6b4effdb9e08b9f7d5bab2c0d32c66d41898a7b5bc0
nd-unfolding/pet/final_design/results/final/scored_s5c/S5-H2S1T24K5-FB58-b1.design_scores.json	6a1f10af3fc86dec1d01b8e855755876336c7d075c68a99faee1fb106aec81b2
nd-unfolding/pet/final_design/results/final/scored_s5c/S5-H2S1T24K5-FB58-b2.design_scores.json	0474b55668c88590daba5e64ec16a50bb33120f641ebb9ba1a2a62191259f373
nd-unfolding/pet/final_design/results/final/scored_s5c/S5-H2S1T24K5-FB58-b3.design_scores.json	aa66427335656fd1a74dc60259d047fd3402f1eb48a2a36bafe69a0bbca43eeb
nd-unfolding/pet/final_design/results/final/scored_s5c/S5-H2S1T24K5-FB58-b4.design_scores.json	7aabd6509b233d2c4cccd2a59ad1e4ef5aae2c0822b08888aae8d73b28c7ae1d
nd-unfolding/pet/final_design/results/final/scored_s5c/S5-H2S1T24K5-FB58-b5.design_scores.json	f70959cf2e7c5291ee822200f5ba901ce077f8fcac88b5a1a27705cff73a7c19
nd-unfolding/pet/final_design/results/final/scored_s5c/S5-H2S1T24K5-FB58-b6.design_scores.json	32410ad001a1d3ddb8a241dd52f53d37c350836d6233a52ace1ca2d84014db92
nd-unfolding/pet/final_design/results/final/scored_s5c/S5-H2S1T24K5-FB59-b1.design_scores.json	ffdab0111b518849c655e19d241e09dc716003c499a23c04279457b7f998217a
nd-unfolding/pet/final_design/results/final/scored_s5c/S5-H2S1T24K5-FB59-b2.design_scores.json	5cbcabcb4a52e9c0f98c56b3a4a1ecef669b38ec3d0f5d163fa17272f294d8cc
nd-unfolding/pet/final_design/results/final/scored_s5c/S5-H2S1T24K5-FB59-b3.design_scores.json	c816627a98d11fdcd34d6f7dba5a4733216e08d753e9dc3e1788b7f53928f44e
nd-unfolding/pet/final_design/results/final/scored_s5c/S5-H2S1T24K5-FB59-b4.design_scores.json	1f6ca7eff40712df74010afe67f1a4088d5110471fa0367eb01075286447617e
nd-unfolding/pet/final_design/results/final/scored_s5c/S5-H2S1T24K5-FB59-b5.design_scores.json	fc60544a4484caf564e4cb831c271ca69d2c1338d9e30e5050927345e743ecc9
nd-unfolding/pet/final_design/results/final/scored_s5c/S5-H2S1T24K5-FB59-b6.design_scores.json	aa65d77d7c0581d5f17efef1f3835c6d559dad989f25ffb9a100e1cf100c8356
nd-unfolding/pet/final_design/results/final/scored_s5c/S5-H2S1T24K5-FB6-b1.design_scores.json	ed238ec220ffed51299974aeddb7da0690c0f8c63b1374930652e1140c13d77b
nd-unfolding/pet/final_design/results/final/scored_s5c/S5-H2S1T24K5-FB6-b2.design_scores.json	9ddbaf8f3e36c889c3c9ba27a38b8b239ff7c8a3d21bbf90029f565812a986cf
nd-unfolding/pet/final_design/results/final/scored_s5c/S5-H2S1T24K5-FB6-b3.design_scores.json	cce0d002e2d22f9045d53bd9a0b96dbff12ae91a838691acfb65c52ae37611b5
nd-unfolding/pet/final_design/results/final/scored_s5c/S5-H2S1T24K5-FB6-b4.design_scores.json	b73059e032c5668c3aa3b9cd0fe0320fe013b95f954fabade04fda2b8c1a2efa
nd-unfolding/pet/final_design/results/final/scored_s5c/S5-H2S1T24K5-FB6-b5.design_scores.json	ab688ee6b848b2ae43d19bb96fb07f1b89a521c1a0f48f7b884bebad0e555dae
nd-unfolding/pet/final_design/results/final/scored_s5c/S5-H2S1T24K5-FB6-b6.design_scores.json	f48f27a5ef9acd6458c98759f7e874268aa7e811dbfed1a0f0477637b42f332a
nd-unfolding/pet/final_design/results/final/scored_s5c/S5-H2S1T24K5-FB60-b1.design_scores.json	f7e73fffeaa3eac0fc9e724f9bfcaf339f28124b156fadc74e5b4f72e9e5c4c3
nd-unfolding/pet/final_design/results/final/scored_s5c/S5-H2S1T24K5-FB60-b2.design_scores.json	eb696dab5cf4f00f8be2ee97e9a283b17e1836aeeb7518be5d8ed5f98a851520
nd-unfolding/pet/final_design/results/final/scored_s5c/S5-H2S1T24K5-FB60-b3.design_scores.json	608b47e4a45fb56d51b8f2ef43cddb23953793e38a82adb0a06c1a5544117ba0
nd-unfolding/pet/final_design/results/final/scored_s5c/S5-H2S1T24K5-FB60-b4.design_scores.json	5f9c4b48db60221cced6e0881544c3213b43c07297dc198f442b5fd2043a71ed
nd-unfolding/pet/final_design/results/final/scored_s5c/S5-H2S1T24K5-FB60-b5.design_scores.json	1ac5435ef37c99cfcac6a984dc1bf3315e1fc76f7b4d2223a2d2a86b41528d12
nd-unfolding/pet/final_design/results/final/scored_s5c/S5-H2S1T24K5-FB60-b6.design_scores.json	71295aa1e5440236371c5af50ea9e3395971b0ff15e3d44353ca389bc2679376
nd-unfolding/pet/final_design/results/final/scored_s5c/S5-H2S1T24K5-FB61-b1.design_scores.json	bfa535773b276a27d5f792a9c77c2d5958163c07a6e28177b5e3384f4a285161
nd-unfolding/pet/final_design/results/final/scored_s5c/S5-H2S1T24K5-FB61-b2.design_scores.json	c4a36c3b471bea0e491dea78511c194d0b5a3205551693d946c17d3da4849422
nd-unfolding/pet/final_design/results/final/scored_s5c/S5-H2S1T24K5-FB61-b3.design_scores.json	9d44d2325263be21317b1011ea07646caf41b7b8a17a28a99f852fc080420e7c
nd-unfolding/pet/final_design/results/final/scored_s5c/S5-H2S1T24K5-FB61-b4.design_scores.json	d71ead7d0ae9bfc0cd85c5b6f5fd78e787b8b592ca109438e9e157c2d875b091
nd-unfolding/pet/final_design/results/final/scored_s5c/S5-H2S1T24K5-FB61-b5.design_scores.json	b104923708ebf3c6dd261291eb8ceecd02b99248c4f9f2b5209458c5a14e5ec9
nd-unfolding/pet/final_design/results/final/scored_s5c/S5-H2S1T24K5-FB61-b6.design_scores.json	72c69650e81fd0e41b7009076aab990692dce1390ecaf7e572759d8d1a26bc11
nd-unfolding/pet/final_design/results/final/scored_s5c/S5-H2S1T24K5-FB62-b1.design_scores.json	a1d7d1eee04a4ce0ae31f433e4a27ecdf335c349a9e902926f3841856abbd649
nd-unfolding/pet/final_design/results/final/scored_s5c/S5-H2S1T24K5-FB62-b2.design_scores.json	ef63c14a87ce03c83be79eb1b967302f0aafe39921e2c1dee2b73c680bb26c97
nd-unfolding/pet/final_design/results/final/scored_s5c/S5-H2S1T24K5-FB62-b3.design_scores.json	482e88715e47a441bc71ae9986e9d776994301e9c4b3955f58906465117f4b69
nd-unfolding/pet/final_design/results/final/scored_s5c/S5-H2S1T24K5-FB62-b4.design_scores.json	fd234abc8719d7697be6628b62f1cb421eb9dcf9c19458be6a723675eff8710b
nd-unfolding/pet/final_design/results/final/scored_s5c/S5-H2S1T24K5-FB62-b5.design_scores.json	241800b1dfe39d68ea3c39e9c4e7d13a20fde9225651bed69fe6a29ef75bf68e
nd-unfolding/pet/final_design/results/final/scored_s5c/S5-H2S1T24K5-FB62-b6.design_scores.json	166c4a17fcbf3cba3df4f720184bbdd1e18c522e8eede499e857293a6c478e55
nd-unfolding/pet/final_design/results/final/scored_s5c/S5-H2S1T24K5-FB63-b1.design_scores.json	d207cccfcd3833f1abe5e94ae138aacdb503b55d5d7ccb6cdc5c4cf4370c66d9
nd-unfolding/pet/final_design/results/final/scored_s5c/S5-H2S1T24K5-FB63-b2.design_scores.json	e8934ae87a843d9c4588f22b4d2f34d5a819738284a67780d6f9a035ed019319
nd-unfolding/pet/final_design/results/final/scored_s5c/S5-H2S1T24K5-FB63-b3.design_scores.json	bd95aa195a50174cb0d366b416b1bd80c18013e0656d91c50f8331aba6249bdd
nd-unfolding/pet/final_design/results/final/scored_s5c/S5-H2S1T24K5-FB63-b4.design_scores.json	76ed35308fcdb8f764c8f97505e58ad475085aacaeb3eda32b6d7158b95eecf8
nd-unfolding/pet/final_design/results/final/scored_s5c/S5-H2S1T24K5-FB63-b5.design_scores.json	a4f2168d1c56f168c9d51fc9c4ea9eb2d7ae83793885df876eaf7993bd8eef51
nd-unfolding/pet/final_design/results/final/scored_s5c/S5-H2S1T24K5-FB63-b6.design_scores.json	022e2511e13b2250579bdc31d9bf2d219a431cc1c1ba1d75f0d78807b6da95b4
nd-unfolding/pet/final_design/results/final/scored_s5c/S5-H2S1T24K5-FB64-b1.design_scores.json	a82aaf92e80b22e7fb8cdd5aa10cbc998e02e340965c6caf9077064f8f816281
nd-unfolding/pet/final_design/results/final/scored_s5c/S5-H2S1T24K5-FB64-b2.design_scores.json	8fee5838a71f36d0e0e456a4f82a36752784158dd15055d73fae3a8eb36c770f
nd-unfolding/pet/final_design/results/final/scored_s5c/S5-H2S1T24K5-FB64-b3.design_scores.json	6408d9319fd55a5cb1334cb1a77ded76d2539e174a552d107340da4c030dafe3
nd-unfolding/pet/final_design/results/final/scored_s5c/S5-H2S1T24K5-FB64-b4.design_scores.json	7080830d8aa6b94cbc839a8d0b51ca03e473cf9ff8e0c6498b9d2ddc04367911
nd-unfolding/pet/final_design/results/final/scored_s5c/S5-H2S1T24K5-FB64-b5.design_scores.json	4bbc92a4dc5b36390096004b0e0da78e0ff1d0de4a19b572cfdfe9bcf87bd07e
nd-unfolding/pet/final_design/results/final/scored_s5c/S5-H2S1T24K5-FB64-b6.design_scores.json	615395290b85b3d52ef736fabd5b196cce5a750f82ff10f7da0562e36320ad0f
nd-unfolding/pet/final_design/results/final/scored_s5c/S5-H2S1T24K5-FB65-b1.design_scores.json	35557d431b5bdf8b6c5aa11a0d7d855fbd5ede91eb1a9ee8e07b7fe500f9621a
nd-unfolding/pet/final_design/results/final/scored_s5c/S5-H2S1T24K5-FB65-b2.design_scores.json	b2c298dd8371c5089a1e32de9edd38bebcbb4f157b92ddfd9f6840faba43fc9d
nd-unfolding/pet/final_design/results/final/scored_s5c/S5-H2S1T24K5-FB65-b3.design_scores.json	7721b2e269da2577040e9ce110911c1a6329bf100990b5f8b474037bd401eb51
nd-unfolding/pet/final_design/results/final/scored_s5c/S5-H2S1T24K5-FB65-b4.design_scores.json	5afbba12d241a8af1da5f554bb5210129544b1101015f62fdfae945817ed9d4d
nd-unfolding/pet/final_design/results/final/scored_s5c/S5-H2S1T24K5-FB65-b5.design_scores.json	558fec92b3a9e4f522966de3ef740edc33e66b8f9f85007f1b970280a5d7310e
nd-unfolding/pet/final_design/results/final/scored_s5c/S5-H2S1T24K5-FB65-b6.design_scores.json	85ef7572bc318517721f8c909198f804a3bd6a9b76e0e47af5597284cfc01c95
nd-unfolding/pet/final_design/results/final/scored_s5c/S5-H2S1T24K5-FB66-b1.design_scores.json	00a4661e10862c75b324afd6874dda82500bed6be766ee0c13bb9b195063c763
nd-unfolding/pet/final_design/results/final/scored_s5c/S5-H2S1T24K5-FB66-b2.design_scores.json	f20489034787cb198fc3e64682cda02e5f260efb2d8baf6c6e652c0a2462a766
nd-unfolding/pet/final_design/results/final/scored_s5c/S5-H2S1T24K5-FB66-b3.design_scores.json	4eb1ad61ed925dfc9d84335483551e4c79146b07307f5898ebfa77aa4be8014d
nd-unfolding/pet/final_design/results/final/scored_s5c/S5-H2S1T24K5-FB66-b4.design_scores.json	d7a5dbde051f6f5e1ca8306bab78a4cf8a93f876d6231c930cc15b1f4561ad87
nd-unfolding/pet/final_design/results/final/scored_s5c/S5-H2S1T24K5-FB66-b5.design_scores.json	5df1d97f639d34c2795973a1929cfb16d5609721e9c8984bfa296e81e9072a6d
nd-unfolding/pet/final_design/results/final/scored_s5c/S5-H2S1T24K5-FB66-b6.design_scores.json	9bf6fa5785c60eb59efa104f2a548e4c85cc6812c96e8da10947ff874a1422bc
nd-unfolding/pet/final_design/results/final/scored_s5c/S5-H2S1T24K5-FB67-b1.design_scores.json	3942fe32ea1e4753e87c60e1500dd78edba7be0d85d53524c973c7ef944c4e39
nd-unfolding/pet/final_design/results/final/scored_s5c/S5-H2S1T24K5-FB67-b2.design_scores.json	7d9b795e7a8d1e079682d9970b13a5c8d74a6888c91179202703b1963c0002b2
nd-unfolding/pet/final_design/results/final/scored_s5c/S5-H2S1T24K5-FB67-b3.design_scores.json	89a4726fd8713af45bdad94daacccc6b9fd4e89946751c945cb15b1e81234360
nd-unfolding/pet/final_design/results/final/scored_s5c/S5-H2S1T24K5-FB67-b4.design_scores.json	531f8898821492c6d42e2437d781940fb4ba6031fc7e942f13f73c9179b89894
nd-unfolding/pet/final_design/results/final/scored_s5c/S5-H2S1T24K5-FB67-b5.design_scores.json	a0b377bd585be1b4d7cf150c0377e4505bdfe6c24a69feb12ec935af8a82b327
nd-unfolding/pet/final_design/results/final/scored_s5c/S5-H2S1T24K5-FB67-b6.design_scores.json	6b7fcf0bca8156dbd426e00dc6ac5b935b5b1328f6fdfbd936aba6c9994bd6c3
nd-unfolding/pet/final_design/results/final/scored_s5c/S5-H2S1T24K5-FB68-b1.design_scores.json	f21324e11c544f58384663b970376a39a278baa3e6d469d5aa3adc81148433c5
nd-unfolding/pet/final_design/results/final/scored_s5c/S5-H2S1T24K5-FB68-b2.design_scores.json	53a7e0d24c06d16e89f850509c8e24fbbc44480c4b18ce32b7cd94430efef881
nd-unfolding/pet/final_design/results/final/scored_s5c/S5-H2S1T24K5-FB68-b3.design_scores.json	7cfd8e378ddb9a36ea9bb77019fe4d895353891289a1f957b1ed269be120c628
nd-unfolding/pet/final_design/results/final/scored_s5c/S5-H2S1T24K5-FB68-b4.design_scores.json	e8f0a79da36badaa8c78ab561e142e51f76c5c263cd85a5200f165258bb8562b
nd-unfolding/pet/final_design/results/final/scored_s5c/S5-H2S1T24K5-FB68-b5.design_scores.json	607dea2e2c95c11d59db0e810a8de26060b0515be7116725ee4257bea9831ddd
nd-unfolding/pet/final_design/results/final/scored_s5c/S5-H2S1T24K5-FB68-b6.design_scores.json	8722bd71ee74938b67288d8ada0021ab6b4f20342e87127a80772ed2df840dd1
nd-unfolding/pet/final_design/results/final/scored_s5c/S5-H2S1T24K5-FB69-b1.design_scores.json	75fce32692d66e5057f14e6a6d8f09837ddcc5c12743ba74c39fe17b7daa7f1e
nd-unfolding/pet/final_design/results/final/scored_s5c/S5-H2S1T24K5-FB69-b2.design_scores.json	d47b567cc5272c5787590456ebbb6d2d215adebdfde888bfdd7b2c55a84771d8
nd-unfolding/pet/final_design/results/final/scored_s5c/S5-H2S1T24K5-FB69-b3.design_scores.json	08c696653d05698651c2c2eb95c2ce1a19ec2a771b5cd0bb9c89152abfbd325f
nd-unfolding/pet/final_design/results/final/scored_s5c/S5-H2S1T24K5-FB69-b4.design_scores.json	04470e211ad81c9389b70c6f56c533ea0923190b21313989a770f669a49b68d9
nd-unfolding/pet/final_design/results/final/scored_s5c/S5-H2S1T24K5-FB69-b5.design_scores.json	f6a1c0eb29ec0fb4248bc1712da6a852ec958ec3337c38317d4c86617f897076
nd-unfolding/pet/final_design/results/final/scored_s5c/S5-H2S1T24K5-FB69-b6.design_scores.json	2a1048b7f4d57457c4ac8d99b9dcb96686d705b7950b8f9f2a446d2146737681
nd-unfolding/pet/final_design/results/final/scored_s5c/S5-H2S1T24K5-FB7-b1.design_scores.json	b1486220caa23956be66791fd259bcd138314c19c8c063700dc341dcc2f058a5
nd-unfolding/pet/final_design/results/final/scored_s5c/S5-H2S1T24K5-FB7-b2.design_scores.json	1b25dbab67e5801fbfcdd44bcd72071a26a4729aba42bff88aaf2f2d92b10d89
nd-unfolding/pet/final_design/results/final/scored_s5c/S5-H2S1T24K5-FB7-b3.design_scores.json	0787543da78286facab4cef7607605fc1f6ac2df202b9a0631853ae46353a00a
nd-unfolding/pet/final_design/results/final/scored_s5c/S5-H2S1T24K5-FB7-b4.design_scores.json	d7f497329a3e5765829277c63046dac2c1232ebaf04a6c809cfb911ae7328c5a
nd-unfolding/pet/final_design/results/final/scored_s5c/S5-H2S1T24K5-FB7-b5.design_scores.json	92b1980dfd109d3a943b69a2ff13b2a4b44b4ba1a0c9f472e53570968d3b09f8
nd-unfolding/pet/final_design/results/final/scored_s5c/S5-H2S1T24K5-FB7-b6.design_scores.json	3c5b9e399745a1bfb8a3409d29dc4c213dae85f02a0e7a79d484a3de3f6b79ab
nd-unfolding/pet/final_design/results/final/scored_s5c/S5-H2S1T24K5-FB70-b1.design_scores.json	e1d3df396cf26d7fd6c46d4ec7c17fcdf21a96ddae620fbfd99c9ba6977d1147
nd-unfolding/pet/final_design/results/final/scored_s5c/S5-H2S1T24K5-FB70-b2.design_scores.json	cf1a84800dc9cf7d1e543f449d6530a24514e8009a104fdf9f7e3b35ef0f4d32
nd-unfolding/pet/final_design/results/final/scored_s5c/S5-H2S1T24K5-FB70-b3.design_scores.json	814146eee1187bfa7b4ca7493c6459d393a04d23f9a9b4eef91e5f41f0f83191
nd-unfolding/pet/final_design/results/final/scored_s5c/S5-H2S1T24K5-FB70-b4.design_scores.json	70391d907f65c5be64369e13b3ed208b83c63893af79e6ba23c3f41706743afa
nd-unfolding/pet/final_design/results/final/scored_s5c/S5-H2S1T24K5-FB70-b5.design_scores.json	a0e5ef4e811aad5ebfd0c9bdccb804d10d7d4c19fa176f4bc468e42431a337d5
nd-unfolding/pet/final_design/results/final/scored_s5c/S5-H2S1T24K5-FB70-b6.design_scores.json	7ba62f7a1d32f0d2101c83c5090b519d1539abb4c5ff8b9dc55d040a701f9a3a
nd-unfolding/pet/final_design/results/final/scored_s5c/S5-H2S1T24K5-FB71-b1.design_scores.json	9dda0bb4a6db83b33fcba89ccb2d829759c6938d70a75b1a65d16055b5187746
nd-unfolding/pet/final_design/results/final/scored_s5c/S5-H2S1T24K5-FB71-b2.design_scores.json	6988b70ffafa4f3a51c60095ba95d234dac40714ff53a8e0e78f9274330b7785
nd-unfolding/pet/final_design/results/final/scored_s5c/S5-H2S1T24K5-FB71-b3.design_scores.json	1c1202be46b329902d72df5dccde66401b2f606ac83d8e84252faa5f24cfe36a
nd-unfolding/pet/final_design/results/final/scored_s5c/S5-H2S1T24K5-FB71-b4.design_scores.json	89f522add7c12a25bf6c55a707c573866d69492412321b628f6c8864689c32de
nd-unfolding/pet/final_design/results/final/scored_s5c/S5-H2S1T24K5-FB71-b5.design_scores.json	69188cd0da3f2d41a85ae5b6ad144602ff00ff717f522d362933eee4cd31f6f4
nd-unfolding/pet/final_design/results/final/scored_s5c/S5-H2S1T24K5-FB71-b6.design_scores.json	ea16362a6a64eb04479238777f43bffb226a738ad1f899b4a136a8e2d7f301ed
nd-unfolding/pet/final_design/results/final/scored_s5c/S5-H2S1T24K5-FB72-b1.design_scores.json	d187342bd98a89d498f2e309b76bb6a7e9925e6f607a9e6b7a1b32ed336f331c
nd-unfolding/pet/final_design/results/final/scored_s5c/S5-H2S1T24K5-FB72-b2.design_scores.json	5bb2cda7c35340e574248d9be4c8ec22e954158885b0c1e584b57dfd50179826
nd-unfolding/pet/final_design/results/final/scored_s5c/S5-H2S1T24K5-FB72-b3.design_scores.json	2cbbedff00b89b9e831d9544a4b930efa755d957c0865d9ada47af66f272de71
nd-unfolding/pet/final_design/results/final/scored_s5c/S5-H2S1T24K5-FB72-b4.design_scores.json	edec8dbcbac6e70db8ff6dfa4d1bebb5284eda625e4e498604bab5bf174c55d2
nd-unfolding/pet/final_design/results/final/scored_s5c/S5-H2S1T24K5-FB72-b5.design_scores.json	2f9c88133c9a4566aa8f6362ff927aad3510a56a790f75a7575aa65c31f27a27
nd-unfolding/pet/final_design/results/final/scored_s5c/S5-H2S1T24K5-FB72-b6.design_scores.json	e0a2d2b590f5f93693068b8126d19d350f922393d3d9435bb74fa3aac2464d81
nd-unfolding/pet/final_design/results/final/scored_s5c/S5-H2S1T24K5-FB73-b1.design_scores.json	5a4efa354d5fc8b08d847ef93c1b908ec080c45d686d6e6e025a17c97048ebef
nd-unfolding/pet/final_design/results/final/scored_s5c/S5-H2S1T24K5-FB73-b2.design_scores.json	5fcd10bd9e6dfdbad96ebdba3dd32b613f974b5c0ae1c4b893a5d06e18650e2c
nd-unfolding/pet/final_design/results/final/scored_s5c/S5-H2S1T24K5-FB73-b3.design_scores.json	e1bc2d60fd466d3216ad3d3f0baac54c82b109dbc518e57b1855b52448dc5634
nd-unfolding/pet/final_design/results/final/scored_s5c/S5-H2S1T24K5-FB73-b4.design_scores.json	5ede8fcef6c60f4b51ab5c97ece767873cbc25bf1799e79b4f925472ccd0bc5c
nd-unfolding/pet/final_design/results/final/scored_s5c/S5-H2S1T24K5-FB73-b5.design_scores.json	014be9c5191c6b8cea8217aabc3ba86f66f43d616dfb0f0c67fbcfabf2c103f9
nd-unfolding/pet/final_design/results/final/scored_s5c/S5-H2S1T24K5-FB73-b6.design_scores.json	9c4605693beb46708712829f66116dd64a60f5598791608670ed8d7f512b6fdf
nd-unfolding/pet/final_design/results/final/scored_s5c/S5-H2S1T24K5-FB74-b1.design_scores.json	a0ff5ed81620231e8a8cad44eecca8d04fc3403fb0099f4f9068791b94718bff
nd-unfolding/pet/final_design/results/final/scored_s5c/S5-H2S1T24K5-FB74-b2.design_scores.json	9dda8922cd4bba4dbc9782d1571dd0e04b97cf21f72a929167e3a40f18041f24
nd-unfolding/pet/final_design/results/final/scored_s5c/S5-H2S1T24K5-FB74-b3.design_scores.json	82b119fedc7fc426c49f29567ad403e9f67c31610c64f3469a003133391166d7
nd-unfolding/pet/final_design/results/final/scored_s5c/S5-H2S1T24K5-FB74-b4.design_scores.json	6c847dc8d8accf64a8a8d191a0a863526923c34a4c88d8a745e1d0705dbd0e37
nd-unfolding/pet/final_design/results/final/scored_s5c/S5-H2S1T24K5-FB74-b5.design_scores.json	e992f7401631420ffb2a4372763e81ab043a68f319b652c166036ba39e2d9b43
nd-unfolding/pet/final_design/results/final/scored_s5c/S5-H2S1T24K5-FB74-b6.design_scores.json	53bf5f1bcf065ecb68527feeda7e763205240f5223909cf45700f14d372463c0
nd-unfolding/pet/final_design/results/final/scored_s5c/S5-H2S1T24K5-FB75-b1.design_scores.json	17f47b7d532f716f14cd1b7a246a31b5b2f09d39af7ebdc5f9353d46da3537c4
nd-unfolding/pet/final_design/results/final/scored_s5c/S5-H2S1T24K5-FB75-b2.design_scores.json	dc5c326c52e5d5d40e3c5f728a742f86b2ec1af1ade755a72c023c4e89856afe
nd-unfolding/pet/final_design/results/final/scored_s5c/S5-H2S1T24K5-FB75-b3.design_scores.json	3a31641b91dde75d940761ac10ee27564ab459b50f307f366be65e9289d9a4f2
nd-unfolding/pet/final_design/results/final/scored_s5c/S5-H2S1T24K5-FB75-b4.design_scores.json	48325260e3a51a26512b0232649b2252d28e8bfe52d7b47c4df634f4f3ec2d88
nd-unfolding/pet/final_design/results/final/scored_s5c/S5-H2S1T24K5-FB75-b5.design_scores.json	34738fc030cc24552c9279c450297802d1e9b5bc223da70f3eb1c728944cdc12
nd-unfolding/pet/final_design/results/final/scored_s5c/S5-H2S1T24K5-FB75-b6.design_scores.json	63df27708a89ced4a03f1a0bb73262f23763b91ed555e026ed7e917f95317cdd
nd-unfolding/pet/final_design/results/final/scored_s5c/S5-H2S1T24K5-FB76-b1.design_scores.json	97289184df8fd642071154d9a7157014f8a0f1d39e7f546fad72e02e2ba3af05
nd-unfolding/pet/final_design/results/final/scored_s5c/S5-H2S1T24K5-FB76-b2.design_scores.json	cfb6d8f2adcec0a12401f693064a8e651be2b1fb489ea56a4d9e28612a9c65df
nd-unfolding/pet/final_design/results/final/scored_s5c/S5-H2S1T24K5-FB76-b3.design_scores.json	8ce9453a77b3f99e07b020962601ca2da16ed09ac0cc2833287c0f9be1b07fd5
nd-unfolding/pet/final_design/results/final/scored_s5c/S5-H2S1T24K5-FB76-b4.design_scores.json	572d17caa2398a617eefd56879130b9c61c9b4bd49c7541ddb59b960254f8f70
nd-unfolding/pet/final_design/results/final/scored_s5c/S5-H2S1T24K5-FB76-b5.design_scores.json	d6761affe174a6c020338e5a1f7e40bcb400e45d3edc64f204c57ed1b0675bbb
nd-unfolding/pet/final_design/results/final/scored_s5c/S5-H2S1T24K5-FB76-b6.design_scores.json	f4aac9919281508876a70ca666987242d659fd54c47a45f9c5c018d925961c76
nd-unfolding/pet/final_design/results/final/scored_s5c/S5-H2S1T24K5-FB77-b1.design_scores.json	7b0f5a8c4865f68b59615f6444b0598638d53d780b994f5e3c45c6de8ed660e8
nd-unfolding/pet/final_design/results/final/scored_s5c/S5-H2S1T24K5-FB77-b2.design_scores.json	3c12efd97090957933cd205ba9c2e2eb4d589aa6f575ff4f672cc9d2a2e8fbdf
nd-unfolding/pet/final_design/results/final/scored_s5c/S5-H2S1T24K5-FB77-b3.design_scores.json	791d40c08e70c7f28d48a7f5cf91c69892f07481d449091958a39d0e21883b27
nd-unfolding/pet/final_design/results/final/scored_s5c/S5-H2S1T24K5-FB77-b4.design_scores.json	a5615518fdb462c74186e7ec6027b8eba1deefca973886dce94af8b7f3351659
nd-unfolding/pet/final_design/results/final/scored_s5c/S5-H2S1T24K5-FB77-b5.design_scores.json	a06efa397091898c2fde7f12b3f20873cff4cbade2049e6997919c5668024159
nd-unfolding/pet/final_design/results/final/scored_s5c/S5-H2S1T24K5-FB77-b6.design_scores.json	c0837d53d8e5145cdb5b6a6286d399e07e02a17f2f94121250cafbaaf06564e1
nd-unfolding/pet/final_design/results/final/scored_s5c/S5-H2S1T24K5-FB78-b1.design_scores.json	cac8d56a9d251dad2fc5e6d7d23677e11ab245d0813d6faa473324422a405205
nd-unfolding/pet/final_design/results/final/scored_s5c/S5-H2S1T24K5-FB78-b2.design_scores.json	de0fcab7111471bdd7d009e62f25782da7d7e9fa1062ac0fb4e58112d3c7429a
nd-unfolding/pet/final_design/results/final/scored_s5c/S5-H2S1T24K5-FB78-b3.design_scores.json	acd0e5307f504c9eb701ece17ab5f2492fe510586d54a4da755e8776fdaeb747
nd-unfolding/pet/final_design/results/final/scored_s5c/S5-H2S1T24K5-FB78-b4.design_scores.json	78127a01a831c8d0cb535e14c1c955584cb87d867ecfd4b5447039f30781b2e5
nd-unfolding/pet/final_design/results/final/scored_s5c/S5-H2S1T24K5-FB78-b5.design_scores.json	713faa0e9de76fe7d9ae3642a6a8bb2a43cad72dfd03e3c2e0570b9d0ef78561
nd-unfolding/pet/final_design/results/final/scored_s5c/S5-H2S1T24K5-FB78-b6.design_scores.json	6ea6e801f5911915f22911e0b7d7a8ee99c91536afd7c6da195d954326be4254
nd-unfolding/pet/final_design/results/final/scored_s5c/S5-H2S1T24K5-FB79-b1.design_scores.json	24b52561989255168163a21a9ebe938fd68249573a2edcfaa8b38fdca78348c0
nd-unfolding/pet/final_design/results/final/scored_s5c/S5-H2S1T24K5-FB79-b2.design_scores.json	fc76537726971765fe2b17341bc446b5dddda00a73d2228304dafb33b5ffedd3
nd-unfolding/pet/final_design/results/final/scored_s5c/S5-H2S1T24K5-FB79-b3.design_scores.json	f135eae2df1ef2f4d66715f6d6ac6a62f038dfc20d6223ef98fd5fc010e5ee62
nd-unfolding/pet/final_design/results/final/scored_s5c/S5-H2S1T24K5-FB79-b4.design_scores.json	3a64bbb26a30935bca937dd02b04d17b8184d30b9d787e1ff436907b3955e8c6
nd-unfolding/pet/final_design/results/final/scored_s5c/S5-H2S1T24K5-FB79-b5.design_scores.json	2754c6585b49627d594082339aa9f82ba34a97f696f5d8fbd7b39522fb3d7475
nd-unfolding/pet/final_design/results/final/scored_s5c/S5-H2S1T24K5-FB79-b6.design_scores.json	05d6d66cd27cf084b0ee46f537370c45e53c2c38d56545ed4d25b949b95fcd14
nd-unfolding/pet/final_design/results/final/scored_s5c/S5-H2S1T24K5-FB8-b1.design_scores.json	555fbc3f3cb5343075ab52096dc036cb6f46caf3260168e8742c3cdff96c0708
nd-unfolding/pet/final_design/results/final/scored_s5c/S5-H2S1T24K5-FB8-b2.design_scores.json	25a13f235722e44d182566596e9daf313fac0c9bf08a8d9615a8cae2617bc36b
nd-unfolding/pet/final_design/results/final/scored_s5c/S5-H2S1T24K5-FB8-b3.design_scores.json	f467fa6a56cdaeb4aee27c59eaad609e2a8b141130daa7797b90a6b11ad055a4
nd-unfolding/pet/final_design/results/final/scored_s5c/S5-H2S1T24K5-FB8-b4.design_scores.json	318392cf5bb5f4ef6e094c5449f7565cfd6b8f0433719bf3e9a4146a2f795c5a
nd-unfolding/pet/final_design/results/final/scored_s5c/S5-H2S1T24K5-FB8-b5.design_scores.json	f675fbb41984a2976e21dfd892ede6554d0606bd0ea8db20a933241b34e70aa3
nd-unfolding/pet/final_design/results/final/scored_s5c/S5-H2S1T24K5-FB8-b6.design_scores.json	d58ad17b1a1f028706534121c3e194c1749eefc2e4eb50260fd15ecc5ba87ff3
nd-unfolding/pet/final_design/results/final/scored_s5c/S5-H2S1T24K5-FB80-b1.design_scores.json	77bf2ed7d0160ad83f625d5867e5d14d96530c530bd52de04a0457828e8cd891
nd-unfolding/pet/final_design/results/final/scored_s5c/S5-H2S1T24K5-FB80-b2.design_scores.json	3c6b057074aead82f60b036e6a44daabdd9995d9fb7db75df1c8ea451cb17d90
nd-unfolding/pet/final_design/results/final/scored_s5c/S5-H2S1T24K5-FB80-b3.design_scores.json	99ec364e98930f407286a1930d18172236a9abd37d0663818cd7c525aff962c3
nd-unfolding/pet/final_design/results/final/scored_s5c/S5-H2S1T24K5-FB80-b4.design_scores.json	44bb0dd0f08a8ddf3b7a969ac50c5eee340bb49b4aa41c850825a3302f86f4d6
nd-unfolding/pet/final_design/results/final/scored_s5c/S5-H2S1T24K5-FB80-b5.design_scores.json	aa8321f6aa96ec43c3b917e8364f3383b4721e7393e64a0bf9cd5e167d78fb51
nd-unfolding/pet/final_design/results/final/scored_s5c/S5-H2S1T24K5-FB80-b6.design_scores.json	ab2c681821f308e272a18a0383d7a8640c20ba31b72ca160d5874a12ec912eb7
nd-unfolding/pet/final_design/results/final/scored_s5c/S5-H2S1T24K5-FB81-b1.design_scores.json	eef8922cccfb2df842bd4179d121fa7847d0090dfa94713aa4858a01f747b2eb
nd-unfolding/pet/final_design/results/final/scored_s5c/S5-H2S1T24K5-FB81-b2.design_scores.json	9d4af642db59d593e60f34695fbaef798c2be078921020a9bae533e22891b24a
nd-unfolding/pet/final_design/results/final/scored_s5c/S5-H2S1T24K5-FB81-b3.design_scores.json	9ffe33a1c3df480cc4e160cc08e3f1ef6dccd33d5cf007b5ad0e0ee02784bb26
nd-unfolding/pet/final_design/results/final/scored_s5c/S5-H2S1T24K5-FB81-b4.design_scores.json	71cbd2109f45e3b55ad9156133fae0a4a9409e8c240a7130a0c6de20c525f012
nd-unfolding/pet/final_design/results/final/scored_s5c/S5-H2S1T24K5-FB81-b5.design_scores.json	3f32facadd9b5f103d68a928f90db799a004b1be75ac82bf2fbc8e0132efac5b
nd-unfolding/pet/final_design/results/final/scored_s5c/S5-H2S1T24K5-FB81-b6.design_scores.json	e8f329be1db635d57a01818598b92a11874e53da7954efc209e1123ef9a2be62
nd-unfolding/pet/final_design/results/final/scored_s5c/S5-H2S1T24K5-FB82-b1.design_scores.json	7ea51a323bf575df1f5c0bdc2d9e120672d293a249d9dbe1390d0ca429c9a91a
nd-unfolding/pet/final_design/results/final/scored_s5c/S5-H2S1T24K5-FB82-b2.design_scores.json	851ed535010131a4440f3103191361f958ac3a6c48a0351d60c023556732f661
nd-unfolding/pet/final_design/results/final/scored_s5c/S5-H2S1T24K5-FB82-b3.design_scores.json	ca9f2149e1d4d4a6a89106da36f17e16c4332e88b34e194fb26c19347616538b
nd-unfolding/pet/final_design/results/final/scored_s5c/S5-H2S1T24K5-FB82-b4.design_scores.json	87e6d6b9a823831a7922628cd2f1a400abbf617715194e361b5a34a2640b5990
nd-unfolding/pet/final_design/results/final/scored_s5c/S5-H2S1T24K5-FB82-b5.design_scores.json	d5ed44d8ca2f8a56da43010d88fd86392880883dfec99e1d8ec12446c61263bf
nd-unfolding/pet/final_design/results/final/scored_s5c/S5-H2S1T24K5-FB82-b6.design_scores.json	a7d83852e88adf493e0fb370e55eeabc007d7a7134561e9450a0a1511042d48d
nd-unfolding/pet/final_design/results/final/scored_s5c/S5-H2S1T24K5-FB83-b1.design_scores.json	f573de77dd6495368fc6ea2033bc3a253444bd835c1e056aadedf8a572465e97
nd-unfolding/pet/final_design/results/final/scored_s5c/S5-H2S1T24K5-FB83-b2.design_scores.json	af8f895f91edd3f8278c5a853ba9c3d55a0aa682c2c087ecf589962deede72ab
nd-unfolding/pet/final_design/results/final/scored_s5c/S5-H2S1T24K5-FB83-b3.design_scores.json	255693ce17127708fa8b149cbc9853f474d95bd12ef0286f414516efc6b3da1d
nd-unfolding/pet/final_design/results/final/scored_s5c/S5-H2S1T24K5-FB83-b4.design_scores.json	054797e439efed01dd1bb6a3e44c26d7d90edcdf8bae3578029d17efb0e55d43
nd-unfolding/pet/final_design/results/final/scored_s5c/S5-H2S1T24K5-FB83-b5.design_scores.json	3e79f707bb5c05d923eee2a8ce698c9241d024b7e187cc66f842834445b2902b
nd-unfolding/pet/final_design/results/final/scored_s5c/S5-H2S1T24K5-FB83-b6.design_scores.json	09bbf71ea85ba5e39c5c9f980b6e47fc8c5f4611df19b20b05c79e9cd80d8e95
nd-unfolding/pet/final_design/results/final/scored_s5c/S5-H2S1T24K5-FB84-b1.design_scores.json	b56405f0d9f9d1ebfb9ff9308753524a49876e44ae5951641322e785d7b9ecd9
nd-unfolding/pet/final_design/results/final/scored_s5c/S5-H2S1T24K5-FB84-b2.design_scores.json	9875e305784fdd0e83a2ebac079841f8fdd27b5404a3e90aa25427a2fd327dd4
nd-unfolding/pet/final_design/results/final/scored_s5c/S5-H2S1T24K5-FB84-b3.design_scores.json	cafe71629c19e2728e0fb70faa1a54304225ef8b7f8c8467a294fc095e91ba32
nd-unfolding/pet/final_design/results/final/scored_s5c/S5-H2S1T24K5-FB84-b4.design_scores.json	3917b021080e5f8defa49a260c7ee0fe6504228c84de02fa19689a1cfa7f6da5
nd-unfolding/pet/final_design/results/final/scored_s5c/S5-H2S1T24K5-FB84-b5.design_scores.json	6236e79ae36d31209aa54bb50624de6fd0192fe8fa824e0c54b0e70618614225
nd-unfolding/pet/final_design/results/final/scored_s5c/S5-H2S1T24K5-FB84-b6.design_scores.json	8cadc0df7a97145fe80304e59243d2d9002a40649497c7ece59a5299d8dc7c2e
nd-unfolding/pet/final_design/results/final/scored_s5c/S5-H2S1T24K5-FB85-b1.design_scores.json	906aacc75cc9ffd18421fa1a9c5110a8a53d30945c8a0aa0a560997f4465929c
nd-unfolding/pet/final_design/results/final/scored_s5c/S5-H2S1T24K5-FB85-b2.design_scores.json	0851eccf60ad001243cc20ccc422c857626eab8efca173e6203f408e9498bb1b
nd-unfolding/pet/final_design/results/final/scored_s5c/S5-H2S1T24K5-FB85-b3.design_scores.json	f387e6d0fb6c44491464b6054284ec93ba483a4239e59f857407aa9da6186d47
nd-unfolding/pet/final_design/results/final/scored_s5c/S5-H2S1T24K5-FB85-b4.design_scores.json	c344d37ebfc357d309f1af92b8aa642cabc29e7c4512f0ade62cd0f5b915f0dc
nd-unfolding/pet/final_design/results/final/scored_s5c/S5-H2S1T24K5-FB85-b5.design_scores.json	ab883fbe58d81a0c0807d15027ea0d19bfb6364b432e802d4155c55c81f4c282
nd-unfolding/pet/final_design/results/final/scored_s5c/S5-H2S1T24K5-FB85-b6.design_scores.json	4232a31638bfeb727c18fa43dc18fe3c682023685d89732969bf1a5438fb156d
nd-unfolding/pet/final_design/results/final/scored_s5c/S5-H2S1T24K5-FB86-b1.design_scores.json	ff547a0e90115acbd38280b34d687870abbc0d80616cb006a5d1f1f709d5f364
nd-unfolding/pet/final_design/results/final/scored_s5c/S5-H2S1T24K5-FB86-b2.design_scores.json	944e43f939f820a5d65e218a2cbd8274160d8680cb65d41b09376faa2b8aeb26
nd-unfolding/pet/final_design/results/final/scored_s5c/S5-H2S1T24K5-FB86-b3.design_scores.json	8a9330fa536eea2419b527370dc17cf6f955563c213405ecba4f9a548c0d9379
nd-unfolding/pet/final_design/results/final/scored_s5c/S5-H2S1T24K5-FB86-b4.design_scores.json	151fb6df7f89bd174fcd145d0560bdfebaae98cb1ce05ccc2fd06a18a4791c32
nd-unfolding/pet/final_design/results/final/scored_s5c/S5-H2S1T24K5-FB86-b5.design_scores.json	70213ac987c5052d32858e0302826d53d7167e032b20e8f527b05fee6e52fc2c
nd-unfolding/pet/final_design/results/final/scored_s5c/S5-H2S1T24K5-FB86-b6.design_scores.json	d4824b50f893d9c98b5ac0c1cab956f160439e2bbffba3eb00f3c34c6f892c87
nd-unfolding/pet/final_design/results/final/scored_s5c/S5-H2S1T24K5-FB87-b1.design_scores.json	8a0785c437798d04739b7eb52e8413b69ae91253941278d7137ba07b98b47bb3
nd-unfolding/pet/final_design/results/final/scored_s5c/S5-H2S1T24K5-FB87-b2.design_scores.json	e645e7cabb5c130c6182aed49cfcf1b0bb7e05559e39531fff09f7a41312cee7
nd-unfolding/pet/final_design/results/final/scored_s5c/S5-H2S1T24K5-FB87-b3.design_scores.json	236373998a58dc77a160c4c7467d9fdb67b0f9da419e08a0584c42af9fe7282a
nd-unfolding/pet/final_design/results/final/scored_s5c/S5-H2S1T24K5-FB87-b4.design_scores.json	39c5b1292975e27b69b2283fe7919da83a409e282b79bfd7ecc8e0af06c0efbd
nd-unfolding/pet/final_design/results/final/scored_s5c/S5-H2S1T24K5-FB87-b5.design_scores.json	e650f41722e9035317419c9530d31b8aec76812658f9a2b0681d3856cc692001
nd-unfolding/pet/final_design/results/final/scored_s5c/S5-H2S1T24K5-FB87-b6.design_scores.json	8d8ff7b825610e3f51957e622f7032d10afebd81cec1d3729c68c6795894c7f2
nd-unfolding/pet/final_design/results/final/scored_s5c/S5-H2S1T24K5-FB88-b1.design_scores.json	4357538bea88ae5dcb104281955701b977c907f26a57e795e235de1ec7a53809
nd-unfolding/pet/final_design/results/final/scored_s5c/S5-H2S1T24K5-FB88-b2.design_scores.json	91a6e183100460e8d4da9e7679d747c440f318a7fc3f1aaf9d84eb064b14abd1
nd-unfolding/pet/final_design/results/final/scored_s5c/S5-H2S1T24K5-FB88-b3.design_scores.json	96cc9f06ad05645943d92484237d02eae84b096f8ab57ece4aedbeaf92f780ff
nd-unfolding/pet/final_design/results/final/scored_s5c/S5-H2S1T24K5-FB88-b4.design_scores.json	3847b3c9c588551a080b466e32a1909e2e620ef8cfadd249c81e78eb8f168022
nd-unfolding/pet/final_design/results/final/scored_s5c/S5-H2S1T24K5-FB88-b5.design_scores.json	cc44350f4c9754860288cfbf757bc90d94095b703213c4e45070e7559a84dacd
nd-unfolding/pet/final_design/results/final/scored_s5c/S5-H2S1T24K5-FB88-b6.design_scores.json	18b45abbab697b706fe2abb9b9f134e1e5660e27f5f9f77f1a43fc043200d27e
nd-unfolding/pet/final_design/results/final/scored_s5c/S5-H2S1T24K5-FB89-b1.design_scores.json	57becc66fc6b851e1488cf227f6bf218c4b41eaab6e9978207e501e4e78d7a1d
nd-unfolding/pet/final_design/results/final/scored_s5c/S5-H2S1T24K5-FB89-b2.design_scores.json	a6c951ea539ed77860ffc084b17e096d1a3ed2b27c30c47357d34dc155a12bcc
nd-unfolding/pet/final_design/results/final/scored_s5c/S5-H2S1T24K5-FB89-b3.design_scores.json	a64d463995bac254ecd8ad90706dfa3dc94092047a8b4bbd56d32711db471a3e
nd-unfolding/pet/final_design/results/final/scored_s5c/S5-H2S1T24K5-FB89-b4.design_scores.json	f6d10bd63e848400c283b352b397ad2f44f72665677a62286f82acc9f557a9ca
nd-unfolding/pet/final_design/results/final/scored_s5c/S5-H2S1T24K5-FB89-b5.design_scores.json	3b5f673a1f5d383de10387a44ea91e37e52166c89ad788ef750605e8c45dc2c0
nd-unfolding/pet/final_design/results/final/scored_s5c/S5-H2S1T24K5-FB89-b6.design_scores.json	1dc643220df55e8bce3951d10bea2f75c6434808688c6b3d33f425b3fd9912be
nd-unfolding/pet/final_design/results/final/scored_s5c/S5-H2S1T24K5-FB9-b1.design_scores.json	ac1bc8633b7104d4e2720608c409799b37784181e0c6ec4674ebd5ef672e167f
nd-unfolding/pet/final_design/results/final/scored_s5c/S5-H2S1T24K5-FB9-b2.design_scores.json	170a1d4bbc49ccdc044319d343664552c6f7028989e3091f4c98c77eb3a39f6f
nd-unfolding/pet/final_design/results/final/scored_s5c/S5-H2S1T24K5-FB9-b3.design_scores.json	edcac7c754b9b297414d4d36d3363dd00d8fddd1e44465b0db9a77757b7c8c91
nd-unfolding/pet/final_design/results/final/scored_s5c/S5-H2S1T24K5-FB9-b4.design_scores.json	9635d4b72f2560853aedee9f37f3a2c238703341768f2bd700fd6beaf50aba70
nd-unfolding/pet/final_design/results/final/scored_s5c/S5-H2S1T24K5-FB9-b5.design_scores.json	2b0e69f05d395508e835513ecc67145421650e4fb6c04dae6af61bde92b5eab1
nd-unfolding/pet/final_design/results/final/scored_s5c/S5-H2S1T24K5-FB9-b6.design_scores.json	83b2ccb423d4df45f01e2ee29e82c813994f39df5b89bf1a1e0114eb830ebe5b
nd-unfolding/pet/final_design/results/final/scored_s5c/S5-H2S1T24K5-FB90-b1.design_scores.json	93c711fcc33b5253813ba2bbc4cb9b66907cc3cfc0edbe87a2156f21dca986b3
nd-unfolding/pet/final_design/results/final/scored_s5c/S5-H2S1T24K5-FB90-b2.design_scores.json	27a43733733e937bd39211d943e777466d65106476efee2e6c95f6f00a15d0e5
nd-unfolding/pet/final_design/results/final/scored_s5c/S5-H2S1T24K5-FB90-b3.design_scores.json	48fbde505a72d5bb62dcc995f1c9c244355c4883f719b5a3f7cc39ed12cddf48
nd-unfolding/pet/final_design/results/final/scored_s5c/S5-H2S1T24K5-FB90-b4.design_scores.json	7f861ff97a6ac61e7604a076e35c80f12ac9907dd9b9a90ea36cf2983f376bdf
nd-unfolding/pet/final_design/results/final/scored_s5c/S5-H2S1T24K5-FB90-b5.design_scores.json	7e271eb79aa8d7f2ede97b0fa6fb4319321afbf21bed92f0d97495011f19e1c8
nd-unfolding/pet/final_design/results/final/scored_s5c/S5-H2S1T24K5-FB90-b6.design_scores.json	c2fcabdb50605480b5e406d7d3115f120dec7f6f9254b9af1a288930c472280b
nd-unfolding/pet/final_design/results/final/scored_s5c/S5-H2S1T24K5-FB91-b1.design_scores.json	d06c5057bc390242ae2703c081ba73d6f6ccaef228fac2e4006b2ee6cf1a1bc9
nd-unfolding/pet/final_design/results/final/scored_s5c/S5-H2S1T24K5-FB91-b2.design_scores.json	7084cda604f24567bce1276f93fcb7fc68d9968576dc8863d9134cec68a65956
nd-unfolding/pet/final_design/results/final/scored_s5c/S5-H2S1T24K5-FB91-b3.design_scores.json	e5026fb9274534d5f9b4cae332210c3f47848fad8af323b67211a91268b1ae23
nd-unfolding/pet/final_design/results/final/scored_s5c/S5-H2S1T24K5-FB91-b4.design_scores.json	4760d4477aec610515989ffd91cbb877dcbfc59ef316677eddba77be3f98b66e
nd-unfolding/pet/final_design/results/final/scored_s5c/S5-H2S1T24K5-FB91-b5.design_scores.json	4329dad3f5ccb739e867ad8987bcbe1a944ed36a30f0d12acb1a2359121d8c8b
nd-unfolding/pet/final_design/results/final/scored_s5c/S5-H2S1T24K5-FB91-b6.design_scores.json	ede45be717dd832ef9d5124abcfe2cf8bdca41a8a4548cbd7be612cb519d157c
nd-unfolding/pet/final_design/results/final/scored_s5c/S5-H2S1T24K5-FB92-b1.design_scores.json	262c2e1980f03ada8e8bd7a95aea1abb1bee2a37c594edc1b270cbf8bf2f5383
nd-unfolding/pet/final_design/results/final/scored_s5c/S5-H2S1T24K5-FB92-b2.design_scores.json	b6d831311c8733222f0cdfa164869f51df1885fd03495e67736d7dce4ab3b850
nd-unfolding/pet/final_design/results/final/scored_s5c/S5-H2S1T24K5-FB92-b3.design_scores.json	c7ba89705cfcb4617b1e94d2beb543dc87527209681c07c3df8c76cad187ad50
nd-unfolding/pet/final_design/results/final/scored_s5c/S5-H2S1T24K5-FB92-b4.design_scores.json	825f5f080e5f7f95a3286301865e88d27837069c19e993a81eb5b3a76fc5bcaf
nd-unfolding/pet/final_design/results/final/scored_s5c/S5-H2S1T24K5-FB92-b5.design_scores.json	6f11983860438c766c9b1f8ba455c7fe0528efff98eb6ce440737b8cb5faf8aa
nd-unfolding/pet/final_design/results/final/scored_s5c/S5-H2S1T24K5-FB92-b6.design_scores.json	95dd01283de4d42c14f748b7a5b9a708b656eb3c9fd2f72e34749e6b7396391b
nd-unfolding/pet/final_design/results/final/scored_s5c/S5-H2S1T24K5-FB93-b1.design_scores.json	7d5757a03732c4521190bc83edb667e65f54926810c7a006672fdfa23feb4466
nd-unfolding/pet/final_design/results/final/scored_s5c/S5-H2S1T24K5-FB93-b2.design_scores.json	1a479243a8f2c40db3c60f6234ed9be6624a20a1e0d4a8279831849f8400ff84
nd-unfolding/pet/final_design/results/final/scored_s5c/S5-H2S1T24K5-FB93-b3.design_scores.json	c0ec3cf729c05558515d91856f3b4717736f634d54b7c7c6bf805c300dd70054
nd-unfolding/pet/final_design/results/final/scored_s5c/S5-H2S1T24K5-FB93-b4.design_scores.json	c2b2cdfb5be7f0df919f9f87271205ad6f36b34ea256c1e5db00d4435612dc26
nd-unfolding/pet/final_design/results/final/scored_s5c/S5-H2S1T24K5-FB93-b5.design_scores.json	ccb70f0957371e5fb94ebc4cb9fe63b55454b31bcb8bf102095eae72b319440b
nd-unfolding/pet/final_design/results/final/scored_s5c/S5-H2S1T24K5-FB93-b6.design_scores.json	6dc32d32ce0357880cc6cbcffbf6f355a0396155ff8ab265e8fcab9d2e17fd15
nd-unfolding/pet/final_design/results/final/scored_s5c/S5-H2S1T24K5-FB94-b1.design_scores.json	a227cfe53e7dfdb90e89283738d04571d2446dfde6aa0ce9842eac89df75eba9
nd-unfolding/pet/final_design/results/final/scored_s5c/S5-H2S1T24K5-FB94-b2.design_scores.json	bcefcdaa19ea4bb309a3e0caeb3d385da40b925cee53e44b86b4f05dadc3faaa
nd-unfolding/pet/final_design/results/final/scored_s5c/S5-H2S1T24K5-FB94-b3.design_scores.json	941232d8003ef710f85151b9b5a593575e84aa596652a147e0ccb6a791b44c21
nd-unfolding/pet/final_design/results/final/scored_s5c/S5-H2S1T24K5-FB94-b4.design_scores.json	480e5f13f7ff11077d23e755d6eb673c25b75ac004c88a312428b94adea2155e
nd-unfolding/pet/final_design/results/final/scored_s5c/S5-H2S1T24K5-FB94-b5.design_scores.json	f47e6e3c7c066709419af395471c31ff62de3312c9c01b1580a09c19df5e0a59
nd-unfolding/pet/final_design/results/final/scored_s5c/S5-H2S1T24K5-FB94-b6.design_scores.json	8b8eaf8d672bd124009a945f2c30ae3993912b0eadce98190001fffbbd16a08b
nd-unfolding/pet/final_design/results/final/scored_s5c/S5-H2S1T24K5-FB95-b1.design_scores.json	63db0a024cc1b332b5dca1a40b435c12aa75f419a8f1ee60f40a0dde039468cf
nd-unfolding/pet/final_design/results/final/scored_s5c/S5-H2S1T24K5-FB95-b2.design_scores.json	164e28bead046f6d2c00071c9c2d43147dea5d5721babe4a957ae97ac342a873
nd-unfolding/pet/final_design/results/final/scored_s5c/S5-H2S1T24K5-FB95-b3.design_scores.json	82c3705dbbf2d8b48085ad544f0ef19e0cd0a78aea30a2b4bb1fce30b23a083f
nd-unfolding/pet/final_design/results/final/scored_s5c/S5-H2S1T24K5-FB95-b4.design_scores.json	ddd90421904278f5f883a9649acee65f6dc7bdc7a0d2fd31f8640c6a9e56a049
nd-unfolding/pet/final_design/results/final/scored_s5c/S5-H2S1T24K5-FB95-b5.design_scores.json	281c7b826c968bb90ebe813ca947bb352fb96360e5c3f625226a69d29c5d102f
nd-unfolding/pet/final_design/results/final/scored_s5c/S5-H2S1T24K5-FB95-b6.design_scores.json	69ea53506ffdc01404a686bfae5c4090193e9096d98f28326f137fc15d101aa9
nd-unfolding/pet/final_design/results/final/scored_s5c/S5-H2S1T24K5-FB96-b1.design_scores.json	ff95530d37a560c32a68e07cdaaf8d02497c6bef4c9ecb71272312424ab77071
nd-unfolding/pet/final_design/results/final/scored_s5c/S5-H2S1T24K5-FB96-b2.design_scores.json	68246dde14098d648c4092b6973b21d8600c3861c3ed055daf2c2487db380b75
nd-unfolding/pet/final_design/results/final/scored_s5c/S5-H2S1T24K5-FB96-b3.design_scores.json	e23a572392656c77e8c01d7e505179ff7acd48bda2a6fa45b949384e8e2275a9
nd-unfolding/pet/final_design/results/final/scored_s5c/S5-H2S1T24K5-FB96-b4.design_scores.json	da4535351bdb610e431641322043b768ca4d7609876b2b11272d9b523f044217
nd-unfolding/pet/final_design/results/final/scored_s5c/S5-H2S1T24K5-FB96-b5.design_scores.json	1eae18c6e681e8c96b2b4a899c74f5d7fc55fcda62441ee1782601f2a0323e25
nd-unfolding/pet/final_design/results/final/scored_s5c/S5-H2S1T24K5-FB96-b6.design_scores.json	9ff4fee72e3cb6848e69c0adb18edf728d335c8c292aae8a826283e8d97e4abc
nd-unfolding/pet/final_design/results/final/scored_s5c/S5-H2S1T24K5-FB97-b1.design_scores.json	21ca19b23d15bbd8ab148c971556bb76a30c660d66f3894ace59ace6350fde51
nd-unfolding/pet/final_design/results/final/scored_s5c/S5-H2S1T24K5-FB97-b2.design_scores.json	475dde75170059d25f2ecad5eb4dc3a4dd894b35c34f4473ee2d202565577eb0
nd-unfolding/pet/final_design/results/final/scored_s5c/S5-H2S1T24K5-FB97-b3.design_scores.json	22cf86ea956ba999832d112fdc213305ead6756e2594e168c8192f8f7142c12f
nd-unfolding/pet/final_design/results/final/scored_s5c/S5-H2S1T24K5-FB97-b4.design_scores.json	9428f899b08bcbbc256171812bc46e9fc38187d54922a02926aade1c071993dc
nd-unfolding/pet/final_design/results/final/scored_s5c/S5-H2S1T24K5-FB97-b5.design_scores.json	f1c11ea789a352c8ffa75e05d00e432cbb3ff29e3876a363f4e89624432c9546
nd-unfolding/pet/final_design/results/final/scored_s5c/S5-H2S1T24K5-FB97-b6.design_scores.json	92270b02f8a12334e4f0c683f5e526b7f1699edfcb6dd16669845580eb8e40cd
nd-unfolding/pet/final_design/results/final/scored_s5c/S5-H2S1T24K5-FB98-b1.design_scores.json	728ead210d92eb7e6b429faee131e885ffed2d97a0c55222925576b4a105885c
nd-unfolding/pet/final_design/results/final/scored_s5c/S5-H2S1T24K5-FB98-b2.design_scores.json	9ea22719059b764646866dbddb9a144f5c47c78bfe0c8270ae63b8133b540e21
nd-unfolding/pet/final_design/results/final/scored_s5c/S5-H2S1T24K5-FB98-b3.design_scores.json	d953b5a62f98ec21044398849867d52cbbbbcd11d3e9efa2be80403a13f8771e
nd-unfolding/pet/final_design/results/final/scored_s5c/S5-H2S1T24K5-FB98-b4.design_scores.json	3bac2e9ef6f1649fdbdca2548c528b92979b48dd8ac04828ddf582ef86469473
nd-unfolding/pet/final_design/results/final/scored_s5c/S5-H2S1T24K5-FB98-b5.design_scores.json	2eccdb21aa83d058ce24f6062bc120a2f38a01c6948b981aabf2fa62a2152e8f
nd-unfolding/pet/final_design/results/final/scored_s5c/S5-H2S1T24K5-FB98-b6.design_scores.json	20cf7fdb68ebb90d42f04451ad67c38325b68723fa52384fcbe734086f4176cc
nd-unfolding/pet/final_design/results/final/scored_s5c/S5-H2S1T24K5-FB99-b1.design_scores.json	618caab3a27e196d9ed066ab7f85ae789f358d859e25dae3c62ae77ccd1efe01
nd-unfolding/pet/final_design/results/final/scored_s5c/S5-H2S1T24K5-FB99-b2.design_scores.json	94fc57abda2d4f44846afbc9904b1fd4963e6b25b963609502869189918afd65
nd-unfolding/pet/final_design/results/final/scored_s5c/S5-H2S1T24K5-FB99-b3.design_scores.json	5acbc052a9f186c5dbaf5188171e60b52aa9d5966e3f95537111688ca067500d
nd-unfolding/pet/final_design/results/final/scored_s5c/S5-H2S1T24K5-FB99-b4.design_scores.json	1bf6c3daf4b17c9a200eefd63ef768ac32f343a851ccabdeb3f1498ae4d548ea
nd-unfolding/pet/final_design/results/final/scored_s5c/S5-H2S1T24K5-FB99-b5.design_scores.json	074a564d1b09a5dcc395663f373c9ce9ed07058fcd59cebca98f0ee25a8971ab
nd-unfolding/pet/final_design/results/final/scored_s5c/S5-H2S1T24K5-FB99-b6.design_scores.json	1a1d8c1c4eff99b428c58e85ff0ba72c6b3e87ca8e896edd7516e0175c4a6f8f
nd-unfolding/pet/final_design/results/s3n/S3P-H2S1T24K5-DEV0-s1.design_scores.json	d026579597ad8155979bd55c4664c06a2a5545e18f6e08e8f4121aa69089dad3
nd-unfolding/pet/final_design/results/s3n/S3P-H2S1T24K5-DEV0-s2.design_scores.json	6e1a1236850ff9491417bbf15e88eb3c02289d979556dd362c566c3cf8049e37
nd-unfolding/pet/final_design/results/s3n/S3P-H2S1T24K5-DEV0-s3.design_scores.json	42384ca3b77f6c8414ea11ecf409d8c50ad7fc787e4b5e5658a0627c5ee781ee
nd-unfolding/pet/final_design/results/s3n/S3P-H2S1T24K5-DEV0.design_scores.json	a781eb25f137f475469c5ea77e105aa1ad4884afbb5efc3a7526a2c7dd54f2be
nd-unfolding/pet/final_design/results/s3n/S3P-H2S1T24K5-DEV1-s1.design_scores.json	fdc029f2303015f5a36e64b47c00774ccb46f1bb12ee5e61d82d16e54f92a54e
nd-unfolding/pet/final_design/results/s3n/S3P-H2S1T24K5-DEV1-s2.design_scores.json	2da71665974d9b164e7b285a175b2ce7f0fd7426a91fa5bbaa317cbda38de87f
nd-unfolding/pet/final_design/results/s3n/S3P-H2S1T24K5-DEV1-s3.design_scores.json	d7f3fac06eb180c9903e7b653de783f25c2acaf0e34f1db38ab0be01f0640b5c
nd-unfolding/pet/final_design/results/s3n/S3P-H2S1T24K5-DEV1.design_scores.json	5f1e0a2e27e3fc6ce2abc80a25c4cfe527b82ee871b5ed904cf6c929a45d5948
